


Microsoft personalized ad preferences




 













To opt out of personalized ads in this browser, your browser history must allow first-party and third-party cookies and you must have your browsing experience set to NOT delete browsing history on exit. Instructions for enabling cookies and configuring your browsing history may be available in your browsers settings, privacy, or help documentation.

















Sign in
















  Hold on… We’re sorry but this didn’t work.                  You can’t turn off personalized ads right now because your browser is currently blocking third-party cookies. We can help you fix this issue.                Let’s get started:  Depending on what browser you use, open Options or Settings.                  Make sure that third-party cookies are not blocked anymore. To find out how, search your browser’s Help.                                 Revisit http://choice.microsoft.com/opt-out, and then on the “Personalized ads in this browser” tile, click Off.                 ext74081 




  About Our Ads To create a more customized online experience, some of the ads you may receive on Microsoft websites and apps are tailored to your previous activities, searches and site visits. You're in control and here's where you can make the advertising choice that's right for you. ext74075 




  Where Can I Learn More about Advertising on Microsoft Websites and Apps? Microsoft partners with Oath, AppNexus and other third party service providers to help present customized content and display advertisements on MSN, Outlook.com and other websites and apps. Microsoft also delivers search ads to Bing and our search syndication partners. Learn more about Microsoft’s privacy practices here. You can learn more about interest-based ads from Oath and AppNexus in their privacy statements: Oath and AppNexus. What Choices Do I Have About Interest-Based Advertising? On this page, you can opt out of receiving interest based advertising from Microsoft. You can also opt out of receiving interest-based advertising from all self-regulatory members, including Microsoft, Oath, AppNexus and other third party ad networks, at the following sites:  In the US: Digital Advertising Alliance (DAA) In Europe: European Interactive Digital Advertising Alliance (EDAA) In Canada: Ad Choices: Digital Advertising Alliance of Canada (DAAC)  You can control interest-based advertising in Windows apps by turning off the advertising ID in Windows Settings.  More choices  Do you want personalized ads from other companies?  Questions? If you have a privacy question or a question for the Chief Privacy Officer of Microsoft, please contact us by using our web form. We will respond to questions within 30 days. ext74076 




       Personalized ads in this browser     OFF    Opt-out is currently unavailable, please try again later.  Control the "personalized ads" setting for this web browser.  Learn more           If you want Microsoft to show ads that might be relevant to you, click On. To show “generic” ads, click Off.          ext74078 




       Personalized ads wherever I use my Microsoft account     OFF   Sign in to change...    Opt-out is currently unavailable, please try again later.  Control the "personalized ads" setting that applies when you are signed in on any computer or device with your Microsoft account, including Windows, Windows phone, Xbox and other devices.  Learn more                    If you want Microsoft to show ads that might be relevant to you, click On. To show “generic” ads, click Off.         If you choose “generic” ads and use a browser, your choice applies to everyone when using that browser as long as you do not clear your cookies.          ext74079 




       Personalized ads in Windows         In your Windows Settings, you can turn off personalized ads that appear in apps on this device. You’ll still see ads, but they won’t be personalized anymore.     If you have Windows 8.1:            Access the charms by touching or moving your pointer to the right edge of the screen.                 Click or tap Settings, and then click or tap Change PC Settings.                 Click or tap Privacy, and then turn off Let apps use my advertising ID for experiences across apps.          If you have Windows 10:            Click or tap the Start button.                 Click or tap Settings.                 Click or tap Privacy, and then turn off Let apps use my advertising ID for experiences across apps.          If you have a Windows mobile device:            Go to Settings.                 Tap on Privacy.                 Tap on Advertising ID, and then turn off Let apps use my advertising ID for experiences across apps.                If you want to turn off personalized ads from Microsoft wherever you use your Microsoft account including apps on Windows, Windows Phone, Xbox and other devices, you can do so by selecting the Microsoft account option above.    ext74080 














Legal
Privacy & Cookies
© 2017 Microsoft

















Master Data Management (MDM) Advisory & Implementation




















































Contact us






 
(888) 534-9650






About Us

Mission & History
Partners
Leadership Team
Careers
News & Events
Newsletter Sign Up


Blog
Our Clients






  
 
 



Services
Solutions
MENU
MDM Advisory
MDM Implementation
MDM Performance
Contact Us
  
 






 

 
 

Thank You.To our employees and customers. Ideosity recognized by Inc. 5000 in “Fastest Growing Private Companies” 3 years straight.Learn More About IdeosityCross the finish line with ease.With Ideosity's end-to-end services.Start Your Journey With AdvisoryOngoing expert support to help youget more out of your PIM and MDM systemLearn more about IdeoCARE  
 



IdeosityData Mastered





End-to-end Master Data Management Solutions
 
Our services combined with MDM and PIM technologies
eliminates obstacles, mitigates risk and creates business improvements
throughout your entire data mastering journey.





MDM Advisory
Strategy and planning lay the groundwork for a successful PIM or MDM implementation.



MDM Implementation
PIM and MDM specific methodology for maximum value and minimum risk.



MDM Performance
Make the most of your PIM and MDM system with performance technology and support.




A Leader In MDM/PIM Consulting



60+ MDM/PIM projects across small, medium and large enterprises.
Broadest experience across a variety of leading platforms and technologies.
Robust services to support the entire journey from concept to realization and ongoing.


 

Our Approach


Eliminating Risk by relying on our ADVISORY services.
Our IMPLEMENTATION approach aims at deriving faster ROI and greater value from your MDM platform.
Benefit from Ideosity’s unique PERFORMANCE services, technology and ongoing expert support.



 


 





Navigation

Advisory
Implementation
Performance
Careers
Our Clients
Blog
About Us


 
Contact Us
Ideosity, Inc. 
205 W. Main Street 
West Dundee, IL 60118
Ideosity Canada, Ltd. 
1 Yonge Street, 
Suite 1801 
Toronto, ON M5E 1W7
p: (888) 534-9650
f: (312) 256-9156

 About Ideosity
Partner with Ideosity for your digital transformation for Advisory, Implementation, and Performance services. Our approach combined with PIM (Prod­uct Information Management)
and MDM (Master Data Management) technologies eliminates obstacles, mitigates risk and creates business improvements throughout your entire da­ta-mastering journey.
 







  
 

© 2017 Ideosity, All Rights Reserved.
 
 
 




















ARAMARK SM MANAGEMENT SERVICES, INC. Credit report, products, contacts













 Florida






Search









    ARAMARK SM MANAGEMENT SERVICES, INC.











Company number P39325
        

Status Active
        

FEI number 363744854
        

Company Type Foreign for Profit
        

Home State DE
        

Last activity date 2/5/2002
        

Date Of Incorporation 6/19/1992
        

Principal Address
            1101 MARKET STREET, PHILADELPHIA, PA, 19107
            


Mailing Address PO BOX 13477, PHILADELPHIA, PA, 19101
        
ARAMARK SM MANAGEMENT SERVICES, INC. Principals

Director
                Wallace Karen
                 


Address
                1101 MARKET STREET, PHILADELPHIA, PA, 19107
                 



President
                Currently Vacant
                 


Address
                1101 MARKET STREET, PHILADELPHIA, PA, 19107
                 



Vice President, President
                Rapone Patricia
                 


Address
                1101 MARKET STREET, PHILADELPHIA, PA, 19107
                 







Last Annual Reports

2015 4/28/2015
            

2015 4/28/2015
            

2014 4/28/2014
            
Registered Agent

Agent Name C T CORPORATION SYSTEM (c)
        

Agent Address
                1200 SOUTH PINE ISLAND ROAD, PLANTATION, FL, 33324
                

ARAMARK SM MANAGEMENT SERVICES, INC. Events

1 NAME CHANGE         AMENDMENT
            

filedDate 2/5/2002
            

Description
ARAMARK SM MANAGEMENT SERVICES, INC. has been set up 6/19/1992 in state DE.  
The current status of the business is Active. The ARAMARK SM MANAGEMENT SERVICES, INC. principal adress is 1101 MARKET STREET, PHILADELPHIA, PA, 19107. 
Meanwhile you can send your letters to PO BOX 13477, PHILADELPHIA, PA, 19101. 
The company`s registered agent is C T CORPORATION SYSTEM 1200 SOUTH PINE ISLAND ROAD, PLANTATION, FL, 33324.  
The company`s management are Director - Wallace Karen, President - Currently Vacant, Vice President, President - Rapone Patricia. The last significant event in the company history is NAME CHANGE         AMENDMENT which is dated by 2/5/2002. This decision is take in action on unknown.  The company annual reports filed on Annual reports – 4/28/2015.






Comprehensive Report about this company
        





(view sample)








Similar Companies
ARAMARK SMMS LLC
ARAMARK SPORTS AND ENTERTAINMENT GROUP, INC.
ARAMARK SPORTS AND ENTERTAINMENT GROUP, LLC
ARAMARK SPORTS AND ENTERTAINMENT SERVICES, INC.
ARAMARK SPORTS AND ENTERTAINMENT SERVICES, LLC
ARAMARK SPORTS, INC.













Aramark Sm Management Services, Inc.: Private Company Information - Bloomberg









































  





















































































July 26, 2017 4:27 AM ET

Company Overview of Aramark Sm Management Services, Inc.



Snapshot People




Company Overview
Aramark Sm Management Services, Inc. operates as a subsidiary of Aramark Corporation.



,  United States



Phone: 800-999-8989








Key Executives for Aramark Sm Management Services, Inc.




Ms. Karen A. Wallace


      	Principal Executive Officer, President, Principal Financial Officer, Treasurer and Director
      


Age: 51
        







Mr. Joseph M. Munnelly


      	Principal Accounting Officer and Assistant Treasurer
      


Age: 53
        




Compensation as of Fiscal Year 2017. 



Similar Private Companies By Industry



Company Name
Region



 	Aryzta Us Holdings I Corp. United States 	Michael Anthony Hernandez, A Professional Corp United States !SOLUTIONS! Group United States "Atlantic Tele-Satellite, Inc. United States "D" Construction, Inc. United States




Recent Private Companies Transactions



TypeDate
Target



No transactions available in the past 12 months.




Request Profile Update

















 












The information and data displayed in this profile are created and managed by S&P Global Market Intelligence, a division of S&P Global. Bloomberg.com does not create or control the content. For inquiries, please contact S&P Global Market Intelligence directly by clicking 
	here.




Stock Quotes


Market data is delayed at least 15 minutes.







Company Lookup



Most Searched Private Companies



Company Name
Geographic Region



 Lawyers Committee for Civil Rights Under Law United States NYC2012, Inc. United States The Advertising Council, Inc. United States Bertelsmann AG Europe Rush University United States













Sponsored Financial Commentaries

Sponsored Links






Browse Companies
A
B
C
D
E
F
G
H
I
J
K
L
M
N
O
P
Q
R
S
T
U
V
W
X
Y
Z
 | 
0
1
2
3
4
5
6
7
8
9






Request Profile Update

						Only a company representative may request an update for the company profile. Documentation will be required.
					  
To contact Aramark Sm Management Services, Inc., please visit --.  Company data is provided by S&P Global Market Intelligence.  Please use this form to report any data issues.
					  


Information Missing - Please enter your information in the following field(s): 




Company Name

Your Name*

Your E-Mail Address*

Your Phone Number*

Type of Data*


Overview
Executives
Key developments
Similar companies
Transactions


Update Needed*

All data changes require verification from public sources.  Please include the correct value or values and a source where we can verify.


Cancel


Submit






Your requested update has been submitted
Our data partners will research the update request and update the information on this page if necessary. Research and follow-up could take several weeks. If you have questions, you can contact them at bwwebmaster@businessweek.com.


Close




























Bizapedia.com - Human Validation
















COMPANIESPEOPLEPRODUCTS/SERVICESTRADEMARKSADDRESSESPHONE BOOK




            Our system has detected a high number of page requests from your IP Address, please prove to us that you are a human to continue using our website.
        
























                            Please send me to the search subscription offer page after I successfully answer the word challenge.
                        









BIZAPEDIAPRO SEARCHPerform unlimited searches via ouradvanced search form withBizapedia Pro Search.FIND OUT MORE >BIZAPEDIAPRO DATABuild custom data listsfor one or many stateswith Bizapedia Pro Data.FIND OUT MORE >


Copyright © 2012-2017 · Bizapedia.com · All rights reserved.BlogPro SearchPro APIContact UsTerms of UsePrivacy PolicySitemapDesktop Version























 




Bizapedia.com - Human Validation
















COMPANIESPEOPLEPRODUCTS/SERVICESTRADEMARKSADDRESSESPHONE BOOK




            Our system has detected a high number of page requests from your IP Address, please prove to us that you are a human to continue using our website.
        
























                            Please send me to the search subscription offer page after I successfully answer the word challenge.
                        









BIZAPEDIAPRO SEARCHPerform unlimited searches via ouradvanced search form withBizapedia Pro Search.FIND OUT MORE >BIZAPEDIAPRO DATABuild custom data listsfor one or many stateswith Bizapedia Pro Data.FIND OUT MORE >


Copyright © 2012-2017 · Bizapedia.com · All rights reserved.BlogPro SearchPro APIContact UsTerms of UsePrivacy PolicySitemapDesktop Version














ARAMARK SM MANAGEMENT SERVICES, INC. Arizona - C T CORPORATION SYSTEM - Business Profiles




















Business Profile

Document Delivery
API
About





 

 

 Companies
 Officers

 








Home  /  
Arizona
  /  
ARAMARK SM MANAGEMENT SERVICES, INC.





Account  


Login


Sign Up






Saved

0




Cart

0













ARAMARK SM MANAGEMENT SERVICES, INC.


 Arizona

 AZ-F01001370
 



 Unknown



ARAMARK SM MANAGEMENT SERVICES, INC. was formed on 1992-08-11 in Arizona by C T CORPORATION SYSTEM located at % C T CORPORATION SYSTEM, 2390 E CAMELBACK RD, PHOENIX, AZ 85016, United States. Its status is not known.




Save Profile  










FORMATION DETAILS


Registration Number: F01001370
Type: Corporation
Status: Unknown
Date of Formation: 1992-08-11




LOCATIONS


A
Address


% C T CORPORATION SYSTEM, 2390 E CAMELBACK RD, PHOENIX, AZ 85016, United States



B
Address


2390 E CAMELBACK RD, PHOENIX, AZ 85016,





OFFICERS



C T CORPORATION SYSTEM
Registered Agent



CURRENTLY VANCANT
president




KAREN WALLACE
treasurer




LEWIS FREDERICK SUTHERLAND
director




MEGAN TIMMINS
secretary




PATRICIA RAPONE
vice-president








RELATED COMPANIES



ARAMARK SM MANAGEMENT SERVICES, INC.
(Delaware)


ARAMARK SM MANAGEMENT SERVICES, INC.
(Maine)


ARAMARK SM MANAGEMENT SERVICES, INC.
(Alaska)


ARAMARK SM MANAGEMENT SERVICES, INC.
(California)


ARAMARK SM MANAGEMENT SERVICES, INC.
(Maryland)


ARAMARK SM MANAGEMENT SERVICES, INC.
(South Dakota)





DID YOU KNOW?



Arizona's early economy was dependent upon the "five C's"" which were cattle

















Home
Document Delivery
API
About

© 2017, Business Profiles Inc.
Business Profile





USA
Europe
Asia & Pacific
Americas





Alabama


Alaska


Arizona


Arkansas


California




Colorado


Connecticut


Delaware


District of Columbia


Florida




Georgia


Hawaii


Idaho


Illinois


Indiana




Iowa


Kansas


Kentucky


Louisiana


Maine




Maryland


Massachusetts


Michigan


Minnesota


Mississippi




Missouri


Nevada


New Hampshire


New Jersey


New York




North Carolina


North Dakota


Ohio


Oklahoma


Oregon




Pennsylvania


Puerto Rico


South Carolina


South Dakota


Tennessee




Texas


Utah


Virginia


Washington


Wyoming






Croatia


Denmark


Estonia




Finland


France




Germany


Gibraltar




Ireland


Isle of Man




Luxembourg


Netherlands




Norway


Poland




Slovenia


Spain




Sweden


Switzerland




Turkey


United Kingdom






Australia




Hong Kong




India




New Zealand




Singapore




Thailand












Canada




Colombia




Dominican Republic




Jamaica




Jersey




Mexico




Nova Scotia




Panama




Quebec











ARAMARK SM MANAGEMENT SERVICES, INC. Alaska - C T Corporation System - Business Profiles




















Business Profile

Document Delivery
API
About





 

 

 Companies
 Officers

 








Home  /  
Alaska
  /  
ARAMARK SM MANAGEMENT SERVICES, INC.





Account  


Login


Sign Up






Saved

0




Cart

0













ARAMARK SM MANAGEMENT SERVICES, INC.


 Alaska

 US-AK-50149F
 



 Active and In Good Standing



ARAMARK SM MANAGEMENT SERVICES, INC. was formed on 1992-08-14 in Alaska by C T Corporation System located at 9360 Glacier Hwy Ste 202, JUNEAU, 99801, AK, UNITED STATES. It is in good standing and is currently registered.




Save Profile  










FORMATION DETAILS


Registration Number: 50149F
Type: Business Corporation
Status: Active and In Good Standing
Date of Formation: 1992-08-14




LOCATIONS


A
Address


9360 Glacier Hwy Ste 202, JUNEAU, 99801, AK, UNITED STATES



B
Address


9360 Glacier Hwy Ste 202, JUNEAU, AK 99801





OFFICERS



C T Corporation System
Registered Agent



Christopher Holland
treasurer




Megan Timmins
secretary




Patricia Rapone
vice president








RELATED COMPANIES



ARAMARK SM MANAGEMENT SERVICES, INC.
(Delaware)


ARAMARK SM MANAGEMENT SERVICES, INC.
(Maine)


ARAMARK SM MANAGEMENT SERVICES, INC.
(Alaska)


ARAMARK SM MANAGEMENT SERVICES, INC.
(California)


ARAMARK SM MANAGEMENT SERVICES, INC.
(Maryland)


ARAMARK SM MANAGEMENT SERVICES, INC.
(South Dakota)





DID YOU KNOW?



Nearly 1/3 of the area of the state of Alaska lies within the boundaries of the Arctic Circle.

















Home
Document Delivery
API
About

© 2017, Business Profiles Inc.
Business Profile





USA
Europe
Asia & Pacific
Americas





Alabama


Alaska


Arizona


Arkansas


California




Colorado


Connecticut


Delaware


District of Columbia


Florida




Georgia


Hawaii


Idaho


Illinois


Indiana




Iowa


Kansas


Kentucky


Louisiana


Maine




Maryland


Massachusetts


Michigan


Minnesota


Mississippi




Missouri


Nevada


New Hampshire


New Jersey


New York




North Carolina


North Dakota


Ohio


Oklahoma


Oregon




Pennsylvania


Puerto Rico


South Carolina


South Dakota


Tennessee




Texas


Utah


Virginia


Washington


Wyoming






Croatia


Denmark


Estonia




Finland


France




Germany


Gibraltar




Ireland


Isle of Man




Luxembourg


Netherlands




Norway


Poland




Slovenia


Spain




Sweden


Switzerland




Turkey


United Kingdom






Australia




Hong Kong




India




New Zealand




Singapore




Thailand












Canada




Colombia




Dominican Republic




Jamaica




Jersey




Mexico




Nova Scotia




Panama




Quebec















Aramark Sm Management Services, Inc. · 1101 Market St, Philadelphia, PA 19107










Toggle navigation





DATAGOVUS





Business

California
Colorado
Connecticut
Florida
Iowa
Nevada
New York
Oregon
Texas
Washington

Berkeley
Chicago
Hartford
Kansas City
Las Vegas
Los Angeles
New York City
Palo Alto
Pasadena
Philadelphia
Portland
Providence
Sacramento
San Diego
San Francisco
Santa Monica
Washington DC



Employee

New Jersey
Washington
Broome County
Chicago
Charlotte
Los Angeles
Montgomery County
Nashville
Palo Alto
Philadelphia



New York

Corporation
Attorney



Los Angeles

Business
Foreclosure
Parcel
Employee
Property



Other

San Diego Property
Philadelphia Property
Washington Lawyer
Washington Health Care
Physician





Go








Find Business in Iowa





Go



















		Aramark Sm Management Services, Inc.1101 Market St, Philadelphia, PA 19107 



Iowa Business




Philadelphia




19107




Foreign Profit















ARAMARK SM MANAGEMENT SERVICES, INC.
		is business corporation registered with the Iowa Secretary of State.
	The corporation number is 160011.
	The address is 1101 Market St, Philadelphia, PA 19107.
	The zip code is 
		19107.		
		The business entity type is 
		FOREIGN PROFIT.
	



Aramark Sm Management Services, Inc. · 1101 Market St, Philadelphia, PA 19107




Corporation Number

		160011		


Business Legal Name

		ARAMARK SM MANAGEMENT SERVICES, INC.		


Effective Date

		08/05/1992		


Corporation Type
FOREIGN PROFIT


Registered Agent

		C T CORPORATION SYSTEM		


Registered Agent Address
400 E COURT AVEDES MOINESIA 50309


Home Office Address
1101 MARKET STPHILADELPHIAPA 19107









				Aramark Tower, 1101 Market St, Philadelphia, PA 19107, USA			








premise: 
			Aramark Tower			
street_number: 
			1101			
route: 
			Market Street (Market St) 			
neighborhood, political: 
			Center City			
locality, political: 
			Philadelphia			
admin_level_2, political: 
			Philadelphia County			
admin_level_1, political: 
			Pennsylvania (PA) 			
country, political: 
			United States (US) 			
postal_code: 
			19107			
 types : premise			
 latitude: 39.9521671
 longitude: -75.1584143
 latlng: (39.9521671, -75.1584143)






 Zip 19107 · Foreign Profit ·  Iowa Business




Entity Name
Home Office Address




						Restaura, Inc.					

1101 Market St, Philadelphia, PA 19107




						Cohr Inc					

1101 Market Street, Philadelphia, PA 19107




						Aramark Services, Inc.					

1101 Market St, Philadelphia, PA 191072998







 Zip 19107 ·  Iowa Business




Entity Name
Home Office Address




						Aramark Senior Living Services, LLC					

Aramark Twr, 1101 Market St, Philadelphia, PA 19107




						Restaura, Inc.					

1101 Market St, Philadelphia, PA 19107




						Aramark Educational Services, LLC					

1101 Market St, Philadelphia, PA 19107




						Aramark Campus, LLC					

1101 Market St, Philadephia, PA 19107




						Cohr Inc					

1101 Market Street, Philadelphia, PA 19107




						Aramark Capital Asset Services, LLC					

1101 Market St, Philadelphia, PA 19107




						Aramark Healthcare Support Services, LLC					

1101 Market St, Philadelphia, PA 19107




						Aramark Confection, LLC					

1101 Market St, Philadelphia, PA 19107




						Aramark Schools Facilities, LLC					

1101 Market St, Philadelphia, PA 19107




						Aramark Correctional Services, LLC					

1101 Market St, Philadelphia, PA 19107




						Aramark Business & Industry, LLC					

1101 Market St, Philadelphia, PA 19107




						Aramark Business Facilities, LLC					

1101 Market St, Philadelphia, PA 19107




						Aramark Healthcare Technologies, LLC					

1101 Market St. Aramark Tower 29th Fl, Philadelphia, PA 19107




						Aramark Facility Services, LLC					

1101 Market St Aramark Tower, Philadelphia, PA 191072988




						Aramark Services, Inc.					

1101 Market St, Philadelphia, PA 191072998




						The Questers					

210 Quince St, Philadelphia, PA 191075534







 Philadelphia ·  Iowa Business




Entity Name
Home Office Address




						Lombard International Distribution Company					

One Liberty Place, 1650 Market Street 54th Floor, Philadelphia, PA 19103




						Lombard International Administration Services Company, LLC					

1650 Market St. 54th Fl, Philadelphia, PA 19103




						Tci of Council Bluffs, LLC					

1701 John F. Kennedy Blvd., Philadelphia, PA 191032838




						Rohm and Haas Chemicals LLC					

100 Independence Mall West, Philadelphia, PA 19106




						Mason & Hanger Corporation					

1500 Spring Garden St, Philadelphia, PA 19130




						Aramark Services, Inc.					

1101 Market St, Philadelphia, PA 191072998




						Anthropologie, Inc.					

5000 S Broad St, Philadelphia, PA 19112




						Comcast Ip Phone, LLC					

1701 John F Kennedy Blvd, Philadelphia, PA 19103




						The Neat Company, Inc.					

1601 Market St, Ste 3500, Philadelphia, PA 19103




						S. Carter Trucking, LLC					

5335 Sylvester St., Philadelphia, PA 19124




						Cdi Corporation (iowa)					

1717 Arch St., 35th Floor, Philadelphia, PA 19103




						Cigna Health Management, Inc.					

1601 Chestnut Street, Two Liberty Place, Philadelphia, PA 19192




						Comcast Corporation					

1701 John F Kennedy Blvd, Philadelphia, PA 19103




						Spring Eq, LLC					

Suite 500 2929 Arch Street, Philadelphia, PA 19104




						Roofmeadow Services, Inc.					

7135 Germantown Ave. 2nd Fl, Philadelphia, PA 19119




						Pfm Financial Advisors LLC					

1735 Market St 43rd Flr, Philadelphia, PA 19103




						Cti Towers Assets II, LLC					

1701 John F Kennedy Blvd, Philadelphia, PA 191032838




						Scotty D's Express Transport, LLC					

4821 Woodland Ave 2 Floor, Philadelphia, PA 19143




						Cozen O'connor, PC					

1650 Market St Ste 2800, Philadelphia, PA 19103




						Clayton Group Holdings Inc.					

1601 Market Street, Philadelphia, PA 19103
































13012 saticoy street unit 1 north hollywood
denise janitorial san francisco
kwi conn sacramento
3140 polaris ave suite 7 las vegas
ay's designs in iron
lovely hair & nails venus tx
misfitdelia
billy bragman
meat msrket n. lombard portland
nguyen son van 75linden st ma 02122 boston
don foster in enterprise oregon
select protfolio 3217 south decker lake drive salt lake city ut
lillian hill clagett new york city
1-2-3 cash bear de
grandma porch medford or
julie ting county counsel of la
paglialunga and harris la californa
cherokee nation career services catoosa location website
tatiana schlenker
victor m. acevedo attorney los angeles
alicia c. freeze san diego ca
pra skateboards j street sacramento
city point concessions south boston ma
lbbc la grande
ryan long boston ma
healthcare partners north rainbow
eco clean systems nw oregon
olawale fawale
dukes landscaping las vegas
rosemary manor john day oregon

















Philadelphia · Iowa Business










Toggle navigation





DATAGOVUS





Business

California
Colorado
Connecticut
Florida
Iowa
Nevada
New York
Oregon
Texas
Washington

Berkeley
Chicago
Hartford
Kansas City
Las Vegas
Los Angeles
New York City
Palo Alto
Pasadena
Philadelphia
Portland
Providence
Sacramento
San Diego
San Francisco
Santa Monica
Washington DC



Employee

New Jersey
Washington
Broome County
Chicago
Charlotte
Los Angeles
Montgomery County
Nashville
Palo Alto
Philadelphia



New York

Corporation
Attorney



Los Angeles

Business
Foreclosure
Parcel
Employee
Property



Other

San Diego Property
Philadelphia Property
Washington Lawyer
Washington Health Care
Physician





Go








Find Business in Iowa





Go



















		Philadelphia · Iowa Business		



Iowa Business




PHILADELPHIA
















 Philadelphia ·  Iowa Business




Entity Name
Home Office Address




						Lombard International Distribution Company					

One Liberty Place, 1650 Market Street 54th Floor, Philadelphia, PA 19103




						Lombard International Administration Services Company, LLC					

1650 Market St. 54th Fl, Philadelphia, PA 19103




						Tci of Council Bluffs, LLC					

1701 John F. Kennedy Blvd., Philadelphia, PA 191032838




						Rohm and Haas Chemicals LLC					

100 Independence Mall West, Philadelphia, PA 19106




						Mason & Hanger Corporation					

1500 Spring Garden St, Philadelphia, PA 19130




						Aramark Services, Inc.					

1101 Market St, Philadelphia, PA 191072998




						Anthropologie, Inc.					

5000 S Broad St, Philadelphia, PA 19112




						Comcast Ip Phone, LLC					

1701 John F Kennedy Blvd, Philadelphia, PA 19103




						The Neat Company, Inc.					

1601 Market St, Ste 3500, Philadelphia, PA 19103




						S. Carter Trucking, LLC					

5335 Sylvester St., Philadelphia, PA 19124




						Cdi Corporation (iowa)					

1717 Arch St., 35th Floor, Philadelphia, PA 19103




						Cigna Health Management, Inc.					

1601 Chestnut Street, Two Liberty Place, Philadelphia, PA 19192




						Comcast Corporation					

1701 John F Kennedy Blvd, Philadelphia, PA 19103




						Spring Eq, LLC					

Suite 500 2929 Arch Street, Philadelphia, PA 19104




						Roofmeadow Services, Inc.					

7135 Germantown Ave. 2nd Fl, Philadelphia, PA 19119




						Pfm Financial Advisors LLC					

1735 Market St 43rd Flr, Philadelphia, PA 19103




						Cti Towers Assets II, LLC					

1701 John F Kennedy Blvd, Philadelphia, PA 191032838




						Scotty D's Express Transport, LLC					

4821 Woodland Ave 2 Floor, Philadelphia, PA 19143




						Cozen O'connor, PC					

1650 Market St Ste 2800, Philadelphia, PA 19103




						Clayton Group Holdings Inc.					

1601 Market Street, Philadelphia, PA 19103




						Binswanger Midwest of Illinois, Inc.					

Two Logan Sq, Philadelphia, PA 19103




						Pfm Swap Advisors LLC					

1735 Market St 43rd Flr, Philadelphia, PA 19103




						Comcast Otr1, LLC					

1701 John F Kennedy Blvd, Philadelphia, PA 191032838




						Sca Tissue North America, LLC					

2929 Arch St Ste 2600, Philadelphia, PA 19104




						Brown & Brown of Pennsylvania, Lp					

601 Walnut Street, Suite 275w, Philadelphia, PA 19106




						Aramark Senior Living Services, LLC					

Aramark Twr, 1101 Market St, Philadelphia, PA 19107




						Ins Services, Inc.					

419 S. Second St., 306 New Market, Philadelphia, PA 19147




						Comcast of Indiana/michigan, LLC					

1701 John F. Kennedy Blvd., Philadelphia, PA 19103




						Qcc Insurance Company					

1901 Market St, Philadelphia, PA 19103




						The American Board of Internal Medicine					

510 Walnut Street, Suite 1700, Philadelphia, PA 19106




						Chubb Structured Products Inc.					

436 Walnut Street, Philadelphia, PA 19106




						Comcast of Colorado Vi. LLC					

1701 John F. Kennedy Blvd., Philadelphia, PA 19103-283




						Inamar Insurance Underwriting Agency, Inc.					

436 Walnut Street Wb12a, Tax Department, Philadelphia, PA 19106




						Restaura, Inc.					

1101 Market St, Philadelphia, PA 19107




						Day & Zimmermann International, Inc.					

1500 Spring Garden St, Philadelphia, PA 19130




						Radian Clayton Services LLC					

1601 Market St, Philadelphia, PA 191032337




						American Friends Service Committee					

1501 Cherry Street, Philadelphia, PA 19102




						Chubb Alternative Risk Solutions Inc.					

436 Walnut Street, Philadelphia, PA 19106




						The Atlantic Group, Inc.					

1500 Spring Garden St, Philadelphia, PA 19130




						Day and Zimmermann, Incorporated					

1500 Spring Garden St, Philadelphia, PA 19130




						William A. Graham Company					

One Penn Square West, Philadelphia, PA 19102




						Recovery Services International, Inc.					

436 Walnut Street, Philadelphia, PA 19106




						Lombard International Agency Inc.					

One Liberty Place, 1650 Market Street 54th Floor, Philadelphia, PA 19103




						Tci of Watertown, Inc.					

1701 John F. Kennedy Blvd., Philadelphia, PA 19103




						Fmc Wyoming Corporation					

1735 Market Street, Philadelphia, PA 19103




						Fmc Corporation					

1735 Market Street, Philadelphia, PA 19103




						Pfm Asset Management LLC					

1735 Market Street 43rd Fl, Attn Compliance Manager, Philadelphia, PA 19103




						Comcast of Indiana/michigan/pennsylvania, LLC					

1701 John F. Kennedy Blvd., Philadelphia, PA 19103




						Aramark Educational Services, LLC					

1101 Market St, Philadelphia, PA 19107




						Safe Harbor Financial, Inc.					

3 N. Columbus Boulevard, 4th Floor, Philadelphia, PA 19106




						Aramark Sm Management Services, Inc.					

1101 Market St, Philadelphia, PA 19107




						Sca Personal Care, Inc.					

2929 Arch Street Suite 2600, Philadelphia, PA 19104




						Almo Distributing Wisconsin, Inc					

2709 Commerce Way, Philadelphia, PA 19154




						Day & Zimmermann Nps, Inc.					

1500 Spring Garden St, Philadelphia, PA 19130




						Comcast of Colorado Vii, LLC					

1701 John F. Kennedy Blvd., Philadelphia, PA 19103




						Cohr Inc					

1101 Market Street, Philadelphia, PA 19107




						Ovations Food Services, L.p.					

3601 S Broad St, Philadelphia, PA 19148




						Westchester Specialty Insurance Services, Inc.					

436 Walnut Street, Philadelphia, PA 19106




						Cdi Architects, Inc.					

1717 Arch St., 35th Floor, Philadelphia, PA 19103




						Cigna Direct Marketing Company, Inc.					

Two Liberty Place, 1601 Chestnut Street, Philadelphia, PA 19192




						Amerihealth Administrators, Inc.					

1900 Market Street, Suite 500, Philadelphia, PA 19103




						Aramark Capital Asset Services, LLC					

1101 Market St, Philadelphia, PA 19107




						Wolters Kluwer Health, Inc.					

2001 Market St, Philadelphia, PA 19103




						Chubb Insurance Solutions Agency Inc.					

436 Walnut Street, Philadelphia, PA 19106




						Brandywine Global Investment Management, LLC					

2929 Arch St 8th Fl, Philadelphia, PA 19104




						Aramark Healthcare Support Services, LLC					

1101 Market St, Philadelphia, PA 19107




						Front Row Marketing Services, L.p.					

3601 S Broad St, Philadelphia, PA 19148




						The Pew Charitable Trusts					

2005 Market St Ste 2800, Philadelphia, PA 19103




						Open Systems Technologies, Inc.					

1818 Market St Ste 2510, Philadelphia, PA 19103




						O'donnell & Naccarato, Inc.					

701 Market Street, Suite 6000, Philadelphia, PA 19106




						Aramark Confection, LLC					

1101 Market St, Philadelphia, PA 19107




						Resources for Human Development, Inc.					

4700 Wissahickon Ave, Philadelphia, PA 19144




						Hay Group, Inc.					

1650 Arch Street, Philadelphia, PA 19103




						Vride, Inc.					

309 Cherry Street, Philadelphia, PA 19106




						Sunoco, Inc. (r&m)					

1735 Market St Ste Ll, Philadelphia, PA 19103




						Global Spectrum, L.p.					

3601 S Broad St, Philadelphia, PA 19148




						Aramark Schools Facilities, LLC					

1101 Market St, Philadelphia, PA 19107




						Cigna Healthcare, Inc.					

1601 Chestnut Street, Two Liberty Place, Philadelphia, PA 19192




						Esis, Inc.					

436 Walnut Street, Philadelphia, PA 19106




						Mri Contract Staffing, Inc.					

1717 Arch St. 35th Floor, Philadelphia, PA 191032768




						Tate & Kirlin Associates, Inc.					

2810 Southampton Rd, Philadelphia, PA 19154




						Yoh Services LLC					

1500 Spring Garden St, Philadelphia, PA 19130




						Morton International, Inc.					

100 Independence Mall West, Philadelphia, PA 19106




						Nelco Architecture, Inc.					

226 Walnut St, Philadelphia, PA 19106




						Aramark Correctional Services, LLC					

1101 Market St, Philadelphia, PA 19107




						Nps Management Services, Inc.					

1500 Spring Garden St, Philadelphia, PA 191304067




						Aramark Facility Services, LLC					

1101 Market St Aramark Tower, Philadelphia, PA 191072988




						Strata Marketing, Inc.					

1701 John F. Kennedy Blvd., Philadelphia, PA 19103




						Aramark Management, LLC					

1101 Market St, Philadelphia, PA 19103




						Aramark Business & Industry, LLC					

1101 Market St, Philadelphia, PA 19107




						Braskem America, Inc.					

1735 Market Street, Philadelphia, PA 19103




						Aramark Business Facilities, LLC					

1101 Market St, Philadelphia, PA 19107




						The Questers					

210 Quince St, Philadelphia, PA 191075534




						Comcast Phone of Iowa, LLC					

1701 John F Kennedy Blvd, Philadelphia, PA 191032838




						Glaxosmithkline LLC					

5 Crescent Drive, Philadelphia, PA 19112




						Pennoni Associates Inc.					

3001 Market St 2nd Flr, Philadelphia, PA 19104




						United Refrigeration, Inc.					

11401 Roosevelt Boulevard, Philadelphia, PA 19154




						Aramark Healthcare Technologies, LLC					

1101 Market St. Aramark Tower 29th Fl, Philadelphia, PA 19107




						Eviti, Inc.					

1800 Jfk Blvd 9th Fl, Philadelphia, PA 19103




						W. G. Yates & Sons Construction Company					

104 Gully Ave, Po Box 456, Philadelphia, MS 39350







City · Iowa Business





City
State
Businesses


1.


							Des Moines						

IA
12530
5.53%


2.


							Cedar Rapids						

IA
7834
3.46%


3.


							West Des Moines						

IA
6737
2.97%


4.


							Davenport						

IA
5478
2.42%


5.


							Iowa City						

IA
4812
2.12%


6.


							Dubuque						

IA
4248
1.88%


7.


							Ames						

IA
3786
1.67%


8.


							Sioux City						

IA
3463
1.53%


9.


							Ankeny						

IA
3133
1.38%


10.


							Urbandale						

IA
3112
1.37%


11.


							Waterloo						

IA
3103
1.37%


12.


							Council Bluffs						

IA
3035
1.34%


13.


							Bettendorf						

IA
2550
1.13%


14.


							Omaha						

NE
2492
1.10%


15.


							Cedar Falls						

IA
2334
1.03%


16.


							Clive						

IA
2254
0.99%


17.


							Marion						

IA
1782
0.79%


18.


							Johnston						

IA
1687
0.74%


19.


							Fairfield						

IA
1605
0.71%


20.


							Mason City						

IA
1438
0.63%





			Show More
		



						Coralville (1401)
					



						Muscatine (1373)
					



						Burlington (1350)
					



						Waukee (1178)
					



						Fort Dodge (1177)
					



						Marshalltown (1140)
					



						North Liberty (1094)
					



						Carroll (1067)
					



						Clinton (986)
					



						Pella (981)
					



						Indianola (952)
					



						Grimes (938)
					



						Ottumwa (916)
					



						Spencer (883)
					



						Decorah (853)
					



						Boone (842)
					



						Altoona (796)
					



						Newton (743)
					



						Oskaloosa (733)
					



						Sioux Center (722)
					



						Clear Lake (709)
					



						Le Mars (699)
					



						Algona (699)
					



						Washington (694)
					



						Spirit Lake (689)
					



						Grinnell (686)
					



						Waverly (684)
					



						Adel (680)
					



						Iowa Falls (645)
					



						Chicago (623)
					



						New York (606)
					



						Papillion (598)
					



						Norwalk (591)
					



						Solon (573)
					



						Hiawatha (558)
					



						Storm Lake (551)
					



						Atlantic (550)
					



						Independence (545)
					



						Nevada (529)
					



						Winterset (518)
					



						Charles City (506)
					



						Pleasant Hill (503)
					



						Orange City (499)
					



						Keokuk (490)
					



						Littleton (490)
					



						Houston (476)
					



						Eldridge (470)
					



						Dyersville (466)
					



						Manchester (459)
					



						Harlan (459)
					



						Maquoketa (457)
					



						Rock Valley (451)
					



						Monticello (447)
					



						Glenwood (443)
					



						Knoxville (438)
					



						Perry (429)
					



						Creston (424)
					



						Dewitt (419)
					



						Estherville (406)
					



						Polk City (402)
					



						Webster City (398)
					



						Red Oak (397)
					



						Centerville (395)
					



						Fort Madison (394)
					



						Humboldt (393)
					



						Anamosa (390)
					



						Cresco (388)
					



						Atlanta (385)
					



						Vinton (385)
					



						Minneapolis (382)
					



						Huxley (371)
					



						Jefferson (370)
					



						Windsor Heights (368)
					



						Osage (366)
					



						Kalona (361)
					



						Mt Pleasant (361)
					



						Hampton (361)
					



						Denison (355)
					



						New Hampton (353)
					



						Bloomfield (351)
					



						Sheldon (351)
					



						Sioux Falls (350)
					



						Story City (345)
					



						Cherokee (333)
					



						Milford (325)
					



						Moline (324)
					



						Panora (316)
					



						Swisher (316)
					



						Dallas (314)
					



						Bellevue (311)
					



						Tipton (311)
					



						Garner (310)
					



						Waukon (309)
					



						Forest City (304)
					



						Wilmington (299)
					



						West Liberty (295)
					



						Emmetsburg (290)
					



						Williamsburg (289)
					



						Bondurant (288)
					



						Cascade (285)
					



						Hull (284)
					



						Leclaire (279)
					



						Peosta (267)
					



						Rock Rapids (266)
					



						Missouri Valley (265)
					



						Osceola (263)
					



						Carlisle (262)
					



						Albia (259)
					



						Oelwein (252)
					



						Kansas City (250)
					



						Audubon (250)
					



						Jesup (247)
					



						Sibley (246)
					



						Blue Grass (245)
					



						West Burlington (243)
					



						Phoenix (242)
					



						Chariton (239)
					



						Clarion (237)
					



						Sergeant Bluff (233)
					



						Montezuma (232)
					



						Lemars (229)
					



						West Branch (228)
					



						Clarinda (226)
					



						Sumner (225)
					



						Granger (225)
					



						Shenandoah (221)
					



						Rock Island (219)
					



						St Louis (218)
					



						Lincoln (217)
					



						Eldora (215)
					



						Denver (214)
					



						West Union (213)
					



						Madrid (213)
					



						Denver (212)
					



						Lake Mills (208)
					



						Indianapolis (207)
					



						Holstein (206)
					



						Ida Grove (204)
					



						Guthrie Center (203)
					



						Mediapolis (202)
					



						Cumming (201)
					



						Woodbine (197)
					



						Overland Park (197)
					



						Dallas Center (196)
					



						San Diego (195)
					



						Britt (194)
					



						Riverside (193)
					



						Corning (189)
					



						Fairfax (188)
					



						Elkader (187)
					



						Onawa (187)
					



						Wellman (185)
					



						Runnells (183)
					



						Greenfield (181)
					



						Grundy Center (181)
					



						Arnolds Park (181)
					



						Belmond (181)
					



						Guttenberg (180)
					



						Sac City (179)
					



						Remsen (179)
					



						Las Vegas (179)
					



						Hudson (177)
					



						Alden (177)
					



						Robins (176)
					



						Walcott (175)
					



						Center Point (174)
					



						West Point (173)
					



						Earlham (173)
					



						Austin (172)
					



						Sigourney (172)
					



						Wapello (169)
					



						Oakland (168)
					



						Mt. Pleasant (166)
					



						Brooklyn (166)
					



						Corydon (165)
					



						Camanche (164)
					



						Toledo (164)
					



						Boston (164)
					



						Ogden (164)
					



						Mount Vernon (163)
					


























13012 saticoy street unit 1 north hollywood
denise janitorial san francisco
kwi conn sacramento
3140 polaris ave suite 7 las vegas
ay's designs in iron
lovely hair & nails venus tx
misfitdelia
billy bragman
meat msrket n. lombard portland
nguyen son van 75linden st ma 02122 boston
don foster in enterprise oregon
select protfolio 3217 south decker lake drive salt lake city ut
lillian hill clagett new york city
1-2-3 cash bear de
grandma porch medford or
julie ting county counsel of la
paglialunga and harris la californa
cherokee nation career services catoosa location website
tatiana schlenker
victor m. acevedo attorney los angeles
alicia c. freeze san diego ca
pra skateboards j street sacramento
city point concessions south boston ma
lbbc la grande
ryan long boston ma
healthcare partners north rainbow
eco clean systems nw oregon
olawale fawale
dukes landscaping las vegas
rosemary manor john day oregon

















Zip 19107 · Iowa Business










Toggle navigation





DATAGOVUS





Business

California
Colorado
Connecticut
Florida
Iowa
Nevada
New York
Oregon
Texas
Washington

Berkeley
Chicago
Hartford
Kansas City
Las Vegas
Los Angeles
New York City
Palo Alto
Pasadena
Philadelphia
Portland
Providence
Sacramento
San Diego
San Francisco
Santa Monica
Washington DC



Employee

New Jersey
Washington
Broome County
Chicago
Charlotte
Los Angeles
Montgomery County
Nashville
Palo Alto
Philadelphia



New York

Corporation
Attorney



Los Angeles

Business
Foreclosure
Parcel
Employee
Property



Other

San Diego Property
Philadelphia Property
Washington Lawyer
Washington Health Care
Physician





Go








Find Business in Iowa





Go



















		Zip 19107 · Iowa Business		



Iowa Business




19107
















 Zip 19107 ·  Iowa Business




Entity Name
Home Office Address




						Aramark Senior Living Services, LLC					

Aramark Twr, 1101 Market St, Philadelphia, PA 19107




						Restaura, Inc.					

1101 Market St, Philadelphia, PA 19107




						Aramark Educational Services, LLC					

1101 Market St, Philadelphia, PA 19107




						Aramark Sm Management Services, Inc.					

1101 Market St, Philadelphia, PA 19107




						Aramark Campus, LLC					

1101 Market St, Philadephia, PA 19107




						Cohr Inc					

1101 Market Street, Philadelphia, PA 19107




						Aramark Capital Asset Services, LLC					

1101 Market St, Philadelphia, PA 19107




						Aramark Healthcare Support Services, LLC					

1101 Market St, Philadelphia, PA 19107




						Aramark Confection, LLC					

1101 Market St, Philadelphia, PA 19107




						Aramark Schools Facilities, LLC					

1101 Market St, Philadelphia, PA 19107




						Aramark Correctional Services, LLC					

1101 Market St, Philadelphia, PA 19107




						Aramark Business & Industry, LLC					

1101 Market St, Philadelphia, PA 19107




						Aramark Business Facilities, LLC					

1101 Market St, Philadelphia, PA 19107




						Aramark Healthcare Technologies, LLC					

1101 Market St. Aramark Tower 29th Fl, Philadelphia, PA 19107




						Aramark Facility Services, LLC					

1101 Market St Aramark Tower, Philadelphia, PA 191072988




						Aramark Services, Inc.					

1101 Market St, Philadelphia, PA 191072998




						The Questers					

210 Quince St, Philadelphia, PA 191075534







Zip Code · Iowa Corporation





Zip Code
City
Corporations


1.


							50266						


						West Des Moines					
4182
1.85%


2.


							50309						


						Des Moines					
2970
1.31%


3.


							52722						


						Bettendorf					
2525
1.11%


4.


							50265						


						West Des Moines					
2492
1.10%


5.


							50010						


						Ames					
2333
1.03%


6.


							50613						


						Cedar Falls					
2298
1.01%


7.


							51503						


						Council Bluffs					
2278
1.01%


8.


							52240						


						Iowa City					
2267
1.00%


9.


							52402						


						Cedar Rapids					
2227
0.98%


10.


							52001						


						Dubuque					
2226
0.98%


11.


							50325						


						Clive					
2218
0.98%


12.


							50322						


						Urbandale					
2082
0.92%


13.


							52302						


						Marion					
1757
0.78%


14.


							50131						


						Johnston					
1663
0.73%


15.


							52404						


						Cedar Rapids					
1649
0.73%


16.


							50023						


						Ankeny					
1631
0.72%


17.


							50312						


						Des Moines					
1620
0.72%


18.


							52556						


						Fairfield					
1585
0.70%


19.


							50021						


						Ankeny					
1476
0.65%


20.


							52807						


						Davenport					
1462
0.65%





			Show More
		



						50014 (1404)
					



						50701 (1384)
					



						52241 (1375)
					



						52761 (1358)
					



						68154 (1348)
					



						52601 (1340)
					



						50401 (1326)
					



						52245 (1259)
					



						50310 (1255)
					



						52403 (1236)
					



						50501 (1171)
					



						52803 (1160)
					



						50263 (1159)
					



						50158 (1135)
					



						50313 (1090)
					



						52317 (1084)
					



						51401 (1062)
					



						52806 (1049)
					



						52003 (989)
					



						52401 (988)
					



						50323 (984)
					



						50219 (977)
					



						50125 (948)
					



						52732 (941)
					



						51106 (940)
					



						50111 (932)
					



						50317 (918)
					



						52501 (910)
					



						52246 (898)
					



						50315 (895)
					



						52002 (887)
					



						51301 (875)
					



						52101 (849)
					



						50036 (839)
					



						50009 (787)
					



						50702 (756)
					



						50208 (742)
					



						52577 (729)
					



						51250 (719)
					



						50321 (707)
					



						50428 (702)
					



						50703 (698)
					



						51031 (697)
					



						50511 (697)
					



						51101 (692)
					



						52353 (689)
					



						51360 (685)
					



						50112 (683)
					



						50677 (682)
					



						50003 (676)
					



						51501 (666)
					



						52804 (660)
					



						52405 (647)
					



						51104 (644)
					



						50126 (642)
					



						50311 (625)
					



						52801 (617)
					



						50314 (596)
					



						68046 (587)
					



						50211 (586)
					



						52411 (578)
					



						52333 (567)
					



						52233 (551)
					



						50022 (550)
					



						50588 (548)
					



						50644 (542)
					



						50320 (530)
					



						50201 (529)
					



						50273 (515)
					



						50616 (501)
					



						51041 (495)
					



						52632 (489)
					



						50327 (489)
					



						80120 (483)
					



						52748 (466)
					



						52040 (462)
					



						51537 (458)
					



						52057 (454)
					



						52060 (450)
					



						51247 (448)
					



						52310 (442)
					



						51534 (439)
					



						50138 (434)
					



						50220 (428)
					



						50801 (419)
					



						52742 (417)
					



						50316 (410)
					



						51334 (404)
					



						50595 (397)
					



						51566 (396)
					



						52627 (394)
					



						50548 (393)
					



						52544 (391)
					



						52136 (388)
					



						50226 (386)
					



						52349 (384)
					



						52205 (384)
					



						50129 (367)
					



						50124 (366)
					



						50461 (366)
					



						52802 (362)
					



						52247 (360)
					



						52641 (360)
					



						50441 (356)
					



						51103 (354)
					



						51201 (350)
					



						51442 (350)
					



						50324 (349)
					



						50659 (347)
					



						52537 (347)
					



						50248 (341)
					



						51012 (333)
					



						51351 (321)
					



						61265 (321)
					



						50216 (313)
					



						50322 (311)
					



						52338 (311)
					



						50438 (308)
					



						52031 (306)
					



						52172 (304)
					



						52772 (302)
					



						50436 (301)
					



						52244 (292)
					



						52776 (292)
					



						50536 (288)
					



						52361 (287)
					



						50035 (286)
					



						52033 (283)
					



						51239 (280)
					



						52753 (276)
					



						51246 (267)
					



						52068 (265)
					



						50213 (262)
					



						51555 (262)
					



						50047 (261)
					



						52531 (257)
					



						50662 (249)
					



						50025 (249)
					



						51249 (244)
					



						50648 (243)
					



						52726 (240)
					



						52655 (240)
					



						50049 (237)
					



						51105 (236)
					



						50525 (233)
					



						51108 (233)
					



						50171 (232)
					



						51054 (231)
					



						51031 (228)
					



						52358 (226)
					



						51632 (224)
					



						50109 (223)
					



						50674 (223)
					



						51601 (215)
					



						50704 (214)
					



						52406 (214)
					



						50622 (212)
					



						52175 (212)
					



						50156 (211)
					



						50627 (210)
					



						61201 (210)
					



						50450 (208)
					



						51025 (205)
					



						50115 (202)
					



						51445 (201)
					



						52637 (200)
					



						50061 (199)
					



						51579 (197)
					



						50063 (196)
					



						50423 (193)
					



						52327 (191)
					



						50841 (189)
					



						51102 (188)
					



						52228 (188)
					



						51040 (186)
					



						52043 (186)
					



						50237 (183)
					



						52356 (183)
					



						50421 (181)
					



						50849 (181)
					



						50638 (181)
					



						51331 (179)
					



						52052 (179)
					



						51050 (178)
					



						50006 (177)
					



						50643 (177)
					



						50583 (176)
					



						52213 (174)
					



						52328 (173)
					



						50072 (172)
					



						52591 (171)
					



						52656 (169)
					



						52773 (169)
					



						52653 (168)
					



						51560 (168)
					



						52641 (165)
					



						52342 (164)
					



						50212 (164)
					



						50060 (164)
					



						52211 (163)
					



						52314 (162)
					



						51449 (161)
					



						52162 (160)
					



						52730 (160)
					



						52747 (159)
					



						50658 (158)
					



						52253 (157)
					



						52301 (156)
					



						51521 (155)
					



						52625 (155)
					



						50665 (154)
					



						51346 (153)
					



						50574 (153)
					



						57049 (152)
					



						50563 (152)
					



						50261 (150)
					



						52340 (149)
					



						52778 (149)
					



						51546 (149)
					



						52322 (148)
					



						50250 (148)
					



						50207 (147)
					



						52046 (147)
					



						50597 (147)
					



						51241 (147)
					



						52076 (146)
					



						50675 (144)
					



						50054 (144)
					



						50669 (144)
					



						50144 (144)
					



						50533 (144)
					



						51023 (143)
					



						50459 (141)
					



						51035 (140)
					



						51030 (140)
					



						52151 (140)
					



						50161 (139)
					



						51575 (138)
					



						19801 (138)
					



						51455 (137)
					



						50466 (137)
					



						52208 (136)
					



						51355 (136)
					



						51240 (136)
					



						52565 (136)
					



						52004 (136)
					



						52738 (136)
					



						50325 (135)
					



						52159 (134)
					



						52756 (133)
					



						50046 (133)
					



						52248 (132)
					



						50140 (131)
					



						52214 (131)
					



						50579 (130)
					



						50247 (129)
					



						50651 (129)
					



						56301 (129)
					



						52203 (128)
					



						50169 (127)
					



						51535 (127)
					



						52314 (126)
					



						50225 (126)
					



						51024 (125)
					



						50601 (124)
					



						52224 (124)
					



						52339 (123)
					



						52227 (123)
					



						50621 (123)
					



						68114 (123)
					



						51046 (121)
					



						50501 (121)
					



						50251 (121)
					



						60606 (120)
					



						50058 (120)
					



						50002 (119)
					



						51529 (117)
					



						52045 (117)
					



						50276 (117)
					



						52654 (117)
					


























13012 saticoy street unit 1 north hollywood
denise janitorial san francisco
kwi conn sacramento
3140 polaris ave suite 7 las vegas
ay's designs in iron
lovely hair & nails venus tx
misfitdelia
billy bragman
meat msrket n. lombard portland
nguyen son van 75linden st ma 02122 boston
don foster in enterprise oregon
select protfolio 3217 south decker lake drive salt lake city ut
lillian hill clagett new york city
1-2-3 cash bear de
grandma porch medford or
julie ting county counsel of la
paglialunga and harris la californa
cherokee nation career services catoosa location website
tatiana schlenker
victor m. acevedo attorney los angeles
alicia c. freeze san diego ca
pra skateboards j street sacramento
city point concessions south boston ma
lbbc la grande
ryan long boston ma
healthcare partners north rainbow
eco clean systems nw oregon
olawale fawale
dukes landscaping las vegas
rosemary manor john day oregon

















Foreign Profit · Iowa Business










Toggle navigation





DATAGOVUS





Business

California
Colorado
Connecticut
Florida
Iowa
Nevada
New York
Oregon
Texas
Washington

Berkeley
Chicago
Hartford
Kansas City
Las Vegas
Los Angeles
New York City
Palo Alto
Pasadena
Philadelphia
Portland
Providence
Sacramento
San Diego
San Francisco
Santa Monica
Washington DC



Employee

New Jersey
Washington
Broome County
Chicago
Charlotte
Los Angeles
Montgomery County
Nashville
Palo Alto
Philadelphia



New York

Corporation
Attorney



Los Angeles

Business
Foreclosure
Parcel
Employee
Property



Other

San Diego Property
Philadelphia Property
Washington Lawyer
Washington Health Care
Physician





Go








Find Business in Iowa





Go



















		Foreign Profit · Iowa Business		



Iowa Business




Foreign Profit
















 Foreign Profit ·  Iowa Business




Entity Name
Home Office Address




						Lombard International Distribution Company					

One Liberty Place, 1650 Market Street 54th Floor, Philadelphia, PA 19103




						Corelogic Valuation Solutions, Inc.					

7105 Corporate Drive Tx29730330, Plano, TX 75024




						Tetra Tech Ma, Inc.					

3475 E Foothill Blvd, Pasadena, CA 91107




						Translational Research In Oncology, Inc.					

1100 9925 109 Street, Edmonton, Alberta, 00 T5K2J8, Can




						Bullseye Telecom, Inc.					

25925 Telegraph Road, Suite 210, Southfield, MI 48033




						Certainteed Gypsum, Inc.					

20 Moores Rd, Malvern, PA 19355




						Kmac Incorporated					

19437 Vale Ave., P.o. Box 548, Hutchinson, MN 55350




						Neat Group Corporation					

500 W. Madison St., 1000, Chicago, IL 60661




						Miller Insulation Co., Inc.					

3520 E Century Ave, Po Box 1393, Bismarck, ND 58502




						Westrock Converting Company					

504 Thrasher St, Norcross, GA 30071




						Medsolutions, Inc.					

400 Buckwalter Place Blvd., Bluffton, SC 29910




						Construction Technology Laboratories, Inc.					

5400 Old Orchard Rd, Skokie, IL 60077




						Waste Disposal Solutions of North Carolina, Inc.					

2307 W Cone Blve Suite 214, Greensboro, NC 27408




						American Merchandising Specialists, Inc.					

177 Barley Park Lane, Mooresville, NC 28115




						Defenders, Inc.					

3750 Priority Way South Drive Suite 200, Indianapolis, IN 46240




						Titan Energy Systems Inc.					

9210 Wyoming Avenue North, Brooklyn Park, MN 55445




						Richard Goettle, Inc.					

12071 Hamilton Ave, Cincinnati, OH 45231




						Careonsite, Inc.					

1250 Pacific Ave, Long Beach, CA 90813




						Enterprise Financial Group, Inc.					

122 W John Carpenter Frwy, 6th Floor, Irving, TX 75039




						Quality Pole Inspection & Maintenance, Inc					

401 E Main St, Edna, TX 77957




						Rentokil North America, Inc.					

1125 Berkshire Blvd, Suite 150, Reading, PA 19610




						Karas Enterprises, Inc.					

1646 West Chester Pike Ste 4, West Chester, PA 19382




						S & N Communications, Inc.					

636 Gralin St, Kernersville, NC 27284




						Rico & Yummy, Inc.					

112 E 19th St, South Sioux City, NE 68776




						Branded Group, Inc.					

2100 W Orangewood Ave. Ste 215, Orange, CA 92868




						Techgenics Inc.					

2400 Meadowbrook Parway, Duluth, GA 30096




						Corporate Graphics Commercial, Inc.					

1725 Roe Crest Drive, North Mankato, MN 56003




						Granite Business Solutions, Inc.					

4 Barrell Ct, Concord, NH 03301




						Interline Brands, Inc.					

701 San Marco Blvd, Jacksonville, FL 32207




						Mrc Global (us) Inc.					

909 Fannin St Ste 3100, Houston, TX 77010




						Jax Refrigeration, Inc.					

1529 South 3rd St, Jacksonville Beach, FL 32250




						Swiss Post Solutions, Inc.					

10 E. 40th St., 9th Fl., New York, NY 10016




						Mattress Firm, Inc.					

5815 Gulf Freeway, Houston, TX 770235341




						Prime Source Mortgage, Inc.					

1109 N Bryant Ave. Ste 110, Edmond, OK 73034




						Williams Lea Inc.					

1212 Avenue of The Americas, Suite 1701, New York, NY 10036




						Welltower Inc.					

4500 Dorr Street, Toledo, OH 43615




						First Heartland Capital, Inc.					

1839 Lake St Louis Blvd, Lake St Louis, MO 63367




						Mansfield Oil Company of Gainsville, Inc.					

1025 Airport Pkwy Sw, Gainesville, GA 30501




						Suburban Mortgage Company of New Mexico					

26970 Aliso Viejo Parkway, Suite 100, Aliso Viejo, CA 92656




						Griffin Greenhouse Supplies, Inc.					

1619 Main St, Tewksbury, MA 01876




						Ebix Health Administration Exchange, Inc.					

2101 West Peoria Avenue Suite 100, Phoenix, AZ 85029




						Noic, Inc.					

6444 Monroe St. Ste 6, Sylvania, OH 43560




						Leo Pharma Inc					

1 Sylvan Way, Parsippany, NJ 07054




						Mydatt Services, Inc.					

7135 Charlotte Pike Suite 100, Nashville, TN 37209




						Nationwide Activities Store, Inc.					

One Nationwide Plaza, Columbus, OH 43215




						Gillmann Services, Inc.					

11848 Rock Landing Dr Ste 102, Newport News, VA 23606




						Icore Networks, Inc.					

23 Main Street, Holmdel, NJ 07733




						The Millennium Group of Delaware Inc.					

200 Circle Dr North, Piscataway, NJ 08854




						Twin City Concrete Products Co.					

2025 Centre Poinet Blvd, Mendota Heights, MN 55120




						Kempharm, Inc.					

2656 Crosspark Rd Ste 100, Coralville, IA 52241




						Primoris Aevenia, Inc.					

2100 Mckinney Ave. Ste 1500, Dallas, TX 75201




						Trimac Transportation Inc.					

15333 Jfk Blvd. Suite 800, Houston, TX 77032




						Integrated Global Services, Inc.					

7600 Whitepine Road, Richmond, VA 23237




						Construction Install Services, Inc.					

N7080 Albany A, Durand, WI 54736




						Granny's Alliance Holdings, Inc.					

132 Sw 5th Ave Ste 175, Meridian, ID 83642




						Fcti, Inc.					

11766 Wilshire Blvd. Ste 1100, Los Angeles, CA 90025




						Value Care, Inc.					

3600 Vineland Road Suite 114, Orlando, FL 32811




						Envirobate, Inc.					

3301 E 26th St, Minneapolis, MN 55406




						Exhibit Works, Inc.					

13211 Merriman Rd, Livonia, MI 48150




						Winsupply Canon City Co Co.					

3110 Kettering Blvd, Moraine, OH 45439




						Ingenious Med, Inc.					

400 Galleria Pkwy Se Ste 1600, Atlanta, GA 30339




						Rokstad Power Inc.					

80 Golden Dr, Coquitlam Bc, V3K6T1, Can




						Verita Telecommunications Corporation					

47083 Five Mile Rd, Plymouth, MI 48170




						Maxitransfers Corporation					

222 Las Colinas Blvd W. Ste 2000 N Tower, Irving, TX 75039




						Premier One Insurance Services, Inc.					

100 Pacifica Ste 480, Irvine, CA 92618




						The Logistics Company, Inc.					

3400 Walsh Parkway, Fayetteville, NC 28311




						Intrexon Corporation					

20374 Sencca Meadows Parkway, Germantown, MD 20876




						The Cadle Company					

100 North Center St, Newton Falls, OH 444441321




						Walter L. Clark & Associates, Inc.					

7673 Ingram Ste 103, Fresno, CA 93711




						Exeter Finance Corp					

222 W Las Colinas Blvd. Ste 1800, Irving, TX 75039




						Ka-boomer's Enterprises, Inc.					

847 Hwy 77, Wahoo, NE 68066




						Accelerate Learning Inc.					

5177 Richmond Ave Suite 1025, Houston, TX 77058




						Nsa Media Group, Inc.					

3025 Highland Pkwy Ste 700, Downers Grove, IL 60515




						Tyson Pet Products, Inc.					

2200 Don Tyson Parkway, Springdale, AR 72762




						U.S. Equity Advantage, Inc.					

800 N Magnolia Ave Ste 1275, Orlando, FL 32803




						Higher One, Inc.					

115 Munson St, New Haven, CT 06511




						Sensity Systems Inc.					

1237 E Arques Ave, Sunnyvalle, CA 94085




						Auzmor Inc					

12951 University Ave Suite 200, Clive, IA 50325




						E3 Hr, Inc.					

121 Summit Ave, Summit, NJ 07901




						Hooper Holmes, Inc.					

560 N. Rogers Road, Olathe, KS 66062




						Istate Truck, Inc.					

2901 East 78th Street, Minneapolis, MN 55425-150




						Archer-daniels-midland Company					

4666 Faries Parkway, Decatur, IL 62526




						Frontier Airlines, Inc					

7001 Tower Road, Denver, CO 80249




						Gray Television Group, Inc.					

4370 Peachtree Rd Ne, Atlanta, GA 30319




						Biox Usa Limited					

585 Wentworth St N, Hamilton, 00 , Can




						K & K Insurance Group, Inc.					

200 E Randolph St., Chicago, IL 60601




						Kar Kraft Engineering, Inc.					

1144 Hwy 69 North, Forest City, IA 50436




						Ten Degrees Inc.					

4840 N River Blvd. Ne. Ste 300, Cedar Rapids, IA 52411




						Plexis Healthcare Systems, Inc.					

340 Oak Street, Ashland, OR 97520




						Ryan Contractors Inc.					

9390 7th St A, Rancho Cucamonga, CA 91730




						Bergankdv, Ltd.					

220 Park Avenue S, St. Cloud, MN 56302




						Amc Card Processing Services, Inc.					

One Amc Way, 11500 Ash Street, Leawood, KS 66211




						Btw Properties, Inc.					

2621 W Hwy 30, Gran Island, NE 68803




						Advocate Capital, Inc.					

One Vantage Way Suite C200, Nashville, TN 37228




						Abreon, Inc.					

680 Anderson Dr Se 500, Pittsburgh, PA 15220




						Imagesoft, Inc.					

25900 W 11 Mile Rd Ste 100, Southfield, MI 48034




						Second Look, Inc.					

1393 Veterans Memorial Hwy 200s, Hauppauge, NY 11788




						Cmre Financial Services, Inc.					

3075 E Imperial Hwy. 200, Brea, CA 92821




						Industrial Turnaround Corporation					

13141 N Enon Church Rd, Chester, VA 23836




						Usa Hoist Company, Inc.					

820 N Wolcott Ave, Chicago, IL 60622







Entity Type · Iowa Corporation





Entity Type
Corporations


1.


							DOMESTIC LIMITED LIABILITY COMPANY

106479
47.00%


2.


							DOMESTIC PROFIT

52667
23.25%


3.


							REVISED DOMESTIC NON-PROFIT

28855
12.74%


4.


							FOREIGN PROFIT

14651
6.47%


5.


							FOREIGN LIMITED LIABILITY COMPANY

10477
4.62%


6.


							DOMESTIC PROFESSIONAL

2980
1.32%


7.


							DOMESTIC LIMITED LIABILITY PARTNERSHIP

2688
1.19%


8.


							DOMESTIC LIMITED PARTNERSHIP

1529
0.67%


9.


							DOMESTIC PROFESSIONAL LIMITED LIABILITY COMPANY

1278
0.56%


10.


							MULTIPLE HOUSING ACT

1161
0.51%


11.


							REVISED FOREIGN NON-PROFIT

1113
0.49%


12.


							FOREIGN LIMITED PARTNERSHIP

587
0.26%


13.


							DOMESTIC LIMITED LIABILITY LIMITED PARTNERSHIP

520
0.23%


14.


							DOMESTIC BANKS

332
0.15%


15.


							FOREIGN PROFESSIONAL

255
0.11%


16.


							GENERAL PARTNERSHIP

178
0.08%


17.


							FOREIGN LIMITED LIABILITY PARTNERSHIP

167
0.07%


18.


							CO-OP NON STOCK

146
0.06%


19.


							CO-OP STOCK

126
0.06%


20.


							INSURANCE COMPANIES

125
0.06%


























13012 saticoy street unit 1 north hollywood
denise janitorial san francisco
kwi conn sacramento
3140 polaris ave suite 7 las vegas
ay's designs in iron
lovely hair & nails venus tx
misfitdelia
billy bragman
meat msrket n. lombard portland
nguyen son van 75linden st ma 02122 boston
don foster in enterprise oregon
select protfolio 3217 south decker lake drive salt lake city ut
lillian hill clagett new york city
1-2-3 cash bear de
grandma porch medford or
julie ting county counsel of la
paglialunga and harris la californa
cherokee nation career services catoosa location website
tatiana schlenker
victor m. acevedo attorney los angeles
alicia c. freeze san diego ca
pra skateboards j street sacramento
city point concessions south boston ma
lbbc la grande
ryan long boston ma
healthcare partners north rainbow
eco clean systems nw oregon
olawale fawale
dukes landscaping las vegas
rosemary manor john day oregon













Business Directory of Illinois. Aramark Correctional Services, Inc. ...

































Business DirectoryInformation on every company and professional organization









        Find businesses
    



business name





city, state, or zip code




Search






















IllinoisARAramark Correctional Services, Inc. ...
 



Business Directory of Illinois. Aramark Correctional Services, Inc. ...







Aramark Correctional Services, Inc.
2300 Warrenville Rd, Downers Grove, IL 60515


Industry:Building Maintenance Services, NEC
Phone:(800) 777-7090
Description:Other Services to Buildings and Dwellings
Members (46):Ken Martynus (Facilities Manager)Dave Raker (Senior Director Of Information Systems-supply Chain Management)Jeff Connor (Sales And Marketing Executive)John Dauria (Vice President Operations)Laura Behrens (Director Information Technology)...
SIC:7349 - Building Cleaning and Maintenance Services, Not Elsewhere
SIC6:581299 - Eating places, nec
Company size:300
Business Background Report





Aramark Management Services Limited Partnership
2300 Warrenville Rd, Downers Grove, IL 60515


Industry:Management Services, Bldg Maint Svcs, Management Services Building Maintenance Services
Registration:Aug 18, 1992
Phone:(215) 238-3000, (630) 271-2000
State ID:LP774-1992
Business type:Foreign Limited Partnership
Entity State:NV
Members (78):Aramark Smms Llc (Member, , Gplp)Greg Boal (Director Fleet Administration)Frank Triscritti (Asset Manager)Brad Key (Director Of Recovery Management)Zachary Berry (Manager Information Technology Servicemaster Co)...
Agent:The Corporation Trust Company Of Nevada
SIC6:874100 - Management service
Company size:15000
Business Background Report





Aramark Services Inc
101 W Cerro Gordo St, Decatur, IL 62523


Industry:Eating Places
Phone:(217) 424-3165
Description:Full-Service Restaurants
Members (2):Sandy Powers (Manager)Mary Davis (Principal)
SIC:5812 - Eating Places
Company size:1000
Business Background Report





Aramark Refreshment Services, LLC
1851 Howard St, Elk Grove Vlg, IL 60007


Industry:Business Services
Doing business as:Aramark Refreshment Services Aramark
Registration:Jan 1, 1988
Site:aramark.com
Phone:(847) 472-7300, (847) 593-6300 (Fax)
Members (3):Skippi SmithMichael Odegaard (Site Manager)Tom Anderson (Manager, inactive)
Categories:Coffee Break Service & Supplies, Vending Machines, Food Service Consultants
Open Hours:7.30 Am - 4.30 Pm Mon-Fri
In business since:1948
Languages:Polish
Business Background Report





Children's World Learning Center
1275 Jones Rd, Hoffman Estates, IL 60169


Doing business as:Aramark Educational Resources
Registration:Aug 1, 1969
Site:childrensworld.com
Phone:(847) 490-0310, (847) 490-0159 (Fax)
Member:Liz Roslewski (Director)
Categories:Child Care Centers, Child Care Services, Preschools & Kindergartens
Products:Day Care, Full-time care, Part-Time Care
Business Background Report





Aramark Correctional Svc
2745 S Sacramento Ave, Chicago, IL 60623


Doing business as:Aramark Correctional Service
Registration:Jan 1, 2001
Site:aramark.com
Phone:(773) 523-1385, (773) 523-2565 (Fax)
Categories:Food ServiceManagement
Business Background Report





Aramark Refreshment Service
2402 39Th Ave, Moline, IL 61265


Categories:Coffee & Tea Shops, Vending Machines, Water Treatment Service Equipment & Supplies
Site:aramarkrefreshments.com
Phone:(309) 762-7793, (309) 762-3751 (Fax), (800) 627-2721 (Free)
Specialties:Ceremonies, Company Events, Promotional Events, Retreats, Reunions, ...
Products:Accounts, Bartending, Commercial Services, Consultations, Coordinators, ...
Payment options:American Express, Visa
Additional:Accepting New Customers
Business Background Report





Aramark Correctional Services
200 W State St, Paxton, IL 60957


Categories:Food Service Consultants
Phone:(217) 379-2515
Products:Food Service Management, Restaurant Consulting
Business Background Report





Aramark Refreshment Service
1090 S West Fork Dr, Lake Forest, IL 60045


Categories:Coffee & Tea Shops, Grocery Stores & Supermarkets
Site:aramarkrefreshments.com
Phone:(847) 615-2475
Business Background Report





Aramark Senior Living Services, LLC
2300 Warrenville Rd, Downers Grove, IL 60515


Industry:Managed Services
Registration:Dec 27, 2004
State ID:200436410115
Business type:Foreign
Entity State:CA
Members (5):Aramark Healthcare Support Services, Llc (Managing Member, Member)Aramark Healthcare Support Services, Inc (Manager, Managing Member, inactive)Alexander Marino (Managing Member, Member, inactive)Christopher Holland (Member, inactive)Megan Timmins (Member, inactive)
Business Background Report





ARAMARK SM MANAGEMENT SERVICES, INC
1101 Market St., Downers Grove, IL 60515


Doing business as:SERVICEMASTER MANAGEMENT SERVICES, INC
Registration:Aug 5, 1992
State ID:363744854
Business type:Foreign Corporation
Entity State:DE
Members (4):Currently Vacant (President), 1101 Market Street, Philadelphia, PA 19107 (Physical)Karen Wallace (Treasurer), 1101 Market Street, Philadelphia, PA 19107 (Physical)Megan Timmins (Secretary), 1101 Market Street, Philadelphia, PA 19107 (Physical)Patricia Rapone (Vice president), 1101 Market Street, Philadelphia, PA 19107 (Physical)
Agent:C T Corporation System155 Federal Street Ste 700, Boston, MA 02110 (Physical)
Business Background Report





ARAMARK ServiceMaster Facility Services
2300 Warrenville Rd, Downers Grove, IL


Registration:Feb 11, 2002
State ID:263044
Business type:Assumed Name
Entity State:MN
Business Background Report





Aramark Educational Services LLC
525 S State St, Chicago, IL 60605


Industry:Services-Misc
Member:Christopher S. Holland (Treasurer)
Business Background Report





Aramark Sm Management Services, Inc
2300 Warrenville Rd, Downers Grove, IL 60515


Industry:Management Services
Business Background Report





ARAMARK PROCESSING LLC
2300 Warrenville Rd, Downers Grove, IL 60515


Status:Inactive
Registration:Sep 26, 2000
State ID:0707555323
Business type:Foreign Limited Liability
Entity State:DE
Members (2):Aramark Management Services (Member), 1101 Market Street, Philadelphia, PA 19107Aramark Managment Services Ltd (Manager, Managing Member, inactive)
Agent:Ct Corporation System350 N. St. Paul St., Dallas, TX 75201 (Physical)
TIN:13643916490
Business Background Report





ARAMARK Facility Services
Downers Grove, IL


Status:Inactive
Industry:Provision Of Maintenance & Facility Maintenance Services
Doing business as:ARAMARK Facility Services, LLC
Registration:Nov 25, 2003
Inactive since:Aug 28, 2009
Addresses:2300 Warrenville Rd, Downers Grove, IL 60515 (Physical)Downers Grove, IL 60515 (Physical)
State ID:X00554076
Business type:Fictitious Name
Formation place:Delaware
Agent:C T Corporation System1108 E South Union Ave, Midvale, UT 84047 (Physical)
Business Background Report





ARAMARK SERVICEMASTER FACILITY SERVICES
2300 Warrenville Rd, Downers Grove, IL 60515


Status:Inactive
Registration:Feb 11, 2002
Inactive since:Aug 28, 2009
Description:PROVISION OF FACILITY SERVICES
State ID:X00404070
Business type:Fictitious Name
Expiration:Expires-03/05/2012
Agent:Ct Corporation System136 E South Temple Ste 2100, Salt Lake City, UT 84111 (Physical)
Business Background Report





Aramark Engineering Associates, LLC
2300 Warrenville Rd, Downers Grove, IL 60515


Status:Inactive
Industry:Nonclassifiable Establishments
Business Background Report





ARAMARK SERVICES MANAGEMENT OF IL, INC


Status:Inactive
Registration:Dec 3, 1998
State ID:60239061
Business type:Domestic Bca
Expiration:Perpetual
Agent:C T Corporation System208 So Lasalle St, Chicago, IL 60604 (Physical)























Illinois Business Directory Index. AR ...

































Business DirectoryInformation on every company and professional organization









        Find businesses
    



business name





city, state, or zip code




Search






















IllinoisAR
 



Illinois Business Directory Index. AR ...








AR ...
ARBOR NATIONAL COMMERCIAL MORT ...
ARCHDIOCESE TRAVEL RESOURCE CENTER CO ...
ARCHON GROUP ...
AREA INTERSTATE TRUCKING CO ...
ARGUS PRESS ...
ARK LINES CO ...
ARLOMEDIA CO ...
ARMSHEFF GASLIGHT MENS SHOP CO ...
ARORA GAS&FOOD MART ...
ARS ADVERTISING ...
ART UNINHIBITED ...
ARTISTIC CUISINE ...















 






Business Directory of Illinois. Aramark Correctional Services, Inc. ...

































Business DirectoryInformation on every company and professional organization









        Find businesses
    



business name





city, state, or zip code




Search






















IllinoisARAramark Correctional Services, Inc. ...
 



Business Directory of Illinois. Aramark Correctional Services, Inc. ...







Aramark Correctional Services, Inc.
2300 Warrenville Rd, Downers Grove, IL 60515


Industry:Building Maintenance Services, NEC
Phone:(800) 777-7090
Description:Other Services to Buildings and Dwellings
Members (46):Ken Martynus (Facilities Manager)Dave Raker (Senior Director Of Information Systems-supply Chain Management)Jeff Connor (Sales And Marketing Executive)John Dauria (Vice President Operations)Laura Behrens (Director Information Technology)...
SIC:7349 - Building Cleaning and Maintenance Services, Not Elsewhere
SIC6:581299 - Eating places, nec
Company size:300
Business Background Report





Aramark Management Services Limited Partnership
2300 Warrenville Rd, Downers Grove, IL 60515


Industry:Management Services, Bldg Maint Svcs, Management Services Building Maintenance Services
Registration:Aug 18, 1992
Phone:(215) 238-3000, (630) 271-2000
State ID:LP774-1992
Business type:Foreign Limited Partnership
Entity State:NV
Members (78):Aramark Smms Llc (Member, , Gplp)Greg Boal (Director Fleet Administration)Frank Triscritti (Asset Manager)Brad Key (Director Of Recovery Management)Zachary Berry (Manager Information Technology Servicemaster Co)...
Agent:The Corporation Trust Company Of Nevada
SIC6:874100 - Management service
Company size:15000
Business Background Report





Aramark Services Inc
101 W Cerro Gordo St, Decatur, IL 62523


Industry:Eating Places
Phone:(217) 424-3165
Description:Full-Service Restaurants
Members (2):Sandy Powers (Manager)Mary Davis (Principal)
SIC:5812 - Eating Places
Company size:1000
Business Background Report





Aramark Refreshment Services, LLC
1851 Howard St, Elk Grove Vlg, IL 60007


Industry:Business Services
Doing business as:Aramark Refreshment Services Aramark
Registration:Jan 1, 1988
Site:aramark.com
Phone:(847) 472-7300, (847) 593-6300 (Fax)
Members (3):Skippi SmithMichael Odegaard (Site Manager)Tom Anderson (Manager, inactive)
Categories:Coffee Break Service & Supplies, Vending Machines, Food Service Consultants
Open Hours:7.30 Am - 4.30 Pm Mon-Fri
In business since:1948
Languages:Polish
Business Background Report





Children's World Learning Center
1275 Jones Rd, Hoffman Estates, IL 60169


Doing business as:Aramark Educational Resources
Registration:Aug 1, 1969
Site:childrensworld.com
Phone:(847) 490-0310, (847) 490-0159 (Fax)
Member:Liz Roslewski (Director)
Categories:Child Care Centers, Child Care Services, Preschools & Kindergartens
Products:Day Care, Full-time care, Part-Time Care
Business Background Report





Aramark Correctional Svc
2745 S Sacramento Ave, Chicago, IL 60623


Doing business as:Aramark Correctional Service
Registration:Jan 1, 2001
Site:aramark.com
Phone:(773) 523-1385, (773) 523-2565 (Fax)
Categories:Food ServiceManagement
Business Background Report





Aramark Refreshment Service
2402 39Th Ave, Moline, IL 61265


Categories:Coffee & Tea Shops, Vending Machines, Water Treatment Service Equipment & Supplies
Site:aramarkrefreshments.com
Phone:(309) 762-7793, (309) 762-3751 (Fax), (800) 627-2721 (Free)
Specialties:Ceremonies, Company Events, Promotional Events, Retreats, Reunions, ...
Products:Accounts, Bartending, Commercial Services, Consultations, Coordinators, ...
Payment options:American Express, Visa
Additional:Accepting New Customers
Business Background Report





Aramark Correctional Services
200 W State St, Paxton, IL 60957


Categories:Food Service Consultants
Phone:(217) 379-2515
Products:Food Service Management, Restaurant Consulting
Business Background Report





Aramark Refreshment Service
1090 S West Fork Dr, Lake Forest, IL 60045


Categories:Coffee & Tea Shops, Grocery Stores & Supermarkets
Site:aramarkrefreshments.com
Phone:(847) 615-2475
Business Background Report





Aramark Senior Living Services, LLC
2300 Warrenville Rd, Downers Grove, IL 60515


Industry:Managed Services
Registration:Dec 27, 2004
State ID:200436410115
Business type:Foreign
Entity State:CA
Members (5):Aramark Healthcare Support Services, Llc (Managing Member, Member)Aramark Healthcare Support Services, Inc (Manager, Managing Member, inactive)Alexander Marino (Managing Member, Member, inactive)Christopher Holland (Member, inactive)Megan Timmins (Member, inactive)
Business Background Report





ARAMARK SM MANAGEMENT SERVICES, INC
1101 Market St., Downers Grove, IL 60515


Doing business as:SERVICEMASTER MANAGEMENT SERVICES, INC
Registration:Aug 5, 1992
State ID:363744854
Business type:Foreign Corporation
Entity State:DE
Members (4):Currently Vacant (President), 1101 Market Street, Philadelphia, PA 19107 (Physical)Karen Wallace (Treasurer), 1101 Market Street, Philadelphia, PA 19107 (Physical)Megan Timmins (Secretary), 1101 Market Street, Philadelphia, PA 19107 (Physical)Patricia Rapone (Vice president), 1101 Market Street, Philadelphia, PA 19107 (Physical)
Agent:C T Corporation System155 Federal Street Ste 700, Boston, MA 02110 (Physical)
Business Background Report





ARAMARK ServiceMaster Facility Services
2300 Warrenville Rd, Downers Grove, IL


Registration:Feb 11, 2002
State ID:263044
Business type:Assumed Name
Entity State:MN
Business Background Report





Aramark Educational Services LLC
525 S State St, Chicago, IL 60605


Industry:Services-Misc
Member:Christopher S. Holland (Treasurer)
Business Background Report





Aramark Sm Management Services, Inc
2300 Warrenville Rd, Downers Grove, IL 60515


Industry:Management Services
Business Background Report





ARAMARK PROCESSING LLC
2300 Warrenville Rd, Downers Grove, IL 60515


Status:Inactive
Registration:Sep 26, 2000
State ID:0707555323
Business type:Foreign Limited Liability
Entity State:DE
Members (2):Aramark Management Services (Member), 1101 Market Street, Philadelphia, PA 19107Aramark Managment Services Ltd (Manager, Managing Member, inactive)
Agent:Ct Corporation System350 N. St. Paul St., Dallas, TX 75201 (Physical)
TIN:13643916490
Business Background Report





ARAMARK Facility Services
Downers Grove, IL


Status:Inactive
Industry:Provision Of Maintenance & Facility Maintenance Services
Doing business as:ARAMARK Facility Services, LLC
Registration:Nov 25, 2003
Inactive since:Aug 28, 2009
Addresses:2300 Warrenville Rd, Downers Grove, IL 60515 (Physical)Downers Grove, IL 60515 (Physical)
State ID:X00554076
Business type:Fictitious Name
Formation place:Delaware
Agent:C T Corporation System1108 E South Union Ave, Midvale, UT 84047 (Physical)
Business Background Report





ARAMARK SERVICEMASTER FACILITY SERVICES
2300 Warrenville Rd, Downers Grove, IL 60515


Status:Inactive
Registration:Feb 11, 2002
Inactive since:Aug 28, 2009
Description:PROVISION OF FACILITY SERVICES
State ID:X00404070
Business type:Fictitious Name
Expiration:Expires-03/05/2012
Agent:Ct Corporation System136 E South Temple Ste 2100, Salt Lake City, UT 84111 (Physical)
Business Background Report





Aramark Engineering Associates, LLC
2300 Warrenville Rd, Downers Grove, IL 60515


Status:Inactive
Industry:Nonclassifiable Establishments
Business Background Report





ARAMARK SERVICES MANAGEMENT OF IL, INC


Status:Inactive
Registration:Dec 3, 1998
State ID:60239061
Business type:Domestic Bca
Expiration:Perpetual
Agent:C T Corporation System208 So Lasalle St, Chicago, IL 60604 (Physical)























Aramark | Food, Facilities, and Uniform Services












































Contact Us
Investor Relations

Shop





Give your employees the perks that help them recharge and boost their productivity.
Find Refreshments





A professional look delivered to your door, helping your employees look their best.
Rent Uniforms





Create an identity as unique as your business with a diverse range of workwear.
Buy Uniforms





Purchase an array of quality products for incarcerated friends and family members.
Purchase iCare






United States



SELECT YOUR COUNTRY




NORTH AMERICA
United States
Canada
Mexico





SOUTH AMERICA
Argentina
Chile





EUROPE
Belgium
Czech Republic
Germany
Ireland
Spain
United Kingdom





ASIA
China
Japan
Korea







Language



English


French


Spanish
















CONTACT US

SERVICES




We have the food, facilities and uniforms expertise that lets you focus on what you do best.

Overview














Food Services












Facilities Services












Uniform Services









INDUSTRIES




We create experiences that matter where people work, learn, recover and play.

Overview



EducationColleges & UniversitiesK-12 Schools & DistrictsHealthcareHospitals & Healthcare FacilitiesSports & EntertainmentStadiums, Arenas & AmphitheatersDestinations & Cultural AttractionsBusiness & GovernmentWorkplaces & Manufacturing FacilitiesConvention CentersConference CentersCorrectional FacilitiesRemote Workplaces




ABOUT US




We deliver an impact wherever people work, learn, recover and play.

Overview





HistoryOur DifferenceLeadershipCorporate ResponsibilityOur PeopleNews and ResourcesMedia KitInvestor Relations 





RESPONSIBILITY




Corporate responsibility is fundamental to everything we do and guides our everyday actions.

Overview














Employee Advocacy












Community Involvement












Environmental Sustainability












Health and Wellness









 CAREERS






















Shop










Give your employees the perks that help them recharge and boost their productivity.

Find Refreshments











A professional look delivered to your door, helping your employees look their best.

Rent Uniforms











Create an identity as unique as your business with a diverse range of workwear.

Buy Uniforms











Purchase an array of quality products for incarcerated friends and family members.

Purchase iCare







SELECT YOUR COUNTRY





NORTH AMERICA
United States
Canada
Mexico





SOUTH AMERICA
Argentina
Chile





EUROPE
Belgium
Czech Republic
Germany
Ireland
Spain
United Kingdom





ASIA
China
Japan
Korea







Language



English


French


Spanish


































MINIMIZING FOOD WASTE
LEARN MORE





Minimizing waste is important to our business, the environment and communities we serve. We wipe out waste through our everyday practices, with a goal of reducing food waste 50% by 2030.









We Dream. We Do.
Here, service excellence goes beyond great customer service. Learn how we balance innovative solutions and time-tested approaches to do the best by our customers and clients every day.







Building a Recipe for Success








FEEDING THE FANDOM FOR BIG EVENTS








ENHANCING NATIONAL PARK EXPERIENCES








Joining Forces with the American Heart Association











Feed Your Potential 365




Discover What Healthy Food Can Do For You


Whether it's students studying for an exam, professionals preparing for a big presentation or patients recovering from surgery, we understand that eating habits directly impact the energy and focus needed to reach every day goals. Through Feed Your Potential 365 and our partnership with the American Heart Association, dietitians and chefs share insights that empower Americans to make healthy food, nutrition and lifestyle choices. 

Join Us










Find out more about Aramark



LATEST NEWS





LSU Announces Partnership with Aramark as New Campus Athletics Concessionaire
June 29, 2017 - We are honored to partner with one of the most prestigious athletic departments in all of college sports. LSU has some of the most energetic and passionate fans and we look forward to utilizing our insights and expertise to deliver a dynamic food and beverage program that enhances the game day experience.



17 Aramark Destinations and Attractions Receive Tripadvisor’s 2017 Certificate of Excellence
Experts from Aramark and the American Heart Association Share Their Sizzling Secrets for Healthy Summer ...
Aramark Demonstrates Progress Minimizing Environmental Footprint

View All News




OUR LATEST THINKING





Healthy for Life 20 by 20®: Progress Against our Commitments
We are working together with the American Heart Association to improve the health of Americans 20% by 2020 by empowering people to make healthy food, nutrition and lifestyle choices.



Transitioning to Sustainably Sourced Tuna
Joining Forces with the American Heart Association
Aramark Animal Welfare Policy
Celebrating World Facilities Management Day
LEADERS Magazine Interview with Eric Foss

View All Resources




@ARAMARK




                                    Aramark retweeted
                                






Aramark Corporation
Aramark
12h


                                RT @AramarkSports: We are so excited to bring our experience & expertise to the great fans at @lsu! https://t.co/yNogiBuSpm https://t.co/Um…
                            
Details






                                    Aramark retweeted
                                






Aramark Corporation
Aramark
12h


                                RT @TravelARAMARK: NEW! #Eclipse RV Village at Togwotee Lodge - bring your RV and camp near the Tetons! @AmericanEclipse #thatswy https://t…
                            
Details








Aramark Corporation
Aramark
13h


                                Sweet Potato Poblano Salad makes the perfect side dish for those cookout creations! Taste for yourself with our… https://t.co/FAuDcCbnj0
                            
Details


Aramark On Twitter









ABOUT ARAMARK

Aramark (NYSE: ARMK) is in the customer service business across food, facilities and uniforms, wherever people work, learn, recover, and play. United by a passion to serve, our 270,000 team members deliver experiences that enrich and nourish the lives of millions of people in 19 countries around the world every day.
Home
Contact Us
Terms & Conditions
Privacy Policy



ServicesFood ServicesFacilities ServicesUniform ServicesIndustriesColleges & UniversitiesK-12 Schools & DistrictsHospitals & Healthcare FacilitiesStadiums, Arenas & AmphitheatersDestinations & Cultural AttractionsWorkplaces & Manufacturing FacilitiesConvention CentersConference CentersCorrectional FacilitiesRemote WorkplacesAbout UsHistoryOur DifferenceLeadershipCorporate ResponsibilityOur PeopleNews and ResourcesMedia KitInvestor Relations




Awards






















































































Microsoft personalized ad preferences




 













To opt out of personalized ads in this browser, your browser history must allow first-party and third-party cookies and you must have your browsing experience set to NOT delete browsing history on exit. Instructions for enabling cookies and configuring your browsing history may be available in your browsers settings, privacy, or help documentation.

















Sign in
















  Hold on… We’re sorry but this didn’t work.                  You can’t turn off personalized ads right now because your browser is currently blocking third-party cookies. We can help you fix this issue.                Let’s get started:  Depending on what browser you use, open Options or Settings.                  Make sure that third-party cookies are not blocked anymore. To find out how, search your browser’s Help.                                 Revisit http://choice.microsoft.com/opt-out, and then on the “Personalized ads in this browser” tile, click Off.                 ext74081 




  About Our Ads To create a more customized online experience, some of the ads you may receive on Microsoft websites and apps are tailored to your previous activities, searches and site visits. You're in control and here's where you can make the advertising choice that's right for you. ext74075 




  Where Can I Learn More about Advertising on Microsoft Websites and Apps? Microsoft partners with Oath, AppNexus and other third party service providers to help present customized content and display advertisements on MSN, Outlook.com and other websites and apps. Microsoft also delivers search ads to Bing and our search syndication partners. Learn more about Microsoft’s privacy practices here. You can learn more about interest-based ads from Oath and AppNexus in their privacy statements: Oath and AppNexus. What Choices Do I Have About Interest-Based Advertising? On this page, you can opt out of receiving interest based advertising from Microsoft. You can also opt out of receiving interest-based advertising from all self-regulatory members, including Microsoft, Oath, AppNexus and other third party ad networks, at the following sites:  In the US: Digital Advertising Alliance (DAA) In Europe: European Interactive Digital Advertising Alliance (EDAA) In Canada: Ad Choices: Digital Advertising Alliance of Canada (DAAC)  You can control interest-based advertising in Windows apps by turning off the advertising ID in Windows Settings.  More choices  Do you want personalized ads from other companies?  Questions? If you have a privacy question or a question for the Chief Privacy Officer of Microsoft, please contact us by using our web form. We will respond to questions within 30 days. ext74076 




       Personalized ads in this browser     OFF    Opt-out is currently unavailable, please try again later.  Control the "personalized ads" setting for this web browser.  Learn more           If you want Microsoft to show ads that might be relevant to you, click On. To show “generic” ads, click Off.          ext74078 




       Personalized ads wherever I use my Microsoft account     OFF   Sign in to change...    Opt-out is currently unavailable, please try again later.  Control the "personalized ads" setting that applies when you are signed in on any computer or device with your Microsoft account, including Windows, Windows phone, Xbox and other devices.  Learn more                    If you want Microsoft to show ads that might be relevant to you, click On. To show “generic” ads, click Off.         If you choose “generic” ads and use a browser, your choice applies to everyone when using that browser as long as you do not clear your cookies.          ext74079 




       Personalized ads in Windows         In your Windows Settings, you can turn off personalized ads that appear in apps on this device. You’ll still see ads, but they won’t be personalized anymore.     If you have Windows 8.1:            Access the charms by touching or moving your pointer to the right edge of the screen.                 Click or tap Settings, and then click or tap Change PC Settings.                 Click or tap Privacy, and then turn off Let apps use my advertising ID for experiences across apps.          If you have Windows 10:            Click or tap the Start button.                 Click or tap Settings.                 Click or tap Privacy, and then turn off Let apps use my advertising ID for experiences across apps.          If you have a Windows mobile device:            Go to Settings.                 Tap on Privacy.                 Tap on Advertising ID, and then turn off Let apps use my advertising ID for experiences across apps.                If you want to turn off personalized ads from Microsoft wherever you use your Microsoft account including apps on Windows, Windows Phone, Xbox and other devices, you can do so by selecting the Microsoft account option above.    ext74080 














Legal
Privacy & Cookies
© 2017 Microsoft

















Master Data Management (MDM) Advisory & Implementation




















































Contact us






 
(888) 534-9650






About Us

Mission & History
Partners
Leadership Team
Careers
News & Events
Newsletter Sign Up


Blog
Our Clients






  
 
 



Services
Solutions
MENU
MDM Advisory
MDM Implementation
MDM Performance
Contact Us
  
 






 

 
 

Thank You.To our employees and customers. Ideosity recognized by Inc. 5000 in “Fastest Growing Private Companies” 3 years straight.Learn More About IdeosityCross the finish line with ease.With Ideosity's end-to-end services.Start Your Journey With AdvisoryOngoing expert support to help youget more out of your PIM and MDM systemLearn more about IdeoCARE  
 



IdeosityData Mastered





End-to-end Master Data Management Solutions
 
Our services combined with MDM and PIM technologies
eliminates obstacles, mitigates risk and creates business improvements
throughout your entire data mastering journey.





MDM Advisory
Strategy and planning lay the groundwork for a successful PIM or MDM implementation.



MDM Implementation
PIM and MDM specific methodology for maximum value and minimum risk.



MDM Performance
Make the most of your PIM and MDM system with performance technology and support.




A Leader In MDM/PIM Consulting



60+ MDM/PIM projects across small, medium and large enterprises.
Broadest experience across a variety of leading platforms and technologies.
Robust services to support the entire journey from concept to realization and ongoing.


 

Our Approach


Eliminating Risk by relying on our ADVISORY services.
Our IMPLEMENTATION approach aims at deriving faster ROI and greater value from your MDM platform.
Benefit from Ideosity’s unique PERFORMANCE services, technology and ongoing expert support.



 


 





Navigation

Advisory
Implementation
Performance
Careers
Our Clients
Blog
About Us


 
Contact Us
Ideosity, Inc. 
205 W. Main Street 
West Dundee, IL 60118
Ideosity Canada, Ltd. 
1 Yonge Street, 
Suite 1801 
Toronto, ON M5E 1W7
p: (888) 534-9650
f: (312) 256-9156

 About Ideosity
Partner with Ideosity for your digital transformation for Advisory, Implementation, and Performance services. Our approach combined with PIM (Prod­uct Information Management)
and MDM (Master Data Management) technologies eliminates obstacles, mitigates risk and creates business improvements throughout your entire da­ta-mastering journey.
 







  
 

© 2017 Ideosity, All Rights Reserved.
 
 
 


















