










 













 


 

Mark Hart, Iii's involvement in venture capital (via Corriente China Opportunity Offshore Partners Lp, Corriente China Opportunity Offshore Partners Ii Lp, Corriente China Opportunity Partners Lp, Corriente China Opportunity Partners Ii Lp, Edf-m1 Offshore Lp, Edf Mi Onshore Lp, Edf-m1 Onshore Lp, Corriente China Opportunity Partners Iii Lp, Corriente China Opportunity Offshore Partners Iii Lp)































Want to see more?Want to find out who got funded, and who’s funding the next big thing? in real time? all across the world? tailored to your specific areas of focus?100+ deals per dayGet access to the most exhaustive worldwide funding watch on the web!Comprehensive funding informationKnow about who invested in a company, which sites covered the event, the funding history, etc.Exclusive insightsView original analytics such as most dynamic industries, most active investors, and more!Stay aware!Get emailed when deals critical to your business happen. Filter by region, industry and topics of interest.As seen onHave a login?Sign inRegister now!It's free!Use your social accountOr fill in the quick form:Register nowpromise we won't spamSign invia your social account:via your existing WGF account:Remember meRegister, it's freeForgot your password?SIGN INForgot your password?Enter your e-mail and we will send you your new password.reset passwordThe world's largest funding base/people/88752-mark-hart-iiisection=people&subsection=detail&id=88752




			Search deals by company name, industry, location, investors...			
			




SEARCH


MarkHart, IiiGet alertedif Mark Hart, Iii gets funded!Mark Hart, IiiCorriente China Opportunity Offshore Partners Lp - Executive_OfficerCorriente China Opportunity Offshore Partners Ii Lp - Executive_OfficerCorriente China Opportunity Partners Lp - Executive_OfficerCorriente China Opportunity Partners Ii Lp - Executive_OfficerEdf-m1 Offshore Lp - Executive Officer, Executive_OfficerEdf Mi Onshore Lp - Executive OfficerEdf-m1 Onshore Lp - Executive OfficerCorriente China Opportunity Partners Iii Lp - Executive OfficerCorriente China Opportunity Offshore Partners Iii Lp - Executive OfficerDeals involving Mark Hart, Iii$1,500,000 raised with Corriente China Opportunity Offshore Partners Lp on February, 2010$27,190,000 raised with Corriente China Opportunity Offshore Partners Ii Lp on August, 2012$4,450,000 raised with Corriente China Opportunity Offshore Partners Ii Lp on July, 2010$5,750,000 raised with Corriente China Opportunity Partners Lp on January, 2010$103,689,294 raised with Corriente China Opportunity Partners Ii Lp on August, 2012$44,095,000 raised with Corriente China Opportunity Partners Ii Lp on July, 2010$4,500,000 raised with Edf-m1 Offshore Lp on October, 2012$4,500,000 raised with Edf-m1 Offshore Lp on October, 2010$124,924,507 raised with Edf Mi Onshore Lp on October, 2012$124,924,507 raised with Edf-m1 Onshore Lp on October, 2012$24,355,990 raised with Corriente China Opportunity Partners Iii Lp on October, 2015$4,870,000 raised with Corriente China Opportunity Offshore Partners Iii Lp on October, 2015Please note that all data is automatically extracted and errors can occur.The WhoGotFunded team has not necessarily reviewed the information in this page and has not determined if it is accurate and complete.Some of the profile information was collected using the Crunchbase API. For more details on the profile, please check Mark Hart, Iii on Crunchbase.Inaccurate Data? Help us improve WhoGotFunded: post a comment!

L Hart,  Mark III - CEO, founder, businessman - profile

















directorpedia.net - List of CEOs, founders, board members and company directors











L Hart,  Mark III
Check out list of companies and businesses related to L Hart,  Mark III. Find out L Hart,  Mark III address and contact details. View other people related to L Hart,  Mark III - coworkers, colleagues, companions, etc.
Address:   

Corriente Advisors, L.L.C. 1401 Foch Street, Suite 100 Fort Worth 76107 TX




Companies related to L Hart,  Mark III
CIKCompany NamePositionCompany Address0001495866Corriente China Opportunity Offshore Partners II, LPC/O MAPLES CORPORATE SERVICES LIMITED UGLAND HOUSE, SOUTH CHURCH STREET GRAND CAYMAN KY1-11040001495867Corriente China Opportunity Partners II, LPC/O CORRIENTE ADVISORS, LLC 201 MAIN STREET, SUITE 1800 FORT WORTH 760120001655556Corriente China Opportunity Partners III, LP1401 FOCH STREET SUITE 100 FORT WORTH 761070001655560Corriente China Opportunity Offshore Partners III, LPC/O MAPLES CORPORATE SERVICES LIMITED PO BOX 309, UGLAND HOUSE GRAND CAYMAN KY1-1104




L Hart,  Mark III on the Web
Persons related to L Hart,  Mark III - Corriente China Opportunity Offshore Partners II, LPNamePositionCityN/A  Corriente Advisors, L.L.C.Fort WorthLipscomb,  J. IIFort WorthLipscomb,  J. IIFort WorthAyers  JoshuaFort WorthAyers  JoshuaFort WorthHart,  Mark IIIFort WorthHart,  Mark IIIFort Worthn/a  Corriente Advisors, L.L.C.Fort Worthn/a  Corriente Advisors, L.L.C.Fort Worthn/a  Corriente China Opportunity Management, LLCFort Worthn/a  Corriente China Opportunity Management, LLCFort WorthMunshi  YatrikFort WorthMunshi  YatrikFort WorthPersons related to L Hart,  Mark III - Corriente China Opportunity Partners II, LPNamePositionCityN/A  Corriente Advisors, L.L.C.Fort WorthLipscomb,  J. IIFort WorthLipscomb,  J. IIFort WorthLipscomb,  J. IIFort WorthAyers  JoshuaFort WorthAyers  JoshuaFort WorthHart,  Mark IIIFort WorthHart,  Mark IIIFort WorthHart,  Mark IIIFort Worthn/a  Corriente Advisors, L.L.C.Fort Worthn/a  Corriente Advisors, L.L.C.Fort Worthn/a  Corriente Advisors, LLCFort Worthn/a  Corriente China Opportunity Management, LLCFort Worthn/a  Corriente China Opportunity Management, LLCFort WorthMunshi  YatrikFort WorthMunshi  YatrikFort WorthPersons related to L Hart,  Mark III - Corriente China Opportunity Partners III, LPNamePositionCityKasar  AmolFort WorthEvans  JanetFort WorthHart,  Mark IIIFort Worthn/a  Corriente Advisors, L.L.C.Fort Worthn/a  Corriente China Opportunity Management, LLCFort WorthMunshi  YatrikFort WorthPersons related to L Hart,  Mark III - Corriente China Opportunity Offshore Partners III, LPNamePositionCityKasar  AmolFort WorthEvans  JanetFort WorthHart,  Mark IIIFort Worthn/a  Corriente Advisors, L.L.C.Fort Worthn/a  Corriente Advisors, L.L.C.Forth Worthn/a  Corriente China Opportunity Management, LLCForth Worthn/a  Corriente China Opportunity Management, LLCFort WorthMunshi  YatrikFort Worth












 









CORRIENTE CHINA OPPORTUNITY OFFSHORE PARTNERS III, LP Top Holdings  

































WhaleWisdom









Search All
Search 13F Filers Only
Search SEC Filer
Search Stocks Only
Search Mgmt Inv. Cos Only
ETFs Only
Search Active




















                      CORRIENTE CHINA OPPORTUNITY OFFSHORE PARTNERS III, LP
                    

•   GRAND CAYMAN, E9
                          • Hedge Fund
                      
How do I update this listing?




                                             Corriente China Opportunity Offshore Partners Iii is based out of Grand Cayman.    The firm last filed a Form D notice of exempt offering of securities on 2016-10-21. The filing was for a pooled investment fund:  hedge fund The notice  included securities offered of Pooled Investment Fund Interests
                                           














Summary
13D/G
Insider (Form 4)
Form D 2



   Create Email Alert
 




×
Email Notification.







                   ***Log In or
                   Sign-up
                   to see more advanced email alert options such as selecting any type of
                   SEC form, multiple filers or classes of filers, and much more.***
                 

                    ...or to simply have an email sent to you whenever we receive a new
                           13F filing from CORRIENTE CHINA OPPORTUNITY OFFSHORE PARTNERS III, LP, enter your
                    email address below and choose 'Submit'.
                

Your email:








Cancel














Contact Info




corriente china opportunity offshore partners iii, lp


C/O MAPLES CORPORATE SERVICES LIMITED

GRAND CAYMAN
E9
                                                        
                                                    KY1-1104


                                                      Business Phone:
                                                      817-870-0400







Recent SEC Filings




D/A filed on 10/21/2016
D filed on 10/21/2015
















Schedule 13D and 13G events since 03/31/2017

Subscription required



 
Form 4 - Non-derivative Insider Transactions Since 03/31/2017
Loading...



Form D Filings

  Form D is a form to be used to file a notice of an exempt offering of securities with the Securities and Exchange Commission.
  Form D contains basic information about the offering and the company.


Form D Filings


Filing Date
Form Type
Industry Group
Securities Offered
Total Offering Amount
Total Amount Sold
Total Remaining




2016-10-21
D/A
POOLED INVESTMENT FUND:  HEDGE FUND

      Pooled Investment Fund Interests
    
INDEFINITE
5,347,500
INDEFINITE


2015-10-21
D
POOLED INVESTMENT FUND:  HEDGE FUND

      Pooled Investment Fund Interests
    
INDEFINITE
4,870,000
INDEFINITE




Other Issuers in Filings


Name
Address





  No Other Issuers
  




Related Parties included in filings


Name
Address
Relationship




AMOL   KASAR

          subscription required
    


          EXECUTIVE OFFICER
      



JANET   EVANS

          subscription required
    


          EXECUTIVE OFFICER
      



MARK L.  HART, III

          subscription required
    


          EXECUTIVE OFFICER
      



N/A   CORRIENTE ADVISORS, L.L.C.

          subscription required
    


          EXECUTIVE OFFICER
      



N/A   CORRIENTE CHINA OPPORTUNITY MANAGEMENT, LLC

          subscription required
    


          PROMOTER
      



YATRIK   MUNSHI

          subscription required
    


          EXECUTIVE OFFICER
      











Elevate your investments
Try it for free




















Microsoft personalized ad preferences




 













To opt out of personalized ads in this browser, your browser history must allow first-party and third-party cookies and you must have your browsing experience set to NOT delete browsing history on exit. Instructions for enabling cookies and configuring your browsing history may be available in your browsers settings, privacy, or help documentation.

















Sign in
















  Hold on… We’re sorry but this didn’t work.                  You can’t turn off personalized ads right now because your browser is currently blocking third-party cookies. We can help you fix this issue.                Let’s get started:  Depending on what browser you use, open Options or Settings.                  Make sure that third-party cookies are not blocked anymore. To find out how, search your browser’s Help.                                 Revisit http://choice.microsoft.com/opt-out, and then on the “Personalized ads in this browser” tile, click Off.                 ext74081 




  About Our Ads To create a more customized online experience, some of the ads you may receive on Microsoft websites and apps are tailored to your previous activities, searches and site visits. You're in control and here's where you can make the advertising choice that's right for you. ext74075 




  Where Can I Learn More about Advertising on Microsoft Websites and Apps? Microsoft partners with Oath, AppNexus and other third party service providers to help present customized content and display advertisements on MSN, Outlook.com and other websites and apps. Microsoft also delivers search ads to Bing and our search syndication partners. Learn more about Microsoft’s privacy practices here. You can learn more about interest-based ads from Oath and AppNexus in their privacy statements: Oath and AppNexus. What Choices Do I Have About Interest-Based Advertising? On this page, you can opt out of receiving interest based advertising from Microsoft. You can also opt out of receiving interest-based advertising from all self-regulatory members, including Microsoft, Oath, AppNexus and other third party ad networks, at the following sites:  In the US: Digital Advertising Alliance (DAA) In Europe: European Interactive Digital Advertising Alliance (EDAA) In Canada: Ad Choices: Digital Advertising Alliance of Canada (DAAC)  You can control interest-based advertising in Windows apps by turning off the advertising ID in Windows Settings.  More choices  Do you want personalized ads from other companies?  Questions? If you have a privacy question or a question for the Chief Privacy Officer of Microsoft, please contact us by using our web form. We will respond to questions within 30 days. ext74076 




       Personalized ads in this browser     OFF    Opt-out is currently unavailable, please try again later.  Control the "personalized ads" setting for this web browser.  Learn more           If you want Microsoft to show ads that might be relevant to you, click On. To show “generic” ads, click Off.          ext74078 




       Personalized ads wherever I use my Microsoft account     OFF   Sign in to change...    Opt-out is currently unavailable, please try again later.  Control the "personalized ads" setting that applies when you are signed in on any computer or device with your Microsoft account, including Windows, Windows phone, Xbox and other devices.  Learn more                    If you want Microsoft to show ads that might be relevant to you, click On. To show “generic” ads, click Off.         If you choose “generic” ads and use a browser, your choice applies to everyone when using that browser as long as you do not clear your cookies.          ext74079 




       Personalized ads in Windows         In your Windows Settings, you can turn off personalized ads that appear in apps on this device. You’ll still see ads, but they won’t be personalized anymore.     If you have Windows 8.1:            Access the charms by touching or moving your pointer to the right edge of the screen.                 Click or tap Settings, and then click or tap Change PC Settings.                 Click or tap Privacy, and then turn off Let apps use my advertising ID for experiences across apps.          If you have Windows 10:            Click or tap the Start button.                 Click or tap Settings.                 Click or tap Privacy, and then turn off Let apps use my advertising ID for experiences across apps.          If you have a Windows mobile device:            Go to Settings.                 Tap on Privacy.                 Tap on Advertising ID, and then turn off Let apps use my advertising ID for experiences across apps.                If you want to turn off personalized ads from Microsoft wherever you use your Microsoft account including apps on Windows, Windows Phone, Xbox and other devices, you can do so by selecting the Microsoft account option above.    ext74080 














Legal
Privacy & Cookies
© 2017 Microsoft












Microsoft personalized ad preferences




 













To opt out of personalized ads in this browser, your browser history must allow first-party and third-party cookies and you must have your browsing experience set to NOT delete browsing history on exit. Instructions for enabling cookies and configuring your browsing history may be available in your browsers settings, privacy, or help documentation.

















Sign in
















  Hold on… We’re sorry but this didn’t work.                  You can’t turn off personalized ads right now because your browser is currently blocking third-party cookies. We can help you fix this issue.                Let’s get started:  Depending on what browser you use, open Options or Settings.                  Make sure that third-party cookies are not blocked anymore. To find out how, search your browser’s Help.                                 Revisit http://choice.microsoft.com/opt-out, and then on the “Personalized ads in this browser” tile, click Off.                 ext74081 




  About Our Ads To create a more customized online experience, some of the ads you may receive on Microsoft websites and apps are tailored to your previous activities, searches and site visits. You're in control and here's where you can make the advertising choice that's right for you. ext74075 




  Where Can I Learn More about Advertising on Microsoft Websites and Apps? Microsoft partners with Oath, AppNexus and other third party service providers to help present customized content and display advertisements on MSN, Outlook.com and other websites and apps. Microsoft also delivers search ads to Bing and our search syndication partners. Learn more about Microsoft’s privacy practices here. You can learn more about interest-based ads from Oath and AppNexus in their privacy statements: Oath and AppNexus. What Choices Do I Have About Interest-Based Advertising? On this page, you can opt out of receiving interest based advertising from Microsoft. You can also opt out of receiving interest-based advertising from all self-regulatory members, including Microsoft, Oath, AppNexus and other third party ad networks, at the following sites:  In the US: Digital Advertising Alliance (DAA) In Europe: European Interactive Digital Advertising Alliance (EDAA) In Canada: Ad Choices: Digital Advertising Alliance of Canada (DAAC)  You can control interest-based advertising in Windows apps by turning off the advertising ID in Windows Settings.  More choices  Do you want personalized ads from other companies?  Questions? If you have a privacy question or a question for the Chief Privacy Officer of Microsoft, please contact us by using our web form. We will respond to questions within 30 days. ext74076 




       Personalized ads in this browser     OFF    Opt-out is currently unavailable, please try again later.  Control the "personalized ads" setting for this web browser.  Learn more           If you want Microsoft to show ads that might be relevant to you, click On. To show “generic” ads, click Off.          ext74078 




       Personalized ads wherever I use my Microsoft account     OFF   Sign in to change...    Opt-out is currently unavailable, please try again later.  Control the "personalized ads" setting that applies when you are signed in on any computer or device with your Microsoft account, including Windows, Windows phone, Xbox and other devices.  Learn more                    If you want Microsoft to show ads that might be relevant to you, click On. To show “generic” ads, click Off.         If you choose “generic” ads and use a browser, your choice applies to everyone when using that browser as long as you do not clear your cookies.          ext74079 




       Personalized ads in Windows         In your Windows Settings, you can turn off personalized ads that appear in apps on this device. You’ll still see ads, but they won’t be personalized anymore.     If you have Windows 8.1:            Access the charms by touching or moving your pointer to the right edge of the screen.                 Click or tap Settings, and then click or tap Change PC Settings.                 Click or tap Privacy, and then turn off Let apps use my advertising ID for experiences across apps.          If you have Windows 10:            Click or tap the Start button.                 Click or tap Settings.                 Click or tap Privacy, and then turn off Let apps use my advertising ID for experiences across apps.          If you have a Windows mobile device:            Go to Settings.                 Tap on Privacy.                 Tap on Advertising ID, and then turn off Let apps use my advertising ID for experiences across apps.                If you want to turn off personalized ads from Microsoft wherever you use your Microsoft account including apps on Windows, Windows Phone, Xbox and other devices, you can do so by selecting the Microsoft account option above.    ext74080 














Legal
Privacy & Cookies
© 2017 Microsoft















ISDA - International Swaps and Derivatives Association, Inc.































 | 0 

Log In

|
Create Account







ISDA®
Safe, Efficient Markets
                











Home

Functional Areas



Legal & Documentation





Recent Documents

Traditional Adherence Protocols

Opinions

Amicus Briefs

Determinations Committees






Public Policy



United States

Europe



Financial Law Reform








Risk Management



Risk Management














Market Infrastructure and Technology



Credit Derivatives

Equity Derivatives

Interest Rates

Commodity Derivatives

Collateral

G20 Objectives






Research



Surveys

Studies

Research Notes






ISDA WGMR Implementation

Accounting & Tax

Symbology

Protocol Management

Data, Reporting and FpML






Asset Classes



Credit Derivatives /   Credit Default Swaps

Equity Derivatives

Interest Rates Derivatives

FX Derivatives

Energy, Commodities, Developing Products

Structured Products and Other






Regions



Asia-Pacific

Canada

CEE/SEE/CIS, Middle East, Africa

Europe

Japan

Latin America

United States






Committees



Legal

Global Policy

Capital, Risk, Margin and Collateral

Market Infrastructure and Technology (MIT)

Clearing

Data

Trading

ISDA Non-Cleared Margin Initiative

Determinations Committees

IIGC






Conferences



Conference Schedule

Accreditation

ISDA On Demand

ISDA AGM

2017 ISDA Regional Conferences






Newsroom



Press Releases

Webcasts & Videos

Speeches & Testimonies

derivatiViews

media.comment

CommodityFACT.org

ISDA dailyLead

ISDA In Review

Media  Contacts

IQ: ISDA Quarterly






Bookstore



Bookstore

My Online Library






Membership



Member Types

Member Benefits

Application

ISDA Members






About



About ISDA

Board of Directors

Executives

Mission Statement

ISDA By-Laws

Member Competition Policy

ISDA Overview

Contact Us


















Home

Functional Areas

Protocol Management

ISDA 2016 Bail-in Art 55 BRRD Protocol (Dutch/French/German/Irish/Italian/Luxembourg/Spanish/UK entity-in-resolution version)

Adhering Parties
















Legal & Documentation

Opinions


Determinations Committees


Standard Terms


Disclosures


Amicus Briefs


Eurozone Contingency Planning


Russia and Ukraine-related sanctions


Brexit




Public Policy

United States


Europe


Asia-Pacific


Japan


Global


Supporting G20 Objectives


Financial Law Reform


OTC Derivatives Compliance Calendar




Risk Management


Market Infrastructure and Technology 

Market Infrastructure and Technology


Credit Derivatives


Equity Derivatives


Interest Rates


Commodity Derivatives


FX Derivatives


Collateral


Settlements


G20 Objectives


ISDA Industry Governance Committee (IIGC)




Research

Surveys


Studies


Research Notes


Discussion Papers


OTC Derivatives Data Sources




ISDA WGMR Implementation Initiative

ISDA Webcast: Preparing for WGMR Implementation 


ISDA 2016 Variation Margin Protocol 


ISDA SIMM Licensed Vendors


ISDA Regulatory Margin Self-Disclosure Letter 


Videos: Preparing for the Variation Margin Rules




Accounting & Tax

International Financial Reporting Standards


US Generally Accepted Accounting Principles


National and International Tax Issues


FATCA




Symbology


Protocol Management

About ISDA Protocols


Open Protocols


Submit Adherence Letter


My Protocol Orders


Traditional Adherence Protocols


Closed Protocols


ISDA Standard Adherence & Refund Policy




Data, Reporting and FpML

Data and Reporting


Clearing Connectivity Standard (CCS)


FpML










Adhering Parties

Adhere to this Protocol

Protocol Name: ISDA 2016 Bail-in Art 55 BRRD Protocol (Dutch/French/German/Irish/Italian/Luxembourg/Spanish/UK entity-in-resolution version)
Last Updated: July 26, 2017
Number of Parties: 2064





*
A
B
C
D
E
F
G
H
I
J
K
L
M
N
O
P
Q
R
S
T
U
V
W
X
Y
Z



Download protocol data



						#
						ParticipantLast SubmissionAcceptance Date
1
CAAF Offshore Fund, Ltd.

December 23, 2016December 27, 2016
2
Cadian Capital Management LP

November 03, 2016November 03, 2016
3
Cairn Capital Limited

February 09, 2017February 10, 2017
4
California Public Employees' Retirement System

January 26, 2017January 27, 2017
5
California State Teachers' Retirement System

December 30, 2016December 30, 2016
6
Calixto Global Investors

December 19, 2016December 20, 2016
7
Calvin Klein Europe B.V.

October 05, 2016October 05, 2016
8
Cambiar Investors, LL

November 04, 2016November 04, 2016
9
Cameron LNG, LLC

February 09, 2017February 10, 2017
10
Canada Pension Plan Investment Board

November 10, 2016November 10, 2016
11
Candlewood Investment Group LP

December 30, 2016January 03, 2017
12
Cantor Commercial Real Estate Lending, L.P.

January 03, 2017January 03, 2017
13
Canvas Capital S.A. 

December 19, 2016December 19, 2016
14
Canyon Capital Advisors LLC

December 19, 2016December 19, 2016
15
Capricorn Investment Group LLC

November 07, 2016November 07, 2016
16
Capstone Investment Advisors

December 05, 2016December 05, 2016
17
Capula Global Relative Value Master Fund Limited

August 04, 2016August 04, 2016
18
Capula Tail Risk Master Fund Limited

August 04, 2016August 04, 2016
19
Cargill Financial Services International, Inc.

October 27, 2016October 27, 2016
20
Cargill, Incorporated

October 27, 2016October 27, 2016
21
Carlson Capital, L.P.

November 10, 2016November 10, 2016
22
Carnegie Institution of Washington

December 09, 2016December 09, 2016
23
Carrhae Capital LLP

December 14, 2016December 14, 2016
24
Carville Energy LLC

September 14, 2016September 14, 2016
25
CASA DE BOLSA FINAMEX, S.A.B. DE C.V.

December 19, 2016December 20, 2016
26
Cascade Investment, L.L.C.

September 16, 2016September 19, 2016
27
Case Western Reserve University

November 10, 2016November 10, 2016
28
Castlelake III, L.P.

December 15, 2016December 15, 2016
29
Castlelake IV, L.P.

December 15, 2016December 15, 2016
30
Caterpillar Inc.

January 05, 2017January 06, 2017
31
Catlin Insurance Company Ltd.

January 06, 2017January 06, 2017
32
CAZ Investments LP

August 16, 2016August 16, 2016
33
CB&I-CTCI B.V.

November 21, 2016November 22, 2016
34
CCSF Offshore Fund, Ltd.

December 23, 2016December 27, 2016
35
CDARF3 Offshore Fund, Ltd.

December 23, 2016December 27, 2016
36
Celgene Corporation

November 08, 2016November 08, 2016
37
Celgene International II SARL

November 17, 2016November 17, 2016
38
Celgene International SARL

November 17, 2016November 17, 2016
39
Celgene Logistics SARL

November 17, 2016November 17, 2016
40
Cengage Learning, Inc.

September 19, 2016September 19, 2016
41
Cenovus Energy Inc.

November 08, 2016November 08, 2016
42
Centerbridge Advisors II, LLC

December 28, 2016December 29, 2016
43
Centerbridge Advisors III, LLC

December 28, 2016December 29, 2016
44
Centerbridge Advisors, LLC

December 28, 2016December 29, 2016
45
Centerbridge Credit Advisors, LLC 

December 28, 2016December 29, 2016
46
Centerbridge Special Credit Advisors II, LLC

December 28, 2016December 29, 2016
47
Centerbridge Special Credit Advisors, LLC

December 28, 2016December 29, 2016
48
Centerbridge Special Credit Partners III, LP 

December 28, 2016December 29, 2016
49
Centinela Solar Energy, LLC

September 14, 2016September 14, 2016
50
CeramTec Service GmbH

November 04, 2016November 04, 2016
51
Cerberus Associates II, L.L.C.

January 03, 2017January 04, 2017
52
Cerberus Associates, L.L.C.

January 03, 2017January 04, 2017
53
Cerberus CMBS Associates, L.L.C.

January 03, 2017January 04, 2017
54
Cerberus CMBS-1 GP, LLC

January 03, 2017January 04, 2017
55
Cerberus CMBS-1 GP, LLC

January 03, 2017January 04, 2017
56
Cerberus EUF 1 GP, LLC

January 03, 2017January 04, 2017
57
Cerberus Global Residential Mortgage Associates, Ltd.

January 06, 2017January 06, 2017
58
Cerberus Institutional Associates (America), L.L.C.

January 03, 2017January 04, 2017
59
Cerberus Institutional Associates AD, L.L.C.

January 03, 2017January 04, 2017
60
Cerberus Institutional Associates AEN, Ltd

January 03, 2017January 04, 2017
61
Cerberus Institutional Associates AN, L.L.C.

January 03, 2017January 04, 2017
62
Cerberus Institutional Associates CDP IC, L.L.C.

January 03, 2017January 04, 2017
63
Cerberus Institutional Associates CP, L.L.C.

January 03, 2017January 04, 2017
64
Cerberus Institutional Associates CT, L.L.C.

January 03, 2017January 04, 2017
65
Cerberus Institutional Associates GSI, Ltd.

January 03, 2017January 04, 2017
66
Cerberus Institutional Associates HH, L.L.C.

January 03, 2017January 04, 2017
67
Cerberus Institutional Associates II, L.L.C.

January 03, 2017January 04, 2017
68
Cerberus Institutional Associates II, Ltd.

January 03, 2017January 04, 2017
69
Cerberus Institutional Associates III, Ltd.

August 17, 2016August 17, 2016
70
Cerberus Institutional Associates III, Ltd.

January 03, 2017January 04, 2017
71
Cerberus Institutional Associates MA, L.L.C.

January 03, 2017January 04, 2017
72
Cerberus Institutional Associates OT, L.L.C.

January 03, 2017January 04, 2017
73
Cerberus Institutional Associates PW, L.L.C.

January 03, 2017January 04, 2017
74
Cerberus Institutional Associates SC II, Ltd.

January 03, 2017January 04, 2017
75
Cerberus Institutional Associates SC, L.L.C.

January 03, 2017January 04, 2017
76
Cerberus Institutional Associates SMRS, L.L.C.

January 03, 2017January 04, 2017
77
Cerberus Institutional Associates, L.L.C.

January 03, 2017January 04, 2017
78
Cerberus Institutional International Associates, L.L.C.

January 03, 2017January 04, 2017
79
Cerberus MG GP, LLC

January 03, 2017January 04, 2017
80
Cerberus PEM GP, LLC

January 03, 2017January 04, 2017
81
Cerberus Real Estate GP III, L.L.C.

January 03, 2017January 04, 2017
82
Cerberus Real Estate GP IV, L.L.C.

January 03, 2017January 04, 2017
83
Cerberus Real Estate GP, L.L.C.

January 03, 2017January 04, 2017
84
Cerberus RMBS Associates II, Ltd.

January 03, 2017January 04, 2017
85
Cerberus RMBS Associates III, L.L.C.

January 03, 2017January 04, 2017
86
Cerberus Siguler Guff GP, LLC

January 03, 2017January 04, 2017
87
CFIC (US) Inc.

January 30, 2017January 30, 2017
88
CGI Group Inc.

December 07, 2016December 07, 2016
89
Chalkstream Capital Group, L.P.

September 14, 2016September 15, 2016
90
CHATHAM ASSET MANAGEMENT, LLC

August 19, 2016August 19, 2016
91
Chenavari Credit Partners LLP

January 04, 2017January 04, 2017
92
Cherokee County Cogeneration Partners, LLC

September 14, 2016September 14, 2016
93
Chicago Bridge & Iron Company N.V.

November 21, 2016November 22, 2016
94
Chilton Investment Company, LLC

December 07, 2016December 07, 2016
95
Chimera RMBS LLC

August 24, 2016August 25, 2016
96
China Zheshang Bank Co., Ltd

November 29, 2016November 29, 2016
97
Church and Dwight Co., Inc.

June 15, 2017June 16, 2017
98
CI Banco S.A., Institución de Banca Multiple

December 14, 2016December 14, 2016
99
Circle Lane Capital LP

September 08, 2016September 09, 2016
100
Cisco Systems, Inc.

December 15, 2016December 16, 2016
101
CIT Group Inc.

December 19, 2016December 19, 2016
102
Citadel Energy Investments Ltd.

August 11, 2016August 12, 2016
103
Citadel Equity Fund Ltd.

August 11, 2016August 12, 2016
104
Citadel Global Equities Fund S.a r.l.

August 11, 2016August 12, 2016
105
Citadel Global Equities Master Fund Ltd.

August 11, 2016August 12, 2016
106
Citadel Global Fixed Income Master Fund Ltd.

August 11, 2016August 12, 2016
107
Citadel Horizon S.a r.l.

August 11, 2016August 12, 2016
108
Citadel Multi-Strategy Equities Master Fund Ltd. 

August 11, 2016August 12, 2016
109
Citadel NGPE LLC

August 11, 2016August 12, 2016
110
Citadel QFIC Master Fund Ltd.

August 11, 2016August 12, 2016
111
Citadel Quantitative Strategies Master Fund Ltd.

August 11, 2016August 12, 2016
112
Citadel Securities (Europe) Limited 

August 15, 2016August 15, 2016
113
Citadel Securities Canada ULC

August 11, 2016August 12, 2016
114
Citadel Securities LLC

August 11, 2016August 12, 2016
115
Citadel Securities Luxembourg S.a r.l.

August 11, 2016August 12, 2016
116
Citibank Europe plc

July 28, 2016July 28, 2016
117
Citibank Korea Inc.

July 28, 2016July 28, 2016
118
Citibank N.A.

July 28, 2016July 29, 2016
119
Citigroup Global Markets Deutschland AG

July 29, 2016July 29, 2016
120
Citigroup Global Markets Inc.

July 28, 2016July 29, 2016
121
Citigroup Global Markets Japan Inc.

July 26, 2016July 27, 2016
122
Citigroup Global Markets Limited

July 29, 2016July 29, 2016
123
Citizens Insurance Company of America

December 06, 2016December 06, 2016
124
Clayton, Dubilier & Rice, LLC

September 12, 2016September 13, 2016
125
Clearfield Capital Management LP

April 18, 2017April 19, 2017
126
Clearline Capital LP

December 22, 2016December 22, 2016
127
Clearwater Capital Partners, LLC

November 29, 2016November 30, 2016
128
Clifford Capital Pte. Ltd.

March 06, 2017March 06, 2017
129
Clinton Group, Inc

December 19, 2016December 19, 2016
130
Clontarf Park CLO Designated Activity Company

July 11, 2017July 11, 2017
131
Closure Systems International Inc.

September 04, 2016September 05, 2016
132
Cloud Peak Energy Resources LLC

February 13, 2017February 13, 2017
133
Clough Capital Partners L.P.

December 15, 2016December 15, 2016
134
CMDTY Capital Management, LP

August 26, 2016August 26, 2016
135
Coastland Capital LLC

December 20, 2016December 20, 2016
136
Coatue Management, L.L.C.

December 09, 2016December 09, 2016
137
Cobalt Capital Management, Inc.

September 26, 2016September 26, 2016
138
Cobalt Management, LLC

December 28, 2016December 29, 2016
139
CoBank, ACB

November 16, 2016November 17, 2016
140
Cohen & Steers Capital Management, Inc.

September 23, 2016September 23, 2016
141
Coherence Capital Partners LLC 

August 22, 2016August 22, 2016
142
Colgate-Palmolive Support Services

February 03, 2017February 03, 2017
143
Colonial First State Asset Management (Australia) limited

November 10, 2016November 11, 2016
144
Coltrane Asset Management, L.P.

December 20, 2016December 20, 2016
145
Columbia Adaptive Risk Allocation Private (Master) Fund

January 11, 2017January 12, 2017
146
Columbia Funds Series Trust

December 23, 2016December 27, 2016
147
Columbia Funds Series Trust I

December 23, 2016December 27, 2016
148
Columbia Funds Series Trust II

December 23, 2016December 27, 2016
149
Columbia Funds Variable Insurance Trust

December 23, 2016December 27, 2016
150
Columbia Funds Variable Series Trust II

December 23, 2016December 27, 2016
151
Columbia Global Alpha Opportunities Private (Master) Fund

January 11, 2017January 11, 2017
152
Columbia Management Investment Advisers, LLC 

December 23, 2016December 27, 2016
153
Columbia Seligman Premium Technology Growth Fund, Inc.

December 23, 2016December 27, 2016
154
Columbia State Bank

November 28, 2016November 28, 2016
155
Columbus Hill Capital Management, L.P.

September 08, 2016September 08, 2016
156
Column Park Asset Management, LP

December 23, 2016December 27, 2016
157
Comcast Corporation

December 22, 2016December 22, 2016
158
Comerica Bank

August 22, 2016August 22, 2016
159
Commerzbank AG

June 01, 2017June 01, 2017
160
Commonwealth Annuity and Life Insurance Company

October 26, 2016October 26, 2016
161
Commonwealth of Pennsylvania, Public School Employees' Retirement System

February 07, 2017February 07, 2017
162
Commonwealth Opportunity Capital GP LLC

August 18, 2016August 18, 2016
163
Commonwealth Opportunity Master Fund Ltd

December 08, 2016December 08, 2016
164
Companhia Brasileira de Aluminio

February 23, 2017February 23, 2017
165
Compañía de Seguros Confuturo S.A.

November 25, 2016November 25, 2016
166
Compañía de Seguros Corpseguros S.A.

November 25, 2016November 25, 2016
167
Compania Minera Milpo S.A.A.

February 28, 2017February 28, 2017
168
Computer Sciences Corporation

March 20, 2017March 20, 2017
169
Contour Asset Management LLC

June 15, 2017June 16, 2017
170
Convex Asia Master Fund Ltd

December 01, 2016December 01, 2016
171
Coral Hill LLC

October 13, 2016September 09, 2016
172
Cornwall Capital Management LP

August 30, 2016August 30, 2016
173
Cornwall Holdings LLC

February 27, 2017February 27, 2017
174
Corriente China Opportunity Master Fund III, LP 

November 16, 2016November 16, 2016
175
Cotton Hall Asset Management

December 23, 2016December 27, 2016
176
CPMG, Inc.

January 12, 2017January 13, 2017
177
CPV Holdings, LLC

December 14, 2016December 14, 2016
178
CQS ABS Master Fund Limited

October 04, 2016October 04, 2016
179
CQS ACS Fund, a sub-fund of CQS Global Funds ICAV

June 16, 2017June 16, 2017
180
CQS Aiguille du Chardonnet MF S.C.A. SICAV-SIF 

October 06, 2016October 06, 2016
181
CQS Asian Opportunities Master Fund Limited

October 04, 2016October 04, 2016
182
CQS Convertible Investments Fund Limited

October 04, 2016October 04, 2016
183
CQS Dedicated Multi Strategy Fund Limited

October 04, 2016October 04, 2016
184
CQS Directional Opportunities Master Fund Limited

October 04, 2016October 04, 2016
185
CQS Global Convertible Arbitrage Master Fund Limited

October 04, 2016October 04, 2016
186
CQS Global Convertible Select Master Fund Limited

October 04, 2016October 04, 2016
187
CQS Global Funds (Ireland) Public Limited Company

October 04, 2016October 04, 2016
188
Credit Agricole Corporate and Investment Bank

July 18, 2017July 19, 2017
189
CREDIT INDUSTRIEL ET COMMERCIAL

October 06, 2016October 06, 2016
190
Credit Suisse Asset Management, LLC

September 14, 2016September 14, 2016
191
Credit Suisse Asset Management, LLC

October 11, 2016September 14, 2016
192
Credit Suisse Fund Management S.A.

October 11, 2016October 11, 2016
193
Credit Suisse International

July 28, 2016July 28, 2016
194
Credit Suisse Securities (Europe) Limited

July 28, 2016July 28, 2016
195
Crestwood Capital Management, L.P.

September 02, 2016September 02, 2016
196
Criterion Capital Management, LLC

August 22, 2016August 22, 2016
197
CSC Covansys Corporation

June 07, 2017June 07, 2017
198
CSS, LLC

July 26, 2017July 26, 2017
199
CTC Alternative Strategies, Ltd.

September 09, 2016September 09, 2016
200
CTC Investments, LLC

March 16, 2017March 16, 2017
201
Cubist Core Investments, L.P.

November 08, 2016November 08, 2016
202
Cubist International Investments, Ltd.

November 18, 2016November 18, 2016
203
Cubist Strategic Investments, LLC

November 09, 2016November 09, 2016
204
Cubist Systematic Investments II, L.P.

November 04, 2016November 07, 2016
205
Cubist Systematic Investments, LLC

November 10, 2016November 10, 2016
206
Cumulus Master Fund

September 05, 2016September 05, 2016
207
Custom House Financial (UK) Ltd

August 10, 2016August 12, 2016
208
Custom House ULC

August 10, 2016August 12, 2016
209
CVC Global Credit Opportunities Master Fund, L.P.

January 09, 2017January 09, 2017
210
CVPCSF Offshore Fund, Ltd. 

December 23, 2016December 27, 2016
211
CVPDAR3 Offshore Fund, Ltd. 

December 23, 2016December 27, 2016
212
Cyrus Capital Partners, L.P. 

September 22, 2016September 22, 2016
213
CYS Investments, Inc.

July 28, 2016July 28, 2016










*
A
B
C
D
E
F
G
H
I
J
K
L
M
N
O
P
Q
R
S
T
U
V
W
X
Y
Z



back to top





Protocol Selection


You have selected to adhere to the "". Click Proceed to continue or
			Back to choose a different protocol.


Back
Proceed










Functional Areas

Legal

Public Policy

Risk Management

Infrastructure Management

Research

Accounting

Protocol Management

Data, Reporting and FpML



Asset Classes

Credit Derivatives/CDS

Equity Derivatives

Interest Rates Derivatives

FX Derivatives

Energy, Commodities

Structured Products and Other



Regions

Asia-Pacific

Canada

CEE, Middle East, Africa

Europe

Japan

Latin America

United States



Committees

Global Policy

Legal

Capital, Risk, Margin and Collateral

Market Infrastructure and Technology (MIT)

Clearing

Data

Trading

ISDA WGMR Implementation Initiative

Determinations Committees



Conferences

Conference Schedule

Accreditation

ISDA On Demand

ISDA AGM

2017 ISDA Regional Conferences



Newsroom

Press Releases

Webcasts / Videos

derivatiViews

media.comment

dailyLead

ISDA In Review

Speeches & Presentations

Media  Contacts



About ISDA

About ISDA

Board of Directors

Executives

Mission Statement

Contact Us









				©2017
				International Swaps and Derivatives Association, Inc. ISDA is a registered trademark of the International Swaps and Derivatives Association, Inc.
Privacy policy








Login


 

Username / Email





Password





Remember me








Forgot password | Create account

Cancel
Log in




Reset Password


 

Username / Email








Log in | Create account

Cancel
Reset Password




Create New Account


 

Business email






Password





Confirm Password







Company *





Title *





Prefix





First Name *





Middle Name





Last Name *





Suffix





Telephone *





Fax







Address *



 



 





City *





Country *





State/Province





Postal Code *








Log in | Forgot password

Cancel
Back
Continue




Activate Account




Activate







Continue to site
Resend
Activate








 

Corriente China Opportunity Offshore Partners Iii Lp - Funding history, company info, news ...































Want to see more?Want to find out who got funded, and who’s funding the next big thing? in real time? all across the world? tailored to your specific areas of focus?100+ deals per dayGet access to the most exhaustive worldwide funding watch on the web!Comprehensive funding informationKnow about who invested in a company, which sites covered the event, the funding history, etc.Exclusive insightsView original analytics such as most dynamic industries, most active investors, and more!Stay aware!Get emailed when deals critical to your business happen. Filter by region, industry and topics of interest.As seen onHave a login?Sign inRegister now!It's free!Use your social accountOr fill in the quick form:Register nowpromise we won't spamSign invia your social account:via your existing WGF account:Remember meRegister, it's freeForgot your password?SIGN INForgot your password?Enter your e-mail and we will send you your new password.reset passwordThe world's largest funding base/companies/214725-corriente-china-opportunity-offshore-partners-iii-lpsection=companies&subsection=detail&id=214725  




			Search deals by company name, industry, location, investors...			
			




SEARCH


Corriente China Opportunity Offshore Partners Iii LpCompany DetailsGet alertedif Corriente China Opportunity Offshore Partners Iii Lp gets funded!Corriente China Opportunity Offshore Partners Iii LpFunding history Key peopleCountry:City:Cayman IslandsGrand CaymanIndustry:Finance Funding history DateDeal sizeInvestors October 21st, 2015$4,870,000-View DealCreate alertManage your alerts in accountWant to know when Corriente China Opportunity Offshore Partners Iii Lp gets funded?Key peopleMark Hart, IiiExecutive OfficerYatrik MunshiExecutive OfficerPlease note that all data is automatically extracted and errors can occur.The WhoGotFunded team has not necessarily reviewed the information in this page and has not determined if it is accurate and complete.Inaccurate Data? Help us improve WhoGotFunded: post a comment!





ISDA - International Swaps and Derivatives Association, Inc.































 | 0 

Log In

|
Create Account







ISDA®
Safe, Efficient Markets
                











Home

Functional Areas



Legal & Documentation





Recent Documents

Traditional Adherence Protocols

Opinions

Amicus Briefs

Determinations Committees






Public Policy



United States

Europe



Financial Law Reform








Risk Management



Risk Management














Market Infrastructure and Technology



Credit Derivatives

Equity Derivatives

Interest Rates

Commodity Derivatives

Collateral

G20 Objectives






Research



Surveys

Studies

Research Notes






ISDA WGMR Implementation

Accounting & Tax

Symbology

Protocol Management

Data, Reporting and FpML






Asset Classes



Credit Derivatives /   Credit Default Swaps

Equity Derivatives

Interest Rates Derivatives

FX Derivatives

Energy, Commodities, Developing Products

Structured Products and Other






Regions



Asia-Pacific

Canada

CEE/SEE/CIS, Middle East, Africa

Europe

Japan

Latin America

United States






Committees



Legal

Global Policy

Capital, Risk, Margin and Collateral

Market Infrastructure and Technology (MIT)

Clearing

Data

Trading

ISDA Non-Cleared Margin Initiative

Determinations Committees

IIGC






Conferences



Conference Schedule

Accreditation

ISDA On Demand

ISDA AGM

2017 ISDA Regional Conferences






Newsroom



Press Releases

Webcasts & Videos

Speeches & Testimonies

derivatiViews

media.comment

CommodityFACT.org

ISDA dailyLead

ISDA In Review

Media  Contacts

IQ: ISDA Quarterly






Bookstore



Bookstore

My Online Library






Membership



Member Types

Member Benefits

Application

ISDA Members






About



About ISDA

Board of Directors

Executives

Mission Statement

ISDA By-Laws

Member Competition Policy

ISDA Overview

Contact Us


















Home

Functional Areas

Protocol Management

ISDA August 2012 DF Protocol

Adhering Parties
















Legal & Documentation

Opinions


Determinations Committees


Standard Terms


Disclosures


Amicus Briefs


Eurozone Contingency Planning


Russia and Ukraine-related sanctions


Brexit




Public Policy

United States


Europe


Asia-Pacific


Japan


Global


Supporting G20 Objectives


Financial Law Reform


OTC Derivatives Compliance Calendar




Risk Management


Market Infrastructure and Technology 

Market Infrastructure and Technology


Credit Derivatives


Equity Derivatives


Interest Rates


Commodity Derivatives


FX Derivatives


Collateral


Settlements


G20 Objectives


ISDA Industry Governance Committee (IIGC)




Research

Surveys


Studies


Research Notes


Discussion Papers


OTC Derivatives Data Sources




ISDA WGMR Implementation Initiative

ISDA Webcast: Preparing for WGMR Implementation 


ISDA 2016 Variation Margin Protocol 


ISDA SIMM Licensed Vendors


ISDA Regulatory Margin Self-Disclosure Letter 


Videos: Preparing for the Variation Margin Rules




Accounting & Tax

International Financial Reporting Standards


US Generally Accepted Accounting Principles


National and International Tax Issues


FATCA




Symbology


Protocol Management

About ISDA Protocols


Open Protocols


Submit Adherence Letter


My Protocol Orders


Traditional Adherence Protocols


Closed Protocols


ISDA Standard Adherence & Refund Policy




Data, Reporting and FpML

Data and Reporting


Clearing Connectivity Standard (CCS)


FpML










Adhering Parties

Adhere to this Protocol

Protocol Name: ISDA August 2012 DF Protocol
Last Updated: July 27, 2017
Number of Parties: 20264





*
A
B
C
D
E
F
G
H
I
J
K
L
M
N
O
P
Q
R
S
T
U
V
W
X
Y
Z



Download protocol data



						#
						ParticipantMethod 1Method 2Method 3Method 4Last SubmissionAcceptance Date
1501
Continuum Energy Services, L.L.C., formerly known as, Seminole Energy Services, L.L.C.

September 21, 2015September 21, 2015
1502
Continuum Investment Management, L.P.

April 25, 2013April 25, 2013
1503
Contour Asset Management LLC

October 31, 2013October 31, 2013
1504
Contrarian Capital Management, L.L.C.

November 06, 2012November 06, 2012
1505
Controladora Mabe SA de CV

April 01, 2014April 01, 2014
1506
Controladora Vuela Compañía de Aviación, S.A.P.I. de C.V.

April 30, 2013April 30, 2013
1507
Convergys Corporation

December 10, 2012December 12, 2012
1508
Convex Asia Master Fund Ltd

September 05, 2016September 05, 2016
1509
Convexity Capital Master Fund L.P.

March 28, 2013March 28, 2013
1510
Convexity Capital Trading Limited

March 28, 2013March 28, 2013
1511
CONVICTIONS AM

June 12, 2013June 12, 2013
1512
Cooley Distillery

February 07, 2014February 07, 2014
1513
Cooper Holdings II, S.àr.l.

November 08, 2013November 08, 2013
1514
Cooper Holdings S.à.r.l.

October 09, 2013October 09, 2013
1515
Cooper Industries (Electrical) Inc

May 01, 2015May 01, 2015
1516
Cooper Standard Automotive Canada Limited

September 17, 2012September 17, 2012
1517
Cooper Standard Automotive, Inc

September 17, 2012September 17, 2012
1518
Cooper Tire  & Rubber Company de Mexico Sa de CV

September 28, 2015September 28, 2015
1519
Cooper Tire & Rubber Company

December 06, 2012December 06, 2012
1520
Cooper Tire & Rubber Company Europe Ltd.

August 05, 2013August 05, 2013
1521
Coöperatieve Rabobank U.A.

January 12, 2016January 13, 2016
1522
Cooperativa de Productores de Leche Dos Pinos, RL

October 09, 2015October 12, 2015
1523
Cooperativa Regional de Cafeicultores em Guaxupe Ltda

October 16, 2013October 16, 2013
1524
CooperSurgical Holdings Limited

December 09, 2015December 09, 2015
1525
CooperSurgical, Inc.

December 10, 2012December 10, 2012
1526
CooperVision (UK) Holdings Limited

May 20, 2014May 20, 2014
1527
CooperVision Caribbean Corporation

December 10, 2012December 10, 2012
1528
CooperVision International Holding Company, LP

December 10, 2012December 10, 2012
1529
CooperVision Limited

December 10, 2012December 10, 2012
1530
CooperVision Manufacturing Ltd.

December 10, 2012December 10, 2012
1531
CooperVision, Inc.

December 10, 2012December 10, 2012
1532
Coors Brewing Company

December 13, 2012December 14, 2012
1533
CoorsTek, Inc.

December 05, 2012December 05, 2012
1534
Copano Risk Management, L.P.

October 10, 2012October 10, 2012
1535
Copernico Latin America Strategic Fund

June 05, 2013June 05, 2013
1536
Copernicus Capital Management, LLC

February 21, 2017February 21, 2017
1537
Copia Capital, LLC

September 23, 2013September 23, 2013
1538
Copper Mountain Solar 2, LLC

November 19, 2015November 19, 2015
1539
Copper Mountain Solar 3, LLC

January 10, 2014January 10, 2014
1540
Coram California Development, L.P.

April 25, 2013April 26, 2013
1541
Coram Energy LLC

April 26, 2013April 26, 2013
1542
Corbin Capital Partners, L.P.

October 18, 2012October 18, 2012
1543
Corbin Opportunity Fund, LP

February 08, 2013February 27, 2013
1544
Core Laboratories (U.S.) Interests Holdings, Inc

September 15, 2014September 16, 2014
1545
CoreCommodity Management, LLC

December 04, 2012December 04, 2012
1546
CORELOGIC, INC

June 03, 2013June 03, 2013
1547
coremet trading inc

January 16, 2014January 16, 2014
1548
CoreSite, L.P. By: CoreSite Realty Corporation

February 05, 2014February 05, 2014
1549
Corix Utilities (Oklahoma) Inc.

May 02, 2013May 02, 2013
1550
Corn Products (Thailand) Co. Ltd.

March 19, 2014March 19, 2014
1551
Corn Products Development, Inc.

April 09, 2013April 09, 2013
1552
Cornell University

June 25, 2013June 25, 2013
1553
Cornerstone Advisors Public Alternatives Fund

July 03, 2014July 03, 2014
1554
cornerstone capital management holdings llc

January 02, 2014January 02, 2014
1555
Cornerstone Chemical Company

April 29, 2013April 29, 2013
1556
Cornerstone Gas, L.L.C.

October 28, 2016October 28, 2016
1557
Cornerstone Real Estate Advisers LLC

July 26, 2013July 26, 2013
1558
Corning Display Technologies Taiwan Co. Ltd

December 07, 2012December 07, 2012
1559
Corning Hungary Data Services Kft.

December 07, 2012December 07, 2012
1560
Corning Incorporated

December 07, 2012December 07, 2012
1561
Corning International Corporation

December 07, 2012December 07, 2012
1562
Corning Luxembourg Sarl

January 02, 2014January 02, 2014
1563
Cornwall (Luxembourg) Sarl

February 26, 2015February 26, 2015
1564
Cornwall Capital Management LP

April 24, 2013April 25, 2013
1565
Cornwall Holdings, LLC

April 24, 2013April 25, 2013
1566
Corpac Steel Products, Corp.

December 17, 2012December 17, 2012
1567
Corpbanca

January 11, 2016January 13, 2016
1568
Corporación Andina de Fomento

April 02, 2013April 03, 2013
1569
Corporación Financiera Colombiana S.A.

April 30, 2013April 30, 2013
1570
Corporacion Interamericana para el Financiamiento de Infraestructura, S.A. CIFI

September 28, 2015September 28, 2015
1571
CORPORACION LINDLEY S.A.

September 10, 2014September 11, 2014
1572
Corporacion Milenium, S. DE R.L.  DE C.V.

January 13, 2017January 13, 2017
1573
Corporacion Pipasa Sociedad de Responsabilidad Limitada

February 10, 2016February 10, 2016
1574
Corporate Capital Trust Inc.

December 14, 2012December 14, 2012
1575
Corporate Capital Trust, Inc.

April 03, 2017April 03, 2017
1576
Corporate Commercial Bank AD

December 19, 2013December 19, 2013
1577
Corporate Debt Opportunities Fund, LP

November 30, 2012December 03, 2012
1578
Corporate HQ Support Mexico, S. de R.L. de C.V.  

October 15, 2014October 16, 2014
1579
Corporate Office Properties, L.P., By: Corporate Office Properties Trust, its general partner

January 23, 2013January 23, 2013
1580
Corporate Properties of the Americas, LLC

October 04, 2016January 31, 2013
1581
Corporate Properties of the Americas, LP  By: CPA GP, LLC Its: General Partner

July 07, 2016July 07, 2016
1582
Corporation Service Compnay

September 18, 2013September 18, 2013
1583
Corre Partners Management LLC

November 09, 2012November 09, 2012
1584
Corredores Asociados S.A. Comisionista de Bolsa

August 24, 2016April 29, 2013
1585
Correvio LLC (f/k/a Iroko Cardio LLC)

December 12, 2012December 13, 2012
1586
Corrib Capital Management LP

March 24, 2015March 25, 2015
1587
CORRIEGARTH WIND ENERGY LIMITED

September 25, 2015September 28, 2015
1588
Corriente Advisors, LLC

March 17, 2017March 17, 2017
1589
Corriente China Opportunity Master Fund II, L.P.

December 05, 2012December 05, 2012
1590
Corriente China Opportunity Master Fund III, LP

August 25, 2015August 25, 2015
1591
Corriente China Opportunity Master Fund, L.P.

December 05, 2012December 05, 2012
1592
Corriente Master Fund II, LP (Addition of funds)

March 23, 2017March 24, 2017
1593
Corrum Capital Management, LLC

February 13, 2014February 14, 2014
1594
Corsair Capital Management, L.P. 

November 04, 2015November 04, 2015
1595
Corsair IV FSCP AIV II Cayman, L.P.

October 17, 2013October 17, 2013
1596
Corsair IV-B FSCP AIV II Cayman, L.P.

October 17, 2013October 17, 2013
1597
Cortex Global Master Fund, L.P.

April 17, 2013April 17, 2013
1598
Cortland Fibron BX Ltd

December 12, 2012December 12, 2012
1599
Cortland Investors II S.a.r.l.

February 18, 2015February 18, 2015
1600
Corvex Master Fund LP

April 12, 2013April 12, 2013
1601
Corvex Select Equity Master Fund LP

April 27, 2017April 27, 2017
1602
Coslin, Inc.

December 02, 2016December 05, 2016
1603
Cosmetics Issuer Holdings Designated Activity Company

July 06, 2016July 07, 2016
1604
Costar GS GP LLC

April 15, 2013April 15, 2013
1605
Costco Wholesale Corporation

November 25, 2016November 28, 2016
1606
Cotton Hall Asset Management

December 18, 2012December 18, 2012
1607
Coty B.V.

April 15, 2013April 15, 2013
1608
Coty Inc.

April 15, 2013April 15, 2013
1609
Cougar Capital LLC formally known as Cougar Trading, LLC

April 12, 2013April 12, 2013
1610
Counsel Portfolio Services

May 08, 2014May 08, 2014
1611
Counterpoint Mutual Funds, LLC

April 25, 2016April 25, 2016
1612
County of Berks

September 12, 2016September 12, 2016
1613
County of Dauphin

June 28, 2013June 28, 2013
1614
County of Lancaster, Pennsylvania

October 30, 2013October 30, 2013
1615
County of Union, North Carolina

August 09, 2013August 09, 2013
1616
Coupland Cardiff Fund PLC - CC Asia Alpha

September 06, 2013September 06, 2013
1617
Coupland Cardiff Fund PLC - CC Asian Evolution

September 06, 2013September 06, 2013
1618
Coupland Cardiff Fund PLC - CC Japan Alpha

September 06, 2013September 06, 2013
1619
Coupland Cardiff Fund PLC - CC Japan Income and Growth

September 06, 2013September 06, 2013
1620
Coupland Cardiff Funds Plc - CC Asia Focus Fund

September 25, 2015September 28, 2015
1621
Cournot Financial Products LLC

April 30, 2013April 30, 2013
1622
Courtland Partners, Ltd.

September 17, 2015September 17, 2015
1623
Courvoisier SAS

April 23, 2013April 23, 2013
1624
Covalent Partners LLC

December 28, 2012January 02, 2013
1625
Covance Central Laboratory Services SA

April 11, 2013April 11, 2013
1626
Covance Clinical and Periapproval Services Ltd

April 28, 2017April 28, 2017
1627
Covance Inc

November 26, 2012November 26, 2012
1628
Covance International Holdings B.V.

April 12, 2016April 12, 2016
1629
Covance Ltd.

April 28, 2017April 28, 2017
1630
Covance Luxembourg S.a.r.l.

April 13, 2016April 13, 2016
1631
Covance Neon Luxembourg S.a.r.l.

April 13, 2016April 13, 2016
1632
Cove Key Management LP

January 03, 2017January 04, 2017
1633
COVEPOINT EMERGING MARKETS MACRO MASTER FUND LTD

December 03, 2012December 03, 2012
1634
Coveris Holdings SA

March 13, 2014March 13, 2014
1635
Coveris Packaging Australasia Pty Ltd

July 27, 2016July 28, 2016
1636
Covestone Asset Management

July 10, 2013July 10, 2013
1637
Covey Capital Advisors, LLC

April 15, 2013April 16, 2013
1638
Covey Park Energy LLC

December 15, 2016December 15, 2016
1639
Covey Park Gas LLC

March 18, 2016March 21, 2016
1640
Covey Park II LLC

April 19, 2016April 20, 2016
1641
Covidien AG

December 04, 2012December 04, 2012
1642
Covidien Finance GmbH

December 03, 2012December 04, 2012
1643
Covidien Group S.a.r.l.

December 03, 2012December 04, 2012
1644
Covidien Group S.à.r.l., Luxembourg (LU)( Neuhausen am Rheinfall Branch)

December 03, 2012December 04, 2012
1645
Covidien International Finance S.A.

December 03, 2012December 04, 2012
1646
Covidien Japan, Inc.

December 03, 2012December 04, 2012
1647
Covidien LP

December 03, 2012December 03, 2012
1648
Covidien LP

April 29, 2013April 29, 2013
1649
Covidien New Zealand Limited

December 03, 2012December 04, 2012
1650
Covidien Plc.

December 03, 2012December 04, 2012
1651
Covidien Private Limited

December 03, 2012December 04, 2012
1652
Covidien Pty Limited

December 03, 2012December 04, 2012
1653
Covidien Swiss Holdings Gmbh

December 03, 2012December 04, 2012
1654
Covidien VII (Denmark) ApS

December 03, 2012December 04, 2012
1655
Covis Pharma Holdings Sarl

June 26, 2013June 26, 2013
1656
Cowboys Stadium, L.P.

June 24, 2013June 24, 2013
1657
Cowell & Lee Advisors Limited

February 22, 2016February 22, 2016
1658
Cowen Group, Inc.

November 01, 2016November 01, 2016
1659
Cowley Investment S.á r.l.

July 11, 2014July 14, 2014
1660
Cowtan and Tout, Inc.

July 09, 2013July 09, 2013
1661
Cox Communications, Inc.

December 18, 2012December 18, 2012
1662
Cox Enterprises, Inc.

December 18, 2012December 18, 2012
1663
CP International Systems C.V.

July 10, 2015July 10, 2015
1664
CP IV 15 Cliff, LLC

March 17, 2014March 18, 2014
1665
CPA 15 Merger Sub, Inc.

June 20, 2013June 20, 2013
1666
CPA 16 Merger Sub, Inc.

December 26, 2012December 26, 2012
1667
CPA 18 Limited Partnership

October 01, 2013October 01, 2013
1668
CPA: 17 Limited Partnership

December 26, 2012December 26, 2012
1669
CPC DE Manager LLC

May 05, 2017May 08, 2017
1670
CPI - Rainer LV, LLC

March 09, 2015March 09, 2015
1671
CPI Capital Partners Asia Pacific, L.P.

December 04, 2012December 05, 2012
1672
CPI Las Vegas II LLC

March 09, 2015March 09, 2015
1673
CPI Las Vegas III LLC

March 09, 2015March 09, 2015
1674
CPI Las Vegas LLC

March 09, 2015March 09, 2015
1675
CPI NA CMBS LLC

December 04, 2012December 05, 2012
1676
CPI VSC Fort Myers LLC

November 19, 2013November 19, 2013
1677
CPIngredientes, S.A. de C.V.

December 18, 2012December 18, 2012
1678
CPMG, Inc.

November 27, 2012November 27, 2012
1679
CPPIB MAP Cayman SPC – Segregated Portfolio B

April 29, 2016April 29, 2016
1680
CPPIB MAP Cayman SPC- Segregated Portfolio G

April 29, 2016April 29, 2016
1681
CPPIB MAP Cayman SPC-Segregated Portfolio D

April 29, 2016April 29, 2016
1682
CPT Alameda, LLC

October 29, 2015October 30, 2015
1683
CPT Diversified Strategies Limited

November 19, 2015November 19, 2015
1684
CPT Midtown Atlanta Development LLC

October 27, 2015October 27, 2015
1685
CPTX 506 MCNEIL Road, LLC

September 30, 2015September 30, 2015
1686
CPV Fairview, LLC

February 10, 2017February 13, 2017
1687
CPV Keenan II Renewable Energy Company, LLC

December 14, 2012December 14, 2012
1688
CPV Maryland, LLC

July 09, 2014July 09, 2014
1689
CPV Sentinel, LLC

December 14, 2012December 14, 2012
1690
CPV Shore Holdings, LLC

July 09, 2013July 09, 2013
1691
CPV Shore, LLC

July 09, 2013July 09, 2013
1692
CPV Towantic, LLC

February 16, 2016February 17, 2016
1693
CPV Valley Holdings, LLC

June 08, 2015June 09, 2015
1694
CPV Valley, LLC

June 03, 2015June 04, 2015
1695
CQI CAPITAL MANAGEMENT L.P. (formerly known as GMP Investment Management L.P.)

September 12, 2013September 12, 2013
1696
CQS (UK) LLP

April 28, 2016April 28, 2016
1697
CQS ABS Master Fund Limited

October 07, 2013October 07, 2013
1698
CQS ACS Fund, a sub-fund of CQS Global Funds ICAV

June 01, 2017June 02, 2017
1699
CQS Aiguille du Chardonnet MF S.C.A. SICAV-SIF

January 17, 2014January 17, 2014
1700
CQS Asia Master Fund Limited

October 07, 2013October 07, 2013
1701
CQS Convertible and Quantitative Strategies Master Fund Limited

October 07, 2013October 07, 2013
1702
CQS Convertible Investments Fund Limited

October 07, 2013October 07, 2013
1703
CQS Credit Long Short Master Fund Limited

October 07, 2013October 07, 2013
1704
CQS Directional Opportunities Master Fund Limited

October 07, 2013October 07, 2013
1705
CQS EELS Cayman Fund Limited. 

March 24, 2014March 24, 2014
1706
CQS Global Convertible Arbitrage Master Fund Limited

June 12, 2014June 12, 2014
1707
CQS Global Convertible Fund (UCITS), a fund of CQS (Ireland) p.l.c.

February 24, 2015February 25, 2015
1708
CQS Global Convertible Select Master Fund Limited

March 19, 2014March 19, 2014
1709
CQS Global Funds (Ireland) Public Limited Company

October 08, 2013October 08, 2013
1710
CQS Select ABS Master Fund Limited

October 07, 2013October 07, 2013
1711
CR Intrinsic Investments, LLC

December 10, 2012December 11, 2012
1712
CR MAC Cayman Fund

January 27, 2015January 27, 2015
1713
Crabel Capital Management, LLC

December 07, 2012December 07, 2012
1714
Crabel MAC 4 Ltd

December 21, 2012December 21, 2012
1715
Crabel Re Ltd.

December 23, 2014December 23, 2014
1716
Cracker Barrel Old Country Store, Inc.

October 30, 2012October 31, 2012
1717
Craftworks Restaurant & Breweries Group, Inc

July 20, 2015July 20, 2015
1718
Craig A Froelich Revocable Trust

December 09, 2015December 09, 2015
1719
Craig Ranch PT MFA I, L.P.

May 20, 2015May 20, 2015
1720
Cranbrook Educational Community

June 20, 2014June 20, 2014
1721
Crane AB

January 23, 2013January 23, 2013
1722
Crane Co.

April 04, 2013April 04, 2013
1723
Crawford & Company

April 30, 2013April 30, 2013
1724
CRC Funding LLC

May 28, 2013May 28, 2013
1725
CRC Health Corporation

April 18, 2014April 21, 2014
1726
CRC Industries, Inc.

February 06, 2013February 06, 2013
1727
CRC Management, LLC

November 30, 2012December 03, 2012
1728
CRC Marketing, Inc.

December 18, 2014December 19, 2014
1729
CRC Reinsurance Limited, by its investment manager Hamblin Watsa Investment Counsel Ltd.

December 13, 2012December 13, 2012
1730
Creation Fund Limited

October 07, 2013October 07, 2013
1731
Creative Artists Agency, LLC

September 16, 2013September 16, 2013
1732
Credicorp Bank, S.A.

February 15, 2013February 21, 2013
1733
Credicorp Capital Colombia S.A.

February 06, 2014February 06, 2014
1734
Credicorp Capital Ltd.

June 22, 2016June 22, 2016
1735
Credicorp Capital S.A. Sociedad Administradora de Fondos

March 11, 2016March 11, 2016
1736
Credicorp Capital Sociedad Agente de Bolsa S.A.

March 09, 2016March 09, 2016
1737
CrediQ SA de CV

November 03, 2016November 04, 2016
1738
Credit Acceptance Funding LLC 2016-1

March 17, 2016March 17, 2016
1739
Credit Agricole Corporate and Investment Bank

September 04, 2012September 05, 2012
1740
Credit Blue Ltd.

October 18, 2012October 18, 2012
1741
Credit du Nord

April 29, 2013April 29, 2013
1742
Credit Europe Bank (Romania) SA

August 14, 2013September 26, 2013
1743
CREDIT INDUSTRIEL ET COMMERCIAL

December 13, 2012December 13, 2012
1744
Credit Suisse (Brasil) Distribuidora de Titulos e Valores Mobiliarios S.A 

November 14, 2014November 14, 2014
1745
Credit Suisse (Switzerland) Ltd.

November 21, 2016November 21, 2016
1746
Credit Suisse AG

April 17, 2013April 17, 2013
1747
Credit Suisse Asset Management, LLC

December 11, 2012December 11, 2012
1748
Credit Suisse Capital LLC

June 24, 2013June 24, 2013
1749
Credit Suisse Energy LLC

April 30, 2013April 30, 2013
1750
Credit Suisse Hedging-Griffo Asset Management Partners Gestão de Recursos S.A.

July 31, 2015August 03, 2015
1751
Credit Suisse Hedging-Griffo Serviços Internacionais S.A.

April 18, 2013April 18, 2013
1752
Credit Suisse International

September 21, 2012September 21, 2012
1753
Credit Suisse Quantitative and Systematic Asset Management Ltd

September 13, 2016September 13, 2016
1754
Credit Suisse Securities (Europe) Limited

June 24, 2013June 24, 2013
1755
Credit Suisse Securities (USA) LLC

May 16, 2016May 16, 2016
1756
Credit Surge Master Fund

February 09, 2015February 09, 2015
1757
Credit the Americas LP

April 04, 2014April 04, 2014
1758
Credit Value Master Fund III, LP

October 13, 2015October 14, 2015
1759
Credit Value Partners Distressed Duration Master Fund, LP

October 13, 2015October 14, 2015
1760
Credit Value Partners, LP

April 17, 2013April 17, 2013
1761
Cree, Inc.

March 04, 2013March 04, 2013
1762
Cregann Finance Ireland Limited

December 22, 2014December 22, 2014
1763
Creighton University

April 05, 2013April 08, 2013
1764
Crescat Global Macro Fund LP

February 25, 2014February 25, 2014
1765
Crescent Capital Group

April 12, 2016April 12, 2016
1766
Crescent Hill Capital Management Pte Ltd

October 08, 2013October 08, 2013
1767
Crescent Mezzanine VII, LLC

January 13, 2016January 14, 2016
1768
Crescent Park Management, L.P.

August 28, 2014August 29, 2014
1769
Crescent Point Energy Corp.

June 23, 2014June 24, 2014
1770
Crescent Point Resources Partnership

April 25, 2013April 25, 2013
1771
Crestline Canada Inc.

April 16, 2013April 16, 2013
1772
Crestline Management, L.P.

April 16, 2013April 16, 2013
1773
Crestline Recovery Fund II, L.P.

December 17, 2012December 18, 2012
1774
Crestone Peak Resources LLC

July 15, 2016July 15, 2016
1775
Crestview SI Holdings, L.P.

October 15, 2013October 15, 2013
1776
Crestwood Capital Management, L.P.

December 26, 2012December 26, 2012
1777
Crew Energy Inc.

March 30, 2016March 31, 2016
1778
CreXus Investment Corp.

December 05, 2012December 05, 2012
1779
CRH America Finance, Inc.

April 20, 2017April 20, 2017
1780
CRH America, Inc.

July 30, 2013July 30, 2013
1781
Cricket Valley Energy Center, LLC

December 01, 2016December 05, 2016
1782
Crimson California Pipeline, LP

April 03, 2013April 03, 2013
1783
Crimson Exploration Inc.

December 07, 2012December 07, 2012
1784
Crimson Gulf, LLC

April 03, 2013April 03, 2013
1785
Crimson Midstream Operating, LLC

June 13, 2017June 14, 2017
1786
Criterion Capital Management LLC

November 29, 2012November 30, 2012
1787
Critica Capital Management Limited

September 13, 2016September 13, 2016
1788
Crius Energy Corporation

June 06, 2013June 06, 2013
1789
Crius Energy Management, LLC

April 18, 2013April 19, 2013
1790
Crius Energy, LLC

April 02, 2013April 02, 2013
1791
CRM Long/Short Opportunities UCITS

December 15, 2015December 16, 2015
1792
CRM Mutual Fund Trust - CRM Long/Short Opportunities Fund

July 05, 2016July 05, 2016
1793
CRO ARC GQM, LLC

February 24, 2017February 24, 2017
1794
CRO ARC Mellon, LLC

February 24, 2017February 24, 2017
1795
CRO ARC P/E, LLC

February 24, 2017February 24, 2017
1796
CRO ARC Welton, LLC

February 24, 2017February 24, 2017
1797
CRO STF ASMSF, LLC

February 24, 2017February 24, 2017
1798
CRO STF Aspect, LLC

February 24, 2017February 24, 2017
1799
CRO STF Campbell, LLC

February 24, 2017February 24, 2017
1800
CRO STF CAT, LLC

February 24, 2017February 24, 2017
1801
CRO TDC RYAN LABS, LLC

February 24, 2017February 24, 2017
1802
Crocs Asia Pte. Ltd.

July 26, 2013July 26, 2013
1803
Crocs Australia Pty. Ltd.

July 26, 2013July 26, 2013
1804
Crocs Canada Inc.

December 18, 2012December 18, 2012
1805
Crocs Europe B.V.

December 20, 2012December 20, 2012
1806
Crocs Japan GK

December 18, 2012December 18, 2012
1807
Crocs New Zealand

July 26, 2013July 26, 2013
1808
Crocs Singapore Pte, Ltd.

July 26, 2013July 26, 2013
1809
Crocs, Inc.

December 18, 2012December 18, 2012
1810
Croft at Melrose Place, LLC

August 19, 2016August 19, 2016
1811
Croll Reynolds Company, Inc.

October 27, 2014October 27, 2014
1812
CropEnergies Inc.

June 14, 2013June 14, 2013
1813
Crosby US Acquisition Corp.

October 21, 2013October 21, 2013
1814
Cross Ocean USD ESS II S.à r.l.

June 16, 2016June 16, 2016
1815
Cross Ocean USSS Fund I (A) LP

December 19, 2016December 19, 2016
1816
Cross Ocean USSS SIF I LP

May 09, 2017May 09, 2017
1817
Crossinvest SA

October 26, 2015October 26, 2015
1818
Crosslink Capital, Inc.

October 21, 2013October 21, 2013
1819
CROSSMARK Holdings, Inc.

September 26, 2013September 26, 2013
1820
Crossover Capital Partners, LLC

October 03, 2016October 03, 2016
1821
Crossover Healthcare Emerging Asia GP, LLC

March 03, 2017March 03, 2017
1822
Crossroads Energy Development, LLC

July 16, 2013July 16, 2013
1823
Crossroads Energy Partners, LLC

July 16, 2013July 16, 2013
1824
Crossroads Westside Apartments, LLC

June 26, 2016June 27, 2016
1825
Crow Creek Energy III L.L.C.

April 16, 2013April 16, 2013
1826
Crow Holdings Capital Investment Partners

January 03, 2017January 03, 2017
1827
Crow Point Partners, LLC

January 22, 2014January 22, 2014
1828
Crowe Horwath LLP

June 13, 2013June 13, 2013
1829
Crown Alternative UCITS plc - LGT Crown Global Equity Alpha UCITS Sub-Fund

November 03, 2016November 03, 2016
1830
Crown Americas LLC

November 13, 2012November 13, 2012
1831
Crown Associates LLC

April 27, 2016April 27, 2016
1832
Crown Castle International Corp.

April 13, 2015April 14, 2015
1833
Crown Cork & Seal USA, Inc.

November 12, 2012November 13, 2012
1834
Crown Embalagens Metálicas da Amazônia S/A

June 16, 2016June 17, 2016
1835
Crown Energy Partners, LLC

April 24, 2013April 24, 2013
1836
Crown Equipment Corporation

December 12, 2012December 12, 2012
1837
Crown European Holdings

July 15, 2015July 15, 2015
1838
Crown Group Finance Limited

January 28, 2013January 30, 2013
1839
Crown Holdings, Inc.

January 16, 2014January 16, 2014
1840
Crown Linen Service, Inc.

June 24, 2013June 24, 2013
1841
Crown Managed Account SPC acting for and on behalf of Crown/Aspect Capital Segregated Portfolio

December 10, 2012December 10, 2012
1842
Crown Managed Accounts SPC - Crown/Guard Segregated Portfolio

December 04, 2015December 04, 2015
1843
Crown Managed Accounts SPC - Crown/Polar Segregated Portfolio

July 20, 2016July 20, 2016
1844
Crown Managed Accounts SPC - Crown/Quant Macro 11 SP

July 26, 2017July 26, 2017
1845
Crown Managed Accounts SPC - Crown/Quant Macro 12 SP

July 26, 2017July 26, 2017
1846
Crown Managed Accounts SPC - Crown/Quant Macro 13 SP

July 26, 2017July 26, 2017
1847
Crown Managed Accounts SPC - Crown/RV Segregated Portfolio

November 03, 2016November 03, 2016
1848
Crown Managed Accounts SPC acting for and on behalf  of Crown/MKP II Segregated Portfolio

March 01, 2016March 01, 2016
1849
Crown Managed Accounts SPC acting for and on behalf of Crown/AAM 2 Segregated Portfolio

February 17, 2016February 18, 2016
1850
Crown Managed Accounts SPC acting for and on behalf of Crown/AAM Segregated Portfolio

February 17, 2016February 18, 2016
1851
Crown Managed Accounts SPC acting for and on behalf of Crown/AllianceBernstein Segregated Portfolio

December 10, 2012December 10, 2012
1852
Crown Managed Accounts SPC acting for and on behalf of Crown/Alphadyne Segregated Portfolio

November 13, 2014November 13, 2014
1853
Crown Managed Accounts SPC acting for and on behalf of Crown/Altalis Segregated Portfolio

August 21, 2015August 21, 2015
1854
Crown Managed Accounts SPC acting for and on behalf of Crown/Arcem Segregated Portfolio

September 29, 2014September 29, 2014
1855
Crown Managed Accounts SPC acting for and on behalf of Crown/Atreaus Segregated Portfolio

December 10, 2012December 10, 2012
1856
Crown Managed Accounts SPC acting for and on behalf of Crown/Capeview Segregated Portfolio

December 10, 2012December 10, 2012
1857
Crown Managed Accounts SPC acting for and on behalf of Crown/Chenavari S1 Segregated Portfolio

December 14, 2012December 14, 2012
1858
Crown Managed Accounts SPC acting for and on behalf of Crown/Chenavari S2 Segregated Portfolio

December 14, 2012December 14, 2012
1859
Crown Managed Accounts SPC acting for and on behalf of Crown/Crabel Segregated Portfolio

February 25, 2014February 25, 2014
1860
Crown Managed Accounts SPC acting for and on behalf of Crown/Eaglevale Segregated Portfolio

December 10, 2012December 10, 2012
1861
Crown Managed Accounts SPC acting for and on behalf of Crown/Eyck Segregated Portfolio

February 06, 2015February 06, 2015
1862
Crown Managed Accounts SPC acting for and on behalf of Crown/FQ II Segregated Portfolio

September 15, 2015September 15, 2015
1863
Crown Managed Accounts SPC acting for and on behalf of Crown/GAM SP

January 12, 2016January 13, 2016
1864
Crown Managed Accounts SPC acting for and on behalf of Crown/GLG Segregated Portfolio

December 10, 2012December 10, 2012
1865
Crown Managed Accounts SPC acting for and on behalf of Crown/GTS IM Segregated Portfolio

March 25, 2015March 26, 2015
1866
Crown Managed Accounts SPC acting for and on behalf of Crown/Helios Segregated Portfolio

October 01, 2015October 01, 2015
1867
Crown Managed Accounts SPC acting for and on behalf of Crown/Koppenberg Segregated Portfolio

December 10, 2012December 10, 2012
1868
Crown Managed Accounts SPC acting for and on behalf of Crown/Latigo Segregated Portfolio

August 09, 2013August 09, 2013
1869
Crown Managed Accounts SPC acting for and on behalf of Crown/Linden Segregated Portfolio

December 14, 2012December 14, 2012
1870
Crown Managed Accounts SPC acting for and on behalf of Crown/Lomas Segregated Portfolio

November 20, 2015November 20, 2015
1871
Crown Managed Accounts SPC acting for and on behalf of Crown/MidOcean Segregated Portfolio

January 27, 2014January 27, 2014
1872
Crown Managed Accounts SPC acting for and on behalf of Crown/Niederhoffer Segregated Portfolio 

February 06, 2015February 06, 2015
1873
Crown Managed Accounts SPC acting for and on behalf of Crown/Passport Segregated Portfolio

June 02, 2014June 02, 2014
1874
Crown Managed Accounts SPC acting for and on behalf of Crown/Potomac River II Segregated Portfolio

July 24, 2014July 24, 2014
1875
Crown Managed Accounts SPC acting for and on behalf of Crown/Potomac River Segregated Portfolio

December 14, 2012December 14, 2012
1876
Crown Managed Accounts SPC acting for and on behalf of Crown/QMS II Segregated Portfolio

March 01, 2016March 01, 2016
1877
Crown Managed Accounts SPC acting for and on behalf of Crown/SaltRock Segregated Portfolio

December 16, 2013December 16, 2013
1878
Crown Managed Accounts SPC acting for and on behalf of Crown/Sandler Segregated Portfolio

December 14, 2012December 14, 2012
1879
Crown Managed Accounts SPC acting for and on behalf of Crown/Seven Locks Segregated Portfolio

July 29, 2015July 29, 2015
1880
Crown Managed Accounts SPC acting for and on behalf of Crown/Taylor Woods SP

May 26, 2016May 26, 2016
1881
Crown Managed Accounts SPC acting for and on behalf of Crown/Trend 21 SP

November 17, 2016November 17, 2016
1882
Crown Managed Accounts SPC acting for and on behalf of Crown/Trend 22 SP

November 17, 2016November 17, 2016
1883
Crown Managed Accounts SPC acting for and on behalf of Crown/Trend 23 SP

November 17, 2016November 17, 2016
1884
Crown Managed Accounts SPC acting for and on behalf of Crown/Trend 25 Segregated Portfolio

April 11, 2017April 11, 2017
1885
Crown Managed Accounts SPC acting for and on behalf of Crown/Tudor II SP

January 12, 2016January 13, 2016
1886
Crown Managed Accounts SPC acting for and on behalf of Crown/Tudor Tensor II Segregated Portfolio

December 14, 2012December 14, 2012
1887
Crown Managed Accounts SPC acting for and on behalf of Crown/Tudor Tensor Segregated Portfolio

December 14, 2012December 14, 2012
1888
Crown Managed Accounts SPC acting for and on behalf of Crown/Tyrian Segregated Portfolio

November 15, 2013November 15, 2013
1889
Crown Managed Accounts SPC acting for and on behalf of Kings Peak SP

July 14, 2016July 14, 2016
1890
Crown Media Holdings, Inc.

April 30, 2013April 30, 2013
1891
Crown Metal Packaging Canada LP

December 17, 2012December 17, 2012
1892
Crown Point Capital Company, LLC

December 13, 2012December 14, 2012
1893
CrownRock, L.P.

September 14, 2012October 02, 2012
1894
CRP/WP ALTA WAVERLY OWNER, L.L.C.

May 03, 2016May 03, 2016
1895
CRP/WP COLLEGE PARK OWNER, L.L.C.

October 16, 2015October 16, 2015
1896
CRT Baymeadows Owner LLC

September 23, 2014September 23, 2014
1897
CRT Capital Group LLC

April 08, 2013April 08, 2013
1898
Crudecorp ASA

April 17, 2013April 17, 2013
1899
CRX Intermodal Bermuda Ltd.

March 31, 2014March 31, 2014
1900
Crystal Financial SPV LLC

July 30, 2013July 30, 2013
1901
CRYSTAL LAKE BANK AND TRUST COMPANY

December 06, 2012December 06, 2012
1902
CS Global Infrastructure Partners S.a.r.l.

August 23, 2013August 23, 2013
1903
CSC Australia Pty Limited

December 18, 2012December 19, 2012
1904
CSC Computer Sciences International Services Ltd

January 15, 2014January 16, 2014
1905
CSC Computer Sciences Ltd.

January 10, 2014January 10, 2014
1906
CSC Computer Sciences Polska Sp. z o.o.

January 23, 2014January 23, 2014
1907
CSC Computer Sciences s.r.o

January 21, 2014January 21, 2014
1908
CSC Computer Sciences UK Holdings Limited

April 14, 2016April 14, 2016
1909
CSC Covansys Corporation

November 29, 2012November 29, 2012
1910
CSC Holdings, LLC

December 07, 2012December 07, 2012
1911
CSC Information Technology Services Pte Limited

November 13, 2013November 13, 2013
1912
CSC Serviceworks, Inc.

June 13, 2016June 14, 2016
1913
CSC Sugar, LLC

January 02, 2013January 03, 2013
1914
CSC Sugar, LLC

April 18, 2013April 18, 2013
1915
CSC Switzerland GmbH

January 13, 2014January 13, 2014
1916
CSC T Holdings III, Inc.

June 15, 2016June 15, 2016
1917
CSCC LLC

April 30, 2013April 30, 2013
1918
CSCC Trade, LLC

February 18, 2016February 18, 2016
1919
CSCP Credit Acquisition Holdings Luxco S.a r.l.

October 25, 2013October 25, 2013
1920
CSCP II Acquisition Luxco S.a r.l.

October 25, 2013October 25, 2013
1921
CSI CLOSURE SYSTEMS MFG DE CA SRL

July 12, 2013July 12, 2013
1922
CSJ CAPITAL PARTNERS LLP

May 03, 2013May 03, 2013
1923
CSL Capital Management, LLC

September 11, 2013September 11, 2013
1924
CSL International C.V.

April 25, 2013April 25, 2013
1925
CSL Manufacturing C.V.

April 25, 2013April 25, 2013
1926
CSM Bakery Solutions LLC

November 05, 2014November 05, 2014
1927
CSM Holdings Co., Ltd.

June 19, 2014June 19, 2014
1928
CSOLAR IV West, LLC

May 16, 2014May 16, 2014
1929
CSP Operating Partnership, LP

July 23, 2013July 23, 2013
1930
CSRA

December 04, 2015December 04, 2015
1931
CSSAF MBBM Holdings

December 03, 2014December 03, 2014
1932
CSV Limited

June 18, 2013June 18, 2013
1933
CSX Corporation

April 26, 2013April 26, 2013
1934
CTC Alternative Strategies, Ltd.

February 28, 2013February 28, 2013
1935
CTC Investments, L.L.C.

April 25, 2013April 25, 2013
1936
CTI Foods Holding, LLC

September 13, 2013September 13, 2013
1937
CUBESMART, L.P.

January 21, 2015January 21, 2015
1938
Cubic Asset, LLC

September 20, 2013September 23, 2013
1939
Cubic Corporation

October 18, 2012October 23, 2012
1940
Cubic Defense Applications, Inc.

November 29, 2012November 30, 2012
1941
Cubic Energy, Inc.

August 06, 2013August 06, 2013
1942
Cubic Global Defense, Inc.

March 14, 2016March 15, 2016
1943
Cubic Louisiana, LLC

September 20, 2013September 23, 2013
1944
Cubic Transportation Systems (Australia) PTY Limited

November 29, 2012November 30, 2012
1945
Cubic Transportation Systems (ITMS) Limited

September 22, 2014September 22, 2014
1946
Cubic Transportation Systems, Inc.

November 29, 2012November 30, 2012
1947
Cubic Transportation Systems, Limited

November 29, 2012November 30, 2012
1948
Cubist Core Investments, L.P. f/k/a S.A.C. MultiQuant Fund, L.P. f/k/a S.A.C. MultiQuant Fund, LLC

June 06, 2014June 06, 2014
1949
Cubist International Investments, Ltd.

July 29, 2015July 29, 2015
1950
Cubist Pharmaceuticals, Inc.

June 09, 2014June 09, 2014
1951
Cubist Strategic Investments, LLC f/k/a S.A.C. Meridian Fund, LLC

June 06, 2014June 06, 2014
1952
Cubist Systematic Investments II, L.P.

May 28, 2015May 29, 2015
1953
Cubist Systematic Investments, LLC f/k/a S.A.C. Velocity Fund, LLC

June 06, 2014June 06, 2014
1954
Cucina (BC) Luxco

March 21, 2016March 21, 2016
1955
Culver Duck Farms, Inc.

September 26, 2012September 26, 2012
1956
Cumberland Residential LLC

July 29, 2016July 29, 2016
1957
CUMIS Insurance Society, Inc.

November 02, 2012November 02, 2012
1958
CUMIS Vermont, Inc.

November 02, 2012November 02, 2012
1959
Cummins Eastern Canada LP

October 22, 2014October 22, 2014
1960
Cummins Filtration International Corp.

October 22, 2014October 22, 2014
1961
Cummins Generator Technologies Limited

May 17, 2015May 19, 2015
1962
Cummins Generator Technologies Romania SA

December 09, 2015December 09, 2015
1963
Cummins Inc

November 16, 2012November 19, 2012
1964
Cummins Ltd.

May 17, 2015May 19, 2015
1965
Cummins Power Generation Limited

April 11, 2015April 14, 2015
1966
Cummins South Pacific Pty. Ltd.

October 22, 2014October 22, 2014
1967
Cummins Western Canada Limited Partnership

October 22, 2014October 22, 2014
1968
Cunningham Lindsey US, Inc.

June 10, 2013June 10, 2013
1969
curamik electronics GmbH

April 17, 2013April 17, 2013
1970
Currency Exchange International, Corp

June 28, 2016June 28, 2016
1971
Curtiss-Wright Corporation

December 07, 2012December 07, 2012
1972
Curves International, Inc.

December 11, 2012December 11, 2012
1973
Cushing MLP Asset Management, LP

January 08, 2014January 08, 2014
1974
Cushman & Wakefield, Inc.

January 11, 2013January 11, 2013
1975
Custom House (USA) Ltd.

December 18, 2012December 19, 2012
1976
Custom House Financial (UK) Limited

November 16, 2015November 16, 2015
1977
Custom House ULC

December 18, 2012December 19, 2012
1978
Custom Sensors & Technologies US LLC

November 19, 2014November 19, 2014
1979
Customers Bank

April 22, 2013April 22, 2013
1980
CV Portfolio West Cambridge LLC

November 26, 2013November 27, 2013
1981
CVC Credit Partners, LLC

May 29, 2013May 29, 2013
1982
CVC Credit Partners, LLC

April 10, 2014April 10, 2014
1983
CVF Lux Securities Trading S.a.r.l.

December 17, 2012December 17, 2012
1984
CVI AA Lux Securities S.a.r.l.

February 27, 2014February 28, 2014
1985
CVI Aergo Acquistitions 1 Limited

December 18, 2014December 19, 2014
1986
CVI AV Lux Securities S.a.r.l.

December 02, 2016December 05, 2016
1987
CVI CDF Master Fund LP

May 09, 2016May 10, 2016
1988
CVI CHVF Lux Securities S.a.r.l.

February 27, 2014February 27, 2014
1989
CVI CVF II Lux Securities Trading S.a.r.l.

December 17, 2012December 17, 2012
1990
CVI CVF III Lux Securities S.a.r.l. 

September 16, 2014September 17, 2014
1991
CVI EMCVF Lux Securities Trading S.à r.l.

May 06, 2013May 06, 2013
1992
CVI GVF (Lux) Master S.a.r.l.

December 17, 2012December 17, 2012
1993
CVI HH Investments LP

June 06, 2014June 06, 2014
1994
CVI IOF Master Fund LP

September 29, 2015September 29, 2015
1995
CVI MF Acquisition Trust

February 18, 2015February 18, 2015
1996
CVI MF Grantor Trust I 

February 19, 2015February 19, 2015
1997
CVIC II Lux Securities Trading S.à r.l.

May 06, 2013May 06, 2013
1998
CVIC III Lux Securities S.a.r.l.

January 26, 2015January 27, 2015
1999
CVIC Lux Securities Trading S.a.r.l.

December 17, 2012December 17, 2012
2000
CVP Tactical Credit Master Fund II, LP

July 01, 2015July 02, 2015









<<
<
1
2
3
4
5
>
>>





*
A
B
C
D
E
F
G
H
I
J
K
L
M
N
O
P
Q
R
S
T
U
V
W
X
Y
Z



back to top





Protocol Selection


You have selected to adhere to the "". Click Proceed to continue or
			Back to choose a different protocol.


Back
Proceed










Functional Areas

Legal

Public Policy

Risk Management

Infrastructure Management

Research

Accounting

Protocol Management

Data, Reporting and FpML



Asset Classes

Credit Derivatives/CDS

Equity Derivatives

Interest Rates Derivatives

FX Derivatives

Energy, Commodities

Structured Products and Other



Regions

Asia-Pacific

Canada

CEE, Middle East, Africa

Europe

Japan

Latin America

United States



Committees

Global Policy

Legal

Capital, Risk, Margin and Collateral

Market Infrastructure and Technology (MIT)

Clearing

Data

Trading

ISDA WGMR Implementation Initiative

Determinations Committees



Conferences

Conference Schedule

Accreditation

ISDA On Demand

ISDA AGM

2017 ISDA Regional Conferences



Newsroom

Press Releases

Webcasts / Videos

derivatiViews

media.comment

dailyLead

ISDA In Review

Speeches & Presentations

Media  Contacts



About ISDA

About ISDA

Board of Directors

Executives

Mission Statement

Contact Us









				©2017
				International Swaps and Derivatives Association, Inc. ISDA is a registered trademark of the International Swaps and Derivatives Association, Inc.
Privacy policy








Login


 

Username / Email





Password





Remember me








Forgot password | Create account

Cancel
Log in




Reset Password


 

Username / Email








Log in | Create account

Cancel
Reset Password




Create New Account


 

Business email






Password





Confirm Password







Company *





Title *





Prefix





First Name *





Middle Name





Last Name *





Suffix





Telephone *





Fax







Address *



 



 





City *





Country *





State/Province





Postal Code *








Log in | Forgot password

Cancel
Back
Continue




Activate Account




Activate







Continue to site
Resend
Activate








