




Elgin J-Dek LP - Other Real Estate- Dessler  FormDs.com - SEC filings of fundraisings and investments in hedge funds, private equity firms, startups, and growing companies 











 FormDs.com 





 Newest
 Filter
 Local




 









Elgin J-Dek LP

      Industry: Other Real Estate
      (See others in industry)

Address:



    31100 Solon Road, Suite 9  
    Solon, OH, 44139Phone: 440-248-3722 




Filings



Date
FilingType
Reported Sold
Incremental Cash 
Type
Exemptions
Link to Raw Filing




	2016-12-21


Amended


$7,707,965


$0


Equity Only


06b


SEC link




	2016-09-30


New


$7,707,965


$7,707,965


Equity Only


06b


SEC link






Directors and Executives (Current and Past)



Name
Role



 Reuven Dessler 
 Director, Promoter 


 Joel Goldman 
 Executive, Promoter 


 Elliott Jacobs 
 Executive, Promoter 





















 













 








INCORPORATED · Legal Entity Identifier (LEI)










Toggle navigation





LEISearch




Legal Entity
Local Operating Unit

Country

United States
Germany
Italy
France
United Kingdom
Luxembourg
Canada
Netherlands
Spain
Sweden













Find Legal Entities





Go



















			INCORPORATED · Legal Entity Identifier (LEI) 





LEI




INCORPORATED












INCORPORATED ·   Legal Entity Identifier




Legal Name
Address


 Highland Park Church of the Nazarene, Inc. 

					4777 Lakeland Highlands Road, Lakeland, US-FL 33813, US					


 Signature Bancorp, Inc. 

					4607 West Sylvania Avenue, Toledo, US-OH 43623, US					


 Durham Ranches, Inc. 

					1330 Capital Boulevard, Reno, US-NV 89502, US					


 Syfan Manufacturing, Inc. 

					PO Box 203 1622 Twin Bridges Road, Williamston, US-NC 27825, US					


 First Primary Home Care, Inc. 

					2805 South Expressway 83, Harlingen, US-TX 78550, US					


 UB, INC. 

					PO Box 981194, West Sacramento, US-CA 95798, US					


 Food for Thought Enterprises, Inc. 

					7001 North Ridgeway Avenue, Lincolnwood, US-IL 60712, US					


 The Etica Group Inc. 

					7172 North Keystone Avenue Suite G, Indianapolis, US-IN 46240, US					


 GridGain Systems, Inc. 

					1065 East Hillsdale Boulevard Suite 220, Foster City, US-CA 94404, US					


 Bakkavor Foods USA, Inc. 

					2700 Westinghouse Boulevard, Charlotte, US-NC 28273, US					


 Data Mortgage, Inc. 

					2200 West Orangewood Avenue Suite 150, Orange, US-CA 92868, US					


 Pacific Holdco, Inc. 

					4001 Kennett Pike Suite 302, Wilmington, US-DE 19807, US					


 Quality Liaison Services of North America, Inc. 

					131 Maple Row Boulevard Suite E500, Hendersonville, US-TN 37075, US					


 Mason Farms, Inc. 

					1701 Road F, Bradshaw, US-NE 68319, US					


 A.M.K. Petroleum Enterprises, Inc. 

					801 Yamato Road, Boca Raton, US-FL 33431, US					


 Orphidia, Inc. 

					218 9th Street, San Francisco, US-CA 94103, US					


 Ethan Conrad Properties, Inc. 

					1300 National Drive Suite 100, Sacramento, US-CA 95834-1981, US					


 A & K Energy Conservation, Inc. 

					15552 US Highway 301 North, Dade City, US-FL 33523, US					


 Main Street Natural Gas, Inc 

					104 TownPark Drive Cobb, Kennesaw, US-GA 30144, US					


 Marine Bancorp of Florida, Inc. 

					 571 Beachland Boulevard, Vero Beach, US-FL 32963, US					


 H & K Equipment, Inc. 

					4200 Casteel Drive, Coraopolis, US-PA 15108, US					


 T&B Tube Company, Inc. 

					4000 East 7th Avenue, Gary, US-IN 46403, US					


 Ocean Blue Products, Inc. 

					668 South Alameda Street Suite B, Los Angeles, US-CA 90021, US					


 Universal Aerospace Co., Inc. 

					18640 59th Drive North East, Arlington, US-WA 98223, US					


 T.A. Systems, Inc. 

					1842 Rochester Industrial Drive, Rochester Hills, US-MI 48309, US					


 Sprint Communications, Inc. 

					6200 Sprint Parkway, Overland Park, US-KS 66251, US					


 Liquid Assets Incorporated 

					2230 Palou Avenue, San Francisco, US-CA 94124, US					


 AME for Auto Dealers, Inc. 

					1171 Chicago Road, Troy, US-MI 48083, US					


 Borden Light Marina, Inc. 

					1 Ferry Street, Fall River, US-MA 02721, US					


 Molecular Products Holdings Inc. 

					5425 Wisconsin Avenue Suite 200, Chevy Chase, US-MD 20815, US					


 Wolverine Glass Products, Inc. 

					5801 Clay Avenue South West, Wyoming, US-MI 49548, US					


 IRI Consultants, Inc. 

					3290 West Big Beaver Road Suite 142, Troy, US-MI 48084, US					


 WYF Loma Inc. 

					2412 Loma Avenue, South El Monte, US-CA 91733, US					


 OD Management Strategies, Inc. 

					3290 West Big Beaver Suite 142, Troy, US-MI 48084, US					


 Keene Building Products Co., Inc. 

					5885 Landerbrook Drive Suite 140, Cleveland, US-OH 44124, US					


 E.M. Sergeant Pulp & Chemical Co., Inc. 

					6 Chelsea Road, Clifton, US-NJ 07012, US					


 AES Distributed Energy, Inc. 

					4875 Pearl East Circle Suite 200, Boulder, US-CO 80301, US					


 Peony Asset Management, Inc. 

					9th Floor 3800 Howard Hughes Parkway, Las Vegas, US-NV 89109-0925, US					


 Silver Asset Management, Inc. 

					9th Floor 3800 Howard Hughes Parkway, Las Vegas, US-NV 89109-0925, US					


 3100 Retail Center, Inc. 

					3100 Chimney Rock Road Suite B, Houston, US-TX 77056, US					


 Active Downunder 

					1220 Rosecrans Street Suite 911, San Diego, US-CA 92106, US					


 Silver Creek Feeders, Inc. 

					32665 Beechnut Road, Treynor, US-IA 51575, US					


 Mu Sigma, Inc. 

					3400 Dundee Road Suite 160, Northbrook, US-IL 60062, US					


 Cedar US MergerCo, Inc. 

					2711 North Haskell Avenue Suite 1700, Dallas, US-TX 75204, US					


 Nexus Brands Group, Inc. 

					 315 Cloverleaf Drive Suite K, Baldwin Park, US-CA 91706, US					


 Sigma Labs, Inc 

					3900 Paseo del Sol, Santa Fe, US-NM 87507, US					


 American Soccer Company, Incorporated 

					726 East Anaheim Street Wilmington, Los Angeles, US-CA 90744, US					


 SFI Health USA Holdings Inc. 

					795 Trademark Drive, Reno, US-NV 89521, US					


 Sage Automotive Interiors, Inc 

					3 Research Drive Suite 300, Greenville, US-SC 29607, US					


 First Montana Bank, Inc. 

					201 North Higgins Avenue, Missoula, US-MT 59802, US					


 CDA Technical Institute, Inc 

					91 Trout River Drive, Jacksonville, US-FL 32208, US					


 Mack II Incorporated 

					3421 Dogwood Drive, Hapeville, US-GA 30354, US					


 Retirement Homes of Virginia, Inc. 

					PO Box 249, Warsaw, US-VA 22572, US					


 Bruening Rock Products, Inc. 

					PO Box 127 900 Montgomery Street, Decorah, US-IA 52101, US					


 P.B.M., Inc. 

					1070 Sandy Hill Road, Irwin, US-PA 15642, US					


 St. Ives Country Club Incorporated 

					1 St Ives Country Club Drive, Johns Creek, US-GA 30097, US					


 Hines Global REIT II, Inc. 

					2800 Post Oak Boulevard Suite 5000, Houston, US-TX 77056, US					


 Transmed Foods, Inc 

					401 East Pratt Street Suite 352, Baltimore, US-MD 21202, US					


 ProThera Inc. 

					795 Trademark Drive, Reno, US-NV 89521, US					


 Miller Bison Inc 

					15431 Firth Road, Adams, US-NE 68301, US					


 Rain Forest Lumber Company, Inc. 

					PO Box 361, Lake Oswego, US-OR 97034, US					


 Prado-Millan, Inc. 

					3910 Northdale Boulevard Suite 210, Tampa, US-FL 33624, US					


 SMBC Marine Finance, Inc. 

					277 Park Avenue, New York, US-NY 10172, US					


 Prado Enterprises, Inc. 

					3910 Northdale Boulevard Suite 210, Tampa, US-FL 33624, US					


 Genesis Family Enterprises, Inc. 

					1535 J Street Suite A, Modesto, US-CA 95354, US					


 Anderson Bancshares, Inc. 

					101 North Main Street, Mullins, US-SC 29574, US					


 Blizzard Ventures Inc. 

					 187 East Warm Springs Road Suite B, Las Vegas, US-NV 89119, US					


 TW Equipment Leasing, Inc. 

					9820 Association Court, Indianapolis, US-IN 46280, US					


 JCP2 Enterprises, Inc. 

					3910 Northdale Boulevard Suite 210, Tampa, US-FL 33624, US					


 Collis Craneworks, Inc. 

					100 South Paniplus Drive, Olathe, US-KS 66061, US					


 Prometour Inc 

					1281 University Avenue Suite H, San Diego, US-CA 92103, US					


 EDM USA, Inc. 

					12, rue du Parc-Royal, Paris, FR-75 75003, FR					


 International Seafood Doctor, Inc. 

					4848 Airway Drive, Central Point, US-OR 97502, US					


 ACT, Inc. 

					500 Act Drive, Iowa City, US-IA 52243, US					


 LogMeIn, Inc. 

					320 Summer Street, Boston, US-MA 02110, US					


 Powder-Solutions Group, Inc. 

					1620 Lake Drive West, Chanhassen, US-MN 55317, US					


 Parkland Ambulance Service, Inc. 

					357 Kings Road, Schenectady, US-NY 12304, US					


 Friends of Hebrew Language Academy Charter Schools, Inc. 

					9th Floor 729 7th Avenue, New York, US-NY 10019, US					


 Revcontent Holdings, Inc. 

					5901 North Honore Avenue, Sarasota, US-FL 34243, US					


 Daniel Defense, Inc. 

					101 Warfighter Way Black Creek, Pembroke, US-GA 31308, US					


 Adams Dairy Bancshares, Inc. 

					651 North East Coronado Drive, Blue Springs, US-MO 64014, US					


 OROSUR MINING INC. 

					SUITE 250 - 1075 WEST GEORGIA, VANCOUVER, V6E3C9, CA					


 M. C. Daniel Group, Inc. 

					101 Warfighter Way Black Creek, Pembroke, US-GA 31308, US					


 Roland Park Place, Inc. 

					830 West 40th Street, Baltimore, US-MD 21211-2134, US					


 JSL Foods Inc. 

					3550 Pasadena Avenue, Los Angeles, US-CA 90031, US					


 Service Solutions, Inc. 

					376 Crooked Lane, King of Prussia, US-PA 19406, US					


 Howard Industries, Inc. 

					PO Box 1588, Laurel, US-MS 39441, US					


 Accredo Packaging, Inc. 

					12682 Cardinal Meadow Drive, Sugar Land, US-TX 77478, US					


 Northwest Associates, Inc. 

					5275 West 4th Street, Reno, US-NV 89523, US					


 New Era Converting Machinery, Inc. 

					235 Route 20 North, Paterson, US-NJ 07504, US					


 C.V.P. Community Center, Inc. 

					1601 Forum Place Suite 500, West Palm Beach, US-FL 33401, US					


 Cornerstone Home Lending, Inc. 

					1177 West Loop South Suite 200, Houston, US-TX 77027, US					


 Legend Bancorp, Inc. 

					PO Box 1081 101 West Tarrant Street, Bowie, US-TX 76230, US					


 The Foundation for Lutheran Child and Family Services, Indiana, Inc. 

					1525 North Ritter Avenue, Indianapolis, US-IN 46219, US					


 CFHC Support Organization, Inc. 

					47 5th Street North West, Winter Haven, US-FL 33881, US					


 Wilson Cattle Co., Inc. 

					 PO Box 209 65799 North Powder River Lane, North Powder, US-OR 97867, US					


 Central Florida Health Care, Inc. 

					47 5th Street, North West, Winter Haven, US-FL 33881, US					


 Mega Bridge Inc. 

					Garbary 5, Gdansk, 80327, PL					


 DigitalOcean Holdings, Inc. 

					10th Floor 101 Avenue of the Americas, New York, US-NY 10013, US					


 Seaboard Folding Box Company, Inc. 

					PO Box 650 100 Simplex Drive, Westminster, US-MA 01473, US					
















 cua opco llc 
 folienherstellung dippach 
 amercare intermediate holdings 
 ansell usa inc 
 hewitt bespoke fund aol 
 po box 3-7 2 eireann quay 
 swiss capital alternative strategies funds ii spc regulated 
 baufachmarkt krakow am see 
 folienherstellung chorin 
 folienherstellung fischbeck 
 viale piero e albertopirelli 25milan mi 20126 
 wf state street target 2060 
 russell institutional funds llc - russell high yield bond fund lei 
 181 west madison property llc 
 folienherstellung wertheim 
 holzwerkstoffe katlenburg-lindau 
 rijksweg 81k naarden 
 folienherstellung gollhofen 
 folienherstellung maselheim 
 boulangerie de france erpe-mere 













Elgin Capital Partners II, L.P. - Who is raising money? | SEC filings of fundraisings and investments in hedge funds, startups and private equity companies















Who is raising money?











Elgin Capital Partners II, L.P.  Funding details


Elgin Capital Partners II, L.P. Industry: Oil and GasCIK Number: 0001712361IRS Number: 371860527Address: 1717 RHODE ISLAND AVENUE, N.W. SUITE 700 WASHINGTON 20036Phone number: 2024672072



Latest news
Elgin Capital Partners II, L.P. raised $7,250,000 from 11 investors on 2017-07-24.



Elgin Capital Partners II, L.P. Filings

DateFiling TypeOfferedSoldRemainingMin. investmentInvest. countExemption / Exlusions
2017-07-24New Form D$35,000,000$7,250,000$27,750,000$50,0001106b[SEC Filing]Total offering amount is not less than $5,000,000.00 and not more than $35,000,000.00
Elgin Capital Partners II, L.P. raised $7,250,000 in total.



Directors and Executives of Elgin Capital Partners II, L.P.
Key People in Elgin Capital Partners II, L.P.:

Robert WoodyJames HolladayJoseph Gregory
Similar companiesElgin Assisted Living EB-5 Fund, LLC, Elgin Capital Partners, L.P., Elgin Energy LLC, Elgin J-Dek LP, Elgin Co-Investment, L.P., Elgin Co-Investment, L.P.2








Last visited companies: FREESTONE STRATEGIC OPPORTUNITIES II LP - SERIES A, Fintan Capital Partners L P, Gotham Hedged Value Strategies (US), LLC, GEOBIOTICS LLC, Gateway Fund, L.P.

								© whoisraisingmoney.com
Daily updated news about investment into startups, hedge funds and private equity companies.














 
































Engineered Coated Products Lp, 369 Elgin St Brantford Ontario Canada N3s 7p5 Toronto On Ca | Buyer Report — Panjiva





 












Panjiva

MENU 





Panjiva


Solutions

Buyers
Suppliers
Logistics
Governments
Analysts



Products

Platform
Enterprise
API



Our Data

United States Trade Data
Mexico Trade Data
Brazil Trade Data
Central & South America Data
China Trade Data
Trendspotting
Panjiva Research


Pricing
Search

English


Español 

中文 








Demo Request a Demo 

+1-646-205-0594


Sign in 











Engineered Coated Products Lp
Company profile made by Panjiva 
 Company profile  Buyer company  Canada






        See Engineered Coated Products Lp's products and suppliers
      
Thousands of companies like you use Panjiva to research suppliers and competitors.


Request a Demo

        1 min video
      






Easy access to trade data
 

U.S. Customs records organized by company
18 U.S. shipments available for Engineered Coated Products Lp, updated weekly since 2007




Date
Buyer
Supplier
Details

          41          more fields
        


2011-08-27
See all 18 shipment records for Engineered Coated Products Lp with a Panjiva data plan.Request a DemoorSign Up 

2011-08-25


2011-07-30
Engineered Coated Products Lp
Prosky Ltd.
Ntainers #11748/11785/11814 Flexible Intermediate Bulk Co Fabrics (Man Made Fbrs) Lng Pl
Bill of lading


Shipment data shows what products a company is trading and more.
      Learn more 



Quickly analyze trade relationships




Network view map
Explore trading relationships hidden in US import data.
See all 4 suppliers of Engineered Coated Products Lp
 Learn more about network view 




Top suppliers


Prosky Ltd. No.4 Road North 






Sign up to access 







Sign up to access 







Sign up to access 







4 suppliers available
        


Top products


fabric 





flexible intermediate 





polypropylene fabric 





woven polypropylene fabric 





woven polypropylene 






19 top products available
        





Contact information for Engineered Coated Products Lp


 

Address
369 Elgin St Brantford Ontario Canada N3s 7p5 Toronto On Ca

 



Sign up to access 


 




           
      More contact information 



Sample Bill of Lading
18 shipment records available



Date
2011-08-27


Shipper Name
Prosky Limited  Prosky Limited


Shipper Address
LISHUI ECONOMIC DEVELOPMENT, ZONE,NANJING CHINA, NANJING,CN, CN


Consignee Name
Engineered Coated Products Lp


Consignee Address
369 ELGIN STREET BRANTFORD,, ONTARIO,CANADA N3S 7P5, TORONTO,ON, CA


Notify Party Name
Engineered Coated Products Lp


Notify Party Address
369 ELGIN STREET BRANTFORD,, ONTARIO,CANADA N3S 7P5, TORONTO,ON, CA


Weight
14900


Weight Unit
KG


Weight in KG
14900.0


Quantity
44


Quantity Unit
PCS


Measure
55


Measure Unit
CM


Country of Origin
China


Details
14,900.0 kgFrom port: Shanghai, ChinaTo port: Port of Seattle, Seattle, Washington


Place of Receipt
Shanghai


Foreign Port of Lading
Shanghai, China


U.S. Port of Unlading
Port of Seattle, Seattle, Washington


U.S. Destination Port
Port of Seattle, Seattle, Washington


Commodity
Flexible   Ecmu4378491 Description   Generic Description  11803 Polypropylene Bulk Containers Intermediate From Woven Fabric Hs6305. 3200


Container
ECMU4378491


Carrier Name
CMA-CGM


Vessel Name
CMA CGM DON PASCUALE


Voyage Number
US432


Bill of Lading Number
CMDUNCHN292009


Master Bill of Lading Number
CMDUCNPA643581


Lloyd's Code
9318101


HTS Codes
HTS 5407







 



Buyers of similar products 
fabric buyersflexible buyersflexible intermediate buyersintermediate buyerspolypropylene buyerspolypropylene fabric buyerswoven polypropylene buyers




Suppliers of similar products
fabric manufacturersflexible manufacturersflexible intermediate manufacturersintermediate manufacturerspolypropylene manufacturerspolypropylene fabric manufacturerswoven polypropylene manufacturers




Buyers similar to Engineered Coated Products Lp

Dhl Global ForwardinglForm & Build LondonPanalpina Inc.Scapa North AmericaCbocs Distribution Inc.Fuchs DetroitHorizon Distributors Ltd.







Thousands of companies use Panjiva to research suppliers and competitors

Request a Demo











Solutions
Buyers
Suppliers
Logistics
Governments
Analysts




Products
Platform
Enterprise
API




Data
United States
Mexico
Brazil
Central & South America
China
Panjiva Research
Partners




Company
Leadership Team
Board of Directors
Blog
Press
Contact
Jobs



                20 West 22nd Street, Suite 706New York, NY, 10010 / USA                ‌
+1-888-902-3511
Request a demo











English


Español 

中文 






Terms of Use
Privacy Policy
Sitemap





© 2017 Panjiva, Inc.







Cart (0) 
Continue Browsing
 







 











GMEI Utility ·  11th Floor 570 Washington Boulevard, Jersey City, US-NJ 07310, United States










Toggle navigation





LEISearch




Legal Entity
Local Operating Unit

Country

United States
Germany
Italy
France
United Kingdom
Luxembourg
Canada
Netherlands
Spain
Sweden













Find Legal Entities





Go



















			GMEI Utility EVK05KS7XY1DEII3R011
 11th Floor 570 Washington Boulevard, Jersey City, US-NJ 07310, United States




Local Operating Unit











GMEI Utility is a Local Operating Unit (LOU)
	sponsored by .
	The number of Legal Entity Identifier (LEI) records is 237103 (2017-02-13).
	The Legal Entity Identifier (LEI) is EVK05KS7XY1DEII3R011.
	The address is  11th Floor 570 Washington Boulevard, Jersey City, US-NJ 07310, United States.




GMEI Utility ·  Local Operating Unit




Legal Entity Identifier (LEI)

		EVK05KS7XY1DEII3R011		


Legal Name

		GMEI Utility		


Sponsor Country
 ()


Headquarters Address
 11th Floor 570 Washington Boulevard, Jersey City, US-NJ 07310, United States


Record Count

		237103		


ContentDate

		2017-02-13		


Last Attempted Download Date

		2017-02-13		


Last Successful Download Date

		2017-02-13		


Last Valid Download Date

		2017-02-13		









				570 Washington Blvd, Jersey City, NJ 07310, USA			








street_number: 
			570			
route: 
			Washington Boulevard (Washington Blvd) 			
neighborhood, political: 
			The Waterfront			
locality, political: 
			Jersey City			
admin_level_2, political: 
			Hudson County			
admin_level_1, political: 
			New Jersey (NJ) 			
country, political: 
			United States (US) 			
postal_code: 
			07310			
postal_code_suffix: 
			1617			
 types : street_address			
 latitude: 40.7289032
 longitude: -74.0341959
 latlng: (40.7289032, -74.0341959)






GMEI Utility · Local Operating Unit




Legal Name
Address


 Empiric Solutions Limited 

					One Old Jewry, London, GB-ENG EC2R 8DN, GB					


 Keystone Clearwater Solutions, LLC 

					34 Northeast Drive, Hershey, US-PA 17033, US					


 The Oaks on the Bay, LLC 

					5801 Ulmerton Road Suite 200, Clearwater, US-FL 33760, US					


 Dauenhauer Acquisition Corporation 

					3416 Robards Court, Louisville, US-KY 40218, US					


 Schroder U.S. Risk-Managed Equity Trust I 

					 1 Freedom Valley Oaks, Upper Providence Township, US-PA 19456, US					


 The Etica Group Inc. 

					7172 North Keystone Avenue Suite G, Indianapolis, US-IN 46240, US					


 Annapurna Games, LLC 

					812 North Robertson Boulevard, West Hollywood, US-CA 90069, US					


 MML Series Investment Fund - MML Moderate Allocation Fund 

					100 Bright Meadow Boulevard, Enfield, US-CT 06082, US					


 657-667 Mission Mezz LLC 

					2711 Centerville Road Suite 400, Wilmington, US-DE 19808, US					


 UB, INC. 

					PO Box 981194, West Sacramento, US-CA 95798, US					


 Arcade Finance Public Limited Company - 2017 262 Life MIP European Quality 1 

					4th Floor Hanover Building Windmill Lane Dublin 2, Dublin, IE-D D02 DH99, IE					


 Regenbogen Holding AG 

					 Werdstrasse 21, Zürich, CH-ZH 8004, CH					


 Vip Gold Series Fund Subsidiary 

					 89 Nexus Way, Camana Bay, KY1-9007, KY					


 Pacifica L 34 LLC 

					1775 Hancock Street Suite 200, San Diego, US-CA 92110, US					


 Fidelity Securities Fund - Fidelity Blue Chip Growth K6 Fund 

					245 Summer Street, Boston, US-MA 02210, US					


 MML Series Investment Fund - MML Fundamental Value Fund 

					100 Bright Meadow Boulevard, Enfield, US-CT 06082, US					


 Jagger's House Limited Partnership 

					5th Floor 10960 Wilshire Boulevard, Los Angeles, US-CA 90024, US					


 Fort Washington Private Equity Investors IX-B, L.P. 

					303 Broadway Suite 1200, Cincinnati, US-OH 45202, US					


 World Mission Society, Church of God A NJ Nonprofit Corporation 

					880 Jackson Avenue, New Windsor, US-NY 12553, US					


 Værdipapirfonden Lokalinvest 

					 Søndergade 3, Randers, DK-82 8900, DK					


 Lord Abbett Investment Trust - Lord Abbett Short Duration Core Bond Fund 

					90 Hudson Street, Jersey City, US-NJ 07302, US					


 The District At Westborough Properties, LLC 

					4509 Pine Tree Circle, Vestavia Hills, US-AL 35243, US					


 VanEck Vectors ETF Trust - VanEck Vectors High Income Infrastructure MLP ETF 

					9th Floor 666 3rd Avenue, New York, US-NY 10017, US					


 William Blair Funds - William Blair Small-Mid Cap Growth Fund 

					222 West Adams Street, Chicago, US-IL 60606, US					


 Signature Bancorp, Inc. 

					4607 West Sylvania Avenue, Toledo, US-OH 43623, US					


 Arcade Finance Public Limited Company - 2017-263 Life MIP Universal Selection 90-6 

					4th Floor Hanover Building Windmill Lane Dublin 2, Dublin, IE-D D02 DH99, IE					


 Scalar Gauge Fund LP 

					1919 McKinney Avenue, Dallas, US-TX 75201, US					


 Twain Mo State LIHTC, LLC 

					1232 Washington Avenue Suite 200, Saint Louis, US-MO 63103, US					


 Landon Holdings, LLC 

					4950 North O'Connor Road Suite 100, Irving, US-TX 75062, US					


 Durham Ranches, Inc. 

					1330 Capital Boulevard, Reno, US-NV 89502, US					


 MML Series Investment Fund - MML Fundamental Growth Fund 

					100 Bright Meadow Boulevard, Enfield, US-CT 06082, US					


 MML Series Investment Fund - MML Focused Equity Fund 

					100 Bright Meadow Boulevard, Enfield, US-CT 06082, US					


 Food for Thought Enterprises, Inc. 

					7001 North Ridgeway Avenue, Lincolnwood, US-IL 60712, US					


 Kotak Funds - India MidCap Fund 

					16, boulevard d'Avranches, Luxembourg, LU-LU L-1160, LU					


 First Primary Home Care, Inc. 

					2805 South Expressway 83, Harlingen, US-TX 78550, US					


 Proventus Invest GmbH 

					Isaraustraße 55, Unterföhring, DE-BY 85774, DE					


 Western Marine Holdings Ltd. 

					1494 Powell Street, Vancouver, CA-BC V5L 5B5, CA					


 Lewis Clark Recycling and Disposal, LLC 

					907 North Jackson Street, Harrisburg, US-IL 62946, US					


 K'NEX Limited Partnership Group 

					2990 Bergey Road, Hatfield, US-PA 19440, US					


 Schwarz Partners II, L.P. 

					3600 Woodview Trace Suite 300, Indianapolis, US-IN 46268, US					


 Spektrumare AB 

					Stationsvägen 25, Åre, SE-Z 830 13, SE					


 Pendragon Fund 

					PO Box 47 150 King Street West Suite 1710, Toronto, CA-ON M5H 1J9, CA					


 Dot Red LLC 

					535 Route 6 & 209, Milford, US-PA 18337, US					


 Fort Washington Private Equity Investors IX-K, L.P. 

					303 Broadway Suite 1200, Cincinnati, US-OH 45202, US					


 Northwest Bank 

					1750 West Front Street Suite 100, Boise, US-ID 83702, US					


 William Blair Funds - William Blair Mid Cap Value Fund 

					222 West Adams Street, Chicago, US-IL 60606, US					


 SPDR UCITS ETF Seeding Account 

					State Street Financial Center 1 Lincoln Street, Boston, US-MA 02111, US					


 Advanced Stabilized Technologies Group AB 

					Isafjordsgatan 32B, Kista, SE-AB 164 40, SE					


 657-667 Mission Property Owner LLC 

					2711 Centerville Road Suite 400, Wilmington, US-DE 19808, US					


 Independent UCITS Platform (Ireland) ICAV - WVS Macro Fund 

					4th Floor One George's Quay Plaza George's Quay, Dublin 2, IE-D D02 E440, IE					


 Briox AB 

					Framtidsvägen 12, Växjö, SE-G 352 57, SE					


 MML Series Investment Fund - MML Small/Mid Cap Value Fund 

					100 Bright Meadow Boulevard, Enfield, US-CT 06082, US					


 Sparinvest - Long Danish Bonds 

					2, place de Metz, Luxembourg, LU-LU L-1930, LU					


 Russell Investments ESG Global Equity Fund 

					First Canadian Place 100 King Street West Suite 5900, Toronto, CA-ON M5X 1E4, CA					


 Fort Washington Private Equity Investors IX, L.P. 

					303 Broadway Suite 1200, Cincinnati, US-OH 45202, US					


 JAM Development II, LLC 

					12550 Lake Station Place, Louisville, US-KY 40299, US					


 Development Transformations LLC 

					1518 K Street North West, Washington, US-DC 20005, US					


 Dodge & Cox Funds 

					 40th Floor 555 California Street, San Francisco, US-CA 94104, US					


 Værdipapirfonden Sparinvest 

					 Søndergade 1, Randers, DK-82 8900, DK					


 Transiro Int. AB 

					Karlavägen 40, Stockholm, SE-AB 114 49, SE					


 Summer Wood WA, LLC 

					200 Crescent Court Suite 440, Dallas, US-TX 75201, US					


 James P. and Rosaleen C. Kelly Trust 

					 54 Hacienda Circle, Orinda, US-CA 94563, US					


 Pacific (BC) Hedgeco Limited 

					 11th Floor 200 Aldersgate Street, London, GB-ENG EC1A 4HD, GB					


 Lyxor Index Fund - Lyxor $ Floating Rate Note UCITS ETF 

					 17 Cours Valmy, Puteaux, FR-92 92800, FR					


 Bakkavor Foods USA, Inc. 

					2700 Westinghouse Boulevard, Charlotte, US-NC 28273, US					


 7001 Ridgeway, LLC 

					7001 North Ridgeway, Lincolnwood, US-IL 60712, US					


 Jordan Valley Station Holdings, II, LLC 

					2121 South McClelland Drive Suite 303, Salt Lake City, US-UT 84106, US					


 Allied Realty Co. 

					20 26th Street, Huntington, US-WV 25703, US					


 Highland Park Church of the Nazarene, Inc. 

					4777 Lakeland Highlands Road, Lakeland, US-FL 33813, US					


 MML Series Investment Fund - MML Large Cap Growth Fund 

					100 Bright Meadow Boulevard, Enfield, US-CT 06082, US					


 MML Series Investment Fund - MML Equity Index Fund 

					100 Bright Meadow Boulevard, Enfield, US-CT 06082, US					


 228 Andover Street, LLC 

					228 Andover street, Wilmington, US-MA 01887, US					


 Dublin Corporate Center Owner LLC 

					2800 Post Oak Boulevard Suite 4800, Houston, US-TX 77056, US					


 VanEck VIP Trust - VanEck VIP Long/Short Equity Index Fund 

					666 Third Avenue, New York, US-NY 10017, US					


 SSgA SPDR ETFs Europe I Public Limited Company - SPDR Barclays 1-3 Year Euro Government Bond UCITS ETF 

					State Street Financial Center 1 Lincoln Street, Boston, US-MA 02111, US					


 Syfan Manufacturing, Inc. 

					PO Box 203 1622 Twin Bridges Road, Williamston, US-NC 27825, US					


 BREDS III SD Subsidiary NQ L.P. 

					 190 Elgin Avenue, George Town, KY1-9005, KY					


 Russell Investments Multi-Factor International Equity Pool 

					1 First Canadian Place 100 King Street West Suite 5900, Toronto, CA-ON M5X 1E4, CA					


 Vitol Panama S.A. 

					11th Floor 2925 Richmond Avenue, Houston, US-TX 77098, US					


 Tapolo Invest OÜ 

					Osmussaare tee 10, Tallinn, EE-37 13619, EE					


 Real Holding i Sverige AB (publ) 

					Nybrogatan 16, Stockholm, SE-AB 114 39, SE					


 William Blair Funds - William Blair Small-Mid Cap Value Fund 

					222 West Adams Street, Chicago, US-IL 60606, US					


 Empire Mining Co., LLC 

					5080 Cameron Street, Las Vegas, US-NV 89118, US					


 First Trust Global Funds Public Limited Company- First Trust US Small Cap Core AlphaDEX UCITS ETF 

					 8 Angel Court, London, GB-ENG EC2R 7HJ, GB					


 Never No AS 

					Storgata 32, Oslo, NO-03 0184, NO					


 Agrototal - Produtos Agroquímicos S.A. 

					Rua dos Navegantes, nº 48 R/C Esqº, Lisbon, PT-11 1200-732, PT					


 LifeAssays AB (publ) 

					Sölvegatan 43A, Lund, SE-M 223 70, SE					


 BIF II Safe Harbor Holdings III LLC 

					75 State Street Suite 2701, Boston, US-MA 02109, US					


 Coronation Global Investment Strategies SPC Ltd 

					2nd Floor Coast Buildings Wickhams Cay II, Road Town, VG1110, VG					


 Controlfida UCITS Funds Public Limited Company - Controlfida Evolution UCITS Fund 

					George's Court 54-62 Townsend Street, Dublin, IE-D D02 R156, IE					


 Kotak Funds - India Growth Fund 

					16, boulevard d'Avranches, Luxembourg, LU-LU L-1160, LU					


 Jackson Heights Capital, LLC 

					14 Skillman Street, Roslyn, US-NY 11576, US					


 Carle Place Leasehold SPE, LLC 

					4333 Edgewood Road North East, Cedar Rapids, US-IA 52499, US					


 Front Street - Frederick, LLC 

					PO Box 1066, Lexington, US-NC 27293, US					


 Synca Marketing Inc. 

					337 Rue Marion, Repentigny, CA-QC J5Z 4W8, CA					


 Jordan Valley Station V, LLC 

					2121 South McClelland Street Suite 303, Salt Lake City, US-UT 84106, US					


 Data Mortgage, Inc. 

					2200 West Orangewood Avenue Suite 150, Orange, US-CA 92868, US					


 Sparinvest - Global Convertible Bonds 

					2, place de Metz, Luxembourg, LU-LU L-1930, LU					


 Fondation de Prévoyance en Faveur du Personnel du Groupe la Tour 

					 Avenue Jacob-Daniel Maillard 3, Meyrin, CH-GE 1217, CH					


 MP Acquisition Holdings, Ltd 

					5 New Street Square, London, GB-ENG EC4A 3TW, GB					



















 gmei utility 
 rohrsanierung boitze 
 baufachmarkt boitze 
 830 third avenue 3rd floor new york new york 10022 
 gmeiutility.org/attachments/ 
 clarient global 570 washington blvd jersey city nj 07310 
 cua opco llc 
 folienherstellung dippach 
 amercare intermediate holdings 
 ansell usa inc 
 hewitt bespoke fund aol 
 po box 3-7 2 eireann quay 
 swiss capital alternative strategies funds ii spc regulated 
 baufachmarkt krakow am see 
 folienherstellung chorin 
 folienherstellung fischbeck 
 viale piero e albertopirelli 25milan mi 20126 
 wf state street target 2060 
 russell institutional funds llc - russell high yield bond fund lei 
 181 west madison property llc 
 folienherstellung wertheim 
 holzwerkstoffe katlenburg-lindau 
 rijksweg 81k naarden 
 folienherstellung gollhofen 
 folienherstellung maselheim 
 boulangerie de france erpe-mere 

















Cequent Consumer Products, Inc. · 29000 Aurora Road Suite 2, Solon, Ohio 44139, United States · 5493007TC2S7TPY12314










Toggle navigation





LEISearch




Legal Entity
Local Operating Unit

Country

United States
Germany
Italy
France
United Kingdom
Luxembourg
Canada
Netherlands
Spain
Sweden













Find Legal Entities





Go



















			Cequent Consumer Products, Inc. 5493007TC2S7TPY12314
29000 Aurora Road Suite 2, Solon, Ohio 44139, United States




LEI




United States




US-OH




44139




GMEI Utility




INCORPORATED











Cequent Consumer Products, Inc. is a legal entity in 
		United States.
	The Legal Entity Identifier (LEI) is 5493007TC2S7TPY12314.
	The LEI is issued by the Local Operating Unit (LOU) GMEI Utility.
	The headquarters address is 29000 Aurora Road Suite 2, Solon, Ohio 44139, United States.
		The region is US-OH.
			The postal code is 44139.
		The initial registration date is 2015-09-17.




Cequent Consumer Products, Inc. · 29000 Aurora Road Suite 2




Legal Entity Identifier (LEI)

		5493007TC2S7TPY12314		


Legal Name

			Cequent Consumer Products, Inc. 


Legal Address

			C/O CSC-Lawyers Incorporating Service50 West Broad StreetSuite 1800Columbus Region:

					US-OH (US-OH)
		

Country:

					United States (US)
		

Postal Code:

			43215		




Headquarters Address

			29000 Aurora RoadSuite 2Solon Region:

					US-OH (US-OH)
		

Country:

					United States (US)
		

Postal Code:

			44139		




Legal Jurisdiction

United States (US)



Legal Form


					INCORPORATED				



Entity Status

		ACTIVE		


Managing Local Operating Unit (LOU)


					GMEI Utility (EVK05KS7XY1DEII3R011)
				








LEI Registration  · 5493007TC2S7TPY12314 · Cequent Consumer Products, Inc.




Legal Name

		Cequent Consumer Products, Inc.		


Initial Registration Date

		2015-09-17T02:30:34.078Z		


Last Update Date

		2016-07-26T01:52:08.976Z		


Registration Status

		ISSUED		


Next Renewal Date

		2017-07-17T23:56:51.977Z		


Validation Sources

		FULLY_CORROBORATED		


Managing Local Operating Unit (LOU)


						GMEI Utility (EVK05KS7XY1DEII3R011)
					










				29000 Aurora Rd #2, Solon, OH 44139, USA			








subpremise: 
			2			
street_number: 
			29000			
route: 
			Aurora Road (Aurora Rd) 			
locality, political: 
			Solon			
admin_level_2, political: 
			Cuyahoga County			
admin_level_1, political: 
			Ohio (OH) 			
country, political: 
			United States (US) 			
postal_code: 
			44139			
postal_code_suffix: 
			7202			
 types : subpremise			
 latitude: 41.398325
 longitude: -81.4731748
 latlng: (41.398325, -81.4731748)






44139 ·   Legal Entity Identifier




Legal Name
Address


 Volunteer Metal Systems LLC 

					6810 Cochran Road, Solon, US-OH 44139, US					


 Brennan Industries, Inc. 

					6701 Cochran Road, Solon, US-OH 44139, US					


 Allegro Effecten AG 

					Hohe Str 135, Dortmund, DE-NW 44139, DE					


 Winncom Technologies Corp. 

					28900 Fountain Parkway Unit B, Solon, US-OH 44139, US					


 R. L. Morrissey & Associates, Inc. 

					30450 Bruce Industrial Parkway, Solon, US-OH 44139, US					


 J.P.S. Properties Diversified, Inc. 

					34300 Solon Road, Solon, US-OH 44139, US					


 30500 Carter Street, Inc. 

					30500 Carter Street, Solon, US-OH 44139, US					


 BGC LLC 

					30305 Solon Road, Solon, US-OH 44139, US					


 ELGIN J-DEK LP 

					31100 Solon Rd, Solon, US-OH 44139, US					


 Mont Granite Real Properties, Ltd. 

					6130 Cochran Road, Solon, US-OH 44139, US					


 Northeast Industrial Properties Ltd. 

					31000 Aurora Road, Solon, US-OH 44139, US					


 TYPRO Ltd. 

					31000 Aurora Road, Solon, US-OH 44139, US					


 Kanan Realty, L.L.C. 

					31900 Solon Road, Solon, US-OH 44139, US					


 Kanan Enterprises, Inc. 

					31900 Solon Road, Solon, US-OH 44139, US					


 MRI Software LLC 

					28925 Fountain Parkway, Solon, US-OH 44139, US					


 Landerhaven I LLC 

					32000 Solon Road, Solon, US-OH 44139, US					


 Mustard Seed Partners, Inc. 

					6025 Kruse Drive Suite 100, Solon, US-OH 44139, US					


 SIGNAL IDUNA Sterbekasse VVaG 

					Joseph-Scherer-StraĂe 3, Dortmund, 44139, DE					


 Cleveland Business Park Ltd. 

					30000 Aurora Road, Solon, US-OH 44139, US					


 Cequent Consumer Products, Inc. 

					29000 Aurora Road Suite 2, Solon, US-OH 44139, US					






















 cua opco llc 
 folienherstellung dippach 
 amercare intermediate holdings 
 ansell usa inc 
 hewitt bespoke fund aol 
 po box 3-7 2 eireann quay 
 swiss capital alternative strategies funds ii spc regulated 
 baufachmarkt krakow am see 
 folienherstellung chorin 
 folienherstellung fischbeck 
 viale piero e albertopirelli 25milan mi 20126 
 wf state street target 2060 
 russell institutional funds llc - russell high yield bond fund lei 
 181 west madison property llc 
 folienherstellung wertheim 
 holzwerkstoffe katlenburg-lindau 
 rijksweg 81k naarden 
 folienherstellung gollhofen 
 folienherstellung maselheim 
 boulangerie de france erpe-mere 














Microsoft personalized ad preferences




 













To opt out of personalized ads in this browser, your browser history must allow first-party and third-party cookies and you must have your browsing experience set to NOT delete browsing history on exit. Instructions for enabling cookies and configuring your browsing history may be available in your browsers settings, privacy, or help documentation.

















Sign in
















  Hold on… We’re sorry but this didn’t work.                  You can’t turn off personalized ads right now because your browser is currently blocking third-party cookies. We can help you fix this issue.                Let’s get started:  Depending on what browser you use, open Options or Settings.                  Make sure that third-party cookies are not blocked anymore. To find out how, search your browser’s Help.                                 Revisit http://choice.microsoft.com/opt-out, and then on the “Personalized ads in this browser” tile, click Off.                 ext74081 




  About Our Ads To create a more customized online experience, some of the ads you may receive on Microsoft websites and apps are tailored to your previous activities, searches and site visits. You're in control and here's where you can make the advertising choice that's right for you. ext74075 




  Where Can I Learn More about Advertising on Microsoft Websites and Apps? Microsoft partners with Oath, AppNexus and other third party service providers to help present customized content and display advertisements on MSN, Outlook.com and other websites and apps. Microsoft also delivers search ads to Bing and our search syndication partners. Learn more about Microsoft’s privacy practices here. You can learn more about interest-based ads from Oath and AppNexus in their privacy statements: Oath and AppNexus. What Choices Do I Have About Interest-Based Advertising? On this page, you can opt out of receiving interest based advertising from Microsoft. You can also opt out of receiving interest-based advertising from all self-regulatory members, including Microsoft, Oath, AppNexus and other third party ad networks, at the following sites:  In the US: Digital Advertising Alliance (DAA) In Europe: European Interactive Digital Advertising Alliance (EDAA) In Canada: Ad Choices: Digital Advertising Alliance of Canada (DAAC)  You can control interest-based advertising in Windows apps by turning off the advertising ID in Windows Settings.  More choices  Do you want personalized ads from other companies?  Questions? If you have a privacy question or a question for the Chief Privacy Officer of Microsoft, please contact us by using our web form. We will respond to questions within 30 days. ext74076 




       Personalized ads in this browser     OFF    Opt-out is currently unavailable, please try again later.  Control the "personalized ads" setting for this web browser.  Learn more           If you want Microsoft to show ads that might be relevant to you, click On. To show “generic” ads, click Off.          ext74078 




       Personalized ads wherever I use my Microsoft account     OFF   Sign in to change...    Opt-out is currently unavailable, please try again later.  Control the "personalized ads" setting that applies when you are signed in on any computer or device with your Microsoft account, including Windows, Windows phone, Xbox and other devices.  Learn more                    If you want Microsoft to show ads that might be relevant to you, click On. To show “generic” ads, click Off.         If you choose “generic” ads and use a browser, your choice applies to everyone when using that browser as long as you do not clear your cookies.          ext74079 




       Personalized ads in Windows         In your Windows Settings, you can turn off personalized ads that appear in apps on this device. You’ll still see ads, but they won’t be personalized anymore.     If you have Windows 8.1:            Access the charms by touching or moving your pointer to the right edge of the screen.                 Click or tap Settings, and then click or tap Change PC Settings.                 Click or tap Privacy, and then turn off Let apps use my advertising ID for experiences across apps.          If you have Windows 10:            Click or tap the Start button.                 Click or tap Settings.                 Click or tap Privacy, and then turn off Let apps use my advertising ID for experiences across apps.          If you have a Windows mobile device:            Go to Settings.                 Tap on Privacy.                 Tap on Advertising ID, and then turn off Let apps use my advertising ID for experiences across apps.                If you want to turn off personalized ads from Microsoft wherever you use your Microsoft account including apps on Windows, Windows Phone, Xbox and other devices, you can do so by selecting the Microsoft account option above.    ext74080 














Legal
Privacy & Cookies
© 2017 Microsoft










ASM Assembly Systems - DEK Home - ASM Assembly Systems GmbH & Co. KG





ContactASM ForumComponent SupportTraining PortalLicense ManagementDownloadsSIPLACE Demo BoardFeeder Label Tool


Login | Register






























HomeSitemapImprint













HomeASM Pacific Technology HomeSMT Solutions HomeSIPLACE HomeASM Career HomeBack End Systems HomeAlternative EnergyNews CenterNewsNewsletterWhite PaperPressShows & EventsProductsPrinter PlatformsProductivity ToolsProcess Support ProductsService & SupportPlacement SystemsWorkflowsPlanningNPI / Ramp UpProductionOptimizationCompanyASM Pacific TechnologySMT Solutions SegmentSmart #1 SMT FactorySMT Center of CompetenceManagementOrganizationCareerTechnology PartnersSuppliersEnvironmentASM AcademyTechnologyIndustry 4.0AutomationProcess IntegrationMaterial Logistics0201 metricContactService HotlineSales & Expert FinderDirections








DeutschEnglish














DEK SMT


Our innovative printing solutions



ASM SMT Solutions
Always the right SMT solution for your electronics production.

Technologically leading hardware platforms for a wide range of production concepts, thereby setting the standards for performance, precision, reliability and efficiency.


State-of-the-art software supporting your central SMT production processes and set you a step ahead of the competition.


Services which we adapt to your specific needs.

Find out how ASM SMT Solutions makes hardware, software and services interact perfectly to maximize the central workflows in your production. Innovation from a strong, global partner.












DEK NeoHorizon


High Performance Printer



DEK NeoHorizon
The latest generation of our powerful screen printers is customizable for any customer-specific or application-specific requirements








SMT Stencils


High Precision Technology



SMT Stencils
Over 40 years of DEK's stencils process expertise, we have the right stencil solution for your printing process.









Award


Factory of the Year 2016



ASM is the "Factory of the Year" for 2016:
The Product Line Innovation Center in Munich, which functions as the reference plant for ASM plants worldwide, was named "Factory of the Year"
Click here to read the article.








Change is Easy


Center of Competence



Change is Easy Days in the CoC on August 30
Are you converting from another manufacurer's equipment to ASM, or do you plan to upgrade your ASM machine platforms?
This CoC offering makes it easy - with case studies, equipment upgrade and conversion checklists, hands-on workshops, and much more.
 










Smart #1 SMT Factory The future of electronics production Smart #1 SMT Factory 
The future of electronics production 
Don't let Industry 4.0 pass you by. As the industry’s technology leader, we integrate and automate your electronics production and make it moreflexible – step-by-step. 
Smart #1 SMT Factory: Production capabilitiesBest-in-class printing and placement solutions #1 in Production capabilities 
Best-in-class printing and placement solutions 
The prerequisites for smart electronics production – powerful, high-precision DEK printers as well as SIPLACE placement solutions, options, software, and services.
Smart #1 SMT Factory: AutomationAutomation – the path to the smart operator #1 in Automation 
Automation – the path to the smart operator 
Simply more efficient. We automate your electronics production and help your staff operate more efficiently with superior solutions and concepts.
Smart #1 SMT Factory: Process IntegrationIntegrate and optimize complex production processes #1 in Process Integration 
Integrate and optimize complex production processes 
Truly unique. Our solutions streamline and optimize your production processes – quickly and fully automatically.
Smart #1 SMT Factory: Material ManagementPerfectly synchronize your production processes and material flows #1 in Material Management 
Perfectly synchronize your production processes and material flows 
All materials at the right time in the right place. Our solutions for SMT-specific material management make your production more efficient and flexible.







Touchless Placementmore+++ASM at JISSO PROTEC JapanThe Smart #1 SMT Factory on world tourmore+++Tip of the month:Tray teaching made easymore+++Your smart network of experts:The ASM Center of Competencemore+++SIPLACE X-Series S: It’s lonely at the top of the high-end segmentmore+++








© ASM Assembly Systems GmbH & Co.KG 2016 | Privacy Policy | Terms of Use







Highlights & Specials
Smart #1 SMT Factory
Best-in-Class-Equipment
Automation
Process Integration
Material Logistics
0201 metric
Workflow 'Planning'
Workflow 'NPI'
Workflow 'Production'
Workflow 'Optimization'
 
 Products
Printer Platforms
Under Stencil Cleaning
Material
Paste Management
Clamping & Tooling
Transport
General Tools
Software
Stencils & Screens
VectorGuard Stencils
Stencil Technologies
Consumables
Placement SolutionsCompany & News
Company Brochure
Career
Available Jobs
SMT Center of Competence
Management
Organisation
News & Events
Newsletter
SMT Solutions Home
SMT Division
Backend Division
SIPLACE Home
ASM Alternative Energy
ASM Pacific Technology
 Support
Service Hotline
Contact & Expert Search
Directions
License Management
Training Portal
Forum
Picture Database
Downloads (DMS)
 















United States · Postal 44139 · Legal Entity Identifier (LEI)










Toggle navigation





LEISearch




Legal Entity
Local Operating Unit

Country

United States
Germany
Italy
France
United Kingdom
Luxembourg
Canada
Netherlands
Spain
Sweden













Find Legal Entities





Go



















			United States · Postal 44139 · Legal Entity Identifier (LEI) 





LEI




United States




44139











					Postal code 44139 of United States has 51 Legal Entity Identifiers (LEI).
				



US  44139 · Legal Entity Identifier (LEI)




Legal Name
Address


 Stride Tool Inc. 

					 30333 Emerald Valley Parkway, Glenwillow, US-OH 44139, US					


 Greenes Fence Co., Inc. 

					5250 Naiman Parkway Suite B, Solon, US-OH 44139, US					


 National Enterprise Systems, Inc. 

					29125 Solon Road, Solon, US-OH 44139, US					


 R. L. Morrissey & Associates, Inc. 

					30450 Bruce Industrial Parkway, Solon, US-OH 44139, US					


 Cleveland Business Park Flex I, LLC 

					31000 Aurora Road, Solon, US-OH 44139, US					


 Brennan Industries, Inc. 

					6701 Cochran Road, Solon, US-OH 44139, US					


 JOHN P SEDLAK 

					34300 Solon Road, Solon, US-OH 44139, US					


 Valtronic Technologies (USA) Inc. 

					29200 Fountain Parkway, Solon, US-OH 44139, US					


 CardPak Incorporated 

					29601 Solon Road, Solon, US-OH 44139, US					


 SS&G, Inc 

					32125 Solon Road, Solon, US-OH 44139, US					


 Hunter Defense Technologies, Inc. 

					30500 Aurora Road Suite 100, Solon, US-OH 44139, US					


 Glavin Industries, Inc. 

					 33171 North Burr Oak Drive, Solon, US-OH 44139, US					


 Energy Focus, Inc. 

					32000 Aurora Road Suite B, Solon, US-OH 44139, US					


 Kanan Realty, L.L.C. 

					31900 Solon Road, Solon, US-OH 44139, US					


 OMCO Holdings, Inc. 

					30396 Lakeland Boulevard, Wickliffe, US-OH 44139, US					


 Margar II, Ltd. 

					32125 Solon Road, Solon, US-OH 44139, US					


 Volunteer Metal Systems LLC 

					6810 Cochran Road, Solon, US-OH 44139, US					


 Aurora Road Realty Developers Co. 

					31000 Aurora Road, Solon, US-OH 44139, US					


 Garmar Properties Limited Partnership 

					32125 Solon Road, Solon, US-OH 44139, US					


 TYPRO Ltd. 

					31000 Aurora Road, Solon, US-OH 44139, US					


 Mont Granite Real Properties, Ltd. 

					6130 Cochran Road, Solon, US-OH 44139, US					


 The Superior Beverage Group, Ltd. 

					31031 Diamond Parkway, Glenwillow, US-OH 44139, US					


 Cleveland Business Park Ltd. 

					30000 Aurora Road, Solon, US-OH 44139, US					


 Ohio Graphco, Inc. 

					6563 Cochran Road, Solon, US-OH 44139-3901, US					


 Nestlé in the USA Savings Trust 

					 Savings Plan Administration 30003 Bainbridge Road, Solon, US-OH 44139, US					


 Darlington J-DEK LLC 

					31100 Solon Road Suite 9, Solon, US-OH 44139, US					


 Winncom Technologies Corp. 

					28900 Fountain Parkway Unit B, Solon, US-OH 44139, US					


 31500 Solon Associates LLC 

					31000 Aurora Road, Solon, US-OH 44139, US					


 Village of Glenwillow, Ohio 

					29555 Pettibone Road, Glenwillow, US-OH 44139, US					


 30500 Carter Street, Inc. 

					30500 Carter Street, Solon, US-OH 44139, US					


 Advanced Lighting Technologies, Inc. 

					 7905 Cochran Road Suite 300, Glenwillow, US-OH 44139, US					


 Solon Place II, LLC 

					31200 Bainbridge Road, Solon, US-OH 44139, US					


 Mustard Seed Partners, Inc. 

					6025 Kruse Drive Suite 100, Solon, US-OH 44139, US					


 Exact Crane & Equipment Corp. 

					28985 Ambina Drive, Solon, US-OH 44139, US					


 Landerhaven I LLC 

					32000 Solon Road, Solon, US-OH 44139, US					


 Willow Park J-Dek LLC 

					31100 Solon Road Suite 9, Solon, US-OH 44139, US					


 Royalton Plaza Limited Partnership 

					30265 Solon Industrial Parkway, Solon, US-OH 44139, US					


 BGC LLC 

					30305 Solon Road, Solon, US-OH 44139, US					


 Privateer Properties LLC 

					30555 Solon Industrial Parkway, Solon, US-OH 44139, US					


 Pyramyd Air Ltd. 

					5135 Naiman Parkway, Solon, US-OH 44139, US					


 DCA Industrial Properties, Ltd. 

					31000 Aurora Road, Solon, US-OH 44139, US					


 Cequent Consumer Products, Inc. 

					29000 Aurora Road Suite 2, Solon, US-OH 44139, US					


 ERPEL Enterprises, LLC 

					29125 Solon Road, Solon, US-OH 44139, US					


 MP Star Financial, Inc. 

					33519 Solon Road, Solon, US-OH 44139, US					


 Northeast Industrial Properties Ltd. 

					31000 Aurora Road, Solon, US-OH 44139, US					


 ELGIN J-DEK LP 

					31100 Solon Rd, Solon, US-OH 44139, US					


 Kanan Enterprises, Inc. 

					31900 Solon Road, Solon, US-OH 44139, US					


 J.P.S. Properties Diversified, Inc. 

					34300 Solon Road, Solon, US-OH 44139, US					


 Healthy Foods, LLC 

					30339 Diamond Parkway Suite 105, Glenwillow, US-OH 44139, US					


 Broadmoor JDek LLC 

					31100 Solon Road Suite 9, Solon, US-OH 44139, US					


 MRI Software LLC 

					28925 Fountain Parkway, Solon, US-OH 44139, US					







US   · Legal Entity Identifier (LEI)




Legal Name
Address


 140 AB, LLC 

					 20th Floor 150 West 30th Street, New York, US-NY 10001, US					


 140 Habern, LLC 

					 20th Floor 150 West 30th Street, New York, US-NY 10001, US					


 ERP Aviation, LLC 

					6801 Falls of Neuse Road Suite 100, Raleigh, US-NC 27615, US					


 220 Fencl Hillside LLC 

					3545 Commercial Avenue, Northbrook, US-IL 60062, US					


 Clemente Interests LLC 

					25th Floor 40 West 57th Street, New York, US-NY 10019, US					


 Advanced Incentive Travel, Inc. 

					16900 Chestnut Street, Industry, US-CA 91748, US					


 Radius Financial Group Inc. 

					600 Longwater Drive Suite 107, Norwell, US-MA 02061, US					


 50 West San Fernando Owner, LLC 

					3953 Maple Avenue Suite 300, Dallas, US-TX 75219, US					


 1701 Upland, L.L.C. 

					5555 West Loop South Suite 100, Bellaire, US-TX 77401, US					


 Parkside Lending, LLC 

					1130 Howard Street, San Francisco, US-CA 94103, US					


 SGS Metro, LLC 

					2362 Nostrand Avenue Suite 7 Brooklyn, New York, US-NY 11210, US					


 HLLC CWS 205, LLC 

					14 Corporate Plaza Drive Suite 210, Newport Beach, US-CA 92660, US					


 Precocity Master Fund, L.P. 

					4th Floor 1 Station Place, Stamford, US-CT 06902, US					


 Karma Lab, LLC 

					5796 East Bent Tree Drive, Scottsdale, US-AZ 85266-6722, US					


 Credit Suisse Opportunity Funds - Credit Suisse Floating Rate High Income Fund 

					1 Madison Avenue, New York, US-NY 10010, US					


 Gulf Credit Union 

					5140 West Parkway Street, Groves, US-TX 77619, US					


 TXDE Canada MHP 2, LLC 

					PO Box 457, Cedaredge, US-CO 81413, US					


 Holland American Food Co. 

					2755 28th Street South West, Grand Rapids, US-MI 49519-2100, US					


 Sterling Equities, Inc. 

					13617 West 109th Street, Lenexa, US-KS 66215, US					


 Screp, LLC 

					200 Chamberlin Road, Myrtle Beach, US-SC 29588, US					
















 cua opco llc 
 folienherstellung dippach 
 amercare intermediate holdings 
 ansell usa inc 
 hewitt bespoke fund aol 
 po box 3-7 2 eireann quay 
 swiss capital alternative strategies funds ii spc regulated 
 baufachmarkt krakow am see 
 folienherstellung chorin 
 folienherstellung fischbeck 
 viale piero e albertopirelli 25milan mi 20126 
 wf state street target 2060 
 russell institutional funds llc - russell high yield bond fund lei 
 181 west madison property llc 
 folienherstellung wertheim 
 holzwerkstoffe katlenburg-lindau 
 rijksweg 81k naarden 
 folienherstellung gollhofen 
 folienherstellung maselheim 
 boulangerie de france erpe-mere 

















US-OH · Legal Entity Identifier (LEI)










Toggle navigation





LEISearch




Legal Entity
Local Operating Unit

Country

United States
Germany
Italy
France
United Kingdom
Luxembourg
Canada
Netherlands
Spain
Sweden













Find Legal Entities





Go



















			US-OH · Legal Entity Identifier (LEI) 





LEI




United States




US-OH











					Region US-OH of United States has 4417 Legal Entity Identifiers (LEI).
				



 US-OH  · Legal Entity Identifier (LEI)




Legal Name
Address


 Marvel Realty LLC 

					6660 North High Street Suite 3K, Worthington, US-OH 43085, US					


 NCT Schweinefus, LLC 

					3825 Edwards Road Suite 200, Cincinnati, US-OH 45209, US					


 Sheldon Road Industrial Properties 

					18665 Sheldon Road, Middleburg Heights, US-OH 44130, US					


 CDS Enterprises of Columbus LLC 

					 250 Civic Center Drive Suite 500, Columbus, US-OH 43215, US					


 Klingbeil Multifamily Fund VII, LLC 

					500 West Wilson Bridge Road Suite 145, Worthington, US-OH 43085, US					


 Ganley Akron Properties, LLC 

					 10802 Glen Forest Trail, Brecksville, US-OH 44141, US					


 Petitti Enterprises, Inc. 

					25018 Broadway Avenue, Oakwood, US-OH 44146, US					


 RB Lexington LLC 

					4100 Regent Street Suite G, Columbus, US-OH 43219, US					


 2063 East Fourth LLC 

					 629 Euclid Avenue, Cleveland, US-OH 44114, US					


 Damado Incorporated 

					 41 South High Street, Columbus, US-OH 43215, US					


 Ernie Green Industries, Inc. 

					2030 Dividend Drive, Columbus, US-OH 43228, US					


 P&R Honeymoon LLC 

					7100 Dixie Highway, Fairfield, US-OH 45014, US					


 Hahn Loeser & Parks LLP 

					200 Public Square Suite 2800, Cleveland, US-OH 44114, US					


 Nationwide Variable Insurance Trust - Blackrock NVIT Equity Dividend Fund 

					 1 Nationwide Plaza 5-02-210V, Columbus, US-OH 43215, US					


 East Springfield Apartment Company, LLC 

					1900 Polaris Parkway Suite 425, Columbus, US-OH 43240, US					


 Waikem Realty, Inc. 

					 4321 Lincon Way East, Massillon, US-OH 44646, US					


 Bowling Green Flight Center, LLC 

					905 East Poe Road, Bowling Green, US-OH 43402, US					


 Gas Natural Inc. 

					One Cleveland Center 1375 East 9th Street Suite 3100, Cleveland, US-OH 44114, US					


 Boys & Girls Club of West Chester/Liberty 

					4845 Smith Road, Olde West Chester, US-OH 45069, US					


 DCF Real Estate, Ltd. 

					10020 Aurora Hudson Road, Streetsboro, US-OH 44241, US					


 FC HH F/K/A FC Haverhill, LLC 

					50 Public Square Suite 1360, Cleveland, US-OH 44113, US					


 SS&G, Inc 

					32125 Solon Road, Solon, US-OH 44139, US					


 GMIP Americana Parkway, LLC 

					 1300 East 9th Street, Cleveland, US-OH 44114, US					


 2230 Superior Ave., LLC 

					2530 Superior Avenue Suite 701, Cleveland, US-OH 44114, US					


 Ramco Associates, Inc 

					5445 Hudson Industrial Parkway, Hudson, US-OH 44236, US					


 Track Properties, LLC 

					9055 Freeway Drive, Macedonia, US-OH 44056, US					


 Heritage Glen Investment, LLC 

					 191 West Nationwide Boulevard, Columbus, US-OH 43215, US					


 Dublin Latchkey Inc. 

					 5970 Venture Drive, Dublin, US-OH 43017, US					


 DFG Property Holdings, LLC 

					10100 Waterville Street, Whitehouse, US-OH 43571, US					


 GL International, LLC 

					215 Sinter Court, Youngstown, US-OH 44510, US					


 BRS Real Estate, LLC 

					209 Castleberry Court, Milford, US-OH 45150, US					


 PRD Properties, Ltd. 

					 255 East 5th Street Suite 2400, Cincinnati, US-OH 45202, US					


 HMC - Rex Centre, LLC 

					7333 Paragon Road Suite 150, Dayton, US-OH 45459, US					


 Durham Solar, LLC 

					191 West Nationwide Boulevard Suite 600, Columbus, US-OH 43215, US					


 United Dairy, Inc. 

					300 North 5th Street, Martins Ferry, US-OH 43935, US					


 Apple Colorado LLC 

					6200 Oak Tree Boulevard, Independence, US-OH 44131-6927, US					


 Kinsey Flats LLC 

					331 West 4th Street Suite A, Cincinnati, US-OH 45202, US					


 Overlook Acquisition, LLC 

					2200 West 5th Avenue Suite 2200, Columbus, US-OH 43215, US					


 Country Fair LLC 

					4645 Richmond Road Suite 101, Warrensville Heights, US-OH 44128-5917, US					


 The Lafayette Life Insurance Company 

					400 Broadway, Cincinnati, US-OH 45202, US					


 Schober USA, Inc. 

					 3074 Madison Road, Cincinnati, US-OH 45209, US					


 National Industrial Lumber Company 

					1221 West Maple Street, Hartville, US-OH 44632, US					


 Exchange Housing LLC 

					 1660 West 2nd Street Suite 1100, Cleveland, US-OH 44113, US					


 Enterprise Data Management, INC. 

					4380 Malsbary Road Suite 250, Cincinnati, US-OH 45242, US					


 Franklin Equipment, LLC 

					4141 Hamilton Square Boulevard, Groveport, US-OH 43125, US					


 5005 East Philadelphia Street, LLC 

					3500 Michigan Avenue Suite 34, Cincinnati, US-OH 45208, US					


 Ten Thousand Olde U.S. 20, LLC 

					 1 Seagate Suite 1645, Toledo, US-OH 43604, US					


 W & R Logan Rentals, Ltd. 

					3224 Navarre Road South West, Canton, US-OH 44706, US					


 Nationwide Variable Insurance Trust - NVIT Multi-Manager Large Cap Value Fund 

					One Nationwide Plaza 5-02-210V, Columbus, US-OH 43215, US					


 Dennis M. Schnurr, Archbishop of Cincinnati, Trustee for the Roman Catholic Church of the Archdiocese of Cincinnati 

					100 East 8th Street, Cincinnati, US-OH 45202, US					


 Fairhaven Church, The Christian And Missionary Alliance, Dayton, Ohio 

					637 East Whipp Road, Dayton, US-OH 45459, US					


 Enginetics Corporation 

					 7700 New Carlisle Pike, Huber Heights, US-OH 45424, US					


 Philip J. Fulton 2/3/1993, Revocable Trust 

					89 E. Nationwide Blvd., Suite 300, Columbus, US-OH 43215, US					


 Agora Foods International, Inc. 

					5417 Detroit Avenue, Cleveland, US-OH 44102, US					


 Ohio Education Association 

					225 East Broad Street, Columbus, US-OH 43215, US					


 Whitehall, Inc. 

					4760 Paddock Road, Cincinnati, US-OH 45229, US					


 CrossView Christian Church 

					 587 Franklin Road, Waynesville, US-OH 45068, US					


 RB Nashville LLC 

					4100 Regent Street Suite G, Columbus, US-OH 43219, US					


 Sriharan Worthington Properties 

					7870 Olentangy River Road Suite 205, Columbus, US-OH 43235, US					


 Sunnyland Delaware, LLC 

					200 Smokerise Drive, Wadsworth, US-OH 44281, US					


 South Euclid Properties, Ltd. 

					PO Box 18354, Cleveland Heights, US-OH 44118, US					


 1644 North High Street, LLC 

					2200 West 5th Avenue Suite 120, Columbus, US-OH 43215, US					


 One Claymont Company, LLC 

					3930 Fulton Drive North West, Canton, US-OH 44718-3040, US					


 DiPietro Enterprises No. 7, Inc. 

					4084 Holiday Street North West, Canton, US-OH 44718, US					


 Nationwide Variable Insurance Trust - American Century NVIT Multi Cap Value Fund 

					One Nationwide Plaza 5-02-210V, Columbus, US-OH 43215, US					


 Congregation Mosdos Ohr Hatorah 

					1508 Warrensville Center Road, Cleveland Heights, US-OH 44121, US					


 General Plug and Manufacturing Co. 

					PO Box 26, Grafton, US-OH 44044, US					


 Toledo-Lucas County Port Authority 

					One Maritime Plaza, Toledo, US-OH 43604, US					


 Quality Gold, Inc. 

					PO Box 18490 500 Quality Boulevard, Fairfield, US-OH 45018, US					


 Curtis Investors Ltd 

					 6055 Rockside Woods Boulevard Suite 100, Independence, US-OH 44131, US					


 Squire Sanders (US) LLP 

					 1300 East 9th Street, Cleveland, US-OH 44114, US					


 Newark Real Estate Investors No. 1, LLC 

					20 North 2nd Street, Newark, US-OH 43055, US					


 Amberwood Apartments of Cary, LLC 

					10510 Springboro Pike, Miamisburg, US-OH 45342, US					


 Summa Enterprise Group, LLC 

					 525 East Market Street, Akron, US-OH 44304, US					


 MKL Farms, LLC 

					9321 Celina Mendon Road, Celina, US-OH 45822-9332, US					


 Herler Enterprises, LLP 

					422 Mission Lane, Franklin, US-OH 45005-2320, US					


 Cincinnati Symphony Orchestra 

					 1241 Elm Street, Cincinnati, US-OH 45202, US					


 Olympus Holding Company, Inc. 

					4456 Hamann Parkway, Willoughby, US-OH 44094, US					


 ChemSpec, Ltd. 

					 3570 Executive Drive Suite 211, Uniontown, US-OH 44685, US					


 Columbus-Franklin County Finance Authority 

					350 East 1st Avenue Suite 120, Columbus, US-OH 43201, US					


 DeHoff Agency, Inc. 

					821 South Main Street, North Canton, US-OH 44721, US					


 VRI Holdings LLC 

					1400 Commerce Center Drive, Franklin, US-OH 45005, US					


 Kingston Estates, LLC 

					3435 Superior Park Drive Suite 118, Cleveland Heights, US-OH 44118, US					


 Tedia Company, Inc. 

					1000 Tedia Way, Fairfield, US-OH 45014, US					


 The Glockner Chevrolet Company 

					4368 US Route 23, Portsmouth, US-OH 45662, US					


 Hold Me Tighter, LLC 

					900 Literary Road, Cleveland, US-OH 44113, US					


 Mats Holding, LLC 

					7350 Production Drive, Mentor, US-OH 44060, US					


 Cleveland Business Park Flex I, LLC 

					31000 Aurora Road, Solon, US-OH 44139, US					


 CBIZ Operations, Inc. 

					6050 Oak Tree Boulevard South Suite 500, Independence, US-OH 44131, US					


 Mills Development 3800, Ltd. 

					3500 Pentagon Boulevard Suite 500, Beavercreek, US-OH 45431, US					


 Haasz Automall, LLC 

					4886 State Route 59, Ravenna, US-OH 44266, US					


 Abrasive Technology, Inc. 

					8400 Green Meadows Drive, North, Lewis Center, US-OH 43035, US					


 CDC Distributors, Inc. 

					 10511 Medallion Drive, Cincinnati, US-OH 45241, US					


 White Pond Corporate Park, Inc. 

					153 Medina Road Suite 100, Medina, US-OH 44256, US					


 FC Uptown Oakland Swap, LLC 

					50 Public Square Suite 1100, Cleveland, US-OH 44113, US					


 ES2, LLC 

					310 Oak Street, Cincinnati, US-OH 45219, US					


 Thomaston Woods Limited Partnership 

					3870 Virginia Avenue, Cincinnati, US-OH 45227, US					


 Commingled Pension Trust Fund (Fixed Income Sub-Advised PIMCO) of JPMorgan Chase Bank, National Association 

					 1111 Polaris Parkway, Columbus, US-OH 43240, US					


 ISS America, Inc. 

					301 Carter Avenue, Bellefontaine, US-OH 43311, US					


 1632 Enterprise Parkway LLC 

					 71 Blackberry Drive, Hudson, US-OH 44236, US					







US   · Legal Entity Identifier (LEI)




Legal Name
Address


 Princeton 6 LLC 

					2315 Lynx Lane Suite 6, Orlando, US-FL 32804, US					


 State Street Bank and Trust Company Investment Funds For Tax Exempt Retirement Plans - State Street All International Allocation Securities Lending Fund 

					State Street Financial Center 1 Lincoln Street, Boston, US-MA 02111, US					


 AB Bond Fund, Inc. - AB Performance Series - International Bond Portfolio 

					1345 Avenue of the Americas, New York, US-NY 10105, US					


 Duap Industries Inc. 

					1395 Brickell Avenue Suite 760, Miami, US-FL 33131, US					


 Volunteer Metal Systems LLC 

					6810 Cochran Road, Solon, US-OH 44139, US					


 Inland Plymouth Collection, L.L.C. 

					27th Floor 220 East 42nd Street, New York, US-NY 10017, US					


 Recon Ortho Properties Boymel, LLC 

					8099 Cornell Road Suite 200, Cincinnati, US-OH 45249, US					


 Heritage Petersburg, LLC 

					PO Box 503 615 Route 32, Highland Mills, US-NY 10930, US					


 Grabas Limited 

					2000 Conner road Suite 140, Hebron, US-KY 41048, US					


 109-05 120th Street, LLC 

					31st Floor 1065 Avenue of the Americas, New York, US-NY 10018, US					


 Filosa Care Center, Incorporated 

					31 Staples Street, Danbury, US-CT 06810, US					


 Verbatim Americas LLC 

					1200 West W.T. Harris Boulevard, Charlotte, US-NC 28262, US					


 Whelan, LeBlanc & Sons, LLC 

					1206 Jefferson Avenue, New Orleans, US-LA 70115, US					


 Frontlight Capital LP 

					17th Floor 125 High Street, Boston, US-MA 02110, US					


 Arvada Five Parks Phase II, LLC 

					932 Main Street, Louisville, US-CO 80027, US					


 AMD Real Estate Mesquite, LLC 

					2651 North Harwood Street Suite 250, Dallas, US-TX 75201, US					


 MedEquities Realty Trust, Inc. 

					3100 West End Avenue Suite 1000, Nashville, US-TN 37203, US					


 MML Series Investment Fund - MML Balanced Allocation Fund 

					100 Bright Meadow Boulevard, Enfield, US-CT 06082, US					


 Deutsche Bank SPEARs/LIFERs Trust, Series DB-499 

					60 Wall Street, New York, 10005, US					


 Whitgro, Inc. 

					33 East Front Street, St. John, US-WA 99171, US					
















 cua opco llc 
 folienherstellung dippach 
 amercare intermediate holdings 
 ansell usa inc 
 hewitt bespoke fund aol 
 po box 3-7 2 eireann quay 
 swiss capital alternative strategies funds ii spc regulated 
 baufachmarkt krakow am see 
 folienherstellung chorin 
 folienherstellung fischbeck 
 viale piero e albertopirelli 25milan mi 20126 
 wf state street target 2060 
 russell institutional funds llc - russell high yield bond fund lei 
 181 west madison property llc 
 folienherstellung wertheim 
 holzwerkstoffe katlenburg-lindau 
 rijksweg 81k naarden 
 folienherstellung gollhofen 
 folienherstellung maselheim 
 boulangerie de france erpe-mere 
















Performance™ Ultraviolet Germicidal UV Light - UVLCC2LP - Elgin Sheet Metal | AC Repair | HVAC | Furnace Service











































 














24 HOUR EMERGENCY SERVICE - 847-417-3763 

 
















  


















 



Performance™ Ultraviolet Germicidal UV Light – UVLCC2LP





Contact us to request service or request an estimate. We offer Emergency 24hr service too! For After Hour Emergency Service please call 847-742-3486 ext. 302 or call 630-549-5944 for After Hour Emergency Estimates.
Our normal hours are 8am – 4pm.


Category: UV Lamps






Description


Additional information




Description
The indoor coil is part of what cools your home, but it and its drain pan can also be a favorite hangout of mold and bacteria. Growth of these organisms can affect efficiency and reduce airflow. They can even become airborne.
UV lamps from Carrier are designed to kill the mold and bacteria that can grow in the moist environment of your indoor coils to help keep your system efficient and clean air flowing. 



Additional information


KEY FEATURES
STANDARD
Intense UV light is designed to kill bacteria and mold growing on and around the indoor coil
Minimizes microbial build-up on coil and drain pan and prevents it from becoming airborne
Enhances air flow
Helps maintain system efficiency
Silent operation
10 year limited warranty1, 90-day limited warranty for bulbs
1 To the original owner, when product is used in an owner-occupied residence, a 10-year parts and 90-day UV bulb limited warranties upon timely registration of your new equipment. Parts limited warranty period is 5 years if not registered within 90 days. Jurisdictions where warranty benefits cannot be conditioned on registration will automatically receive a 10-year parts (excluding UV bulb) limited warranty. See warranty certificate for complete details.



SPECIFICATIONS
STANDARD
Intense UV light is designed to kill bacteria and mold growing on and around the indoor coil
Minimizes microbial build-up on coil and drain pan and prevents it from becoming airborne
Enhances air flow
Helps maintain system efficiency
Silent operation
10 year limited warranty1, 90-day limited warranty for bulbs
1 To the original owner, when product is used in an owner-occupied residence, a 10-year parts and 90-day UV bulb limited warranties upon timely registration of your new equipment. Parts limited warranty period is 5 years if not registered within 90 days. Jurisdictions where warranty benefits cannot be conditioned on registration will automatically receive a 10-year parts (excluding UV bulb) limited warranty. See warranty certificate for complete details.











Share On Facebook







Tweet This Product







Pin This Product







Mail This Product






Related products




 






		Performance™ Ultraviolet Germicidal UV Light – UVLCC1LP	









	Details








 
 

 
 
 
 

 


FOR SPECIALS CLICK HERE























