


Gary David Ford profile | free company director check





















Company Director Check




UK Company Directors Reports, Free Company Director Check, Company Director Search






advanced search















UK


        		                     - 
                    
England

        		                     - 
                    
Cheshire

        		                     - 
                    
Warrington

        		                     - 
                    
Lymm

        		                     - 
                    
Lymm - WA13 0









Gary David Ford

            HILLCOTE
25 CHERRY LANE, LYMM
        











Company director



    List of companies where Gary David Ford was involved. Free company director check. Gary David Ford

					currently holds the position of a
                                    Director
                                                 (COMPANY DIRECTOR)
                                                in LAND PLUS (NW) LIMITED.

			                                                            He has been
                                    			    a
			    				    
				    Director
				     (COMPANY DIRECTOR) of LAND PLUS (NW) LIMITED
				    for 13 years.
			    
			










                    Active Directorships
1




                    Resigned Directorships
0




                    Closed Directorships
0




                    Total Directorships
1




Personal history








LAND PLUS (NW) LIMITED
27 September 2004








 


 














Director details





					MR  GARY DAVID FORD 
					                    HILLCOTE
25 CHERRY LANE, LYMM

                        Nationality: BRITISH


								County: CHESHIRE				Post town: LYMM				Postcode: WA13 0NU
Country of residence: ENGLAND 








Potentially the same person



GARY DAVID FORD
                    1092 SUNDEW COURT
PALM CITY, FLORIDA
                

GARY DAVID FORD
                    1092 SUNDEW COURT
PALM CITY, FLORIDA
                



Current appointments



 LAND PLUS (NW) LIMITED



Click to show map







                                            Gary David Ford has been working at LAND PLUS (NW) LIMITED
                    since 27 September 2004, currently,                     he/she works on the position of a Director (COMPANY DIRECTOR).

                    

active
Company address: LAND PLUS (NW) LIMITEDHILLCOTE, 25 CHERRY LANE, LYMM, CHESHIRE, WA13 0NU
Company documents








                                        Company documents:
                                         
                                        25 - buy documents



buy documents





Another directors in LAND PLUS (NW) LIMITED:



Name
Address


ROWENA MARY KATHERINE FORD
LYMM







People with surname FORD



ROBERT FORD - CROSS - 51B SEDLESCOMBE ROAD, LONDON
                

NICK FORD - YOUNG - 28A MAUDE RD CAMBERWELL, LONDON
                

ALAN JAMES FORD (JNR) - 49 HEATON ROAD, MITCHAM
                

ANNETTE DINAH FORD (NEE WARREN) - ADBOLTON LANE WEST BRIDGFORD, NOTTINGHAM
                

AARON ALEXANDER FORD - FLAT 1 THE OLD BAKERY HIGH STREET
STOTFOLD, HITCHIN
                

AARON JOSEPH FORD - BARECROFT COTTAGE BARECROFT COMMON
MAGOR, CALDICOT
                

ABBIGAIL FRANCESCA FORD - 35 KINGFISHER CLOSE
THORNBURY, BRISTOL
                

ABIGAIL FORD - 32 LAUREL ROAD
LOCKS HEATH, SOUTHAMPTON
                

ABIGAIL FORD - 32 LAUREL ROAD
LOCKS HEATH, SOUTHAMPTON
                

ABIGAIL FORD - 16 RAVENSWOOD, FAREHAM
                











Do you want us to keep you updated about changes for this person?Please insert your email address:












	Date of last update: 29 April 2016.
					Reload the data








	            © company director check, CompanyDirectorCheck.com
				Contact Us














		    	Disclaimer, listing policy:
		    	
				CompanyDirectorCheck.com provides details of current and historic companies (including registration details, accounts and director information) registered across England, Scotland, Wales and Northern Ireland.
				When a limited company is incorporated, it has a legal obligation under the Companies Act to make all business details available for public inspection, including registration details, accounts and director information. We use this data to generate the records published on our websites. These records are publicly available from The Registrar of Companies (Companies House UK), in certain cases The Registry Trust and from various other company data websites.
				Limited company data is not subject to the Data Protection Act. There are no data protection regulations related to limited company data and no authorisations or permissions required with regards to its publication.
	    	





 


Ford Gary's Phone Number, Email, Address, Public Records - Spokeo






















































CONTACT US



{{vm.userEmail}}








{{dropdown_item.text}}













{{dropdown_item.text}}






{{dropdown_item.text | uppercase}}




















{{search_results_type}}
Results








Recent



{{history.title}}




Example Searches



John Smith



email@example.com



123 Main St, Pasadena, CA



(626) 555-5555



John Smith, Pasadena, CA






Search filters




First Name



Middle Name



Last Name





Age


{{ages}}
+






State


All States




City





Phone number



Email address





Relative First name



Relative Last name





SEARCH










Show Basic Search




Show Advanced Search



























 












Browse locationsAlabama(2)Arizona(3)Arkansas(1)California(3)Colorado(2)Connecticut(1)Delaware(1)Florida(4)Georgia(2)Idaho(2)SHOW ALL 36 LOCATIONS







No results found for {{vm.NameSearch.search.display_name}}
with your specific filters:
{{filter}}
Try a more general search, or view similar matches below.






Home








People








Last Name (G)








Ford Gary






Ford Gary63 people named Ford Gary found in Pennsylvania, Ohio and 34 other states. Click a state below to find Ford more easily.



Browse locationsAlabama(2)Arizona(3)Arkansas(1)California(3)Colorado(2)Connecticut(1)Delaware(1)Florida(4)Georgia(2)Idaho(2)SHOW ALL 36 LOCATIONS










Person


Ford
W
Gary, age 47

Gary Gary


Locations

Manteca,
CA


San Leandro,
CA


Lisbon,
LA


San Mateo,
CA


Salinas,
CA



Relatives

Micheal

Ford


Michael

Ford


Dorothy

Ford


Valerie

Ford


Cheryl

Ford



Includes






SEE RESULTS









Person


Ford
S
Gary, age 46

Gary Gary


Locations

Port Angeles,
WA


Tacoma,
WA


Toppenish,
WA


Yakima,
WA


La Grande,
OR



Relatives
--


Includes






SEE RESULTS









Person


Ford
N
Gary, age 75

Gary Gary


Locations

Kalamazoo,
MI


Galesburg,
MI


Homosassa,
FL


Allegan,
MI



Relatives

Scottie

Ford


Frances

Ford


Stella

Ford


Carl

Ford


Larry

Ford



Includes






SEE RESULTS









Person


Ford
W
Gary, age 77

Gary Gary


Locations

Deport,
TX


Wichita Falls,
TX


Denton,
TX


Burkburnett,
TX


Paris,
TX



Relatives

Darlene

Ford


Bradley

Ford


Diane

Ford


Kimberly

Ford



Includes






SEE RESULTS









Person


Ford
M
Gary, age 55

Gary Gary


Locations

Mound,
MN


Wayzata,
MN


Minneapolis,
MN


Spring Park,
MN


Dover,
DE



Relatives

Sarah

Ford


Karen

Ford


Lydia-Ann

Ford



Includes






SEE RESULTS









Person


Ford
R
Gary, age 77

Gary Gary


Locations

Apache Junction,
AZ


Caldwell,
ID


Van Buren,
AR


Glendale,
AZ



Relatives

Patricia

Ford


Kristin

Ford


Kenneth

Ford


Bonnie

Ford


Tammy

Ford



Includes






SEE RESULTS









Person


Ford
D
Gary, age 61

Gary Gary


Locations

Upper Darby,
PA


Media,
PA


Sharon Hill,
PA



Relatives

Marian

Ford


Robert

Ford


Lauren

Ford


Heather

Ford


Nicola

Ford



Includes






SEE RESULTS









Person


Ford
H
Gary, age 59

Gary Gary


Locations

Tucson,
AZ


Phoenix,
AZ



Relatives

Robert

Ford


Dianne

Ford


Brittany

Ford


Michael

Ford


Susanna

Ford



Includes






SEE RESULTS









Person


Ford
E
Gary, age 41

Gary Gary


Locations

Florence,
AL


Rogersville,
AL


Lexington,
AL


Anderson,
AL



Relatives

Wilburn

Ford


Mary

Ford


Erica

Ford


Terry

Ford


Misty

Ford



Includes






SEE RESULTS









Person


Ford
L
Gary, age 51

Gary Gary


Locations

Camas,
WA


Cloverdale,
OR


Pacific City,
OR


Oregon City,
OR



Relatives

Michele

Ford


Joseph

Ford


Brighton

Ford


P

Ford


Sr

Ford



Includes






SEE RESULTS









Person


Ford
L
Gary, age 70

Gary Gary


Locations

Amargosa Valley,
NV


Terrebonne,
OR


John Day,
OR


Beaverton,
OR


Sherwood,
OR



Relatives
--


Includes






SEE RESULTS









Person


Ford
A
Gary, age 64

Gary Gary


Locations

Beverly,
OH


Baltimore,
OH


Malta,
OH


Marietta,
OH



Relatives

Carolyn

Ford


Chad

Ford



Includes






SEE RESULTS









Person


Ford
L
Gary, age 72

Gary Gary


Locations

Elk City,
OK


Yukon,
OK


Irwin,
PA



Relatives

Patricia

Ford


Tiffany

Ford


Carol

Ford


Shelby

Ford


Ty

Ford



Includes






SEE RESULTS









Person


Ford
G
Gary, age 66

Gary Gary
James Gary


Locations

Memphis,
TN


Arlington,
TN


Arlington,
TX



Relatives

Katherine

Ford


Frances

Ford


James

Ford


Mark

Ford



Includes






SEE RESULTS









Person


Ford
L
Gary, age 29

Gary Gary


Locations

Aurora,
CO


Denver,
CO


Franklin,
IN



Relatives

Willie

Ford


James

Ford


Charles

Ford



Includes






SEE RESULTS









Person


Ford
L
Gary, age 50

Gary Gary


Locations

Columbia,
KY



Relatives

Ronald

Ford


Linda

Ford


Rodney

Ford


Troy

Ford



Includes






SEE RESULTS









Person


Ford
G
Gary, age 63

Garold Gary
Gary Gary


Locations

Arkansas City,
KS


Fort Worth,
TX



Relatives

Brianne

Ford


Zachary

Ford


C

Ford


Donni

Ford



Includes






SEE RESULTS









Person


Ford
L
Gary, age 42

Gary Gary


Locations

Springfield,
OH


Urbana,
OH



Relatives

Debra

Ford


David

Ford


Jeffrey

Ford


Kyla

Ford



Includes






SEE RESULTS









Person


Ford
J
Gary, age 50

Gary Gary


Locations

Clarks Summit,
PA


Scranton,
PA



Relatives

Tina

Ford


Michael

Ford


Dorothy

Ford


Glenn

Ford



Includes






SEE RESULTS









Person


Ford
C
Gary, age 39

Gary Gary


Locations

Brooklyn,
NY



Relatives

Clarence

Ford


Cynthia

Ford


Ariel

Ford


Chase

Ford


Sean

Ford



Includes






SEE RESULTS









Person


Ford
E
Gary, age 65

Gary Gary


Locations

Ballwin,
MO


Saint Louis,
MO


Kansas City,
KS



Relatives
--


Includes






SEE RESULTS









Person


Ford
D
Gary, age 70

Gary Gary


Locations

Vine Grove,
KY


Elizabethtown,
KY



Relatives

Glenna

Ford


Jerry

Ford


Jon

Ford



Includes






SEE RESULTS









Person


Ford
T
Gary, age 78

Gary Gary


Locations

Des Moines,
IA



Relatives

Jane

Ford


Troy

Ford


Michael

Ford


Alvin

Ford


Marna

Ford



Includes






SEE RESULTS









Person


Ford
A
Gary, age 65

Gary Gary


Locations

Gainesville,
VA


Vienna,
VA


Centreville,
VA



Relatives
--


Includes






SEE RESULTS









Person


Ford
W
Gary, age 55

Gary Gary


Locations

Paris,
IL



Relatives

Dennis

Ford


Julie

Ford


Brandon

Ford


Debra

Ford


Jared

Ford



Includes






SEE RESULTS









Person


Ford
W
Gary, age 55

Gary Gary


Locations

Paris,
IL



Relatives

Dennis

Ford


Julie

Ford


Brandon

Ford


Debra

Ford


Jared

Ford



Includes






SEE RESULTS









Person


Ford
A
Gary, age 33

Andrew Gary
Gary Gary


Locations

Gainesville,
FL


Apopka,
FL



Relatives

David

Ford


Carol

Ford


Karen

Ford



Includes






SEE RESULTS









Person


Ford
F
Gary, age 75

Gary Gary


Locations

Greenville,
SC


Mauldin,
SC


Johns Island,
SC


Simpsonville,
SC



Relatives

Dana

Ford


Leshane

Ford


Monica

Ford


Travis

Ford


Nancy

Ford



Includes






SEE RESULTS









Person


Ford
D
Gary, age 59

Gary Gary
Denard-Ford Gary


Locations

Sacramento,
CA


Rancho Cordova,
CA



Relatives

Jacqueline

Ford


Pamela

Ford


Kenisha

Ford


Hunter

Ford



Includes






SEE RESULTS









Person


Ford
L
Gary, age 57

Gary Gary


Locations

Continental,
OH


Dupont,
OH


Defiance,
OH


Sherwood,
OH



Relatives

Georgana

Ford


Marvin

Ford


Paul

Ford


Ruth

Ford



Includes






SEE RESULTS









Statistics for all
63
Ford Gary results:



52 yrs
Average age
50% are in their 60s, while the average age is 52.


100%
Caucasian
Our ethnicity data indicates the majority is Caucasian.





Business Records related to Ford Gary:




Ford Gary


Title:
Vibration Tech


Company:
Luckett, Michael E Md


CoWorkers:
Michael Luckett






Facebook

Twitter

Google Plus

YouTube

LinkedIn



About
Careers
Affiliates
Blog
Privacy
Terms
Contact
FAQs

More



People Search
email lookup
reverse phone lookup
ADDRESS LOOKUP
DIRECTORY



Spokeo is not a consumer reporting agency as defined by the Fair Credit Reporting Act (FCRA). This site should not be used to make decisions about employment, tenant screening, or any purpose covered by the FCRA.
Copyright © 2006-2017 Spokeo, Inc.
























Ford Online Annual Report 2014 - Board of Directors and Executives




















 Back







&nbsp

&nbsp

&nbsp

&nbsp

&nbsp

&nbsp

&nbsp

&nbsp

&nbsp

&nbsp

&nbsp

&nbsp

&nbsp

&nbsp

&nbsp

&nbsp

&nbsp

&nbsp

Not Pictured: John A. Casesa
                    Group Vice President, Global Strategy








From LEFT standing:
                                     Bennie Fowler, John Fleming, Raj Nair, Kimberly Pittel, Ray Day, Stephen Odell, David Leitch, Hau Thai Tang, Felecia Fields, Marcy Klevorn, Zaid Ojakli, Bob Shanks
From LEFT Seated:
                                     Bernard Silverstone, Jim Farley, Mark Fields, Joe Hinrichs, David Schoch, Kumar Galhotra
 Not Pictured: John A. Casesa, Group Vice President, Global Strategy









Bennie Fowler
 Group Vice President, Quality and New Model
                                                











John Fleming
Executive Vice President, Global Manufacturing and Labor Affairs
                                                











Raj Nair
Group Vice President and Chief Technical Officer, Global Product Development
                                                











Kimberly Pittel
Vice President, Sustainability, Environment and Safety Engineering
                                                











Ray Day
Group Vice President, Communications
                                                











Stephen Odell
Executive Vice President, Global Marketing, Sales and Service
                                                











Mark Fields
President and Chief Executive Officer
                                                











David Leitch
Group Vice President and  General Counsel
                                                











Hau Thai Tang
Group Vice President, Global Purchasing
                                                











Felecia Fields
Group Vice President, Human Resources and Corporate Services
                                                











Marcy Klevorn
Vice President and Chief Information Officer
                                                











Zaid Ojakli
Group Vice President, Government and Community Relations
                                                











Bob Shanks
Executive Vice President and  Chief Financial Officer
                                                











Bernard Silverstone
Group Vice President,  Chairman and Chief Executive Officer, Ford Motor Credit Company
                                                











Jim Farley
Executive Vice President and President, Europe, Middle East & Africa
                                                











Joe Hinrichs
Executive Vice President and President, The Americas
                                                











David Schoch
Group Vice President and President, Asia Pacific
                                                











Kumar Galhotra
Vice President, Lincoln
                                                











John A. Casesa
Group Vice President, Global Strategy
                                                








Board of Directors

Stephen G. Butler (1,5)
Kimberly A. Casiano (1,3,5)
Anthony F. Earley, Jr. (2,3,5)
Mark Fields (4)
Edsel B. Ford II (3,4)
William Clay Ford, Jr. (3,4)
Richard A. Gephardt (3,5)
James P. Hackett (3,5)
James H. Hance, Jr. (1,4,5)
William W. Helman IV (3,4,5)
Jon M. Huntsman, Jr. (2,3,5)



William E. Kennard (5)
John C. Lechleiter (2,5)
Ellen R. Marram (2,3,5)

Gerald L. Shaheen (1,5)
John L. Thornton (2,4,5)

Committee Membership
                                        
(1) Audit

                      (2) Compensation

                      (3) Sustainability

                      (4) Finance

                      (5) Nominating and Governance




Executive Officer Group


William Clay Ford, Jr.
Executive Chairman and  Chairman of the Board
                                    

Mark Fields
President and Chief Executive Officer
                                    

James D. Farley, Jr.
Executive Vice President and President, Europe, Middle East & Africa
                                    

John Fleming
Executive Vice President, Global Manufacturing and Labor Affairs
                                    

Joseph R. Hinrichs
Executive Vice President and  President, The Americas
                                    

Stephen T. Odell
Executive Vice President, Global Marketing, Sales and Service
                                    

Robert L. Shanks
Executive Vice President and  Chief Financial Officer
                                    

John A. Casesa
Group Vice President, Global Strategy
                                    

Raymond F. Day
Group Vice President, Communications
                                    



Felicia J. Fields
Group Vice President, Human Resources and Corporate Services
                                    

Bennie W. Fowler
Group Vice President,  Quality and New Model Launch
                                    

David G. Leitch
Group Vice President and  General Counsel
                                    

Raj Nair
Group Vice President and Chief Technical Officer, Global Product Development
                                    

Ziad S. Ojakli
Group Vice President,  Government and Community Relations
                                    

David L. Schoch
Group Vice President and  President, Asia Pacific
                                    

Bernard B. Silverstone
Group Vice President,  Chairman and Chief Executive Officer, Ford Motor Credit Company
                                    

Hau Thai-Tang 
Group Vice President, Global Purchasing
                                    



Other Vice Presidents


Steven R. Armstrong 
President, Ford South America
                                    

Joseph Bakaj 
Product Development, Ford of Europe
                                    

Birgit Behrendt
Global Programs and  Purchasing Operations
                                    

Stephen E. Biegun
International Governmental Affairs
                                    

Marin A. Burela 
President, Changan Ford Automobile Corporation, Ltd.
                                    

Moray Callum 
Design
                                    

Roelant de Waard 
Marketing, Sales and Service,  Ford of Europe
                                    

William P. Dirksen 
Labor Affairs
                                    

Robert J. Fascetti 
Powertrain Engineering
                                    

Elena A. Ford
Global Dealer and Consumer Experience
                                    

Kumar A. Galhotra 
Vice President, Lincoln
                                    

Bruce Hettle 
North America Manufacturing
                                    

James Holland
Vehicle Component and System Engineering
                                    

Gary A. Johnson 
Manufacturing, Ford Asia Pacific
                                    



Burt Jordan 
Global Vehicle and Powertrain Purchasing and Supplier Diversity
                                    

Marcy S. Klevorn
Vice President and  Chief Information Officer
                                    

Mark LaNeve
U.S. Marketing, Sales & Service
                                    

John T. Lawler 
Chairman and Chief Executive Officer,  Ford Motor China
                                    

Kimberly L. Pittel
Vice President, Sustainability, Environment and  Safety Engineering
                                    

Stuart J. Rowley 
Vice President and Controller
                                    

Barb J. Samardzich 
Chief Operating Officer,  Ford of Europe
                                    

Neil M. Schloss 
Treasurer
                                    

Frederiek Toney 
President, Global Ford Customer
                                    

Kenneth Washington
Research and Advanced Engineering Service Division
                                    

Jeffery C. Wood
Manufacturing, Ford of Europe
                                    

Trevor Worthington
Product Development, Asia Pacific
                                    




















 
































Gary And Maria David, 1643 Greenlawn Way Lawrenceburg In47025 Us | Buyer Report — Panjiva





 












Panjiva

MENU 





Panjiva


Solutions

Buyers
Suppliers
Logistics
Governments
Analysts



Products

Platform
Enterprise
API



Our Data

United States Trade Data
Mexico Trade Data
Brazil Trade Data
Central & South America Data
China Trade Data
Trendspotting
Panjiva Research


Pricing
Search

English


Español 

中文 








Demo Request a Demo 

+1-646-205-0594


Sign in 











Gary And Maria David
Company profile made by Panjiva 
 Company profile  Buyer company  United States






        See Gary And Maria David's products and suppliers
      
Thousands of companies like you use Panjiva to research suppliers and competitors.


Request a Demo

        1 min video
      






Easy access to trade data
 

U.S. Customs records organized by company
1 U.S. shipment available for Gary And Maria David, updated weekly since 2007




Date
Buyer
Supplier
Details

          41          more fields
        


2016-02-01
See all 1 shipment record for Gary And Maria David with a Panjiva data plan.Request a DemoorSign Up 

Shipment data shows what products a company is trading and more.
      Learn more 



Quickly analyze trade relationships




Network view map
Explore trading relationships hidden in US import data.
See all 1 supplier of Gary And Maria David
 Learn more about network view 




Top suppliers


Gary David 






1 supplier available
        


Top products


ford escape 





ford 





escape 






3 top products available
        





Contact information for Gary And Maria David


 

Address
1643 Greenlawn Way Lawrenceburg In47025 Us

 


 




           


    


Sample Bill of Lading
1 shipment record available



Date
2016-02-01


Shipper Name
Gary David


Shipper Address
5 AB MISGUNT,  ST THOMAS 00801 VI


Consignee Name
Gary And Maria David


Consignee Address
1643 GREENLAWN WAY,  LAWRENCEBURG IN47025 US


Weight
3500


Weight Unit
LB


Weight in KG
1587.57


Quantity
1


Quantity Unit
UNT


Country of Origin
Virgin Islands (U.S.)


Details
1,587.57 kgFrom port: Charlotte Amalie, St. Th, Virgin Islands (U.S.)To port: Jacksonville, FloridaVia port: San Juan, San Juan, Puerto Rico


Place of Receipt
St Thomas


Foreign Port of Lading
Charlotte Amalie, St. Th, Virgin Islands (U.S.)


U.S. Port of Unlading
San Juan, San Juan, Puerto Rico


U.S. Destination Port
Jacksonville, Florida


Commodity
2013 FORD ESCAPE 1FMCU9G90DUA13951


Container
NC


Marks Description
SSL000268338


Carrier Name
SEA STAR LINE LLC


Vessel Name
MIDAS


Voyage Number
55AHN


Bill of Lading Number
SSLHSSL000268338


In Bond Code
61


HTS Codes
HTS 8409







 



Buyers of similar products 
escape buyersford buyers




Suppliers of similar products
escape manufacturersford manufacturers




Buyers similar to Gary And Maria David

Astro Gaming Inc. AG Acquisition CorStone Park Usa Inc.







Thousands of companies use Panjiva to research suppliers and competitors

Request a Demo











Solutions
Buyers
Suppliers
Logistics
Governments
Analysts




Products
Platform
Enterprise
API




Data
United States
Mexico
Brazil
Central & South America
China
Panjiva Research
Partners




Company
Leadership Team
Board of Directors
Blog
Press
Contact
Jobs



                20 West 22nd Street, Suite 706New York, NY, 10010 / USA                ‌
+1-888-902-3511
Request a demo











English


Español 

中文 






Terms of Use
Privacy Policy
Sitemap





© 2017 Panjiva, Inc.







Cart (0) 
Continue Browsing
 







 















Ford Gary David - Metaldyne Performance Group Insider Transactions | TipRanks   





Go ProLogin / Sign Up Follow✓Get Real Time TransactionsInsider DetailsFord Gary DavidMetaldyne Performance Group (MPG)Chief Accounting Officer Not RankedFord Gary David's PerformanceFord Gary David has not reported any informative transactions and therefore cannot be ranked.How are Insiders Ranked? Ford Gary David's Trading Historybased on Form 4 Follow✓Get Real Time TransactionsCompany NameInsider PositionHolding ValueLast TransactionLast Transaction  AmountLast Transaction DateMPGMetaldyne Performance GroupChief Accounting Officer-Uninformative Sell$0Apr 10, 2017Ford Gary David has not reported any informative transactions for MPG, therefore, performance cannot be measured. Track Record DateTransactionAmountNo. of SharesPrice per ShareProfitForm 4 Apr 10, 2017 Uninformative Sell $0 10,451 (undisclosed) N/A  Apr 05, 2017 Uninformative Sell $7K 315 $21.9 N/A  Mar 21, 2017 Uninformative Sell $5K 195 $22.9 N/A Show MoreSee All Insider Trading from Today >You May Also LikeMeet our Smart Portfolio. See what top analysts say about your stocks.Get a breakdown of the different strategies based on detected insider trading activity.Find the best performing Analyst in each sector. Follow them so you never miss a recommendation.Related LinksHow can I benefit from Insider Trading? >See the Top 25 Corporate Insiders >Go to Hot Stocks by Insiders >Find which stocks Insiders traded today >Become a TipRanks MemberGet the best Investing Tips & Hacks straight to your emailFree MembershipSubmitInsider Trading Daily NewsletterProfessional day-trading strategy based on predictive insider transactionsAnnual Return: +85.42%Learn More >Powered by



























	Gary Ford - Get Data Reports - Phone, Address & more

  ​








































Login
My Account
Customer Service










Preview of Matches in our Database for Gary Ford









We found 100 possible hits for this name in the entire United States.
Our search results summary below will show up to around 100 of them. If total hits is close to or more than 100, and you haven't chosen a state, please use the search form to choose a state and narrow the focus of your search. When you see the person you're looking for in the table below, then click on Choose Person to view the reports that are available.







Here are 100 people that match your search.
First Name: Gary, Last Name: Ford, State: 






Name of Possible  Match:
Age:
Cities:
Employment:
Education
Associations:
Phone Data Available:
Address Data Available:





Gary H Ford
Select

37
Ely, NV Saint George, UT Sparks, NV Vista, CA


Alan FordAllyson FordCarrie HaigneyEmily FordHenry FordMary FordStanley Ford









Gary Lee Stanford
Select

38
Easton, MO Kansas City, MO Liberty, MO Platte City, MO Weston, MO


Angelia FordChristina StanfordDaniel StanfordGlenda FordJerry StanfordPamela StanfordSherri Stanford









Gary S Ford
Select

39
East Freetown, MA Forest Dale, MA Hayward, CA Mattapoisett, MA Middleboro, MA New Bedford, MA New Hudson, MI Plymouth, MA Reno, NV San Jose, CA Sparks, NV West Wareham, MA


Arthur FordBarbara WalshGayle FordJean ChaceRebecca FordStephen Ford









Gary W Ford
Select

40
Arnold, MO Barnhart, MO Chester, IL Collinsville, IL Imperial, MO Pacific, MO Saint Louis, MO


Donald FordEnid FordJane FordJessica FordPatrich FordPatrick FordRonald Butts









Gary Ted Ford
Select

41
Canal Fulton, OH Dennison, OH Midvale, OH New Philadelphia, OH Uhrichsville, OH


Crissy BattenCrystal FordJimmy FordJoyce FordPaula Ford









Gary Ford
Select

45
Cedar Creek, TX Cypress, TX Denton, TX Houston, TX Pilot Point, TX


Candy FordCarl JohnsFelicia FordHannah FordJaveon FordJessie FordJulie FordJustin FordKathy FordKylee FordShawna FordShelia CelestineTajanae Ford









Gary L Ford
Select

47
Gresham, OR
General Distributors , Inc.

Alta ThomasGerald FordJoseph FordTamara Ford









Gary F Ford
Select

48
Bellingham, WA Burlington, WA Deming, WA Ferndale, WA Mount Vernon, WA Spring Valley, CA
Team Corporation

Barbara FordJudith Wenzlick









Gary Watt Ford
Select

48
Bronx, NY Brooklyn, NY Deridder, LA Kissimmee, FL Miami, FL Rosepine, LA


Armani FordLoren FordMonya FordT Vasilenko









Gary Vaughn Ford
Select

48
Anderson, IN Fishers, IN Hilliard, OH Portland, IN Westfield, IN
Best Buy Cintas Corporation
Ball State University
Andrew FordChristine FordDarrell FordLinda FordRuth Ford









Gary Dell Ford
Select

49
Fairdale, KY Louisville, KY Palmyra, IN


Chandra FordDeborah FordDebra FordHenry FordLinda Meeker









George L Ford
Select

49
Cape Girardeau, MO Clearwater, FL Gainesville, FL Jackson, MO Largo, FL Ruskin, FL Saint Petersburg, FL Seminole, FL Topeka, KS Zephyrhills, FL


Lisa FordTony Ford









Gary James Ford
Select

49
Boise, ID Holloman Air Force Base, NM Horseshoe Bend, ID Juneau, AK Nampa, ID


Holly ElliottJames FordLori FordMegan FordWendy Renfro









Gary S Ford
Select

53
Barstow, CA


Donna KurtzStacy SanfordThomas SanfordTye SanfordWilma Sanford









Gary Paul Ford
Select

55
Ann Arbor, MI Chelsea, MI Gregory, MI Milan, MI Venice, FL Wabash, IN


Barbara FordBruce FordGlen FordMichael FordStacey Hoagland









Gary Wayne Ford
Select

56
Keyes, CA Modesto, CA


Deborah FordDonald FordHenry Ford









Gary L Ford
Select

56
Deputy, IN


Erlena FordPatience FordWallace Ford









Gary W Ford
Select

56
Bloomington, IN


Mary Ford









Gary Lynn Ford
Select

56
Alexandria, VA Ashburn, VA Chantilly, VA Chicago, IL Fort Lauderdale, FL Long Beach, CA Los Angeles, CA San Diego, CA Sterling, VA Studio City, CA


L ThurmanMarsha Dyson









Gary Lee Ford
Select

57
Greenwood, IN Indianapolis, IN


Ammie FordDevonie FordJames FordJennifer FordLily FordSandra CorletteShannon Ford









Gary Franklyn Ford
Select

58
Fresno, CA Merced, CA


Dylan FordPatrick FordPearl FordSabrena FordSarah Ford









Gary Ford
Select

58
Los Angeles, CA Westlake Village, CA Whittier, CA


Dennis FordGarlon FordJennifer FordLinda FordLynne FordSteven Ford









Gary Lee Ford
Select

58
Lebanon, IN Redfox, KY Richmond, IN Sassafras, KY Thorntown, IN Vicco, KY


Tammy Wright









Gary Edward Ford
Select

58
Bicknell, IN Birds, IL Lawrenceville, IL Robinson, IL


Beth LaymanM Ford









Gary Braden Ford
Select

59
San Francisco, CA












Gary W Ford
Select

59
Henderson, IA Ozark, MO Red Oak, IA Shenandoah, IA Villisca, IA
Villisca Comm School District

Bradley FordMaxine FordSharon FordWayne Ford









Gary Douglas Ford
Select

59
Lancaster, CA Palmdale, CA












Gary L Ford
Select

59
Denair, CA Hilmar, CA Turlock, CA


Jaine GartrellJanine FordJanme FordKaren ValenzuelaMerdie FordPaul FordRobert LotspeichRobin Ford









Gary A Ford
Select

59
Encinitas, CA San Diego, CA












Gary Paul Ford
Select

59
Fort Worth, TX Hoschton, GA La Place, LA Lavonia, GA Suwanee, GA Weatherford, TX Westwego, LA Winder, GA


Karen FordKrista FordShelly BlackStacey FordStephen Ford









Gary Wayne Ford
Select

60
Camdenton, MO Climax Springs, MO Fort Scott, KS Lamar, MO Liberal, MO Paola, KS Taylor, TX Thrall, TX


Elizabeth FordTamie Ford









Gary Ray Ford
Select

60
Austin, AR Cabot, AR


Benjamin FordFaith FordJustin FordSeth Ford









Gary Franklin Ford
Select

60
Los Angeles, CA San Francisco, CA West Hollywood, CA












Gary Edmund Ford
Select

62
San Rafael, CA Sausalito, CA Short Hills, NJ


Bruce FordJaime SolomonJean FordJr FordMaureen FordPeter SolomonTracy Solomon









Gary A Ford
Select

62
Greenwood, IN Indianapolis, IN


Corey FordGriffin FordTheresa Ford









Gary Lee Ford
Select

62
Carmichael, CA Citrus Heights, CA Lincoln, CA Lookout, CA Sacramento, CA


Dustin FordFranqui FordJanet FordLinda FordRachel Ford









Gary Alton Ford
Select

62
Canton, OH Elgin, IL Hoffman Estates, IL Lakewood, OH Massillon, OH Van Nuys, CA


Amy HammockAnnette FordCurtis FordDonald FordEdith FordJack FordJacob FordJessica NorrisKimberly FordLaurie Rohrer-paulLynn FordMarianne FordMikal FordRandy FordRonda FordTeela FordThad Ford









Gary L Ford
Select

62
Dryden, NY East Rochester, NY Farmington, NY Geneva, NY Honeoye Falls, NY MacEdon, NY North Tonawanda, NY Ontario Center, NY Ontario, NY The Villages, FL Webster, NY
Xerox Corporation
Alfred State College - SUNY College of Technology
Christopher FordEllen HarringtonEmily FordEsther FordFloyd FordJoann FordPatricia HarringtonWendy Ford









Gary Michael Ford
Select

62
Portland, OR Vancouver, WA












Gary L Ford
Select

63
Adair, IL Avon, IL Bushnell, IL MacOmb, IL Marietta, IL


Andrea FordCody FordCorey FordDawn AlexanderKerry FordTamara FordTy Ford









Gary Randall Ford
Select

63
Ivanhoe, CA Visalia, CA


Debra FordSarah FordSeth Ford









Gary R Ford
Select

63
Elizabeth, IN Louisville, KY


Jesse FordJudy RossKaren FordTrevor Ford









Gary R Ford
Select

63
Citrus Heights, CA Folsom, CA Somerset, CA Springfield, OR
R. Squared Circuits, Incorporated

Glenn FordJason FordLinda Ford









Gary J Ford
Select

63
Fort Wayne, IN Warsaw, IN


Aja FordJanelle FordJaron Ford









Gary Wayne Ford
Select

63
Gresham, OR Portland, OR


Gregory FordJulie Ford









Gary Paul Ford
Select

63
Idalou, TX Lawton, OK Lubbock, TX New Deal, TX Olton, TX Slaton, TX Stephenville, TX Tacoma, WA Yelm, WA
Lubbock AC Today Inc New Deal Volunteer Fire Department

Elisha ShackelfordLarry FordLeslie FordScotty FordStarr FordTara Ford









Gary Nelson Ford
Select

64
Avon Park, FL Brewton, AL Fort Pierce, FL Lake City, FL Lake Placid, FL Lakeland, FL Lebanon, TN Okeechobee, FL Sebring, FL Starke, FL


Geneva FordJoanne DealL FordLeona FordNorman FordThomas Ford









Gary A Ford
Select

64
Indianapolis, IN
Vha Central L L C

Gerald FordGreg FordMargaret FordSara Ford









Gary M Ford
Select

64
Chesapeake, VA Glen Allen, VA Portsmouth, VA Richmond, VA Virginia Beach, VA


Michelle FordSultana Salam









Gary Edwin Ford
Select

64
Arroyo Grande, CA Desert Hot Springs, CA El Cajon, CA El Dorado, AR Fallbrook, CA Lakeside, CA Loma Linda, CA Manassas, VA Monterey, CA Newport, AR Riverside, CA Rogers, AR Salinas, CA Spring Dale, AR
Arkla Conference Desert Hot Springs SDA Church El Cajon SDA Church Secc
Andrews University Loma Linda University - La Sierra Campus
Anabelinda FordArthur FordErnest FordLaura FordYvonne Ford









G L Ford
Select

64
Dallas, TX Garland, TX Mesquite, TX Richardson, TX Rockwall, TX Rowlett, TX Terrell, TX


Joe FordJulie YorkNorine Ford









Gary Gene Ford
Select

64
Highland, MI Pontiac, MI West Bloomfield, MI


Erin FordJennifer FordLucinda FordSheryl Ford









Gary Eugene Ford
Select

65
Los Angeles, CA Playa Del Rey, CA












Gary Alan Ford
Select

65
Billings, MT Escondido, CA Oceanside, CA Ramona, CA San Diego, CA


Calvin FordMaureen FordSusan SelsorSylvia MacManus









Gary A Ford
Select

65
Anderson, IN Baltimore, OH Beverly, OH Malta, OH Marietta, OH


Carol FordChad FordLinda Meier









Gary Paul Ford
Select

65
Bronx, NY District Heights, MD Los Angeles, CA New York, NY Rockville, MD Silver Spring, MD Takoma Park, MD
J.P. Morgan & Co.











Gary C Ford
Select

66
Aroma Park, IL Bloomington, IL Champaign, IL Chicago, IL Dwight, IL Pekin, IL
Canadian Speaker Fuel Cell Technologies Ltd. Grace United Methodist Church Life Is Sales Inc. Monterey Peninsula SDA Church Rotary International TD Canada Trust Umc
Illinois Wesleyan University Southern Methodist University University of Dayton University of Pittsburgh University of Waterloo
Abby FordAllison FordClaire FordElisabeth FordKatie FordMeredith FordNathan FordRev Ford









Gary L Ford
Select

66
Albuquerque, NM Capitan, NM Carlsbad, NM Conchas Dam, NM El Mirage, AZ Moriarty, NM Needles, CA Truth or Consequences, NM Williamsburg, NM


D'lorah FordEleanor FordMichael Ford









Gary W Ford
Select

66
Carson, CA Collierville, TN Huntington Beach, CA Long Beach, CA Portsmouth, NH Riverside, CA Stoughton, MA
ABI Manufacturing Corp ABI Precious American Bullion Investment Company Flux Appeal Precious Metals

Joyce Ford









Gary Robert Ford
Select

66
Beaverton, OR


Barbara FordRandolph FordRobert FordThomas Ford









Gary W Ford
Select

66
Bohemia, NY Los Angeles, CA Valley Stream, NY
CB Richard Ellis Inc
Antioch University
Christopher FordElizabeth BrownMildred FordStephanie FordWilliam Ford









Gary Manning Ford
Select

67
Annapolis, MD Bethesda, MD Chevy Chase, MD Silver Spring, MD Washington, DC


Daniel FordMichael FordNancy EbbNe Ford









Gary Michael Ford
Select

67
El Cajon, CA Lake Elsinore, CA Moreno Valley, CA Oregon City, OR Portland, OR Spring Valley, CA Sun City, CA


Christina PiersonJeannette FordKwin AuTanya FordWai Au









Gary Lee Ford
Select

67
Castro Valley, CA Glen Dale, AZ Hayward, CA Pleasanton, CA San Ramon, CA


Ian FordJohn SmithLaurie FordSean Ford









Gary E Ford
Select

68
Beaverton, OR Boring, OR Camas, WA Cloverdale, OR Dallas, OR Gresham, OR Oregon City, OR Pacific City, OR Portland, OR Springfield, MO Trout Dale, OR


Alta ThomasBrighton FordGeorgia FordJack FordJoseph FordLeo FordMichelle ButterfieldPearl FordTamara Ford









Gary Clinton Ford
Select

68
Walnut Creek, CA


Hove FordKathleen Hove









Gary Lamar Ford
Select

68
Compton, CA Lake Elsinore, CA Menifee, CA Sun City, CA


Annie SaenzCarl FordCarolyn FordDorothy FordElevin FordFreddie FordJeffrey FordLouise FordOscar FordTomeka Ford









Gary Lee Ford
Select

68
Carrollton, KY Madison, IN


Helen FordStanley Ford









Gary J Ford
Select

68
Red Bluff, CA Santa Ana, CA


Angela FordBetty FordFam FordJack FordPatricia FordShawn FordSheltered FordTracy Ford









Gary W Ford
Select

68
Belfast, NY Burt, NY Niagara Falls, NY North Tonawanda, NY Olcott, NY Tonawanda, NY


Bernadette FordKimberly MorningstarMargaret FordMichael FordWilliam Ford









Gary Scott Ford
Select

69
Carpinteria, CA Culver City, CA Los Angeles, CA Santa Monica, CA


Claude FordLeah FordLinda FordMr FordShawna FordTammie Ford









Gary Edward Ford
Select

69
Austin, MN Cabazon, CA Palm Springs, CA


Belinda FordEllen Ford









Gary William Ford
Select

69
East Islip, NY Freeport, NY Glen Cove, NY Glen Head, NY Glenwood Landing, NY Lady Lake, FL Ocala, FL Oxford, FL Pawleys Island, SC


Gerard FordHaywood FordMichael FordPatricia Ford









Gary Douglas Ford
Select

69
Alpine, UT American Fork, UT Brooklyn, NY Lehi, UT Lindon, UT Provo, UT Salem, UT Sandy, UT Woodside, NY


Aaron FordAbraham FordAdam FordAliese FordAmmon FordAndrew FordAnne WhiteAnnemarie FordCarolyn FordGinger FordShaleen FordWilliam Ford









Gary Thomas Ford
Select

69
Byram, MS Florence, MS Jackson, MS Ridgeland, MS Tupelo, MS Youngstown, OH


Angel DayeDoris FordDorothy FordEdna FordElisa FordHarry FordJairus FordKenyon FordLynda FordPearl FordRobert Ford









Gary F Ford
Select

70
Huntington Beach, CA Los Angeles, CA Woodway, TX
Rubberbanditz LLC

Andre FordWouterlina Ford









Gary Lee Ford
Select

70
Alexandria, LA Amarillo, TX Chillicothe, OH Fall Branch, TN Henderson, NV Knoxville, TN Las Vegas, NV Nashville, TN Sumter, SC


Cindy FordLondon Ford









Gary L Ford
Select

70
Camarillo, CA Glendora, CA Oak View, CA San Dimas, CA


Amy FordJeff FordJessica FordJim FordKari FordKathleen FordPamela FordRobbin Ford









Gary Lynn Ford
Select

70
Fairburn, GA Lewisville, TX North Hollywood, CA Sherman, TX Woodland Hills, CA


Lori FordMarjorie FordMark FordMatthew FordMerkle Ford









Gary E Ford
Select

71
Davis, CA
UC Davis USAF
Chester Junior-Senior High School Stanford University University of California, Davis
Adrian FordEvan FordKristin FordSusan FordVirginia Ford









Gary Vernon Ford
Select

72
Chillicothe, MO Clearlake Oaks, CA Willits, CA


Diane FordTracey Barlow









Gary D Ford
Select

74
Santa Maria, CA


Dorothy FordGerald FordJames FordJim FordJudith FordScott FordStephanie FordWarren Ford









Gary Neil Ford
Select

74
Daytona Beach, FL Gilbertsville, KY Kevil, KY Paducah, KY West Paducah, KY


Brenda FordCindy HittGeorge Ford









Gary O Ford
Select

75
Salem, OR


Nona Ford









Gary A Ford
Select

75
Las Vegas, NV Napa, CA


C FordJerry FordNeal FordVelma Ford









Gary Scott Ford
Select

76
Cedar Falls, IA Cedar Rapids, IA Hiawatha, IA Lady Lake, FL Marion, IA


Cindy FranzenGerald FordMichael AlbertNorma FordSara AlbertSuzanne Ford









Gary A Ford
Select

76
Wolcottville, IN












Gary V Ford
Select

77
Rogers, AR












Gary D Ford
Select

77
Las Vegas, NV


Ray FordShirley Ford









Gary Brown Ford
Select

77
Hernando, FL Hudson, FL Maggie Valley, NC Marathon, FL New Port Richey, FL Odessa, FL Palm Harbor, FL Spring Hill, FL
BG Enterprises

Kae BrownKathleen BrownRoy BrownSusan Brown









Gary W Ford
Select

79
Landers, CA Sparks, NV Yucca Valley, CA


Karen FordKarin FordRussell FordSteven Ford









Gary S Ford
Select

80
Danforth, ME Lawtey, FL Milton, FL Monticello, ME Westfield, ME Weston, ME Zephyrhills, FL


Maville Ford









Gary Lee Ford
Select

82
Orange, CA Rancho Santa Margarita, CA Santa Ana, CA Trabuco Canyon, CA
E Plastering Inc Ford Plastering Inc.

Adrienne FordAshley FordChristina FlillerDarrell FordDarrin FordPaula Ford









Gary Sacha Ford
Select

84
Los Angeles, CA












Gary Ford
Select


Bay City, TX Conroe, TX Tomball, TX


Stephanie FordSteven FordVanda FordYoun-Hee Ford









Gary Ford
Select


Sacramento, CA












Gary Ford
Select


Bend, OR


Cynthia Ford









Gary S Ford
Select


Downieville, CA Goodyears Bar, CA












Gary M Ford
Select


Charlottesville, VA New York, NY San Francisco, CA Washington, DC
Gibson Design Associates Inc Groom Law Group Legal Times MCE Social Capital Microcredit Enterprises The Garrigan Lyman Group Inc The Synergos Institute
Boston University Harvard University Harvard










Gary Ford
Select


Portland, OR
























If you need to refine or change your search, use this form.



			First Name:






			Middle:






			Last Name:







				Last Known State:

All States
Alabama
Alaska
Arizona
Arkansas
California
Colorado
Connecticut
Delaware
Florida
Georgia
Hawaii
Idaho
Illinois
Indiana
Iowa
Kansas
Kentucky
Louisiana
Maine
Maryland
Massachusetts
Michigan
Minnesota
Mississippi
Missouri
Montana
Nebraska
Nevada
New Hampshire
New Jersey
New Mexico
New York
North Carolina
North Dakota
Ohio
Oklahoma
Oregon
Pennsylvania
Rhode Island
South Carolina
South Dakota
Tennessee
Texas
Utah
Vermont
Virginia
Washington
Washington DC
West Virginia
Wisconsin
Wyoming



Please enter both a first and last name, and only alphabetic characters, and do not uses spaces, suffixes such as "Jr.", "Sr.", etc.
Please enter both a first and last name, and only alphabetic characters, and do not uses spaces, suffixes such as "Jr.", "Sr.", etc.
Please enter both a first and last name, and only alphabetic characters, and do not uses spaces, suffixes such as "Jr.", "Sr.", etc.
First name is required.
Last name is required.






















Follow











          PublicRecords.com is focused on helping you learn more about people in a safe and responsible manner.
          PublicRecords.com does not provide consumer reports and is not a consumer reporting agency as defined by the 
          Fair Credit Reporting Act (FCRA).  This site should not be used to determine an individual’s eligibility 
          for credit, insurance, employment, housing or any other purpose covered by the FCRA.
        



Help


About Us


Privacy Policy


Contact Us


FAQs


Terms & Conditions


			Copyright © 2003-2016, PublicRecords.com
		





















The Xara Gallery









































Toggle navigation


Xara 



Products







Xara Products
Overview of the products
Designer Pro X365
Photo & Graphic Designer 365
Page & Layout Designer 11
Web Designer 365 Premium
Web Designer 365
Xara 3D Maker 7

Localized Software
Software for Education
Purchasing for Business




MAGIX Products
Overview of the products
Movie Edit Pro Plus
Music Maker
Music Maker Premium
Photostory Deluxe
Video Pro X




Business Specific
Web Themes
Print Themes




Used for
Photo Editing
Illustration
Presentations
Web Design
Page Layout
All of the above

Special Offers








Downloads







Xara Free Trials
Designer Pro X365
Photo & Graphic Designer 365
Page & Layout Designer 11
Web Designer 365 Premium
Web Designer 365
Xara 3D Maker 7




MAGIX Free Trials
Movie Edit Pro 2016 Plus
Music Maker 2016
Music Maker 2016 Live
Photostory 2016 Deluxe
Video Pro X7




Patches & Updates
Version 10 and 11 updates










Support & Community







Product Support
Support Home
Knowledgebase
Troubleshooters
Resource Index
Widget Guide




Community
Community Home
Forums
Affiliate Program
Artist Gallery
Website Gallery




The Outsider
Edition Index


If you’d like to receive the monthly Xara Outsider Newsletter, please enter your email address and
click the 'submit' button.

























 U.S. Dollar

 Pound Sterling
 Euro



 Register / Sign in









Web Designer 365 & Premium

Overview
Try Now
Buy Now
Features
Videos
What's New
Website Gallery
Templates
Compare






 Try Now
 Buy Now







Photo & Graphic Designer 365

Overview
Try Now
Buy Now
Features
Videos
What's New
Gallery
Templates
Examples






 Try Now
 Buy Now







Page & Layout Designer 11

Overview
Try Now
Buy Now
Features
Videos
What's New
Templates






 Try Now
 Buy Now







Designer Pro X365

Overview
Try Now
Buy Now
Features
Videos
What's New
Gallery
Upgrade
Advanced
Templates
Photo Examples
Compare






 Try Now
 Buy Now







3D Maker 7

Overview
Try Now
Buy Now
Examples
Features
What's New
Videos
Screenshots
Reviews






 Try Now
 Buy Now












Artist Gallery





All the images in this Gallery are created in Xara Designer Pro or Xara Photo & Graphic Designer and displayed with the kind permission of the authors. You can see example websites ceated by Xara Designer Pro owners in the Website Gallery.


Select an artist


Artist Index

 Aiyanne Chan
 Alan Burns
 Alfonso Montalvo
 Andrew Wrigley 
 Aram Alvarez
 Bill Dale
 Bob Hahn
 Daniel Will-Harris
 Dave Cockburn
 Denis Sazhin
 Derek Cooper
 Dusan Kastelic
 Estince Voi
 Eugene Spearance
 Evgeny Rogachev
 Gary David Bouton
 Gary Priester
 Graham Ward
 Javier Vila
 José Campoy
 Kane Rogers
 Leo Gonçalves
 Luca Pennisi
 Mark Lockett
 Michael Tumey
 Minimiro
 Mis i Pile
 Mohamed Elhlaly
 Nancy Griffin
 Rik Datta
 Ronald C. Duke
 Simone Pampado
 Valery Kouleshov
 Vjekoslav Ranec
 Vladimir Konstantinovic
 William Clegg
 Zeb




All
Photo Realistic
Vehicles
People
Nature
Cartoons
Business











Tweet













Egretpond
Nancy Griffin
Nancy Griffin, Egretpond, 










Street car Graz
Mohamed Elhlaly
Mohamed Elhlaly, Street car Graz, 










All Seeing Eye
Gary Priester
Gary Priester, All Seeing Eye, 










Jovem nerd alpha wallpaper 
Leo Gonçalves
Leo Gonçalves, Jovem nerd alpha wallpaper , 










Briggs e tobias
Leo Gonçalves
Leo Gonçalves, Briggs e tobias, 










Kugle
Vjekoslav Ranec
Vjekoslav Ranec, Kugle, 










Edson2
Alfonso Montalvo
Alfonso Montalvo, Edson2, 










Red Rose Cardinal
Aiyanne Chan
Aiyanne Chan, Red Rose Cardinal, 










Technic
Mohamed Elhlaly
Mohamed Elhlaly, Technic, 










Jovem nerd alpha
Leo Gonçalves
Leo Gonçalves, Jovem nerd alpha, 










1917 Indian Board Tracker
Ronald C. Duke
Ronald C. Duke, 1917 Indian Board Tracker, 










Dubox
Leo Gonçalves
Leo Gonçalves, Dubox, 










Lookup Table
Gary David Bouton
Gary David Bouton, Lookup Table, 










Logo
Simone Pampado
Simone Pampado, Logo, 










Mountains of Time
Dave Cockburn
Dave Cockburn, Mountains of Time, 










Crystal Ball
Gary Priester
Gary Priester, Crystal Ball, 










Spring
Nancy Griffin
Nancy Griffin, Spring, 










Utvikle
Michael Tumey
Michael Tumey, Utvikle, 










TimeChaser
Aiyanne Chan
Aiyanne Chan, TimeChaser, 










05
Minimiro
Minimiro, 05, 










Africa
William Clegg
William Clegg, Africa, 










Ibotcase
Mohamed Elhlaly
Mohamed Elhlaly, Ibotcase, 










Nick ellis
Leo Gonçalves
Leo Gonçalves, Nick ellis, 










Book Cover 
Alfonso Montalvo
Alfonso Montalvo, Book Cover , 










Trail Bike
Andrew Wrigley 
Andrew Wrigley , Trail Bike, 










Packaging Design
Alfonso Montalvo
Alfonso Montalvo, Packaging Design, 










Monstro 2
Leo Gonçalves
Leo Gonçalves, Monstro 2, 










Bentley
Evgeny Rogachev
Evgeny Rogachev, Bentley, 










Morgan of yesterday
Mohamed Elhlaly
Mohamed Elhlaly, Morgan of yesterday, 










Klik5
Vjekoslav Ranec
Vjekoslav Ranec, Klik5, 










Zero
Andrew Wrigley 
Andrew Wrigley , Zero, 










Helmets
Mohamed Elhlaly
Mohamed Elhlaly, Helmets, 










1955 Jaguar XK 150
Ronald C. Duke
Ronald C. Duke, 1955 Jaguar XK 150, 










Old phone
Luca Pennisi
Luca Pennisi, Old phone, 










Medals
Vjekoslav Ranec
Vjekoslav Ranec, Medals, 










Helicopter
Andrew Wrigley 
Andrew Wrigley , Helicopter, 










Brass Ships Compass
Mohamed Elhlaly
Mohamed Elhlaly, Brass Ships Compass, 










19
Minimiro
Minimiro, 19, 










2011 Camparo 2ss
Ronald C. Duke
Ronald C. Duke, 2011 Camparo 2ss, 










Label Design
Bill Dale
Bill Dale, Label Design, 










The Warrior Sleep
Simone Pampado
Simone Pampado, The Warrior Sleep, 










Rad Clips
Bob Hahn
Bob Hahn, Rad Clips, 










Duende Amarelo
Leo Gonçalves
Leo Gonçalves, Duende Amarelo, 










The Golden Mask
Mohamed Elhlaly
Mohamed Elhlaly, The Golden Mask, 










Farmer Treasure
Dave Cockburn
Dave Cockburn, Farmer Treasure, 










The Reactive
Mis i Pile
Mis i Pile, The Reactive, 










Attack of the Tentacles!
Mark Lockett
Mark Lockett, Attack of the Tentacles!, 










Katsuki
Aiyanne Chan
Aiyanne Chan, Katsuki, 










Tabletop Jukebox
Gary David Bouton
Gary David Bouton, Tabletop Jukebox, 










Robi
Alfonso Montalvo
Alfonso Montalvo, Robi, 










10
Minimiro
Minimiro, 10, 










Cocktails
Luca Pennisi
Luca Pennisi, Cocktails, 










The Little Match Girl
Aiyanne Chan
Aiyanne Chan, The Little Match Girl, 










Girard Perregaux N1
Simone Pampado
Simone Pampado, Girard Perregaux N1, 










Pilot Clipview
Andrew Wrigley 
Andrew Wrigley , Pilot Clipview, 










Diva Poster 2
Bill Dale
Bill Dale, Diva Poster 2, 










Business Card
José Campoy
José Campoy, Business Card, 










Fusion
Simone Pampado
Simone Pampado, Fusion, 










Military Concept Rendering
Bill Dale
Bill Dale, Military Concept Rendering, 










03
Aram Alvarez
Aram Alvarez, 03, 










Helicopter Interior Rendering
Bill Dale
Bill Dale, Helicopter Interior Rendering, 










02
Daniel Will-Harris
Daniel Will-Harris, 02, 










Sacrifice
Vladimir Konstantinovic
Vladimir Konstantinovic, Sacrifice, 










Anaglyph 4
Bob Hahn
Bob Hahn, Anaglyph 4, 










MPRsite
Dave Cockburn
Dave Cockburn, MPRsite, 










Su-30
Vjekoslav Ranec
Vjekoslav Ranec, Su-30, 










Light in grass
Valery Kouleshov
Valery Kouleshov, Light in grass, 










Ninja
Javier Vila
Javier Vila, Ninja, 










01
Aram Alvarez
Aram Alvarez, 01, 










Miura
José Campoy
José Campoy, Miura, Car, Lamborghini










Hot rod
Mohamed Elhlaly
Mohamed Elhlaly, Hot rod, 










P51 Jelly Belly
Andrew Wrigley 
Andrew Wrigley , P51 Jelly Belly, 










Josie Maran
Eugene Spearance
Eugene Spearance, Josie Maran, 










Tourism
Denis Sazhin
Denis Sazhin, Tourism, 










The Bugs
Dusan Kastelic
Dusan Kastelic, The Bugs, 










Wine label
Bill Dale
Bill Dale, Wine label, 










Trees
Nancy Griffin
Nancy Griffin, Trees, 










1956 Ford Pickup Lowrider
Ronald C. Duke
Ronald C. Duke, 1956 Ford Pickup Lowrider, 










ECycle
Dave Cockburn
Dave Cockburn, ECycle, 










23
Minimiro
Minimiro, 23, 










08
Minimiro
Minimiro, 08, 










Rainbow Poster
Bill Dale
Bill Dale, Rainbow Poster, 










Watchtrio
Nancy Griffin
Nancy Griffin, Watchtrio, 










06
Minimiro
Minimiro, 06, 










Easy Rencontre
Mis i Pile
Mis i Pile, Easy Rencontre, 










primavera
Simone Pampado
Simone Pampado, primavera, 










Spaceman
Estince Voi
Estince Voi, Spaceman, 










Freud
Leo Gonçalves
Leo Gonçalves, Freud, 










Discipleship Drivers01
Zeb
Zeb, Discipleship Drivers01, 










01
Daniel Will-Harris
Daniel Will-Harris, 01, 










Fairy Bat Chinese New Year
Aiyanne Chan
Aiyanne Chan, Fairy Bat Chinese New Year, 










Fly Soup
Dave Cockburn
Dave Cockburn, Fly Soup, 










Superman
Rik Datta
Rik Datta, Superman, 










Meet and Greet Part1 cover
Zeb
Zeb, Meet and Greet Part1 cover, 










Ferrari Named Colors
Mohamed Elhlaly
Mohamed Elhlaly, Ferrari Named Colors, 










Character
José Campoy
José Campoy, Character, 










Tatoo
Simone Pampado
Simone Pampado, Tatoo, 










Mazda RX7
Evgeny Rogachev
Evgeny Rogachev, Mazda RX7, 










Diver old mask
Mohamed Elhlaly
Mohamed Elhlaly, Diver old mask, 










The Bad Blonde
Mark Lockett
Mark Lockett, The Bad Blonde, 










Sony Ericsson
Mohamed Elhlaly
Mohamed Elhlaly, Sony Ericsson, 










03
Daniel Will-Harris
Daniel Will-Harris, 03, 










Aircraft Interior Rendering
Bill Dale
Bill Dale, Aircraft Interior Rendering, 










2008 Bugatti Veyron
Ronald C. Duke
Ronald C. Duke, 2008 Bugatti Veyron, 










07
Minimiro
Minimiro, 07, 










Aquaman
Leo Gonçalves
Leo Gonçalves, Aquaman, 










Watch
Nancy Griffin
Nancy Griffin, Watch, 










Xara Toolbox
José Campoy
José Campoy, Xara Toolbox, 










Twist
Dave Cockburn
Dave Cockburn, Twist, 










Info Chicken Thumbs
Estince Voi
Estince Voi, Info Chicken Thumbs, 










Droopy Tulip
Derek Cooper
Derek Cooper, Droopy Tulip, 










1litro
José Campoy
José Campoy, 1litro, 










Sony Handycam
Evgeny Rogachev
Evgeny Rogachev, Sony Handycam, 










Broken Castle
Michael Tumey
Michael Tumey, Broken Castle, 










24
Minimiro
Minimiro, 24, 










One Heart01
Zeb
Zeb, One Heart01, 










1956 Chevrolet Belair Street Rod
Ronald C. Duke
Ronald C. Duke, 1956 Chevrolet Belair Street Rod, 










Airshow Poster Road Barons
Bill Dale
Bill Dale, Airshow Poster Road Barons, 










Helicopter Livery Design
Bill Dale
Bill Dale, Helicopter Livery Design, 










Love slave
Mark Lockett
Mark Lockett, Love slave, 










Happiness
Gary David Bouton
Gary David Bouton, Happiness, 










Anaglyph 1
Bob Hahn
Bob Hahn, Anaglyph 1, 










Autumn
Nancy Griffin
Nancy Griffin, Autumn, 










Pucara1
Vjekoslav Ranec
Vjekoslav Ranec, Pucara1, 










Aircraft Styling Rendering
Bill Dale
Bill Dale, Aircraft Styling Rendering, 










04
Minimiro
Minimiro, 04, 










Citizen
Javier Vila
Javier Vila, Citizen, 










Sketch
Bob Hahn
Bob Hahn, Sketch, 










17
Minimiro
Minimiro, 17, 










Flash
Leo Gonçalves
Leo Gonçalves, Flash, 










Spiderman ambientado
Leo Gonçalves
Leo Gonçalves, Spiderman ambientado, 










15
Minimiro
Minimiro, 15, 










Diva Poster 1
Bill Dale
Bill Dale, Diva Poster 1, 










Bikergirl
Andrew Wrigley 
Andrew Wrigley , Bikergirl, 










Info Chicken Business
Estince Voi
Estince Voi, Info Chicken Business, 










Anaglyph 3
Bob Hahn
Bob Hahn, Anaglyph 3, 










Chuck Older Flying Tiger
Graham Ward
Graham Ward, Chuck Older Flying Tiger, 










02
Minimiro
Minimiro, 02, 










11
Minimiro
Minimiro, 11, 










Airshow Poster Thunderbirds
Bill Dale
Bill Dale, Airshow Poster Thunderbirds, 










1935 Auburnboattail
Ronald C. Duke
Ronald C. Duke, 1935 Auburnboattail, 










Glass Disc
Gary Priester
Gary Priester, Glass Disc, 










Onion
Derek Cooper
Derek Cooper, Onion, 










Spaceship1
Estince Voi
Estince Voi, Spaceship1, 










04
Aram Alvarez
Aram Alvarez, 04, 










VW bus
Mohamed Elhlaly
Mohamed Elhlaly, VW bus, 










Gold vest
Nancy Griffin
Nancy Griffin, Gold vest, 










03
Minimiro
Minimiro, 03, 










SR K
Leo Gonçalves
Leo Gonçalves, SR K, 










FishToSchool
Estince Voi
Estince Voi, FishToSchool, 










Opel
Javier Vila
Javier Vila, Opel, 










Valentines
Nancy Griffin
Nancy Griffin, Valentines, 










Spaceship2
Estince Voi
Estince Voi, Spaceship2, 










1950 Ford Custom Convertible
Ronald C. Duke
Ronald C. Duke, 1950 Ford Custom Convertible, 










Horse 2 Rein
Nancy Griffin
Nancy Griffin, Horse 2 Rein, 










Flor
José Campoy
José Campoy, Flor, 










1910 Blackwater Panthera
Ronald C. Duke
Ronald C. Duke, 1910 Blackwater Panthera, 










Rose
Derek Cooper
Derek Cooper, Rose, 










Girl 6
Eugene Spearance
Eugene Spearance, Girl 6, 










Sail Plane
Bill Dale
Bill Dale, Sail Plane, 










Mower Design Rendering
Bill Dale
Bill Dale, Mower Design Rendering, 










Mis i Pile
Mis i Pile
Mis i Pile, Mis i Pile, 










Aquavox
Gary David Bouton
Gary David Bouton, Aquavox, 










Mulher maravilha 2
Leo Gonçalves
Leo Gonçalves, Mulher maravilha 2, 










21
Minimiro
Minimiro, 21, 










Anaglyph 2
Bob Hahn
Bob Hahn, Anaglyph 2, 










X-Code
Simone Pampado
Simone Pampado, X-Code, 










Bushido the last samurai
Mohamed Elhlaly
Mohamed Elhlaly, Bushido the last samurai, 










Dried rose
Derek Cooper
Derek Cooper, Dried rose, 










Designer 6 ELMOTO1
Mohamed Elhlaly
Mohamed Elhlaly, Designer 6 ELMOTO1, 










Carry
Bob Hahn
Bob Hahn, Carry, 










Coffee
Mohamed Elhlaly
Mohamed Elhlaly, Coffee, 










26
Minimiro
Minimiro, 26, 










Samsung NV15 and S1060
Evgeny Rogachev
Evgeny Rogachev, Samsung NV15 and S1060, 










My Country
Zeb
Zeb, My Country, 










09
Minimiro
Minimiro, 09, 










DKNY
Javier Vila
Javier Vila, DKNY, 










Mini
Javier Vila
Javier Vila, Mini, 










DarkHorse
Estince Voi
Estince Voi, DarkHorse, 










Rostropovich
Valery Kouleshov
Valery Kouleshov, Rostropovich, 










Natures journey
Nancy Griffin
Nancy Griffin, Natures journey, 










Corkscrew
Luca Pennisi
Luca Pennisi, Corkscrew, 










2010 Christmas Kids mag cover2
Zeb
Zeb, 2010 Christmas Kids mag cover2, 










Time with the Spirit in the Glass Bottle
Aiyanne Chan
Aiyanne Chan, Time with the Spirit in the Glass Bottle, 










Super Mario 3
Alfonso Montalvo
Alfonso Montalvo, Super Mario 3, 










Wilderness
Dave Cockburn
Dave Cockburn, Wilderness, 










Credit Card
Rik Datta
Rik Datta, Credit Card, 










Geebee Racer
Graham Ward
Graham Ward, Geebee Racer, 










Telescope
Andrew Wrigley 
Andrew Wrigley , Telescope, 










Tchaikovsky
Vladimir Konstantinovic
Vladimir Konstantinovic, Tchaikovsky, 










Watch
José Campoy
José Campoy, Watch, 










Lanterna verde
Leo Gonçalves
Leo Gonçalves, Lanterna verde, 










XS Billing
Mis i Pile
Mis i Pile, XS Billing, 










To steal my man
Mark Lockett
Mark Lockett, To steal my man, 










Bathroom
Luca Pennisi
Luca Pennisi, Bathroom, 










Weather
Denis Sazhin
Denis Sazhin, Weather, 










Wasp
Luca Pennisi
Luca Pennisi, Wasp, 










PSP 3000
Evgeny Rogachev
Evgeny Rogachev, PSP 3000, 










Microscope
Alan Burns
Alan Burns, Microscope, 










See God02
Zeb
Zeb, See God02, 










Snow White & Rose Red
Aiyanne Chan
Aiyanne Chan, Snow White & Rose Red, 










Jaguar
Javier Vila
Javier Vila, Jaguar, 










Watch
Alan Burns
Alan Burns, Watch, 










Art and Design
José Campoy
José Campoy, Art and Design, 










Mechanical Life
José Campoy
José Campoy, Mechanical Life, 










Profile
Valery Kouleshov
Valery Kouleshov, Profile, 










Dogs
Dave Cockburn
Dave Cockburn, Dogs, 










01
Minimiro
Minimiro, 01, 










John01
Zeb
Zeb, John01, 










1954 Chevrolet Belair 2 Door
Ronald C. Duke
Ronald C. Duke, 1954 Chevrolet Belair 2 Door, 










Motel
Gary David Bouton
Gary David Bouton, Motel, 










BMW M3
Evgeny Rogachev
Evgeny Rogachev, BMW M3, 










Fence fix post
Nancy Griffin
Nancy Griffin, Fence fix post, 










Penguin Christmas
Dave Cockburn
Dave Cockburn, Penguin Christmas, 










Blog Serge
Mis i Pile
Mis i Pile, Blog Serge, 










Aesthetics of Time
Simone Pampado
Simone Pampado, Aesthetics of Time, 










Cristo alla colonna
Simone Pampado
Simone Pampado, Cristo alla colonna, 










Viper
José Campoy
José Campoy, Viper, Car, Dodge










GT3
Mohamed Elhlaly
Mohamed Elhlaly, GT3, 










Zippo
Gary Priester
Gary Priester, Zippo, 










Harley
Andrew Wrigley 
Andrew Wrigley , Harley, 










Bulb
Luca Pennisi
Luca Pennisi, Bulb, 










Mercurius' Page
Aiyanne Chan
Aiyanne Chan, Mercurius' Page, 










25
Minimiro
Minimiro, 25, 










BookGuardians
Estince Voi
Estince Voi, BookGuardians, 










Envelope
José Campoy
José Campoy, Envelope, 










Batman
Leo Gonçalves
Leo Gonçalves, Batman, 










20
Minimiro
Minimiro, 20, 










1955 Mercedes 300
Ronald C. Duke
Ronald C. Duke, 1955 Mercedes 300, 










At Speed
Kane Rogers
Kane Rogers, At Speed, 










Old Man
Vladimir Konstantinovic
Vladimir Konstantinovic, Old Man, 










Anillo
Javier Vila
Javier Vila, Anillo, 










Chameleon
Estince Voi
Estince Voi, Chameleon, 










Curious Curio and the Spirit in the Glass Bottle
Aiyanne Chan
Aiyanne Chan, Curious Curio and the Spirit in the Glass Bottle, 










Detail from Neptune Station
Michael Tumey
Michael Tumey, Detail from Neptune Station, 










Jeeps
Mohamed Elhlaly
Mohamed Elhlaly, Jeeps, 










GIOVANNA D\'ARCO
Simone Pampado
Simone Pampado, GIOVANNA D\'ARCO, 










Azaghal
Leo Gonçalves
Leo Gonçalves, Azaghal, 










Lobus
Leo Gonçalves
Leo Gonçalves, Lobus, 










Mayan
Denis Sazhin
Denis Sazhin, Mayan, 










Pop Art
Gary David Bouton
Gary David Bouton, Pop Art, 










Hurricane
Andrew Wrigley 
Andrew Wrigley , Hurricane, 










Dollar
Rik Datta
Rik Datta, Dollar, 










Worm and Ink
Gary Priester
Gary Priester, Worm and Ink, 










Drawings
Mohamed Elhlaly
Mohamed Elhlaly, Drawings, 










1972 PORSCHE 911T
Ronald C. Duke
Ronald C. Duke, 1972 PORSCHE 911T, 










PS3
Evgeny Rogachev
Evgeny Rogachev, PS3, 










Mini
Alan Burns
Alan Burns, Mini, 










Friends
Bob Hahn
Bob Hahn, Friends, 










Light Nightingale
Aiyanne Chan
Aiyanne Chan, Light Nightingale, 










Glory Wallpaper
Rik Datta
Rik Datta, Glory Wallpaper, 










M18 Hellcat Tank Destroyer
Andrew Wrigley 
Andrew Wrigley , M18 Hellcat Tank Destroyer, 










Rose
Eugene Spearance
Eugene Spearance, Rose, 










Roman Senate
Dave Cockburn
Dave Cockburn, Roman Senate, 










Flower
Nancy Griffin
Nancy Griffin, Flower, 










1969 Ford Econoline Van W Camper Shell
Ronald C. Duke
Ronald C. Duke, 1969 Ford Econoline Van W Camper Shell, 










1956 Chevrolet Convertible
Ronald C. Duke
Ronald C. Duke, 1956 Chevrolet Convertible, 










The SkyBlast
Simone Pampado
Simone Pampado, The SkyBlast, 










Stutz Black Hawk Special
Graham Ward
Graham Ward, Stutz Black Hawk Special, 










Buds 2
Bob Hahn
Bob Hahn, Buds 2, 










Electricity Explained
Gary David Bouton
Gary David Bouton, Electricity Explained, 










1953 Chrysler with Marilyn
Ronald C. Duke
Ronald C. Duke, 1953 Chrysler with Marilyn, 










Tin Ointment
Rik Datta
Rik Datta, Tin Ointment, 










Foquita
Alfonso Montalvo
Alfonso Montalvo, Foquita, 










Military Helicopter Concept Rendering
Bill Dale
Bill Dale, Military Helicopter Concept Rendering, 










Santas
Denis Sazhin
Denis Sazhin, Santas, 










Curious Curio and the Hopeful Light
Aiyanne Chan
Aiyanne Chan, Curious Curio and the Hopeful Light, 










Dragon
Estince Voi
Estince Voi, Dragon, 










Card Reader
Gary David Bouton
Gary David Bouton, Card Reader, 










Bridge
Derek Cooper
Derek Cooper, Bridge, 










Santagun
Denis Sazhin
Denis Sazhin, Santagun, 










Moderna Icons
Mis i Pile
Mis i Pile, Moderna Icons, 










Riannah
Derek Cooper
Derek Cooper, Riannah, 










Bug
Nancy Griffin
Nancy Griffin, Bug, 










27
Simone Pampado
Simone Pampado, 27, 










Milk bottle tulips
Derek Cooper
Derek Cooper, Milk bottle tulips, 










Castle
Bob Hahn
Bob Hahn, Castle, 










Curious Curio & The Winter Rose
Aiyanne Chan
Aiyanne Chan, Curious Curio & The Winter Rose, 










27
Minimiro
Minimiro, 27, 










Digital X
Simone Pampado
Simone Pampado, Digital X, 










Mauricio
Javier Vila
Javier Vila, Mauricio, 










Buds 1
Bob Hahn
Bob Hahn, Buds 1, 










Dialog Visiotech DV-KX30CU
Evgeny Rogachev
Evgeny Rogachev, Dialog Visiotech DV-KX30CU, 










Tucano
Leo Gonçalves
Leo Gonçalves, Tucano, 










14
Minimiro
Minimiro, 14, 










Monstro 3
Leo Gonçalves
Leo Gonçalves, Monstro 3, 










Ferrari
Mohamed Elhlaly
Mohamed Elhlaly, Ferrari, 










1939 Pontiac Special Wagon 
Ronald C. Duke
Ronald C. Duke, 1939 Pontiac Special Wagon , 










Bluehand
Leo Gonçalves
Leo Gonçalves, Bluehand, 










Xara Liquidoexport
José Campoy
José Campoy, Xara Liquidoexport, 










Summer
Nancy Griffin
Nancy Griffin, Summer, 










Quadrata Icons
Mis i Pile
Mis i Pile, Quadrata Icons, 










Casio Oceanus
Evgeny Rogachev
Evgeny Rogachev, Casio Oceanus, 










Vectoria Icons
Mis i Pile
Mis i Pile, Vectoria Icons, 










Rabbit
Estince Voi
Estince Voi, Rabbit, 










Jelly
Estince Voi
Estince Voi, Jelly, 










12
Minimiro
Minimiro, 12, 










Michael Jackson
Alfonso Montalvo
Alfonso Montalvo, Michael Jackson, 










Crystal Eye
Gary Priester
Gary Priester, Crystal Eye, 










Fire Engine
Andrew Wrigley 
Andrew Wrigley , Fire Engine, 










Admin buildings
Dave Cockburn
Dave Cockburn, Admin buildings, 










Poinsetta
Nancy Griffin
Nancy Griffin, Poinsetta, 










Restaurant table
Luca Pennisi
Luca Pennisi, Restaurant table, 










RatInIce
Estince Voi
Estince Voi, RatInIce, 










Marketing Australia
Mis i Pile
Mis i Pile, Marketing Australia, 










1919 Nomaroadster
Ronald C. Duke
Ronald C. Duke, 1919 Nomaroadster, 










Androide
Leo Gonçalves
Leo Gonçalves, Androide, 










19 Noma Roadster
Ronald C. Duke
Ronald C. Duke, 19 Noma Roadster, 










Fairy Bat Christmas
Aiyanne Chan
Aiyanne Chan, Fairy Bat Christmas, 










BTC JP 99
Andrew Wrigley 
Andrew Wrigley , BTC JP 99, 










Fantasy
Simone Pampado
Simone Pampado, Fantasy, 










Probe
Kane Rogers
Kane Rogers, Probe, 










Sphere
Simone Pampado
Simone Pampado, Sphere, 










Tax Disc
Rik Datta
Rik Datta, Tax Disc, 










2009 BRP Spyder
Ronald C. Duke
Ronald C. Duke, 2009 BRP Spyder, 










Lancaster Bomber
Andrew Wrigley 
Andrew Wrigley , Lancaster Bomber, 










Sapphire Phoenix
Aiyanne Chan
Aiyanne Chan, Sapphire Phoenix, 










Giraffe
Eugene Spearance
Eugene Spearance, Giraffe, 










Profil
Vjekoslav Ranec
Vjekoslav Ranec, Profil, 










Ruby Sky
Mis i Pile
Mis i Pile, Ruby Sky, 










Moto GP
Andrew Wrigley 
Andrew Wrigley , Moto GP, 










Mulher maravilha 1
Leo Gonçalves
Leo Gonçalves, Mulher maravilha 1, 










Groucho 3D
Dusan Kastelic
Dusan Kastelic, Groucho 3D, 










Dark Nightingale
Aiyanne Chan
Aiyanne Chan, Dark Nightingale, 










Fishy Gone
Bob Hahn
Bob Hahn, Fishy Gone, 










1956 Oldsmobile 98 starfire
Ronald C. Duke
Ronald C. Duke, 1956 Oldsmobile 98 starfire, 










Signature Locations
Mis i Pile
Mis i Pile, Signature Locations, 










14 Duke Maco GTR
Ronald C. Duke
Ronald C. Duke, 14 Duke Maco GTR, 










1914 Joern Cyclone Board Track Racer
Ronald C. Duke
Ronald C. Duke, 1914 Joern Cyclone Board Track Racer, 










Nokia N97
Evgeny Rogachev
Evgeny Rogachev, Nokia N97, 










F-51
Vjekoslav Ranec
Vjekoslav Ranec, F-51, 










13
Minimiro
Minimiro, 13, 










Ships 
Alfonso Montalvo
Alfonso Montalvo, Ships , 










90 Chevrolet Camaro RS
Ronald C. Duke
Ronald C. Duke, 90 Chevrolet Camaro RS, 










Bugatti esders
Mohamed Elhlaly
Mohamed Elhlaly, Bugatti esders, 










Poppy budmove
Nancy Griffin
Nancy Griffin, Poppy budmove, 










Xara Gel
Gary Priester
Gary Priester, Xara Gel, 










Martin Baker MB2
Graham Ward
Graham Ward, Martin Baker MB2, 










Hollyhock
Nancy Griffin
Nancy Griffin, Hollyhock, 










Organising photos
Luca Pennisi
Luca Pennisi, Organising photos, 










Lost and Found
Bob Hahn
Bob Hahn, Lost and Found, 










Face
Eugene Spearance
Eugene Spearance, Face, 










The Box
Rik Datta
Rik Datta, The Box, 










Bedtime PP
Zeb
Zeb, Bedtime PP, 










Superman
Leo Gonçalves
Leo Gonçalves, Superman, 










Ford Mustang
Andrew Wrigley 
Andrew Wrigley , Ford Mustang, 










Saab
Vjekoslav Ranec
Vjekoslav Ranec, Saab, 










Roses
William Clegg
William Clegg, Roses, 










Franklin
Gary David Bouton
Gary David Bouton, Franklin, 










Superman Logo
Mohamed Elhlaly
Mohamed Elhlaly, Superman Logo, 










PC-9M
Vjekoslav Ranec
Vjekoslav Ranec, PC-9M, 










OwlAndSwan
Dave Cockburn
Dave Cockburn, OwlAndSwan, 










Pig
Zeb
Zeb, Pig, 










Golden Leads
Mis i Pile
Mis i Pile, Golden Leads, 










Cyborg
Leo Gonçalves
Leo Gonçalves, Cyborg, 










Airshow Poster
Bill Dale
Bill Dale, Airshow Poster, 










My Beautiful Princess
José Campoy
José Campoy, My Beautiful Princess, 










Farm
Dave Cockburn
Dave Cockburn, Farm, 










18
Minimiro
Minimiro, 18, 










Planets
Denis Sazhin
Denis Sazhin, Planets, 










Piquros
Alfonso Montalvo
Alfonso Montalvo, Piquros, 










Puffy
Nancy Griffin
Nancy Griffin, Puffy, 










International Unity Symbol
Rik Datta
Rik Datta, International Unity Symbol, 










1955 GMC pickup
Ronald C. Duke
Ronald C. Duke, 1955 GMC pickup, 










Bushido
Mohamed Elhlaly
Mohamed Elhlaly, Bushido, 










Self Portrait
Zeb
Zeb, Self Portrait, 










Tola & Tor
Zeb
Zeb, Tola & Tor, 










Ethereal Phoenix
Aiyanne Chan
Aiyanne Chan, Ethereal Phoenix, 










1960 Chevrolet Impala
Ronald C. Duke
Ronald C. Duke, 1960 Chevrolet Impala, 










Xbox 360
Evgeny Rogachev
Evgeny Rogachev, Xbox 360, 










Hibiscustoneddown2
Nancy Griffin
Nancy Griffin, Hibiscustoneddown2, 










Coffee set
Luca Pennisi
Luca Pennisi, Coffee set, 










Easter
Nancy Griffin
Nancy Griffin, Easter, 










05
Aram Alvarez
Aram Alvarez, 05, 










MB_230_W114
Mohamed Elhlaly
Mohamed Elhlaly, MB_230_W114, 










Time with Snow White and Rose Red
Aiyanne Chan
Aiyanne Chan, Time with Snow White and Rose Red, 










S Michele
Simone Pampado
Simone Pampado, S Michele, 










Lost and Found

, Lost and Found, 










ChefInBlue
Estince Voi
Estince Voi, ChefInBlue, 










1964 Morris Minor Traveler
Ronald C. Duke
Ronald C. Duke, 1964 Morris Minor Traveler, 










Christmas
Nancy Griffin
Nancy Griffin, Christmas, 










Camcorder Colored
Mohamed Elhlaly
Mohamed Elhlaly, Camcorder Colored, 










Bible Class
Zeb
Zeb, Bible Class, 










22
Minimiro
Minimiro, 22, 










Glass
Javier Vila
Javier Vila, Glass, 










Carved
Gary Priester
Gary Priester, Carved, 










Yamaha RD500
Evgeny Rogachev
Evgeny Rogachev, Yamaha RD500, 










Airplane Logo
Bill Dale
Bill Dale, Airplane Logo, 










Crista Nicole
Eugene Spearance
Eugene Spearance, Crista Nicole, 










Candy canes
Gary David Bouton
Gary David Bouton, Candy canes, 










Hornet
Vjekoslav Ranec
Vjekoslav Ranec, Hornet, 










Moon Light
Bob Hahn
Bob Hahn, Moon Light, 










Ariosto
Simone Pampado
Simone Pampado, Ariosto, 










Snail with spectacles
Derek Cooper
Derek Cooper, Snail with spectacles, 










Perpetual
Javier Vila
Javier Vila, Perpetual, 










Gibson flying
Gary David Bouton
Gary David Bouton, Gibson flying, 










Business Card 
José Campoy
José Campoy, Business Card , 










Perfume
Luca Pennisi
Luca Pennisi, Perfume, 










1954 Chevroletwoody
Ronald C. Duke
Ronald C. Duke, 1954 Chevroletwoody, 










Animal Band
Dave Cockburn
Dave Cockburn, Animal Band, 










F4
Mohamed Elhlaly
Mohamed Elhlaly, F4, 










Helicopter Styling Rendering
Bill Dale
Bill Dale, Helicopter Styling Rendering, 










Exploded burger
Gary David Bouton
Gary David Bouton, Exploded burger, 










Deb
Bob Hahn
Bob Hahn, Deb, 










2009 Lamborghini Murcielago
Ronald C. Duke
Ronald C. Duke, 2009 Lamborghini Murcielago, 










Nokia Coffee
Dave Cockburn
Dave Cockburn, Nokia Coffee, 










Reflecns
William Clegg
William Clegg, Reflecns, 










Sacrificio Di Isacco
Simone Pampado
Simone Pampado, Sacrificio Di Isacco, 










Chrome Balls
Mohamed Elhlaly
Mohamed Elhlaly, Chrome Balls, 










Waterworld
Dave Cockburn
Dave Cockburn, Waterworld, 










Insect
Luca Pennisi
Luca Pennisi, Insect, 










Edson1
Alfonso Montalvo
Alfonso Montalvo, Edson1, 










1956 Ford Fairlane with Marilyn
Ronald C. Duke
Ronald C. Duke, 1956 Ford Fairlane with Marilyn, 










Spaceship3
Estince Voi
Estince Voi, Spaceship3, 










04
Daniel Will-Harris
Daniel Will-Harris, 04, 










Helix Manus
Derek Cooper
Derek Cooper, Helix Manus, 










CD Player
Luca Pennisi
Luca Pennisi, CD Player, 










02
Aram Alvarez
Aram Alvarez, 02, 










Morgan 4by4
Mohamed Elhlaly
Mohamed Elhlaly, Morgan 4by4, 










Dollar
Dave Cockburn
Dave Cockburn, Dollar, 










Mina
Vladimir Konstantinovic
Vladimir Konstantinovic, Mina, 










Armstrong Whitworth AW52
Graham Ward
Graham Ward, Armstrong Whitworth AW52, 










Scoops
Gary David Bouton
Gary David Bouton, Scoops, 










1950 Ford Custom convertible
Ronald C. Duke
Ronald C. Duke, 1950 Ford Custom convertible, 










Hold me no more
Mark Lockett
Mark Lockett, Hold me no more, 










Cat-toon
Alfonso Montalvo
Alfonso Montalvo, Cat-toon, 










14 Duke Fox Bat
Ronald C. Duke
Ronald C. Duke, 14 Duke Fox Bat, 










KTM 250SX
Andrew Wrigley 
Andrew Wrigley , KTM 250SX, 










Leopard
Andrew Wrigley 
Andrew Wrigley , Leopard, 










Senators
William Clegg
William Clegg, Senators, 










Leaf
Denis Sazhin
Denis Sazhin, Leaf, 










Nokia N95
Mohamed Elhlaly
Mohamed Elhlaly, Nokia N95, 










WickDundasGOTOVI
Vjekoslav Ranec
Vjekoslav Ranec, WickDundasGOTOVI, 










Neptune Station
Michael Tumey
Michael Tumey, Neptune Station, 










Yabu
Leo Gonçalves
Leo Gonçalves, Yabu, 










gioconda
Simone Pampado
Simone Pampado, gioconda, 










Thai Tuk Tuk
Ronald C. Duke
Ronald C. Duke, Thai Tuk Tuk, 










Orchid
William Clegg
William Clegg, Orchid, 










White Rose Cardinal
Aiyanne Chan
Aiyanne Chan, White Rose Cardinal, 










Girl
Eugene Spearance
Eugene Spearance, Girl, 










Westland Welkin
Graham Ward
Graham Ward, Westland Welkin, 










Story of Tommy06
Zeb
Zeb, Story of Tommy06, 










Phill Hill
Kane Rogers
Kane Rogers, Phill Hill, 










Spor
Leo Gonçalves
Leo Gonçalves, Spor, 










Sunrise
Rik Datta
Rik Datta, Sunrise, 










Pantaza
Javier Vila
Javier Vila, Pantaza, 










Apex Epics
Gary David Bouton
Gary David Bouton, Apex Epics, 










GT40
Kane Rogers
Kane Rogers, GT40, 










Tomatos
Derek Cooper
Derek Cooper, Tomatos, 










Steam
Valery Kouleshov
Valery Kouleshov, Steam, 










Golfist
Derek Cooper
Derek Cooper, Golfist, 










Xara Grandmaster shield
Gary David Bouton
Gary David Bouton, Xara Grandmaster shield, 










Plane fly
Nancy Griffin
Nancy Griffin, Plane fly, 










Jeep
Mohamed Elhlaly
Mohamed Elhlaly, Jeep, 










Xara
José Campoy
José Campoy, Xara, 










16
Minimiro
Minimiro, 16, 










pensiero
Simone Pampado
Simone Pampado, pensiero, 










1941 Fordwoody
Ronald C. Duke
Ronald C. Duke, 1941 Fordwoody, 













About Xara |
Press |
News |
Logos & Graphics |
Resellers |
Jobs at Xara |
Contact Xara |
Imprint |
Privacy & Cookie Statement |
EULA









Copyright © 2017 Xara Group Limited.




 


















