

Bizapedia.com - Human Validation
















COMPANIESPEOPLEPRODUCTS/SERVICESTRADEMARKSADDRESSESPHONE BOOK




            Our system has detected a high number of page requests from your IP Address, please prove to us that you are a human to continue using our website.
        
























                            Please send me to the search subscription offer page after I successfully answer the word challenge.
                        









BIZAPEDIAPRO SEARCHPerform unlimited searches via ouradvanced search form withBizapedia Pro Search.FIND OUT MORE >BIZAPEDIAPRO DATABuild custom data listsfor one or many stateswith Bizapedia Pro Data.FIND OUT MORE >


Copyright © 2012-2017 · Bizapedia.com · All rights reserved.BlogPro SearchPro APIContact UsTerms of UsePrivacy PolicySitemapDesktop Version


















Havels Ultrasound Needles, Anesthesia , Radiology, Biopsy, Surgical Scalpel Blades, Podiatry Chisel Blades, Sutures















Home
About Havel's Inc.
News & Events
Contact Us
 1.800.638.4770 U.S. / Canada          1.513.271.2117 International

Welcome to Havel's
TRY OUR LOW PRICED ECHOSTIMŽ FOR FREESafer more effective Peripheral Nerve Blocks are also more affordable with Havels market leading EchoStimŽ Echogenic Insulated needles.  The EchoStimŽ has 4 rows of 4 bright reflectors near the tip to help you identify the needle under ultrasound, and most say they are priced $4 or $5 less than our competitors needles.The EchoStimŽ 4x4 reflector pattern puts 16 reflectors in the first 5.5mm of the needle.  This allows you focus on the tip, which is the most important part of the needle.  Other needles have reflectors as far as 20mm up the shaft, which adds to the price and could lead to a false assumption as to the tips location if the actual tip is somehow obscured or out of plane.  An abundance of reflectors could also cause a cloud or halo around the needle, which in some cases could possibly blur the target.  Dont pay for reflectors you dont need.  Instead, focus on the tip with Havels EchoStimŽ.Havels is proud to be the exclusive distributor of HakkoŽ Medical, Japan, the manufacturer of innovative spinal and procedure needles trusted by doctors the world over. If you would like to try one of our new needles, or one of our other products, please click  here or call us at 1-800-638-4770. To Read What Doctors Are Saying About Our EchoStim And Echogenic Line Of Needles - Click Here  .Featured ProductsPublications of InterestProcision® USA Miniature Surgical Blades and HandlesEchoTuohy Echogenic Epidural Needles With Micro Laser EtchingThe EchoTuohy needle features Micro Laser Etching (MLEŞ) near the tip to reflect sound waves back to the transducer, making the tip visible under ultrasound. MLE technology allows for a variety of sizes and the ability to pass catheters or wires through the cannula.EchoStim® Echogenic Insulated Ultrasound NeedlesFeatures a patented corner cube reflector (CCR) to provide multi-angled surfaces for maximum reflection even at steep angles. Needles can be used with or without Ultrasound Guidance.

Ultrasound NeedlesRadiology & Biopsy Needles Anesthesia & Pain Control NeedlesChisel & Miniature BladesCarbon Steel Scalpel BladesStainless SteelScalpel BladesNon-SterileScalpel BladesScalpel HandlesAutopsy &Pathology BladesMicrotome BladesDisposable ScalpelsQlickSmart® SafeBlade RemoverSuturesSuture NeedlesStitch Cutters

   


Join Our Mailing ListReceive special offers and info on new products.Tell a Colleague About Havel's
Home|
About Havel's Inc.|
Shipping Info|
News & Events|
Contact Us|
Privacy Policy|
Site Map|
View Shopping Cart
Website Design by Solid Cactus.            Copyright © by Havel's Inc. All rights reserved.


















Havel James M of St Louis, MO



























				Home of America's Entrepreneurs
			

HOME
CONTACT     
				USA










Search















Havel James M of St Louis, MO










					Havel James M				

					9 Manderleigh Estates Ct					
						St Louis, Missouri 63131					

								The address shown above is an administrative business address and may not be 
								the primary address for Havel James M.  Please contact 
								Havel James M at Havel Associates LLC for the correct address.  








BUSINESS PROFILE

					Havel Associates LLC				

INDUSTRY
Business: MiscThis listing appears under the heading Business/Misc which includes businesses that may offer a variety of business and consumers products and services.
EXPERIENCE
This business has been active for 6 years and 10 months.The State of Missouri, lists Havel James M of St Louis, MO 
					as registering Havel Associates LLC in September, 2010








UPDATES CORRECTIONS


Did we make a mistake? - If you see an error or have updated
						information about this listing, please, let us know! 
					












In The News


The science of instant replay: Slo-mo clips can alter a referee's perception



Amazon to begin self-distribution with release of next Woody Allen movie



Opioid abuse down in younger Americans, but up among older adults



Chinese group hacks a Tesla for the second year in a row



Justin Long Parodies Social Media Stars in New Funny or Die Comedy Series (Exclusive)



Detecting Alien Life Will Likely Be a Protracted Process, Not a Eureka Moment



So The Mooch Is An Interesting Fellow, Huh?



More reserves than initially thought in the North Sea, Norway says















Don't go now, the party is just starting

			BizyPeople is the easiest way to find local business leaders. For a better 
			shopping experience, patronize the local businesses of your friends and neighbors. 
		


Search
Location
Social
Ratings
Contact
Complete



Quickly locate business owners by name




Browse the directory of owners by location 




Share friends profiles on your favorite social network




Rate your friends business profiles




Call, email or follow links to reach local business people




View all related business entities








Start Now
Select Location







BIZYPEOPLE     
	PRIVACY    
	TERMS    
	CONTACT










EFSC James M. Havel Insider Trades for Enterprise Financial Services Corp.


































Bulletin






Investor Alert





















Expand
Keep Open
Close






Expand
Keep Open
Close






Expand
Keep Open
Close






Expand
Keep Open
Close






Expand
Keep Open
Close































Enterprise Financial Services Corp.

                  NASDAQ: EFSC
          



GO



Set Alerts
Find a Broker




Join TD Ameritrade




Market Index


 

Overview
      
Profile
      
News
      
Charts
      
Financials
      
Historical Quotes
      
Analyst Estimates
      
Options
      
SEC Filings
      
Insiders
      


/marketstate/country/us

Enterprise Financial Services Corp.



After Hours
 --Quotes are delayed by 20 min
Jul 28, 2017, 4:29 p.m.


EFSC

/quotes/zigman/87669/composite


$
39.50




Change

0.00
0.00%

Volume
Volume 1,545
Quotes are delayed by 20 min








/quotes/zigman/87669/composite
Today's close

$
			39.80
		


$
				39.50
			
Change

-0.30
-0.75%





Day low
Day high
$39.45
$39.95










52 week low
52 week high

            $28.07
        

            $46.25
        


















Insider Activity


Individual




James M. Havel



Mr. James M. Havel, CPA, is Chief Financial Officer & Executive Vice President at Express Scripts Holding Co. and Independent Director at Enterprise Financial Services Corp. He is on the Board of Directors at Enterprise Financial Services Corp. 
Mr. Havel was previously employed as Chief Financial Officer by Major Brands Holdings, Inc. 
He received his undergraduate degree from Regis University.



Transactions


Date
Shares
Transaction
Value





07/03/2017
711


 
Award at $0 per share.


0


12/09/2016
424


 
Award at $0 per share.


0


07/01/2016
728


 
Award at $0 per share.


0


12/11/2015
379


 
Award at $0 per share.


0


07/01/2015
868


 
Award at $0 per share.


0


12/09/2014
515


 
Award at $0 per share.


0


07/01/2014
1,273


 
Award at $0 per share.


0





        Copyright 2017 FactSet Research Systems Inc. All rights reserved. Source FactSet Fundamentals.
    











            Officers and Executives
        





Mr. John S. Eulich 
Non-Executive Chairman




Mr. James B. Lally 
President, Chief Executive Officer & Director




Mr. Keene S. Turner 
Chief Financial Officer & Executive Vice President




Mr. Nevada A. Kent 
Director




Ms. Eloise E. Schmitz 
Director




Mr. Mark G. Ponder 
Senior Vice President & Controller




Mr. Noel J. Bortle 
Secretary




Mr. Michael R. Holmes 
Independent Director




Mr. John Q. Arnold 
Independent Director




Mr. James J. Murphy 
Independent Director




Ms. Judith S. Heeter 
Independent Director




Ms. Sandra A. van Trease 
Independent Director




Mr. William H. Downey 
Independent Director




Mr. James M. Havel 
Independent Director




Mr. Michael A. DeCola 
Independent Director




Mr. Robert E. Guest 
Independent Director









Trending Tickers


/quotes/zigman/17636479/composite VUZI+15.60%


/quotes/zigman/237947/composite JCP-5.83%


/quotes/zigman/59392505/composite NUGT-2.93%


/quotes/zigman/65801738/composite TLT+1.11%


/quotes/zigman/59386294/composite JNUG-5.94%


X




Powered by














Log In




9:36 PM EDT
July 28, 2017


/marketstate/country/us
New York

	Closed


/marketstate/country/uk
London

	Closed


/marketstate/country/jp
Tokyo

	Closed





/marketstate/country/us
 


/marketstate/country/uk
 


/marketstate/country/jp
 











View All



Latest News

/news/latest
9:16pWall Street isn’t ready for a 1,100-point tumble in the Dow industrials
7:39pBarron's Buzz: Robo 2.0, Facebook and Twitter, Trading On News
7:29pA Wild Week in Washington 
6:32pThe dark side of cruises
6:32pThe highest paid athletes in the world, in one chart
6:31pO.J. Simpson made over $400,000 while in prison and won’t have to give any of it to the Goldman family
6:31p Trump to Police: 'Don't Be Too Nice'
6:31pHere are 10 co-workers you should avoid like the plague — especially in meetings
6:29pTop 10 most annoying people you may want to unfriend on Facebook 
6:29pThis is one person you should never unfriend on Facebook...
6:29p3 horrible ways typos could alter the course of your life
6:27pPaint your bathroom this color and boost your home’s selling price by $5,400
6:27pAmericans’ new badge of honor: ‘I was blocked by a celebrity!’
6:27p5 weird things I found out about America in my first 24 hours 
6:14pBeyond Tesla: 7 stocks driving the autonomous car revolution
6:14pThese 7 highly taxed companies need Congress to finally act on tax reform
6:11pWatch out: ‘Kids’ are making the most money in this stock market 
6:10p7 real ways for millennials to save money (not by brownbagging and skipping Starbucks)
6:09p‘Game of Thrones’: This computer model predicts who will be killed off — or survive
6:09pThis basic balanced index fund is beating the hedge fund averages
Loading more headlines...




dow

/quotes/zigman/627449/realtime
21,830.31

+33.76
+0.15%





nasdaq

/quotes/zigman/12633936/realtime
6,374.68

-7.51
-0.12%





s&p 500

/quotes/zigman/3870025/realtime
2,472.10

-3.32
-0.13%













Kiosk


1352872800000
1352872800000


The RetireMentors






				Retirement advice from our industry experts
				Our team of financial professionals can help you plan and save 
					for retirement, then 
				live well in it.



/conga/kiosk/retirementors.html
361307




1320411600000
1320616500000


Alerts



/conga/kiosk/alerts.html
310238




1333717800000
1333964100000


Virtual Stock Exchange





Our free stock-market game
				• Trade your virtual portfolio in real time
				• Talk strategies in group discussions
				• Find or create a game that suits you
				• Use our learning center to improve 



/conga/kiosk/games.html
310284




1245657600000
1277280000000


Location Scouts




Housing-market insights from our realty pros
																																																							Plus the latest data from Realtor.com on 21 home markets across the U.S.
• See our complete Real Estate site


/conga/kiosk/real_estate.html
357012




1404799200000
1404799200000


Lazy Portfolios





				Set it and forget it
				Check out the returns on our 8 Lazy Portfolios that are made up 
				of low-cost 
				buy-and-hold index funds.

				• How to create your own Lazy Portfolio


/conga/kiosk/lazy_portfolio.html
313134














MarketWatch.com




Site Index
Topics
Help
Feedback
Newsroom Roster

                    Media Archive
Premium Products
Mobile


Company Info
Code of Conduct
Corrections
Advertising Media Kit
Advertise Locally
Reprints & Licensing
Broker Center

                    Your Ad Choices


Follow MarketWatch


































RSS
Podcasts






WSJ.com
Barron's Online
BigCharts
Virtual Stock Exchange


Financial News London
WSJ.com Small Business
realtor.com
Mansion Global












		Copyright © 2017 MarketWatch, Inc.  All rights reserved.
		By using this site, you agree to the Terms of Service,
        Privacy Policy and Cookie Policy.
	



            Intraday Data provided by SIX Financial Information and subject to terms of use. Historical and current end-of-day data provided by SIX Financial Information. All quotes are in local exchange time. Real-time last sale data for U.S. stock quotes reflect trades reported through Nasdaq only. Intraday data delayed at least 15 minutes or per exchange requirements.
        






MarketWatch Top Stories
Link to MarketWatch's Slice.

15






















































 












,   - REDBOOKS








































Brands, Marketers, Agencies. Search Less. Sell More.





/   SIGN IN

GET A FREE TRIAL   
CONTACT US: (800) 908-5395






















, 

EMAIL: 
                      







              Real-time sales trigger feed - generated by REDBOOKS machine learning and natural language processing technology, tracking 800,000+ news sources to aggregate all new executives, job/role changes and news on decision makers, brands and agencies in the media/marketing industry.
              

              This sales feed is for  at $companyName.  works as $title . .
              REDBOOKS tracks personnel changes for advertisers spending over $1 million annually.
              

              For more  leads or media/marketing prospecting automation, start a free trial now.
              

Recent Related News





Learn more about   and 260,000+ key contacts

  Create targeted lead lists

  Gain insider knowledge with advanced machine  learning
  Real-time verified contact info



Enter Work Email:

Please enter email address.
 Please enter valid email address.









             Learn more about  and 260,000+ key contacts
            



























First Name *

 Please enter first name.




Last Name *

 Please enter last name.






Company Name *

 Please enter company name.






Email *





Phone *

 Please enter phone number.
 Please enter 10 digits number.





What industry are you in? *  
                (Please select one the categories below)
Please enter value for the industry.




                     Media Sales
                  




                     Production
                  




                     Ad-Tech/Mar-Tech
                  




                     Sponsorship Sales
                  



  Agency New Business
                  



  Other:
                  




What is your role? *
                 
                 (Please select one the categories below)
Please enter value for the role.



  C-Suite
                  



  VP/Manager
                  



  Sales Rep
                  



  Other:
                  














Thank you for registering for a Free REDBOOKS.com Trial!
We are processing your request and will be in touch shortly to get you started!
For Immediate Assistance, please call us at (800) 908-5395 or email us at info@redbooks.com


























Home
Learn More
FREE Trial


Features




AD THINK Events
Thought Leadership Events
Top Advertiser Directory
Top Agency Directory



Add Your Agency
Update Your Agency
Agency Showcase
Advertising Associations
Creative Spotlight
Services and Suppliers


About Us
Blog
Contact Us
Jobs
Terms & Conditions
Privacy Policy





Customer Support
(800) 908-5395
Connect with us




















Copyright © 2017 Red Books LLC. All rights reserved
































 SECGems: HAVEL JAMES M 







































  







			Data feeds now available
			Excel / CSV / Java / Python /etc 
Database
Learn more









  




  


  






























 HAVEL JAMES M 
		     










 Info




 Ownership




 Filings
10















←


 1 


→



 Filings:    (1 of 10 - Total: 10)









		
			July 6, 2017 .
		
	


				Issuer
			

 
					ENTERPRISE FINANCIAL SERVICES CORP 
					

 
					EFSC
				


				Reporting Owner
			

 
					HAVEL JAMES M 
					


					[
					
					        Director,               
					
					
					
					
					]
				

Signed By

 James M Havel






		Preview. 
	

 
			View filing ...
		






				4
			




 
					0001127602-17-023226.nc
				

 
					XML (1) 
				





					Ownership: Statement of changes in beneficial ownership. Insider trading ( Directors, Officers, Significant Shareholders )
				






				Period ending 
			

				July 3, 2017 
			







Common Stock 


 
 	[A : Grant / award] 
 	 711 
shares 
  
 
 
 	x 
 	$0/sh
Total owned:
4,898













		
			Dec. 13, 2016 .
		
	


				Issuer
			

 
					ENTERPRISE FINANCIAL SERVICES CORP 
					

 
					EFSC
				


				Reporting Owner
			

 
					HAVEL JAMES M 
					


					[
					
					        Director,               
					
					
					
					
					]
				

Signed By

 James M Havel






		Preview. 
	

 
			View filing ...
		






				4
			




 
					0001127602-16-069804.nc
				

 
					XML (1) 
				





					Ownership: Statement of changes in beneficial ownership. Insider trading ( Directors, Officers, Significant Shareholders )
				






				Period ending 
			

				Dec. 9, 2016 
			







Common Stock 


 
 	[A : Grant / award] 
 	 424 
shares 
  
 
 
 	x 
 	$0/sh
Total owned:
4,187













		
			July 6, 2016 .
		
	


				Issuer
			

 
					ENTERPRISE FINANCIAL SERVICES CORP 
					

 
					EFSC
				


				Reporting Owner
			

 
					HAVEL JAMES M 
					


					[
					
					        Director,               
					
					
					
					
					]
				

Signed By

 James M Havel






		Preview. 
	

 
			View filing ...
		






				4
			




 
					0001127602-16-057438.nc
				

 
					XML (1) 
				





					Ownership: Statement of changes in beneficial ownership. Insider trading ( Directors, Officers, Significant Shareholders )
				






				Period ending 
			

				July 1, 2016 
			







Common Stock 


 
 	[A : Grant / award] 
 	 728 
shares 
  
 
 
 	x 
 	$0/sh
Total owned:
3,763













		
			Dec. 15, 2015 .
		
	


				Issuer
			

 
					ENTERPRISE FINANCIAL SERVICES CORP 
					

 
					EFSC
				


				Reporting Owner
			

 
					HAVEL JAMES M 
					


					[
					
					        Director,               
					
					
					
					
					]
				

Signed By

 James M Havel






		Preview. 
	

 
			View filing ...
		






				4
			




 
					0001127602-15-034012.nc
				

 
					XML (1) 
				





					Ownership: Statement of changes in beneficial ownership. Insider trading ( Directors, Officers, Significant Shareholders )
				






				Period ending 
			

				Dec. 11, 2015 
			







Common Stock 


 
 	[A : Grant / award] 
 	 379 
shares 
  
 
 
 	x 
 	$0/sh
Total owned:
3,035













		
			July 2, 2015 .
		
	


				Issuer
			

 
					ENTERPRISE FINANCIAL SERVICES CORP 
					

 
					EFSC
				


				Reporting Owner
			

 
					HAVEL JAMES M 
					


					[
					
					        Director,               
					
					
					
					
					]
				

Signed By

 James M Havel






		Preview. 
	

 
			View filing ...
		






				4
			




 
					0001127602-15-022208.nc
				

 
					XML (1) 
				





					Ownership: Statement of changes in beneficial ownership. Insider trading ( Directors, Officers, Significant Shareholders )
				






				Period ending 
			

				July 1, 2015 
			







Common Stock 


 
 	[A : Grant / award] 
 	 868 
shares 
  
 
 
 	x 
 	$0/sh
Total owned:
2,656













		
			March 6, 2015 .
		
	


				Issuer
			

 
					Express Scripts Holding Co. 
					

 
					ESRX
				


				Reporting Owner
			

 
					HAVEL JAMES M 
					


					[
					
					
					    Officer,                
					 Exec. VP and Interim CFO, 
					
					
					]
				

Signed By

 Martin P Akins as Attorney-in-Fact for James M Havel






		Preview. 
	

 
			View filing ...
		






				4
			




 
					0000950138-15-000181.nc
				

 
					XML (1) 
				





					Ownership: Statement of changes in beneficial ownership. Insider trading ( Directors, Officers, Significant Shareholders )
				






				Period ending 
			

				March 4, 2015 
			







Common Stock 


 
 	[A : Grant / award] 
 	 10,805 
shares 
  
 
 
 	x 
 	$0/sh
Total owned:
10,805


Common Stock 


 
 	[A : Grant / award] 
 	 29,470 
shares 
  
 
 
 	x 
 	$0/sh
Total owned:
40,275


Non-Qualified Stock Option (Right-to-Buy) 


 
 	[A : Grant / award] 
 	 50,810 
shares
Total owned:
50,810 
 
 
 
 
 
 	[ Underlying Securities: Express Scripts Holding Company Common Stock ]
 
 
 
 	50,810 shares













		
			Jan. 5, 2015 .
		
	


				Issuer
			

 
					Express Scripts Holding Co. 
					

 
					ESRX
				


				Reporting Owner
			

 
					HAVEL JAMES M 
					


					[
					
					
					    Officer,                
					 Exec. VP and Interim CFO, 
					
					
					]
				

Signed By

 James M Havel






		Preview. 
	

 
			View filing ...
		






				3
			




 
					0000950138-15-000002.nc
				

 
					XML (1) 
				





					Ownership: Initial statement of beneficial ownership of securities. Insider trading ( Directors, Officers, Significant Shareholders )
				






				Period ending 
			

				Jan. 2, 2015 
			


















		
			Dec. 11, 2014 .
		
	


				Issuer
			

 
					ENTERPRISE FINANCIAL SERVICES CORP 
					

 
					EFSC
				


				Reporting Owner
			

 
					HAVEL JAMES M 
					


					[
					
					        Director,               
					
					
					
					
					]
				

Signed By

 James M Havel






		Preview. 
	

 
			View filing ...
		






				4
			




 
					0001127602-14-034808.nc
				

 
					XML (1) 
				





					Ownership: Statement of changes in beneficial ownership. Insider trading ( Directors, Officers, Significant Shareholders )
				






				Period ending 
			

				Dec. 9, 2014 
			







Common Stock 


 
 	[A : Grant / award] 
 	 515 
shares
Total owned:
1,788













		
			July 3, 2014 .
		
	


				Issuer
			

 
					ENTERPRISE FINANCIAL SERVICES CORP 
					

 
					EFSC
				


				Reporting Owner
			

 
					HAVEL JAMES M 
					


					[
					
					        Director,               
					
					
					
					
					]
				

Signed By

 James M Havel






		Preview. 
	

 
			View filing ...
		






				4
			




 
					0001127602-14-022706.nc
				

 
					XML (1) 
				





					Ownership: Statement of changes in beneficial ownership. Insider trading ( Directors, Officers, Significant Shareholders )
				






				Period ending 
			

				July 1, 2014 
			







Common Stock 


 
 	[A : Grant / award] 
 	 1,273 
shares
Total owned:
1,273













		
			March 14, 2014 .
		
	


				Issuer
			

 
					ENTERPRISE FINANCIAL SERVICES CORP 
					

 
					EFSC
				


				Reporting Owner
			

 
					HAVEL JAMES M 
					


					[
					
					        Director,               
					
					
					
					
					]
				

Signed By

 James M Havel






		Preview. 
	

 
			View filing ...
		






				3
			




 
					0001127602-14-011532.nc
				

 
					XML (1) 
				





					Ownership: Initial statement of beneficial ownership of securities. Insider trading ( Directors, Officers, Significant Shareholders )
				






				Period ending 
			

				March 6, 2014 
			















 





db
 
 












































            Our Products - Shavel Home Products        




Our Products - Shavel Home Products










































 




















Home
Our Vision
Products
News
Retail Partners
Contact
 
















Home » Our Products 











As a multi-generational home textiles company we truly understand design and quality. We pride ourselves on creating new and exciting products that offer consumers solutions, and merchandise our retail partners will be proud to have on their shelves. At Shavel Home Products we focus on finding the next "new" thing, the best home textiles we can produce that will have you saying "I have to have that!"
From sheets to bedding, throws and blankets, our bedding products allow you to find the best products that offer the comfort and serenity for your bedroom!

 
Micro Flannel Micro Flannel® is an innovative new fabrication with unique features and benefits. This patent pending construction has an amazingly soft and luxurious feel. It offers warmth, without the weight of bulky fleece sheet sets. Micro Flannel® has received 5 star reviews from our Retail Partners’ customers. They were rated “Tester’s Choice for Softness” by the Good Housekeeping Research Institute in their March 2012 issue. This wonderful fabric does not shrink or pill, it is wrinkle resistant and fits your bed like a glove. Micro Flannel® envelopes you in a soft and cozy comfort that keeps your body at a consistent temperature! It creates a wonderful ambient cocoon for a perfect sleeping environment. Our Micro Flannel® sheet sets are easy care, with quick wash and quick dry benefit that can save you money on your energy bills.

 
RV Bedding Life on the open road can still be luxurious with our RV bedding sheets. You won't hit any bumps along the way with our comfortable specially sized bedding and sheet sets for your RV, Camper & Motorhome! Whether you have bunk or short queen mattresses, we have a selection of bunk and short queen sheet sets that will fit your home away from home just perfectly. Luxuriously skin-soft 100% polyester, Micro Flannel® RV sheets, high thread count and anti-pill features deliver the warmth and delight you deserve. For affordable, easy-care thermal coziness,  the fine finish of Micro Fiber RV sheets deliver comfort for both body and budget. 

 
Ultra Velvet Blankets The softest, most luxurious throw and blanket, one touch and you will never put it down. Ultra Velvet is a double face heavy raschel knit fabric that is bound together with a dyed to match whipstitch binding. Offered in a complete palette of soft muted pastels and deep jewel tones, the pile adds a gentle sheen to the surface. The throws and blankets are warm and cuddly whether on your sofa or in your favorite chair, or on your bed, you will be amazed at the quality!

 
Throws Hi Pile Raschel Knits are offered as throws in two sizes. Designs range from our popular wildlife animals to more home decorator patterns. Each has deep saturated colors that will not fade over time! The throws are soft and luxurious with a wonderful feel and great thermal qualities. Our Hi Pile throws are versatile and can be used in many ways. Bring color to any room by throwing it over the sofa or chair in your family room or drape it at the end of your bed. It is wonderfully cozy so you can cuddle up in front of the TV or a good book. Take it with you on a picnic, camping trip, or to your favorite sporting event. The beautiful and unique designs also work well as a wall hanging. We hope these will inspire you to find new ways to add color to your life with our throws! View our gallery.

 
















Home       Contact





 




 




© 2017 - Shavel Home Products, Inc.

















Shavel Home Products provides innovative and proprietary lifestyle solutions.


Dzonia Theme powered by WordPress


















Microsoft personalized ad preferences




 













To opt out of personalized ads in this browser, your browser history must allow first-party and third-party cookies and you must have your browsing experience set to NOT delete browsing history on exit. Instructions for enabling cookies and configuring your browsing history may be available in your browsers settings, privacy, or help documentation.

















Sign in
















  Hold on… We’re sorry but this didn’t work.                  You can’t turn off personalized ads right now because your browser is currently blocking third-party cookies. We can help you fix this issue.                Let’s get started:  Depending on what browser you use, open Options or Settings.                  Make sure that third-party cookies are not blocked anymore. To find out how, search your browser’s Help.                                 Revisit http://choice.microsoft.com/opt-out, and then on the “Personalized ads in this browser” tile, click Off.                 ext74081 




  About Our Ads To create a more customized online experience, some of the ads you may receive on Microsoft websites and apps are tailored to your previous activities, searches and site visits. You're in control and here's where you can make the advertising choice that's right for you. ext74075 




  Where Can I Learn More about Advertising on Microsoft Websites and Apps? Microsoft partners with Oath, AppNexus and other third party service providers to help present customized content and display advertisements on MSN, Outlook.com and other websites and apps. Microsoft also delivers search ads to Bing and our search syndication partners. Learn more about Microsoft’s privacy practices here. You can learn more about interest-based ads from Oath and AppNexus in their privacy statements: Oath and AppNexus. What Choices Do I Have About Interest-Based Advertising? On this page, you can opt out of receiving interest based advertising from Microsoft. You can also opt out of receiving interest-based advertising from all self-regulatory members, including Microsoft, Oath, AppNexus and other third party ad networks, at the following sites:  In the US: Digital Advertising Alliance (DAA) In Europe: European Interactive Digital Advertising Alliance (EDAA) In Canada: Ad Choices: Digital Advertising Alliance of Canada (DAAC)  You can control interest-based advertising in Windows apps by turning off the advertising ID in Windows Settings.  More choices  Do you want personalized ads from other companies?  Questions? If you have a privacy question or a question for the Chief Privacy Officer of Microsoft, please contact us by using our web form. We will respond to questions within 30 days. ext74076 




       Personalized ads in this browser     OFF    Opt-out is currently unavailable, please try again later.  Control the "personalized ads" setting for this web browser.  Learn more           If you want Microsoft to show ads that might be relevant to you, click On. To show “generic” ads, click Off.          ext74078 




       Personalized ads wherever I use my Microsoft account     OFF   Sign in to change...    Opt-out is currently unavailable, please try again later.  Control the "personalized ads" setting that applies when you are signed in on any computer or device with your Microsoft account, including Windows, Windows phone, Xbox and other devices.  Learn more                    If you want Microsoft to show ads that might be relevant to you, click On. To show “generic” ads, click Off.         If you choose “generic” ads and use a browser, your choice applies to everyone when using that browser as long as you do not clear your cookies.          ext74079 




       Personalized ads in Windows         In your Windows Settings, you can turn off personalized ads that appear in apps on this device. You’ll still see ads, but they won’t be personalized anymore.     If you have Windows 8.1:            Access the charms by touching or moving your pointer to the right edge of the screen.                 Click or tap Settings, and then click or tap Change PC Settings.                 Click or tap Privacy, and then turn off Let apps use my advertising ID for experiences across apps.          If you have Windows 10:            Click or tap the Start button.                 Click or tap Settings.                 Click or tap Privacy, and then turn off Let apps use my advertising ID for experiences across apps.          If you have a Windows mobile device:            Go to Settings.                 Tap on Privacy.                 Tap on Advertising ID, and then turn off Let apps use my advertising ID for experiences across apps.                If you want to turn off personalized ads from Microsoft wherever you use your Microsoft account including apps on Windows, Windows Phone, Xbox and other devices, you can do so by selecting the Microsoft account option above.    ext74080 














Legal
Privacy & Cookies
© 2017 Microsoft











JAMES M HAVEL - ERNST & YOUNG U.S. LLP - Business Profiles




















Business Profile

Document Delivery
API
About





 

 

 Companies
 Officers

 








Home  /  
Washington
  /  
ERNST & YOUNG U.S. LLP
  /  
JAMES M HAVEL





Account  


Login


Sign Up






Saved

0




Cart

0













JAMES M HAVEL

 Washington
 US-WA-601217771
 




JAMES M HAVEL is the Partner of ERNST & YOUNG U.S. LLP, registered in Washington.




Save Profile  
 







DETAILS


Name: JAMES M HAVEL
Office Held: Partner




LOCATIONS


A Address

ADDRESS ON FILE





OTHER OFFICERS FOR THIS COMPANY




JANE I BLODGETT
Registered Agent




C MICAHEL ABDALIAN
Partner




C CHESTER ABELL JR
Partner




ERNEST C ACHTIEN
Partner




THOMAS L ADAMS
Partner




GEORGE EDGAR ADKINS JR
Partner




NATHAN ADLER
Partner




PATRICK H ADMIRE
Partner




ARTHUR M AGUINEK
Partner




PHILIP M AHERN
Partner




ROBERT A AHRENS
Partner




JUNICHI AKIYAMA
Partner




ROBERT M ALBERTELLI JR
Partner




DAVID E ALEXANDER
Partner




W DON ALEXANDER
Partner




JOSEPH J ALFIREVIC
Partner




CELESTE V ALLEN
Partner




ELAINE T ALLEN
Partner




ROBERT M ALLEN
Partner




ROBERT C ALLEN
Partner




STEPHEN E ALMASSY
Partner




J TURNER ALMOND JR
Partner




CLINTON A ALSTON
Partner




WILLARD H ALTMAN JR
Partner




THOMAS A ALTO
Partner




NANCY A ALTOBELLO
Partner




DANNY L ANDERSEN
Partner




ANTHONY K ANDERSON
Partner




CRAIG A ANDERSON
Partner




JEFFREY S ANDERSON
Partner




RICHARD J ANDERSON
Partner




SARAH J ANDERSON
Partner




STEPHEN C ANDERSON
Partner




ROBERT F ANDERSON II
Partner




JOHN R ANDREWS
Partner




JAMES B ANGLIM
Partner




RANDALL C ANSTINE
Partner




ARTHUR F ANTON
Partner




RONALD M AOKI
Partner




PAUL E ARBOGAST
Partner




ALEX T ARCADY
Partner




L PATRICK ARCENEAUX
Partner




ROYCE S ARMSTRONG
Partner




RICHARD L ARNETT
Partner




TAKASHI ASAYAMA
Partner




JAMES V ASELTA
Partner




SAMUEL ASTROF
Partner




ERNEST F AUD JR
Partner




DELBERT L AUXIER JR
Partner




JOHN C AVALLON
Partner




MOSES AWE
Partner




JOHN G BAAB
Partner




JAMES B BACHMANN
Partner




PAUL T BADER
Partner




DONALD L BAILEY
Partner




JOHN A BAILEY
Partner




MARK A BAINBRIDGE
Partner




GERARD C BAJADA
Partner




CHARLES E BAKER
Partner




GARY H BALDAEUS
Partner




DEE J BALLE JR
Partner




ROBERT J BALLWEG JR
Partner




STEPHEN A BALOGA
Partner




DENNIS R BALTZLEY
Partner



JOHN S BANKER JR
Partner


STEVEN J BANKS
Partner



PATRICK M BARBERICH
Partner




DAVID K BARGER
Partner




RICHARD M BARGER
Partner




WILLIAM F BARIDON
Partner




NORMAN A BARKER
Partner




JOSEPH P BARR
Partner




WILLIAM J BARRETT
Partner




JOSEPH A BARSALONA
Partner




MARK S BARTLETT
Partner




THOMAS E BARTON
Partner




GARY T BASIL
Partner




STEPHEN G BASSETT
Partner




MICHAEL K BATY
Partner




CARL E BAUCUM
Partner




JOHN A BAUER-MARTINEZ
Partner




GARY J BAUMANN
Partner




R ERIC BAUMGARTEN JR
Partner




BRUCE M BAYLSON
Partner




EDWARD B BEANLAND
Partner




MICHAEL F BEARER
Partner




B MICHAEL BECKER
Partner




BRYAN A BECKER
Partner




ROBERT A BEDINGFIELD
Partner




GREGORY S BEDNAR
Partner




LARRY BEDROSIAN
Partner




JACK H BEHRENS
Partner




WILLIAM C BEISSWANGER
Partner




ALAN D BELL
Partner




SAMUEL P BELL JR
Partner




JOHN A BELLI
Partner




STEVEN E BELOUS
Partner




GARY L BELSKE
Partner




ROY M BENIGNUS
Partner




NORBERT A BENNETT
Partner




P NORMAN BENNETT
Partner




CHARLES A BENSON
Partner




WILLIAM J BERGOLD
Partner




FRANK A BERNATOWICZ
Partner




KENNETH R BERNSTEIN
Partner




GEORGE A BERRY JR
Partner




MARK M BESCA
Partner




DAVID M BETSILL
Partner




JAMES A BETTS
Partner




BRIAN S BIANCO
Partner




PAUL J BIEHL
Partner




RICHARD D BIRK
Partner




GARY R BIRKENBEUEL
Partner




ROBERT A BIRRELL
Partner




MICHAEL J BISHKO
Partner




JOHN W BITTNER JR
Partner




ROGER W BJORKQUIST
Partner




DONALD A BLACKWELL
Partner




THOMAS M BLAKE
Partner




JACOB M BLANK
Partner




DION E BLEDSOE
Partner




STEVEN H BLOCK
Partner




STEPHEN C BLOWERS
Partner




WILLIAM M BLUME JR
Partner




JOHN F BLUST
Partner




DWIGHT R BLY
Partner




RICHARD S BOBROW
Partner




H DOUGLAS BOGART
Partner




JAMES C BOLAND
Partner




JEFFREY P BOLSON
Partner




DAVID G BONAGURA
Partner




DAVID M BONNER
Partner




JAMES J BONSALL JR
Partner




JAY M BORNSTEIN
Partner




MARK A BORSOS
Partner




JAMES N BOSSERMAN
Partner




BILLY J BOSTICK
Partner




ALLEN A BOSTON
Partner




BRUCE A BOUCHARD
Partner




DAVID T BOULE
Partner




W JAMES BOWLING
Partner




MARTIN J BOWNE
Partner




DAVID E BOYLE
Partner




JAMES R BRADOW
Partner




FRANCIS J BRADY
Partner




LESLIE L BRANDON
Partner




KENNETH A BRANSOM
Partner




HERBERT S BRAUN
Partner




RICHARD W BRAUN
Partner




NEIL E BRAY
Partner




PAUL J BRAZDA
Partner




PAUL C BREMER
Partner




RICHARD A BRENT
Partner




RICHARD L BREZOVEC
Partner




LOUIS R BRILL
Partner




ELLIOTT H BRILLIANT
Partner




RAYMOND J BROEK
Partner




PAUL A BROOK
Partner




MICHAEL J BROSNAN
Partner




LEYTON B BROUGHTON
Partner




DAVID A BROWN
Partner




KENNETH C BROWN
Partner




MICHAEL L BROWN
Partner




ROBERT J BROWN
Partner




RICHARD G BROWN JR
Partner




ESPEY T BROWNING JR
Partner




KEITH L BROWNLIE
Partner




THOMAS W BRUETT
Partner




ROBERT J BRUNS
Partner




JANET M BRUTSCHEA
Partner




CHARLES A BRYAN
Partner




H HOUSTON BRYAN
Partner




STEPHEN BUCKLEY JR
Partner




CHARLES O BUCKNER
Partner




G LAWRENCE BUHL
Partner




STEVEN E BULLER
Partner




TERRY A BULLER
Partner




BRUCE E BULLOCH
Partner




ANTHONY BURKE
Partner




KENNETH M BURKE
Partner




JAMES J BURNS
Partner




KEITH R BURNS
Partner




JAMES F BURTON
Partner




RANDOLPH E BUSEMAN
Partner




CHARLENE K BUTLER
Partner




T RANDALL CAIN
Partner




JOHN P CALCUTT
Partner




KIRK K CALHOUN
Partner




ZAN F CALHOUN
Partner




ANTHONY A CALLANDER
Partner




ROBERT C CALLER
Partner




PETER T CANGANY JR
Partner




ROBERT A CANTOR
Partner




PETER T CAPOBIANCO
Partner




JOHN G D CARDEN
Partner




JOHN J CARELLI
Partner




PETER S CARLSEN
Partner




CAROL ANN CARLSON
Partner




F JAN CARNEVALE
Partner




WILLIAM J CARPENTER
Partner




MICHAEL D CARR
Partner




CHARLES CARROLL
Partner




JAMES W CARTER
Partner




RICHARD CARTOON
Partner




HOWARD L CARVER
Partner




CHARLES D CARVER JR
Partner




F THOMAS CASEY
Partner




TIMOTHY R CASH
Partner




DONALD J CASTE
Partner




FELIX R CASTILLO
Partner




DWIGHT W CATHERWOOD
Partner




JOSEPH J CEGALA
Partner




RICHARD T CELIBERTI
Partner




ROBERT A CENTER
Partner




DOMINICK C CERBONE
Partner




ANTHONY J CERCE
Partner




CHARLES R CHAMBLEE
Partner




GUY D CHAPDELAINE
Partner




MARK S CHAPIN
Partner




JONATHAN C CHAPMAN
Partner




LAURENCE N CHARNEY
Partner




C FRANK CHAUVIN JR
Partner




KENNETH P CHERRSTROM
Partner




SHARDA CHERWOO
Partner




JEFFREY CHIN
Partner




CLYDE M CHRISMAN
Partner




DAVID M CHRISTENS
Partner




CARL H CHRISTENSEN
Partner




DAVID T CHRISTENSEN
Partner




CHARLES M CHUBB JR
Partner




WILLIAM H CHURCH
Partner




MICHAEL C CLARK
Partner




JOHN B CLARKE
Partner




LELAND J CLELAND
Partner




WILLIAM C COE JR
Partner




GERALD D COHEN
Partner




STEVEN R COHN
Partner




GARY G COLE
Partner




WILLIAM E COLE JR
Partner




EUGENE P COLLATZ
Partner




KENNETH W COLWELL
Partner




JAMES B CONLEY
Partner




JAMES P CONLEY
Partner




J DOUGLAS S CONNON
Partner




DENIS S CONROY
Partner




FRANCIS A CONTINO
Partner




MICHAEL H CONVISSAR
Partner




JAMES C COOK
Partner




W HUNTER COOK
Partner




DOUGLAS L COOPER
Partner




KEITH E COOPER
Partner




ROBERT H COOPER
Partner




RONALD S COOPER
Partner




WILLIAM K COPIER
Partner




JOHN J CORDIO
Partner




RICHARD D CORN
Partner




JOHN J COSTELLO
Partner




EDMUND COULSON
Partner




HARVEY L COUSTAN
Partner




ALEXANDER L COVER
Partner




DAVID J COX
Partner




JAMES A COX
Partner




JOHN B CRANE
Partner




MARK G CRANE
Partner




STEPHEN P CRANE
Partner




ROBERT R CRAWFORD
Partner




JOHN W CREAMER
Partner




JIM M CROSS II
Partner




JOHN F CROWLEY
Partner




JOHN W CULLINS
Partner




MICHAEL J CULOTTA
Partner




JOHN W CURRAN
Partner




DAVID W CURRIE
Partner




BRUCE W CURRIER
Partner




JOHN F CURTIS
Partner




MICHAEL R CURTIS
Partner




ROLAND O CURTOLA JR
Partner




MICHAEL J CUSSEN
Partner




ALBERT J D'ALO
Partner




JO M DANCIK
Partner




B GARY DANDO
Partner




RICHARD L DANDURAND
Partner




THOMAS W DANIELSON
Partner




ANGELO P DANNA
Partner




DONALD E DANNER
Partner




STEVEN M DANOWITZ
Partner




LYNN J DARBY
Partner




LARRY E DARST
Partner




LARRY A DAVENPORT
Partner




JAMES L DAVEY
Partner




JAMES H DAVID
Partner




JAMES R DAVIDSON
Partner




LARRY D DAVIDSON
Partner




JERRY A DAVIS
Partner




RICHARD R DE FRONZO
Partner




TIMOTHY L DE LEO
Partner




CHARLES DE LONE III
Partner




ANTHONY J DE LUCA
Partner




JOSEPH A DE SPLINTER
Partner




SUSAN D DE VORE
Partner




DEBORAH DE WITT
Partner




G HILTON DEAN
Partner




ROBERT A DEL GENIO
Partner




ROBERT DER
Partner




DAVID L DES PAIN
Partner




DOUGLAS L DESLATTES
Partner




PETER F DESMOND
Partner




BLAKE E DEVITT
Partner




LOUIS A DI BERARDINO
Partner




SALVATORE P DI FRANCO
Partner




MICHAEL S DI LILLO
Partner




ROBERT L DI LORETO
Partner




JAMES S DI STASIO
Partner




LAWRENCE H DIAMOND
Partner




THOMAS A DIASIO
Partner




RONALD C DIEGELMAN
Partner




RAYMOND V DITTAMORE
Partner




GARY M DIXON
Partner




RICHARD J DOBKIN
Partner




DANIEL J DOLAN
Partner




PETER G DOLBEE JR
Partner




GREGORY M DOLD
Partner




MARCELA E DONADIO
Partner




SCOTT A DONALDSON
Partner




RICHARD C DOUGHERTY
Partner




THOMAS A DOUGHERTY
Partner




JAMES J DOYLE
Partner




MICHAEL J DOYLE
Partner




ARLYN J DOZEMAN
Partner




THOMAS J DRISCOLL
Partner




ARTHUR G DRUCKER
Partner




WILLIAM C DRUMMOND
Partner




RICHARD W DUGAN
Partner




ROGER F DUNBAR
Partner




DAVID E DUPREY
Partner




ROBERT E DUQUETTE
Partner




LEE J DUTRA
Partner




GEORGE J DUVA
Partner




WILLIAM M DUVALL
Partner




JEFFREY H DWORKEN
Partner




WILLIAM A EARON
Partner




WAYNE R EBERSBERGER
Partner




DONALD N ECKER
Partner




ANASTASIA ECONOMOS
Partner




JOHN B EDWARDS JR
Partner




JAMES O EIDE
Partner




MICHAEL C EISENBAND
Partner




MARGIE A EISENSTAT
Partner




ROBERT J ELAM
Partner




EARL J ELBERT
Partner




DARRELL L ELLINGSON
Partner




RICHARD P ELLIOTT
Partner




JEFFREY F ELLIS
Partner




ROBERT M ELLIS
Partner




WILLIAM E ELLIS
Partner




FRANK M ELLMER
Partner




MITCHELL P ELLNER
Partner




EDWARD T ELLOPOULOS
Partner




DONALD C ELLWOOD
Partner




KEITH B ELMER
Partner




ROBERT A ELYA
Partner




MICHAEL B EMBREE
Partner




ROBERT C EMDE
Partner




MICHAEL P EMMERT
Partner




DONALD J ERCOLE
Partner




GREGORY K ERICKSEN
Partner




JOHN A ERICKSON
Partner




MICHAEL L EVANS
Partner




EUGENE C EZELL
Partner




THOMAS E FAHEY
Partner




JAMES J FANNING
Partner




NEIL H FANOE
Partner




SCOTT FARB
Partner




C PAUL FAUX
Partner




JOHN A FELKER
Partner




JERRY A FELTS
Partner




ALFRED B FERNANDES JR
Partner




MICHAEL L FERRANTE
Partner




GERALD L FERRARI
Partner




JOHN F FERRARO
Partner




TIKHON Y FERRIS
Partner




LOUIS H FEUERSTEIN
Partner




BERNARD A FINKELSTEIN
Partner




ROBERT M FINLAYSON
Partner




ANDREW W FINLEY
Partner




STEPHEN G FINN
Partner




EDWARD L FINN III
Partner




A THOMAS FINNELL JR
Partner




HARVEY B FIREMAN
Partner




ROBERT L FISCHER
Partner




JOHN J FITZPATRICK
Partner




MICHAEL J FITZPATRICK
Partner




CECIL E FLAMER
Partner




EDWARD W FLANAGAN
Partner




MARTIN J FLASHNER
Partner




KEVIN M FLEMING
Partner




RANDY G FLETCHALL
Partner




THEODORE J FLOCCO JR
Partner




CHARLES R FLOOD
Partner




PAUL F FLYNN
Partner




CURT W FOCHTMANN
Partner




GERARD J FOLEY
Partner




TIMOTHY J FOLEY
Partner




BRIAN R FORD
Partner




ALAN L FORMAN
Partner




STEPHEN B FORMAN
Partner




MATTHEW E FORSTENHAUSLER
Partner




WAYNE F FORSTER
Partner




DANNY C FORT
Partner




ROBERT R FOURNIER
Partner




DAVID M FOUTS
Partner




DEAN G FOWLER
Partner




RICHARD P FOX
Partner




EDWARD FRAIOLI
Partner




THOMAS D FRANKLIN
Partner




BARRY A FRANZEN
Partner




CHARLES E FRAYER
Partner




MICHAEL S FREDLENDER
Partner




DAN C FREEMAN
Partner




JOHN R FRENCH
Partner




DANIEL L FRICK
Partner




RICHARD L FRICK
Partner




RONALD E FRIEDEN
Partner




SUSAN A FRIEDEN
Partner




MICHAEL E FRIEDMAN
Partner




LESTER S FRY JR
Partner




MELVIN L FULTZ
Partner




CLAUDE E FUSCO
Partner




JOHN T GAFFNEY JR
Partner




RICHARD C GALLAGHER
Partner




DENNIS P GARABEDIAN
Partner




HARRY L GARDNER
Partner




KAREN C GARDNER
Partner




DANIEL R GARNER
Partner




ROBERT J GARNER
Partner




RONALD G GARRICK
Partner




EILEEN E GARVEY
Partner




JOSEPH M GATTO
Partner




STEPHEN P GATTO
Partner




JONATHAN V GAULE
Partner




JOHN T GAWALUCK
Partner




CHARLES T GEBBIA
Partner




W KENT GEER II
Partner




DOUGLAS G GEIB II
Partner




JAMES L GEORGE
Partner




PETER C GERALI
Partner




JAMES R GERDING
Partner



VINCENT L GERMANESE
Partner



DAVID GERSON
Partner




JEFFREY A GERSTNER
Partner




RICHARD E GESINGER
Partner




RICHARD H GESSECK
Partner




HARVEY S GETTLESON
Partner




JOHN B GIANOLA
Partner




WILLIAM F GIBBONS
Partner




MICHAEL M GIBSON
Partner




MICHAEL D GIESE
Partner




GEOFFREY M GILBERT
Partner




TERY S GILBERT
Partner




ROBERT A GILCHRIST
Partner




T STEPHEN GILLESPIE
Partner




MICHAEL J GILLMORE
Partner




JOHN F GILWEE
Partner




NICHOLAS P GIORDANO
Partner




HARVEY J GITEL
Partner




ALAN M GITTELSON
Partner




ROBERT GIUSTI
Partner




JAMES C GODBOUT
Partner




ALLAN M GODDARD
Partner




DANIEL K GOLDBERG
Partner




JERRY T GOLDEN
Partner




PETER H GOLDFARB
Partner




JEROME L GOLDMAN
Partner




MARVIN A GOLDMAN
Partner




ERROL G GOLUB
Partner




KAREN M GOLZ
Partner




GEOFFREY P GOOCH
Partner




GARY G GOODE
Partner




ARTHUR I GORDON
Partner




FRANK J GORI
Partner




GEORGE J GORMAN
Partner




JERRY GORMAN
Partner




SAMUEL F GORMAN
Partner




JAMES D GOTTFRIED
Partner




JOHN B GRACE
Partner




PHILIP C GRAD
Partner




JAMES J GRADY
Partner




JOHN C GRAFF
Partner




JOHN M GRAHAM
Partner




JOSEPH F GRAINGER
Partner




LAWRENCE J GRAJEWSKI
Partner




DALE J GRANACKI
Partner




LESLIE S GRANOW
Partner




HUGH M GRANT
Partner




CHRISTOPHER J GRASHER
Partner




PAUL A GRATER
Partner




MICHAEL M GRAY
Partner




PETER C GRAY
Partner




MICHELE GRECO
Partner




JANET M GREEN
Partner




DAVID L GREENWELL
Partner




MICHAEL F GRIES
Partner




SWINTON A GRIFFITH III
Partner




TIMOTHY T GRIFFY
Partner




MICHAEL GROBSTEIN
Partner




DIANN D GROSS
Partner




ROBERT L GUIDO
Partner




JOHN W GUNN
Partner




PHILIP J GUNN
Partner




WILLIAM J GUSKA
Partner




JAMES L GUSTAVSON
Partner




DONALD L GUTMAN
Partner




RICHARD V HAAR
Partner




GERARD C HAAS
Partner




STEVEN W HACKETT
Partner




FRANK A HAHN
Partner




ANDREW J HAJDUCKY III
Partner




DENNIS J HALEY
Partner




JOHN K HALEY
Partner




HUGH R HALL
Partner




FRANK H HALL III
Partner




RONALD P HALLAGAN
Partner




SCOTT K HALLIDAY
Partner




PHILIP HALPER
Partner




RAND B HAMMOND
Partner




DAVID A HAMPSHIRE
Partner




RANDALL C HAMPTON
Partner




DWIGHT L HANGER
Partner




MICHAEL S HANLEY
Partner




TIMOTHY R HANNON
Partner




RICHARD A HANUS
Partner




LARRY J HARDY
Partner




TERRY D HARDY
Partner




LEE E HARKLEROAD III
Partner




CARL D HARNICK
Partner




JAMES F HART
Partner




JOSEPH J HART JR
Partner




CHARLES D HARVELL
Partner




MARCUS D HARWOOD
Partner




JAMES A HASSETT
Partner




W EDWARD HASTINGS
Partner




JAMES A HATCH
Partner




ROBERT C HAUSEN
Partner




CHARLES J HAUSER
Partner




MARK D HAUSER
Partner




H RICHARD HAVERSTICK JR
Partner




DANIEL F HAYES
Partner




LARRY J HAYNES
Partner




JAY W HECK
Partner




RICHARD L HEIDEBRINK
Partner




STEPHEN J HEIL
Partner




DAVID H HEMMERLING
Partner




THOMAS C HENDERSON
Partner




STEPHEN C HENLEY
Partner




ROBERT E HENLEY JR
Partner




MICHAEL A HENNING
Partner




PAUL J HERAN
Partner




ROBERT K HERDMAN
Partner




KENNETH R HERLIN
Partner




LAWRENCE H HERLONG
Partner




DELBERT M HERMAN
Partner




DIANE P HERNDON
Partner




BRADLEY E HERRMANN
Partner




MICHAEL A HERZOG
Partner




DAVID D HICKOX
Partner




A STEVE HIDALGO
Partner




TIMOTHY J HIGGINS
Partner




MICHAEL S HILDRETH
Partner




SCOTT B HILL
Partner




JOHN S HILLS
Partner




AARON HIPSCHER
Partner




DARIA S HODAPP
Partner




DONALD R HOFFLANDER
Partner




STEPHAN P HOFFMAN
Partner




PATRICK D HOGAN
Partner




J ROGER HOLBROOK
Partner




L WARD HOLDRIDGE
Partner




RODGER L HOLLEY
Partner




PETER M HOLLOWAY
Partner




DAVID L HOLMAN
Partner




CHRISTOPHER M HOLMES
Partner




DAVID N HOLTZE
Partner




JAMES K HOLTZMAN
Partner




STEPHEN O HOOK
Partner




JEFFREY R HOOPS
Partner




STEPHEN M HOOVER
Partner




PATRICK T HOPKINS
Partner




TERESA A HOPP
Partner




GEOFFREY V HOPPER
Partner




BARRY R HOREK
Partner




T RICHARD HORN JR
Partner




F JAMES HORNE
Partner




HARRIS M HOROWITZ
Partner




JOE C HORTON
Partner




ALAN E HORWITZ
Partner




G THOMAS HOUGH
Partner




VENABLE M HOUTS JR
Partner




THOMAS N HOWARD
Partner




PETER W HOWE
Partner




STEPHEN R HOWE JR
Partner




C KENNETH HOWERY
Partner




N DOUGLAS HOY JR
Partner




THOMAS M HUDGINS
Partner




DAVID W HUGHES
Partner




H STEPHEN HURST
Partner




FREDRICK G HUTCHISON JR
Partner




PAUL J HUTH
Partner




RICHARD J HYMER
Partner




MICHAEL J INSERRA
Partner




MICHIO ISHII
Partner




GARY L IVERSON
Partner




JAMES V IVY
Partner




JIM S IVY
Partner




GUY C JACKSON
Partner




ALAN M JACOBS
Partner




P ROGER JAHNCKE
Partner




STEVEN G JAMES
Partner




SUSAN M JAMES
Partner




MICHAEL D JANCIK
Partner




DENNIS P JANCSY
Partner




RAY P JEFFERIES
Partner




EDWIN T JEFFERY
Partner




RALPH F JENKINS III
Partner




ANDREW P JENNINGS JR
Partner




WILLIAM K JENSEN
Partner




DAVID W JESSEN
Partner




OSCAR J JIMENEZ
Partner




RONALD J JOHANSSON
Partner




GREGORY W JOHNS
Partner




CRAIG S JOHNSON
Partner




DOUGLAS W JOHNSON
Partner




EDWARD T JOHNSON
Partner




GARY D JOHNSON
Partner




JAMES L JOHNSON
Partner




ROGER A JOHNSON
Partner




WALLACE R JOHNSON III
Partner




R HORACE JOHNSON JR
Partner




J RANDALL JOHNSTON
Partner




JAMES W JOHNSTON
Partner




CLIFFORD R JONES
Partner




DAVID E JONES
Partner




RICHARD E JONES
Partner




RICHARD W JONES
Partner




THOMAS L JONES
Partner




MICHAEL S JOSEPH
Partner




JAY C JULIUSSEN
Partner




JAMES R JUSTICE
Partner




AARON S KAISER
Partner




WILLIAM J KANE
Partner




LAWRENCE S KAPLAN
Partner




JOHN S KARLS
Partner




STEPHEN D KARPF
Partner




MARK R KASPAR
Partner




JAN G KASUN
Partner




STEVEN M KATES
Partner




WILLIAM I KATZ
Partner




JOHN E KATZENMEYER
Partner




JEFFREY A KAUFMAN
Partner




RICHARD J KAUFMAN
Partner




RONALD U KAUFMAN
Partner




DAVID J KAUTTER
Partner




DANIEL G KAYE
Partner




GARY R KEISER
Partner




MICHAEL S KELLEY
Partner




ALAN L KELTNER
Partner




ROBERT E KEMPENICH
Partner




WILLIAM T KENNEDY
Partner




MICHAEL D KENNEY
Partner




ROBERT M KENOST
Partner




MARK R KERCHER
Partner




THOMAS A KERN
Partner




DONALD A KEY
Partner




THOMAS J KICHLER
Partner




EDWARD J KILBANE JR
Partner




JOHN J KILKEARY
Partner




WILLIAM L KIMSEY
Partner




DAVID L KING
Partner




DOUGLAS R KING
Partner




LEGRAND C KIRBY III
Partner




OLIVIA A KIRK
Partner




JOHN M KISS
Partner




NICHOLAS KISSEL
Partner




DEBORAH J KISSIRE
Partner




WILLIAM G KISTNER
Partner




H DALE KITCHENS
Partner




THOMAS F KIVELL
Partner




RICHARD H KLEIN
Partner




ROBERT B KLEIN
Partner




WARREN E KLEIN
Partner




GEORGE E KLENOVICH
Partner




ALAN L KLINE
Partner




BRUCE E KLINGSHIRN
Partner




PETER M KLOET
Partner




MARTIN KNEE
Partner




LESLIE W KNIGHT JR
Partner




JOSEPH M KNOTT
Partner




THOMAS P KNUDSEN
Partner




HERBERT E KNUTSON
Partner




ANTHONY J KOLASA
Partner




STEPHEN J KONENKAMP
Partner




WILLIAM R KONRAD
Partner




N ROBERT KOPECKO JR
Partner




PAUL KORENEFF
Partner




BRYAN J KORNREICH
Partner




TIMOTHY M KOSIEK
Partner




GEOFFREY C KOSLOV
Partner




THOMAS G KOURI
Partner




CHARLES R KOWAL
Partner




RONALD J KOZICH
Partner




F GORDON KRAFT
Partner




RAYMOND J KRAFT JR
Partner




LEWIS KRAMER
Partner




RAYMOND E KRAMER
Partner




RICHARD F KRANER
Partner




BARRY F KROEGER
Partner




TERRENCE P KRUPCZAK
Partner




ADRIAN F KRUSE
Partner




NIKI L KRUTOP
Partner




JOHN L KUHLMAN JR
Partner




GERALD J KUHN
Partner




STEVEN J KUZMA
Partner




PAUL S LA FATA
Partner




GERALD T LA FLAMME
Partner




DONALD R LABRIE
Partner




ABDUL S LAKHANI
Partner




ANTONIO M LALIBERTE
Partner




IRA J LAMEL
Partner




THOMAS B LAMMERT
Partner




JAMES P LAMPHRON
Partner




MIKE F LAMPLEY
Partner




J TALBOT LAND
Partner




WAYNE C LANDES
Partner




ALLAN R LANDON
Partner




DOUGLAS E LANGENFELD
Partner




ROBERT A LANGER
Partner




THOMAS M LANKFORD
Partner




JOHN E LANMAN
Partner




WILLIAM V LAPHAM
Partner




RICHARD G LARSEN
Partner




TIMOTHY A LARSON
Partner




PHILIP A LASKAWY
Partner




STEVEN L LASKEY
Partner




BRUCE N LASSMAN
Partner




THOMAS J LATKOVIC
Partner




THOMAS J LAUBENTHAL
Partner




EMANUEL A LAURIA JR
Partner




DOUGLAS LAUX
Partner




ROBERT W LAW
Partner




JAMES M LAWLOR
Partner




WILLIAM T LAWRENCE
Partner




CHARLES T LAWSON
Partner




SPIRO C LAZARAKIS
Partner




SCOTT T LEAHY
Partner




B CARL LEE
Partner




JERRY D LEE
Partner




NADINE GORDON LEE
Partner




KENNETH B LEE JR
Partner




DAVID W LEEDS
Partner




KEVIN LEIFER
Partner




STEVEN J LEIFER
Partner




JOSEPH M LEMAIRE
Partner




Richard N Lemieny
Partner




RICHARD N LEMIEUX
Partner




CHARLES A LENNS
Partner




DANIEL G LENTZ
Partner




BERNARD LEONE
Partner




HERBERT J LERNER
Partner




HOWARD A LEVENSON
Partner




GARY D LEVINBOOK
Partner




ALAN B LEVINE
Partner




JAY J LEVINE
Partner




ROBERT S LEVINE
Partner




DEBORAH J LEVINSON
Partner




HOWARD L LEVY
Partner




J KENYON LEWIS
Partner




PETER D LICARE
Partner




G MICHAEL LICASTRO
Partner




BRIAN P LIDDY
Partner




DAYTON G LIERLEY
Partner




ALAN P LILHOLT
Partner




RICHARD B LINKLATER
Partner




ROBERT H LINN
Partner




WILLIAM J LIPTON
Partner




JOHN M LITTLE
Partner




WALLACE A LITTLE
Partner




BRADLEY W LIVENGOOD
Partner




RONALD I LOBEL
Partner




RICHARD W LOEHR
Partner




JOSEPH J LOMBARDI
Partner




THEODORE W LONG JR
Partner




PETER LOOK
Partner




DANIEL J LOVE
Partner




G WILLIAM LUALLEN
Partner




ALPHONSE S LUCARELLI
Partner




ALBERT D LUCAS
Partner




MICHAEL A LUCKI
Partner




MICHAEL G LUTZE
Partner




ROBERT W LYNCH
Partner




JOHN V LYNGAAS
Partner




THEODORE J MAAG
Partner




W BARRY MABRY
Partner




JOHN F MAC DONALD
Partner




KEVIN M MAC KENZIE
Partner




JAMES R MACH
Partner




STEPHEN C MACK
Partner




ALEXANDER H MACKINTOSH
Partner




JAMES G MAGUIRE
Partner




JOHN J MAHONEY JR
Partner




JOHN F MAJORS
Partner




KENNETH J MALEK
Partner




SHARON D MALONEY
Partner




CHRISTOPHER D MANDALERIS
Partner




JERRY A MANNEN
Partner




MARK J MANOFF
Partner




RONALD J MANSE
Partner




BRUCE J MANTIA
Partner




EDWARD R MARCUM
Partner




NORMAN MARCUS
Partner




RONALD D MARCUSON
Partner




PETER K MARKELL
Partner




JOHN C MARKELONIS
Partner




KENNETH E MARKLEY
Partner




LESTER A MARKS
Partner




WILLIAM H MARQUARD
Partner




RICHARD L MARRAPESE
Partner




VALERIE D MARSHALL
Partner




BRIAN W MARSHARLL
Partner




CHARLES R MARTIN
Partner




GREGORY A MARTIN
Partner




JAMES F MARTIN
Partner




NIGEL J MARTIN
Partner




STEPHEN C MARTIN
Partner




HAROLD J MASOR
Partner




DOUGLAS P MASTRANGELI
Partner




MELVYN T MASUDA
Partner




KANJI MATSUSHITA
Partner




BEVERLY K MATTHEWS
Partner




VANCE K MAULTSBY JR
Partner




THOMAS P MAURER
Partner




MICHAEL G MAXEY
Partner




PAUL M MAYFIELD
Partner




CARL M MAYHALL
Partner




WILLIAM J MC CABE
Partner




JOHNNY W MC CALEB
Partner




TERESA J MC CANLIES
Partner




JOHN P MC CANN
Partner




BRYANT M MC CARTHY
Partner




DAVID N MC CLUNG
Partner




MATTHEW L MC COLL
Partner




ROBERT T MC CORMACK
Partner




WILLIAM J MC CORMICK JR
Partner




A MICHAEL MC CRACKEN
Partner




JOHN W MC CULLOUGH
Partner




C BRENT MC CURDY
Partner




THOMAS J MC CUTCHEON
Partner




STEPHEN E MC DANIEL
Partner




WILLIAM T MC DERMOTT
Partner




CLINTON D MC DONNOUGH
Partner




M RAY MC GOWEN
Partner




JOHN R MC GRATH
Partner




NEAL T MC GRATH
Partner




THOMAS P MC GRATH
Partner




ROBERT D MC ILHATTAN
Partner




L JAY MC INTOSH
Partner




DONALD H MC IVER JR
Partner




MICHAEL V MC KAY
Partner




MARK W MC KEEHAN
Partner




HERBERT W MC LACHLAN
Partner




ROBERT G MC LENDON
Partner




JAMES H MC LENNAN
Partner




EUGENE F MC MAHON
Partner




MICHAEL J MC MILLAN
Partner




WILLIAM J MC NAMARA
Partner




MICHAEL P MC SHERRY
Partner




JOHN P MC TIGUE
Partner




THOMAS E MECKLEY
Partner




VALERIE V MEDDAUGH
Partner




PAUL V MEIGHAN
Partner




RICHARD MEJIA JR
Partner




MARTIN R MELONE
Partner




DANNY MENDELSON
Partner




MATTHEW A MENDRYGAL
Partner




ALLEN J MERKLEY
Partner




CHARLES M MERRIMAN
Partner




LANIER MERRITT
Partner




BARRY B MEVORACH
Partner




MICHAEL L MEYER
Partner




ROBERT L MEYER
Partner




RONALD L MEYERS
Partner




GENE E MICHAELSON
Partner




PAUL W MIDDEKE
Partner




THOMAS L MILAN
Partner




JAMES B MILHOLLAND
Partner




DAVID J MILKOSKY
Partner




BRIAN J MILLER
Partner




BRUCE A MILLER
Partner




DOUGLAS S MILLER
Partner




FREDRIC R MILLER
Partner




HAROLD R MILLER
Partner




JAMES A MILLER
Partner




JOHN ANDREW MILLER
Partner




RICHARD L MILLER
Partner




DON P MILLICAN
Partner




STEVEN R MILLS
Partner




WILLIAM B MILSTEAD
Partner




PATRICK F MINAN
Partner




LARRY C MINGLEDORFF
Partner




ERIC C MINOTTI
Partner




DONALD T MISHEFF
Partner




LUCIEN P MISTROT JR
Partner




JAMES K MITCHELL
Partner




THOMAS J MITCHELL
Partner




RAY M MOBERG
Partner




HARVEY B MOGENSON
Partner




STEPHEN A MOHORICH
Partner




V SUE MOLINA
Partner




ANTHONY J MONDORO JR
Partner




ROBERT S MONITELLO
Partner




DANIEL D MONTGOMERY
Partner




J LEO MONTGOMERY
Partner




STEPHEN N MONTGOMERY
Partner




EDWARD P MONTGOMERY JR
Partner




CANDILEIGH K MONZO
Partner




BILL M MOONINGHAM
Partner




BOBBY R MOORE
Partner




DONALD L MOORE
Partner




LISA M MOORING
Partner




RAYMOND GLEN MOREAU
Partner




HERBERT A MOREY
Partner




JACK R MORRIS
Partner




MICHAEL F MORRISSEY
Partner




THEODORE C MORTENSON
Partner




JAMES L MORTON
Partner




DAVID L MOSKOL
Partner




FINDLAY M MOST
Partner




RONALD T MOTT
Partner




JAMES W MOTTERN
Partner



VINCENT A MOULTON
Partner



KURT H MUELLER
Partner




GERALD T MUGNOLO
Partner




MICHAEL R MULHAUSEN
Partner




JAMES P MULHERN
Partner




MICHAEL F MULLEN
Partner




JOHN H MUNZ
Partner




MICHAEL C MURPHY
Partner




WILLIAM B MURPHY
Partner




JOHN J MURPHY JR
Partner




DAVID H MURRAY
Partner




MICHAEL J MURRAY
Partner




DANIEL J MURRIN
Partner




THOMAS P MURRY
Partner




RICHARD C MUSE
Partner




MARTIN NACHIMSON
Partner




STEPHEN R NADEAU
Partner




GEORGE M NEAS
Partner




DONALD L NEEBES
Partner




CHARLES J NEFF JR
Partner




STEPHEN J NEGROTTI
Partner




MARK C NELSON
Partner




ROGER R NELSON
Partner




STEPHEN T NELSON
Partner




ROBERT G NEUBERT
Partner




J EDD NEW
Partner




DANNY R NEWCOMB
Partner




LARRY E NEWMAN
Partner




MARK S NEXSEN
Partner




JAY D NIBBE
Partner




WARREN R NICHOLSON
Partner




JOHN F NICOLAI
Partner




RICHARD J NICOLETTI
Partner




HAROLD L NIDETZ
Partner




ALLAN M NIEDER
Partner




BARBARA L NIELSEN
Partner




RICHARD J NIGON
Partner




RICHARD D NIJOKA
Partner




MARTIN NISSENBAUM
Partner




KEVIN J NIXON
Partner




J WAYNE NORSWORTHY
Partner




ERNEST J NOVAK JR
Partner




THOMAS C NOVOSEL
Partner




DENNIS J NOWAK
Partner




PETER S NURCZYNSKI
Partner




THOMAS R O'DONNELL
Partner




MICHAEL D O'DROBINAK
Partner




DOUGLAS H OBENSHAIN
Partner




STEVEN D OESTERLE
Partner




BARRY J OKOSKIN
Partner




RAYMOND A OLCZAK
Partner




JACK H OLDHAM
Partner




DAVID T OLMAN
Partner




JAMES A OLSON
Partner




STEVEN C OLSON
Partner




JOHN H OPDYCKE
Partner




TERRY H ORLANSKY
Partner




ROBERT R OWEN
Partner




WILLIAM M OWENS
Partner




TERRENCE R OZAN
Partner




ALTON D PAGE
Partner




HARICE R PAGE
Partner




ANDREW D PAINTER
Partner




WILLIAM B PALM
Partner




L RANDALL PALMER
Partner




TERRYL M PALMER
Partner




PETER C PALSEN
Partner




KENNETH E PAPP
Partner




MICHAEL J PARMA
Partner




STEPHEN M PAROBY
Partner




RICHARD E PARROTT
Partner




NORMAN L PASAS
Partner




JAMES A PATRANZINO
Partner




GEORGE F PATTERSON JR
Partner




JAMES C PATTON
Partner




ROBERT C PATTON
Partner




ALAN G PAULUS
Partner




KATHLEEN M PAWLUS
Partner




DAVID B PEARSON
Partner




MARK W PEARSON
Partner




PAUL M PEARSON
Partner




JAMES A PEASE
Partner




JOHN PECK
Partner




JOHN G PEETZ JR
Partner




ERIC R PELANDER
Partner




JAMES J PELLETIER
Partner




DANIEL R PEREIRA
Partner




JAIME PEREIRA
Partner




WENDY S PEREZ
Partner




MAX PERIMAN
Partner




JOHN R PERKINSON
Partner




STANLEY R PERLA
Partner




JAMES R PETERS
Partner




DOUGLAS SCOTT PETERSON
Partner




KENNETH W PETERSON
Partner




TIMOTHY M PETERSON
Partner




GEORGE E PETERSON III
Partner




WARREN W PETRAGLIA
Partner




RONALD P PETTIROSSI
Partner




J DOUGLAS PHILLIPS JR
Partner




JAMES S C PHLEGAR JR
Partner




CHRISTINE M PIATT
Partner




ROBERT B PICKERING
Partner




CRAIG F PICKETT
Partner




JAMES E PIERCE
Partner




MARTIN A PIERCE
Partner




RANDALL H PIERCE
Partner




CLIFFORD L PIKE
Partner




SIDNEY L PILSON
Partner




JOHN R PIPSKI
Partner




EDWIN J PISANI
Partner




DONALD A PIZER
Partner




RONALD J PIZIALI
Partner




JOHN C PLAVAN
Partner




KERRY L PLUTTE
Partner




MICHAEL C POLAND
Partner




DENNIS M POLIZZI
Partner




LARRY J POLLARD
Partner




GERARD B POMPAN
Partner




DAVID G POPE
Partner




JAMES A POPE JR
Partner




THEODORE R POPP
Partner




JAMES J POWELL
Partner




MICHAEL F PRENDERGAST
Partner




JOEL PRESS
Partner




DAVID F PRICE
Partner




GREGORY S PRICE
Partner




KEVIN I PRICE
Partner




DONALD V PROPER
Partner




LOUIS A PUGLIESE
Partner




DENNIS R PURDUM
Partner




W JAMES QUIGLEY JR
Partner




MARK A QUINN
Partner




BARBARA J RAASCH
Partner




HOWARD A RABINOWITZ
Partner




MARC A RABINOWITZ
Partner




FRANCIS S RADFORD
Partner




MILAN M RADONICH
Partner




JOHN P RAFFERTY
Partner




MICHAEL P RAFFERTY
Partner




EMIL J RAGONES
Partner




DAVID M RAINEY
Partner




L JOAN G RALL
Partner




RICHARD D RATHBURN
Partner




CHARLES W RAYBURN
Partner




JOHN J RECK
Partner




BRENDA B RECTOR
Partner




DAVID A REED
Partner




DANIEL R REESE
Partner




GEORGE E REESE
Partner




CONLYN W REGESTER JR
Partner




ROBERT J REH
Partner




KEVIN B REILLY
Partner




DALE A REISS
Partner




KENNETH M REISS
Partner




JOHN D RELIC
Partner




CHARLES J REYNOLDS
Partner




CARL A RHODES
Partner




DAVID A RICCHUITO
Partner




TERRENCE P RICCIO
Partner




DONALD R RICHARDS
Partner




JOSEPH V RICHARDS JR
Partner




TIMOTHY N RICHIE
Partner




THOMAS H RICHTER
Partner




CHARLES A RIDER
Partner




D JOE RIGSBY
Partner




ROBERT J RILEY
Partner




BRIAN E RING
Partner




MICHAEL A RITTER
Partner




ISADORE RIVAS
Partner




MICHAEL A RIZZO
Partner




JOSEPH G ROBBINS JR
Partner




KENNETH L ROBIN
Partner




DON A ROBINS
Partner




BARRY E ROBINSON
Partner




JACK C ROBINSON
Partner




KIRK N ROBINSON
Partner




ANTHONY M ROBUSTELLI JR
Partner




PAUL V RODDY
Partner




JACK R RODMAN
Partner




LAWRENCE D RODRIGUEZ
Partner




PETER RODRIGUEZ JR
Partner




DAVID E ROGERS
Partner




W KEITH ROLLINS
Partner




KELLY A ROSE
Partner




HOWARD S ROSELL
Partner




GREGORY R ROSS
Partner




JAMES L ROSS
Partner




STANLEY ROSS
Partner




JAMES E ROSSINI
Partner




CHARLES N ROTH
Partner




HOWARD S ROTH
Partner




FREDERICK W ROUND
Partner




PHILLIP G ROYALTY
Partner




WILLIAM M RUDDY
Partner




RUSS J RUDISH
Partner




PAUL L RUFLIN
Partner




THOMAS H RYAN
Partner




JAMES E RYAN JR
Partner




ROBERT J SABO
Partner




PAUL H SALLWASSER
Partner




JANE O SALTER
Partner




DONALD B SALTZ
Partner




WILLIAM H SAMPLE
Partner




MICHAEL R SANDERS
Partner




STEVE W SANDERS
Partner




JOHN R SANDERSON
Partner




PETER R SANTORI
Partner




LUIGI C SASSO
Partner




DAVID G SAWAYA
Partner




MICHAEL F SCARLETT
Partner




LOUIS J SCERRA
Partner




DEAN I SCHAFFER
Partner




GLEN A SCHAFFERT
Partner




RICHARD L SCHECTER
Partner




BARRY D SCHEHR
Partner




ROBERT A SCHINTZIUS
Partner




GEORGE C SCHLEIER
Partner




THOMAS SCHNELLENBERGER
Partner




THOMAS E SCHOENBAECHIER
Partner




HENRY T SCHREYER JR
Partner




JOSEPH C SCHUBERT
Partner




STEVEN A SCHUMM
Partner




PETER M SCHWAB
Partner




ROBERT S SCOLNICK
Partner




THOMAS G SCOTT
Partner




CHRISTOPHER E SCUDELLARI
Partner




ROBERT M SEAMAN
Partner




JAMES E SEARING
Partner




JAMES E SEARSON
Partner




LLOYD D SEESE
Partner




BRYAN K SEGEDI
Partner




JOHN A SEIFARTH
Partner




LARRY M SEIGEL
Partner




ROBERT J SELDER
Partner




STEPHEN M SELISKAR
Partner




ROBERT J SEPE
Partner




DENNIS SERLEN
Partner




WILLIAM R SETO
Partner




MARK V SEVER
Partner




CHRISTOPHER C SEYFARTH
Partner




DAVID F SHANAHAN
Partner




LAURA K SHANLEY
Partner




MICHAEL F SHANLEY
Partner




F RICHARD SHAPIRO
Partner




ROBERT H SHARPENBERG
Partner




JACK R SHAW
Partner




BEN H SHAWLER
Partner




ROBERT D SHAY
Partner




JOHN M SHAY JR
Partner




HOWARD L SHEARON
Partner




MATTHEW D SHEDD
Partner




RICHARD J SHELTON JR
Partner




PHILLIP L SHEMANSKI
Partner




RONALD B SHEPARD
Partner




STEVEN H SHEPSMAN
Partner




STEPHANIE M SHERN
Partner




LAWRENCE R SHERRY
Partner




ROBERT H SHOPE
Partner




THOMAS J SHORTWAY
Partner




PORTER R SHULTS JR
Partner




HYMAN SHWIEL
Partner




JOHN M SIEBER
Partner




MARY ANN SIGLER
Partner




RONALD H SILVER
Partner




JOSEPH A SILVOSO II
Partner




CHARLES E SIMON
Partner




KENNETH A SIMON
Partner




ROGER N SIMPSON
Partner




TONY W SIMPSON
Partner



JUDSON M SINCLAIR
Partner



MARK J SIVIN
Partner




JOHN O SKELTON
Partner




THOMAS J SKIBA
Partner




DAN E SLAGLE
Partner




STANLEY D SLEIGHT
Partner




JOHN R SMIDT
Partner




ANTHONY W SMITH
Partner




DANIEL C SMITH
Partner




DONALD F SMITH
Partner




GERALD W SMITH
Partner




JACK H SMITH
Partner




JOHN E SMITH
Partner




KEVIN M SMITH
Partner




PAUL D SMITH
Partner




RAYMOND L SMITH
Partner




TRAVIS E SMITH
Partner




H RAYMOND SMITH JR
Partner




ROBERT J SNYDER
Partner




ALBERT A SNYDER JR
Partner




GARY M SOFFER
Partner




BRIAN S SOIREF
Partner




JOHN F SOLAN JR
Partner




GREGORY J SOUKUP
Partner




JOHN J SOUTHWICK JR
Partner




KRIS M SPAIN
Partner




WILLIAM SPANG
Partner




CHERYL F SPARKES
Partner




DOUGLAS M SPARKS
Partner




W RANDOLPH SPEARS
Partner




JOHN N SPENCER JR
Partner




NICHOLAS T SPINA JR
Partner




STEPHEN H STAELIN
Partner




THOMAS G STAFFORD
Partner




THOMAS H STAGG
Partner




RONALD W STAHLSCHMIDT
Partner




JOHN C STALEY
Partner




STEPHEN T STARBUCK
Partner




ROBERT J STARKMAN
Partner




LAWRENCE M STATSKY
Partner




THOMAS E STAZYK
Partner




JOSEPH N STEAKLEY
Partner




S DOUGLAS STEELE
Partner




ROBERT W STEIN
Partner




MARK A STEPHENS
Partner




DAVID W STETTLER
Partner




MARTIN D STEVENSON
Partner




FREDERICK R STEWART
Partner




DALE E STITT
Partner




SCOTT A STOLL
Partner




THEODORE B STONE
Partner




MICHAEL G STRACHAN
Partner




GREGORY J STRATIS
Partner




NORMAN N STRAUSS
Partner




KIRK D STRAWSER
Partner




ROBERT G STREIT
Partner




CHRIS C STROUP
Partner




BRUCE W STUMP
Partner




RALPH A SUBBIONDO
Partner




BRUCE D SULLIVAN
Partner




MARK L SULLIVAN
Partner




HAROLD W SULLIVAN JR
Partner




GARY V SUTTON
Partner




L GREG SWAN
Partner




CHARLES R SWANSON
Partner




DONALD H SWEENEY
Partner




ROBERT W SWEGLE JR
Partner




DONN A SZARO
Partner




RALPH J TAKALA
Partner




DARRELL J TAMOSUINAS
Partner




ELLIOT I TANNENBAUM
Partner




PHILIP M TATAROWICZ
Partner




JANE L TAYLOR
Partner




THOMAS W TAYLOR
Partner




WILLIAM B TAYLOR
Partner




WILLIS G TELLJOHANN
Partner




ROBERT H TEMKIN
Partner




IRVING J THAU
Partner




JOHN A THEIS
Partner




ROBERT H THIBAULT
Partner




PAUL D THODESON
Partner




C LEE THOMAS
Partner




JAMES N THOMAS
Partner




N SCOTT THOMAS
Partner




JEROME W THOMASSON
Partner




DARRYL L THORVILSON
Partner




JOHN F TIERNEY
Partner




JOSEPH W TILLETT JR
Partner




JOHN F TINSLEY
Partner




WILLIAM R TITERA
Partner




JAMES J TOBIN
Partner




STEPHEN M TODD
Partner




HOWARD S TODO
Partner




LAURENCE J TOMSYCK
Partner




MERLIN C TOUSANT
Partner




JOHN R TOWIE JR
Partner




KENNETH H TOWNSEND II
Partner




JAMES C TRACY
Partner




KENNETH L TRACY
Partner




DANIEL L TRAMPUSH
Partner




MICHAEL W TRAPP
Partner




KENNETH L TREECE
Partner




RICHARD J TREINEN
Partner




CHERYL L TROIANO
Partner




BEN G TROXLER
Partner




ROBERT B TSCHUDY
Partner




GEORGE H TUCKER III
Partner




ARTHUR F TULLY
Partner




JAMES S TURLEY
Partner




MICHAEL R TURNER
Partner




PHILIP M UHRHAN
Partner




ROBERT J UNTRACHT
Partner




MIGUEL A VALDES
Partner




GRETCHEN L VALENTINE
Partner




DIANA C VALLIS
Partner




KENNETH L VANDER WAL
Partner




JOHN M VARVARIS
Partner




GUY A VASCONCELLOS
Partner




SALVATORE C VAUDO JR
Partner




MICHAEL E VENTLING
Partner




JOSEPH V VICIDOMINO
Partner




DENNIS VICK
Partner




MICHAEL A VIEW
Partner



JANICE I VINCENT
Partner



JOHN P VODENICKER JR
Partner




THOMAS D VOGELSINGER
Partner




CHRISTOPHER D VOTTA
Partner




JEFFREY J VRABEL
Partner




RICHARD J WALL
Partner




GEORGE H WALLACE
Partner




JAMES D WALLACE
Partner




AMY WALLMAN
Partner




ANTHONY J WALTERS
Partner




RICHARD B WALWORTH
Partner




DENNIS J WANDER
Partner




DAVID P WARD
Partner




FORREST LEON WARD
Partner




MARK R WARD
Partner




ROBERT H WARSHAUER
Partner




WILLIAM R WASCO
Partner




WILLIAM H WASHECKA
Partner




LINDA B WATSON
Partner




JONATHAN G WEAVER
Partner




JEFFREY L WEBB
Partner




JAY WEBER
Partner




JOSEPH V WEBER
Partner




BERNARD R WEDGE JR
Partner




JACOB WEICHHOLZ
Partner




ALLAN D WEINGARTEN
Partner




WAYNE L WELGE
Partner




JOHN T WELLS JR
Partner




MARK K WENNELL
Partner




JAMES B WERLE
Partner




JACK H WERNER
Partner




MARVIN WERTHEIMER
Partner




GARY T WESCOMBE
Partner




RICHARD B WESTERN
Partner




ARTHUR P WESTON
Partner




MARK H WESTON
Partner




DAVID A WHEAT
Partner




TIMOTHY K WHETSELL
Partner




CHARLES K WHITE
Partner




RANDALL J WICHINSKI
Partner




WILLIAM J WIENERS
Partner




KENNETH J WILCHFORT
Partner




JOHN A WILGERS
Partner




MICHAEL J WILK
Partner




BRADLEY D WILLIAMS
Partner




DONALD A WILLIAMS
Partner




JAMES A WILLIAMS
Partner




JEFFREY P WILLIAMS
Partner




MARK R WILLIAMS
Partner




ROBERT J WILLIAMS
Partner




EDWARD J WILLIAMS JR
Partner




JAMES M WILLIAMS JR
Partner




DAVID E WILLMAN
Partner




RUTH WILMER
Partner




GERALD B WILSON
Partner




GREGORY S WILSON
Partner




REX L WILSON
Partner




RONALD A J WILSON
Partner




JACK B WILSON JR
Partner




RICHARD B WIMMER
Partner




ROBERT H WINGELS
Partner




ROBERT B WINGERTER JR
Partner




JACLYN A WINSHIP
Partner




JAMES C WINTER
Partner




ALVIN L WINTERROTH
Partner




JOHN R WISE
Partner




WALTER G WOHIGEMUTH
Partner




ERIC M WOLF
Partner




BENJI H WOLKEN
Partner




GREGORY E WOLSKI
Partner




SCOTT A WOLTEMATH
Partner




RICHARD J WOOD
Partner




STUART G WOODHOUSE
Partner




LEROY W WOODY
Partner




FREDERICK E WOOLDRIDGE
Partner




MARK WOVANSIKER
Partner




R LOGAN WRAY
Partner




CHARLES R WRIGHT
Partner




JEFFREY J WRIGHT
Partner




JOHN C WRIGHT
Partner




MAJOR D WRIGHT JR
Partner




HERBERT L WULLSCHLEGER
Partner




PAUL C WURST
Partner




FRANKLIN WYMAN III
Partner




CHRISTINE M YAMAMOTO
Partner




JOHN J YEAGER
Partner




JOHN E YEAGER
Partner




MARK J YOST
Partner




MICHAEL J ZARRA
Partner




IRA L ZECHER
Partner




STEVEN M ZELIN
Partner




GARY A ZELL
Partner




DANIEL R ZEMAN
Partner




JOHN J ZENGA
Partner




HENRY G ZIGTEMA
Partner




RICHARD H ZUCCA
Partner





















Home
Document Delivery
API
About

© 2017, Business Profiles Inc.
Business Profile





USA
Europe
Asia & Pacific
Americas





Alabama


Alaska


Arizona


Arkansas


California




Colorado


Connecticut


Delaware


District of Columbia


Florida




Georgia


Hawaii


Idaho


Illinois


Indiana




Iowa


Kansas


Kentucky


Louisiana


Maine




Maryland


Massachusetts


Michigan


Minnesota


Mississippi




Missouri


Nevada


New Hampshire


New Jersey


New York




North Carolina


North Dakota


Ohio


Oklahoma


Oregon




Pennsylvania


Puerto Rico


South Carolina


South Dakota


Tennessee




Texas


Utah


Virginia


Washington


Wyoming






Croatia


Denmark


Estonia




Finland


France




Germany


Gibraltar




Ireland


Isle of Man




Luxembourg


Netherlands




Norway


Poland




Slovenia


Spain




Sweden


Switzerland




Turkey


United Kingdom






Australia




Hong Kong




India




New Zealand




Singapore




Thailand












Canada




Colombia




Dominican Republic




Jamaica




Jersey




Mexico




Nova Scotia




Panama




Quebec


















James M. Havel - Executive Bio, Compensation History, and Contacts - Equilar Atlas










 

















Log in | Sign up








x

 






As Featured In



















James M. Havel
Board Member at Enterprise Financial Services Corp


View Full Profile
Are you James M. Havel? Claim your profile


 


Sign up for Equilar Atlas and view James M. Havel's full profile. 
With Equilar Atlas, you can:



IDENTIFY corporate executives in James M. Havel's  network and community.
												FOLLOW changes in James M. Havel's employment and money-in-motion.
												CONNECT with James M. Havel through your network of contacts.
												








James M. Havel's Executive Work History


Current


Board Member, 
Enterprise Financial Services Corp


Past
To view James M. Havel's complete executive work history, sign up now
Age
62

 
 


James M. Havel's Biography



James M. Havel was appointed to the Board on March 6, 2014. Mr. Havel is currently an independent consultant with Havel Associates, LLC. Beginning April 2016 through November 2016, Mr. Havel served as Chief Operating Officer of Vatterott Education Centers, a privately-held post-secondary trade school. Beginning January 2015 through March 2016, Mr. Havel served as a financial executive with Express Scripts Holding Company, a Fortune 25 Pharmacy Benefits Management company. Beginning in April 2011 and through December 2014, Mr. Havel served as the Chief Financial Officer of Major Brands Holdings, a prominent St. Louis-based wholesaler of premiu ...
(Read More)

			James M. Havel was appointed to the Board on March 6, 2014. Mr. Havel is currently an independent consultant with Havel Associates, LLC. Beginning April 2016 through November 2016, Mr. Havel served as Chief Operating Officer of Vatterott Education Centers, a privately-held post-secondary trade school. Beginning January 2015 through March 2016, Mr. Havel served as a financial executive with Express Scripts Holding Company, a Fortune 25 Pharmacy Benefits Management company. Beginning in April 2011 and through December 2014, Mr. Havel served as the Chief Financial Officer of Major Brands Holdings, a prominent St. Louis-based wholesaler of premium wine and spirits, craft beer and non-alcoholic beverages. As an independent consultant from July 2010 through April 2011 with Havel Associates, LLC, Havel advised public and private companies on acquisitions and strategic planning. Prior to July 2010, Mr. Havel was a partner with Ernst & Young LLP. He brings extensive financial experience in both public and private company environments. Mr. Havel's public accounting background also provides him with insight into the broad range of businesses and industries the Company serves.
		
Source: Enterprise Financial Services Corp on 03/15/2017
		
	

 






Sign up for Equilar Atlas and view James M. Havel's full profile. 



												By accessing Equilar Atlas, you can view bios, network, salary and wealth events
												of industry-leading executives like James M. Havel. More specifically, you'll be able to:
												

IDENTIFY corporate executives in James M. Havel's  network and community.
												FOLLOW changes in James M. Havel's employment and money-in-motion.
												CONNECT with James M. Havel through your network of conections.
												




View Full Profile


 








Search for over 360,000 executive profiles.





/bio



													Example: James M. Havel


















James M. Havel's Connections (55)





Sign up now to view James M. Havel's 55 connections »









William J. DeLaney
Dir. and Advisor, Sysco Corporation









William L. Roper
Board Member, DaVita HealthCare Partners









George Paz
Chairman of the Board and Former Chief Executive Officer, Express Scripts Holding Company









Gary G. Benanav
Board Member, Barnes Group Inc.









Frank Mergenthaler
Executive Vice President and Chief Financial Officer, The Interpublic Group of Companies, Inc.









Eric R. Slusser
Executive Vice President and Chief Financial Officer, Express Scripts Holding Company









Scott R. Goodman
President, Enterprise Bank and Trust, Enterprise Financial Services Corp









Michael R. Holmes
Board Member, Enterprise Financial Services Corp









Douglas N. Bauche
Chief Credit Officer, Enterprise Bank and Trust, Enterprise Financial Services Corp









Maura C. Breen
Former Board Member, Express Scripts Holding Company








Popular Profiles






														Sign up now to view more executive profiles »
														









Thomas J. Lynch
Executive Chairman, TE Connectivity Ltd.









John J. Kita
EVP and CFO, A. O. Smith









Carl G. Annessa
EVP and COO, Hornbeck Offshore Services, Inc.









Elon R. Musk
CEO and Chairman, Tesla









Michael C. Montgomery
Board Member, NMI Holdings, Inc.












×

Claim Your Profile Coming Soon
Interested in updating your biography and work history?
We're working on making it happen.
We'll email you when this feature is available.
Please enter valid email address.

Done


Thank you for your interest.
Ok






			Browse executive profiles:
			
				 A
			
				 B
			
				 C
			
				 D
			
				 E
			
				 F
			
				 G
			
				 H
			
				 I
			
				 J
			
				 K
			
				 L
			
				 M
			
				 N
			
				 O
			
				 P
			
				 Q
			
				 R
			
				 S
			
				 T
			
				 U
			
				 V
			
				 W
			
				 X
			
				 Y
			
				 Z



Equilar Homepage
Equilar Atlas
Equilar Insight
Equilar BoardEdge
Equilar Engage
Research Services
Knowledge Network
About Us
Login

� 2017 Equilar All Rights Reserved. Privacy Policy
1100 Marshall Street, Redwood City, CA 94063 | Phone (650) 241-6600 | Fax (650) 701-0993













James M. Havel – Obituary and Assessment Call  — Texas Parks & Wildlife Department






Skip to Content










search
x









Parks
							





 State Parks Home


 Map of State Parks


 State Parks Reservations


 State Park Passes


 Calendar of Events


 Volunteer at Parks


 Maps & Publications


 Park Rules


 Donations


 FAQs







Hunting
							



Hunting Home
Buy a License
Season Dates by Animal
Seasons by County
Hunting Regulations
Public Hunting
Hunter Education
Big Time Texas Hunts
Wildlife Management Areas
Permits
FAQs





Fishing
							



Fishing Home
Buy a License
Fishing Reports
Where to Fish
General Fishing Regulations
Freshwater Fishing Regulations
Saltwater Fishing Regulations
Permits
ShareLunker
Texas Freshwater Fisheries Center
Sea Center
Aquatic Species
Fishing Programs
Fisheries Management
FAQs





Boating
							



Boating Home
Titles, Registration & Tax
Renew/Replace Online
Boat Ownership
Boat Forms
Boater Education
Boating Laws
Navigation Aids
Protect Our Waters
Safety
Where to Boat
Permits
FAQs





Game Warden 
            



Game Warden Home
Law Enforcement Offices
Field Notes
Operation Game Thief
Career Opportunities





Activities
							



Activities Home
Biking
Birding
Boating, Paddling
Camping, Lodging, RVs
Caving
Fishing
Geocaching
Golfing
Group Gatherings
Hiking
History & Culture


Horseback Riding
Hunting
Off-Roading
Photography
Picnicking
Rock Climbing
Stargazing
Swimming
Texas Outdoor Family
Volunteering
Wheelchair Accessibility
Wildlife Viewing


 Calendar of Events






Wildlife
							



Wildlife Home
Wildlife Fact Sheets
Endangered Species
Nature Tourism
Find a Biologist
Game Management
Wildlife Diversity
Permits
FAQs





Land
							



Land Home
Private Lands
Landowner Assistance
Invasive Species
FAQs





Water
							



Water Home
Lake Finder
River Guide
Bays
Invasive Species
FAQs





Media
							



Media Home
News
Video
Magazine
Passport to Texas
Television Show
Social Media




Calendar
Regulations
Education
Volunteer

 More...




Parks
Hunting
Fishing
Boating
Game Warden
Activities
Wildlife
Land
Water
Media
Calendar
Regulations
Education
Volunteer
Maps & Data
Jobs & Careers
Get Involved
Español

















Home
Parks
Hunting
Fishing
Boating
Game Warden
Activities
Wildlife
Land
Water
Media
Calendar
Regulations
Education
Volunteer
Maps & Data
Jobs & Careers
Get Involved
Español



















General Information About TPWD

                    〉
                


Mutual Association

                    〉
                


James M. Havel – Obituary and Assessment Call 









                    James M. Havel – Obituary and Assessment Call 
                





James M. "Jim" Havel, age 67 of Hunt, passed away Monday, February  20, 2012 in a Kerrville hospital. He was born August 3, 1944 in West, TX  to Adolf and Dorothy Havel.
Jim was a retired Game Warden and an Air Force Veteran. He was affiliated with Hunt United Methodist Church.
Jim was one who never met a stranger. He loved to joke, to hunt and fish, collect coins, and also loved anything outside.
Survivors include wife, Linda Havel of Hunt; daughters, Kacy Lavender  and husband, Jason of Austin and Shyla Havel of Hunt; son, Guy Havel  and wife, Kassy of Giddings; sister, Carol Hernandez and husband, Ruben  of Round Rock; brother, Ed Havel and wife, Linda of West; numerous  nieces and nephews; numerous grandchildren and one great-grandchild.
His grandkids lovingly referred to him as "Grandpa Jim."
Memorials may be made to the Game Warden Association.
TEXAS PARKS & WILDLIFE   DEPARTMENT
 MUTUAL ASSOCIATION P.O. Box 549 Del Valle, Texas 78617
TO:  ALL MEMBERS OF THE TEXAS PARKS & WILDLIFE DEPARTMENT     MUTUAL ASSOCIATION
SUBJECT:       Assessment Call DATE:             February 22, 2012  AMOUNT:       $16.00 DUE:               March 26, 2012 Policy No.        405
Failure to pay by the due date will  result in loss of benefits. The assessment fee plus a reinstatement fee  will be charged to rejoin the Association.
The Texas Parks and Wildlife Department Mutual     Association (TPWD Mutual Association) regrets to     inform you of the death of another of our members, James Martin “Jim” Havel.
Jim became a member of the TPWD Mutual  Association on April 13,  1972. He retained his membership up until his death on February 20,  2012. Jim graduated from the 24th Texas Game Warden Training Academy at  Texas A&M on February 10, 1970. He served in San Saba and Calhoun  counties. He retired on August 31, 1998..
A check in the amount of $5,025 will be delivered  to Mrs. Jim  Havel as soon as possible. An assessment in the amount of $16.00 will be  necessary to bring the policy fund  back into balance to have payments  on hand for two members in case of  death. Please make this payment by  March 26, 2012.
An assessment in the amount of $16.00 will be necessary to bring  the policy fund back into balance to have payments on hand for two  members in case of death. Please make this payment by September 12,  2011.
Sincerely,
L. David Sinclair, President Texas Parks & Wildlife Department Mutual Association
REMINDER
Make Checks Payable to: 
TPWD Mutual Association
Please Mail All Payments to: 
TPWD Mutual Association P.O. Box 549 Del Valle, TX 78617
If you have any questions regarding the TPWD Mutual     Association, please contact: David Sinclair by phone at (512) 389-4854 or e-mail     david.sinclair@tpwd.state.tx.us, or David Heater by phone at (512) 923-8656 or e-mail     david.heater@tpwd.state.tx.us, or Janie Whitaker by phone at (512) 389-4854 or e-mail   janie.whitaker@tpwd.state.tx.us.








Back to Top∧ Back to Top
