








W. Michael Madden - Executive Bio, Compensation History, and Contacts - Equilar Atlas










 

















Log in | Sign up








x

 






As Featured In



















W. Michael Madden
Dir., President and Chief Executive Officer at Kirkland's, Inc.


View Full Profile
Are you W. Michael Madden? Claim your profile


 


Sign up for Equilar Atlas and view W. Michael Madden's full profile. 
With Equilar Atlas, you can:



IDENTIFY corporate executives in W. Michael Madden's  network and community.
												FOLLOW changes in W. Michael Madden's employment and money-in-motion.
												CONNECT with W. Michael Madden through your network of contacts.
												








W. Michael Madden's Executive Work History


Current


Dir., President and Chief Executive Officer, 
Kirkland's, Inc.


Past
To view W. Michael Madden's complete executive work history, sign up now
Age
47

 
 


W. Michael Madden's Biography



Mr. Madden has served as the Company's President and Chief Executive Officer since February 2015. Prior to that, Mr. Madden served as Senior Vice President and Chief Financial Officer since January 2008 and Vice President and Chief Financial Officer since May 2006. Prior to his appointment as Chief Financial Officer, Mr. Madden served as Vice President of Finance from May 2005 to April 2006. From July 2000 to May 2005, he served as Director of Finance. Prior to joining Kirkland's, Mr. Madden served as Assistant Controller with Trammell Crow Company and was with PricewaterhouseCoopers LLP. At PricewaterhouseCoopers LLP, he served in positions  ...
(Read More)

			Mr. Madden has served as the Company's President and Chief Executive Officer since February 2015. Prior to that, Mr. Madden served as Senior Vice President and Chief Financial Officer since January 2008 and Vice President and Chief Financial Officer since May 2006. Prior to his appointment as Chief Financial Officer, Mr. Madden served as Vice President of Finance from May 2005 to April 2006. From July 2000 to May 2005, he served as Director of Finance. Prior to joining Kirkland's, Mr. Madden served as Assistant Controller with Trammell Crow Company and was with PricewaterhouseCoopers LLP. At PricewaterhouseCoopers LLP, he served in positions of increasing responsibility over six years culminating as Manager-Assurance and Business Advisory Services where he worked with various clients, public and private, in the retail and consumer products industries. Mr. Madden's day-to-day leadership as President and Chief Executive Officer, as well as his many years of experience in the retail industry, provide him with deep knowledge of our operations and give him unique insights into the challenges and opportunities we face.
		
Source: Kirkland's, Inc. on 04/28/2017
		
	

 






Sign up for Equilar Atlas and view W. Michael Madden's full profile. 



												By accessing Equilar Atlas, you can view bios, network, salary and wealth events
												of industry-leading executives like W. Michael Madden. More specifically, you'll be able to:
												

IDENTIFY corporate executives in W. Michael Madden's  network and community.
												FOLLOW changes in W. Michael Madden's employment and money-in-motion.
												CONNECT with W. Michael Madden through your network of conections.
												




View Full Profile


 








Search for over 360,000 executive profiles.





/bio



													Example: W. Michael Madden


















W. Michael Madden's Connections (19)





Sign up now to view W. Michael Madden's 19 connections »









Adam C. Holland
Vice President and Chief Financial Officer, Kirkland's, Inc.









Michelle R. Graul
Executive Vice President, Stores and Real Estate, Kirkland's, Inc.









Ralph T. Parks
Board Member, Hibbett Sports, Inc.









Dwayne F. Cochran
Former Executive Vice President and Director of Stores, Kirkland's, Inc.









Miles T. Kirkland
Board Member, Kirkland's, Inc.









Reynolds C. Faulkner
Former Executive Vice President and Chief Financial Officer, The Cato Corporation









Jeffery C. Owen
Executive Vice President, Store Operations, Dollar General Corporation









Catherine A. David
Executive Vice President, Merchandising, Pier 1 Imports, Inc.









David M. Mussafer
Co-Chairman of the Board, Lululemon Athletica Inc.









Steven J. Collins
Board Member, Kirkland's, Inc.








Popular Profiles






														Sign up now to view more executive profiles »
														









Thomas J. Lynch
Executive Chairman, TE Connectivity Ltd.









John J. Kita
EVP and CFO, A. O. Smith









Elon R. Musk
CEO and Chairman, Tesla









David J. O'Connor
President and CEO, The Madison Square Garden Company









Carl G. Annessa
EVP and COO, Hornbeck Offshore Services, Inc.












×

Claim Your Profile Coming Soon
Interested in updating your biography and work history?
We're working on making it happen.
We'll email you when this feature is available.
Please enter valid email address.

Done


Thank you for your interest.
Ok






			Browse executive profiles:
			
				 A
			
				 B
			
				 C
			
				 D
			
				 E
			
				 F
			
				 G
			
				 H
			
				 I
			
				 J
			
				 K
			
				 L
			
				 M
			
				 N
			
				 O
			
				 P
			
				 Q
			
				 R
			
				 S
			
				 T
			
				 U
			
				 V
			
				 W
			
				 X
			
				 Y
			
				 Z



Equilar Homepage
Equilar Atlas
Equilar Insight
Equilar BoardEdge
Equilar Engage
Research Services
Knowledge Network
About Us
Login

� 2017 Equilar All Rights Reserved. Privacy Policy
1100 Marshall Street, Redwood City, CA 94063 | Phone (650) 241-6600 | Fax (650) 701-0993

















Madden, W Michael Dds in Los Angeles, CA 90035 - ChamberofCommerce.com




   =     


        









Sign Up
Sign In
Contact Us


 














Search
 

near
 













Home
» California
» Los Angeles
» Cosmetic Dentistry
» Madden, W Michael Dds













Madden, W Michael Dds


0 Reviews

0.0000 stars - based on 0 reviews
                            





9911 W Pico Blvd Ste 610 Ste 610 Los Angeles, California 90035


(310) 553-7388


 



 

Print |
                Save |
                Directions


About
Madden, W Michael Dds is located at the address 9911 W Pico Blvd Ste 610 in Los Angeles, California 90035.  They can be contacted via phone at (310) 553-7388 for pricing, hours and directions.  Madden, W Michael Dds specializes in Sleep Disorders, Cosmetic Dentistry, Craniofacial Pain.  Madden, W Michael Dds has an annual sales volume of 501K - 999,999.  .For more information contact W Michael  Madden, Madden, W Michael Dds provides Root Canals, Consultations, Preventive Care to it's customers.  For maps and directions to Madden, W Michael Dds view the map to the right.  For reviews of Madden, W Michael Dds see below.









Business Features

SERVICES


Fillings
, Extractions
, Replacements
, Dentures
, Consultations
, Oral Surgery
, Schools
, Preventive Care
, Root Canals
, Dental Care


 SPECIALTIES


Infections
, Stained Teeth
, Cosmetic Dentistry
, Cavities
, Pain Treatments
, Injuries
, Craniofacial Pain
, Sleep Disorders
, Oral Cancer
, Gum Disease



 


Information

CONTACT INFORMATION
Phone: (310) 553-7388
ADDITIONAL INFORMATION:
Employee Size: 1 To 4
Exact Employee Count: 3
Exact Sales Volume: 100000
Location Type: Single Location
Sales Volume: 501K - 999,999
CATEGORIES:


Cosmetic Dentistry
Dentists
Health Care
Dentists & Orthodontists



People Also Viewed


Anato Micum Dental Clinic


550 N Larchmont Blvd  Los Angeles, California 90004




Dr Luis Martines DDS MSD Inc


321 N Larchmont Blvd  Los Angeles, California 90004




City Dental


7109 1/2 Sunset Blvd  Los Angeles, California 90046




Brentwood Center For Cosmetic Dentistry


11645 Wilshire Blvd  Los Angeles, California 90025




Vernon-Central Caring Dentistry


4373 S Central Ave  Los Angeles, California 90011




Park Jun DDS


8540 S Sepulveda Blvd 1110 Ste Los Angeles, California 90045





Reviews

Add


You must Sign in to post reviews.





by  on 






Click here to be the first to review this business...



0 Reviews
 


Key Contacts




W Michael  Madden

Phone: (310) 553-7388 
 



 























 






Site Map
FAQ
Privacy Policy
Terms of Use
About
Partners
Chamber Partner Program
Chamber Member Benefits




Top Cities:
Atlanta
Bronx
Brooklyn
Chicago
Cleveland
Dallas
Denver
Detroit
Houston
Las Vegas
Los Angeles
Miami
Minneapolis
New York
Philadelphia
Phoenix
Saint Louis
San Antonio
San Diego
San Jose


© 2017 CHAMBEROFCOMMERCE.COM





















 




	
        Compensation Information for W. Michael Madden , President and Chief Executive Officer of KIRKLAND'S INC | Salary.com
    


























Enterprise
Small Business
Personal




Contact Us
Log In


































Salaries
Jobs
Education
Advice
























 





W. Michael Madden 
Executive Compensation
As President and Chief Executive Officer at KIRKLAND'S INC, W. Michael Madden  made $864,062 in total compensation.  Of this total $460,962 was received as a salary, $0 was received as a bonus, $192,600 was received in stock options, $200,700 was awarded as stock and $9,800 came from other types of compensation. This information is according to proxy statements filed for the 2016 fiscal year. 


ENTER AN EXECUTIVE OR COMPANY NAME
New Search


Go



The chart on this page features a breakdown of the total annual pay for W. Michael Madden ,  President and Chief Executive Officer at KIRKLAND'S INC as reported in their proxy statements. 
Total Cash Compensation information is comprised of yearly Base Pay and Bonuses. KIRKLAND'S INC income statements for executive base pay and bonus are filed yearly with the SEC in the edgar filing system. KIRKLAND'S INC annual reports of executive compensation and pay are most commonly found in the Def 14a documents.
Total Equity aggregates grant date fair value of stock and option awards and long term incentives granted during the fiscal year.
Other Compensation covers all compensation-like awards that don't fit in any of these other standard categories. Numbers reported do not include change in pension value and non-qualified deferred compensation earnings.



Other Executives at this Company


Michelle R. Graul 
Adam C. Holland 
Mike  Cairnes 







W. Michael Madden 


Base Pay$460,962
Bonus + Incentive Comp$0
Total Cash Compensation$460,962


Stock Award Value$200,700
Option Award Value$192,600
Total Equity$393,300



Total Other$9,800



Total Compensation$864,062




Browse Executives by First Name
A
B
C
D
E
F
G
H
I
J
K
L
M
N
O
P
Q
R
S
T
U
V
W
X
Y
Z


Browse Companies by Company Name
A
B
C
D
E
F
G
H
I
J
K
L
M
N
O
P
Q
R
S
T
U
V
W
X
Y
Z
#



This report is not for commercial use. Thorough reviews have been conducted to assure this data accurately reflects disclosures. However for a complete and definitive understanding of the pay practices of any company, users should refer directly to the actual, complete proxy statement. 
Use of Data / Disclaimer
The information shown here is a reporting of information included in the company's proxy statement. The proxy statement includes footnotes and explanations of this information plus other information that is pertinent in assessing the overall value and appropriateness of the compensation information. For those interested in conducting a detailed compensation analysis, we recommend that you review the entire proxy statement. You may retrieve the full proxy statement by going to the Securities and Exchange Commission (SEC) website at www.sec.gov and entering the company's name and then looking in the first column for an entry of "Form DEF 14A" (or any similar code). You may also find the annual proxy statement by going directly to the company's website.
What is a proxy statement?
A proxy statement (or "proxy") is a form that every publicly traded U.S. company is required to file with the U.S. Securities & Exchange Commission (SEC) within 120 days after the end of its fiscal year. The proxy must be sent to every shareholder in advance of the company's annual shareholders meeting. All proxy statements are public filings made available to the general public by the SEC.
The proxy statement's main purpose is to alert shareholders to the annual meeting and provide them information about the issues that will be voted on during the annual meeting, including decisions such as electing directors, ratifying the selection of auditors, and other shareholder-related decisions, including shareholder-initiated initiatives. Also, proxies must disclose specific detailed information regarding the pay practices for certain executives.







    





 

 






     

privacy policy
terms of use
about us
contact us

©  Salary.com. All rights reserved.


US Salaries
Canadian Salaries
Purchase a Salary Report
Salaries by Category
Salaries by Income
Salaries by Industry
Popular Salaries
Negotiation Tips
Benefits Calculator
Search Job Openings
Job Openings by State
Job Openings by Category
Education by Career
Education by Level
Education by Major
Cost of Living Calculator
























 
﻿







Michael W. Madden - Gilman Valade Funeral Homes | Putnam, North Grosvenordale CT






























































 "Planning a funeral is one of  life's most difficult challenges. Let us be your personal guide."

Call 24 hours (860) 928-7723



Michael W. Madden
September 8, 2016 By Bill 39 Condolences 1965 – 2016
Woodstock – Michael W. Madden, 50, died Tuesday, September 6, 2016 in Harrington Hospital in Southbridge. He was the loving husband of Heather (Lynch) Madden. Born in Marlborough, Massachusetts, he was the son of William F. Madden of Marlborough, MA and the late Frances (Gaucher) Madden.
Mr. Madden was the owner of Oak Knoll Builders.
Michael was a member of the National Riflemen Association, Putnam Business Association, Eight Point Sportsman Club in Sterling, Sigma Chi Fraternity at Bridgewater State University Theta Zeta Chapter, and was on the advisory board at Ellis Technical High School for the Carpentry Department. He also enjoyed hunting, fishing, and golf, and spending time with his family.
Michael is survived by his wife Heather Madden of Woodstock; father William F. Madden of Marlborough; a son Michael E. Madden of Woodstock; a daughter Jessica M. Madden of Woodstock; a sister Donna M. Higgins and her husband Steven of Northborough, MA; a brother James R. Madden of Woodstock; and nieces and nephews Mallory, Stacey, William, Bryan, Branden, Bailey, Gracie and Shane; and great nephew William. He was predeceased by his mother Frances Madden and a brother William Madden.
Relatives and friends are invited to visiting hours from 4:00 p.m. to 8:00 p.m. on Sunday September 11, 2016, at the Gilman Funeral Home, 104 Church St., Putnam, CT. A gathering will begin in the funeral home at 10:00 a.m. Monday, September 12, 2016 followed by a Mass of Christian Burial at 11:00 a.m. at Most Holy Trinity Church, 568 Pomfret Rd, Pomfret, CT 06259. Burial will follow at St. Mary Cemetery, Putnam. Memorial donations in Michael’s memory may be made to the H. H. Ellis Technical School, Carpentry Department, 613 Upper Maple St., Danielson, CT 06239. For memorial guestbook, please visit www.GilmanAndValade.com.
 Offer Condolence for the family of Michael W. Madden Print Obituary & Condolences

Condolence Messages




Sis 
September 8, 2016 at 9:48 am 

My brother – bigger than life  in so may ways!  I will miss you but we have made so many  wonderful memories together that will never  be forgotten.  My girls love and respect you more than you ever knew!  I hope you know now!  Be with Mom now and watch over us all.   You are Big Mike to everyone who  knows you  but to me you will always be my little brother.   I love you!







Mark Sherman 
September 8, 2016 at 10:34 am 

To Heather and Family,
My deepest sympathy for the loss of Mike. He was a big, proud and funny man. He will truly be missed by all that new him.







Pat Ritchie 
September 8, 2016 at 12:30 pm 

Heather
This is such a big surprise and I am sure an awful  void for your family.. My thoughts are with you and your loved ones at a most difficult  time….
Nurse Patty







Maria Rizzelli 
September 8, 2016 at 12:51 pm 

I’m so sorry for your loss, Mike was a good man. I’m so saddened by his loss. Thoughts and prayers for you and your family.







Jerry Pastner 
September 8, 2016 at 2:47 pm 

A student, athlete, and friend to all the people who knew him so well at  ‘Aztec’ country at Assabet Valley Regional Technical High School in Marlborough , Ma.
He was thought provoking and always ready to help everyone with a need and just a question.
He will be missed.  My love and prayers to his family.







Bonnie 
September 8, 2016 at 3:19 pm 

My Cousin, My Friend
From youngsters to adults- the humor, the laughter, the respect, the love
My heart and my love to  Heather, Michael, Jess, Donna, Jimmy, Uncle Bill and family.







Donna Tebo 
September 8, 2016 at 3:49 pm 

I’ve known michael since elementary school, was in my 1st grade, caught up a Lil on FB, was so proud of his wife and family, sorry for your family’s loss







Jean madden-Packard 
September 8, 2016 at 3:58 pm 

So sorry for your loss. I am related and remember Michael and Donna growing up in Marlboro.  (My dad was bob madden and bill was his uncle). Fran used to do all of our hair. We were second cousins. I was so saddened to see this. Prayers to your family. God bless and may he rest in peace.







Jordan Gervais 
September 8, 2016 at 4:28 pm 

This hit close. One of the funniest people I have ever had the pleasure of meeting. He made everyone he met feel like family all the time. He will never be forgotten. The utmost sympathy for your family. I wish you peace, with getting through this. Let us remember how great of a human he was.







Candy Maki 
September 8, 2016 at 4:48 pm 

Im so sorry for loss Heather this is such sad news
Sending prayers to you and your family!







Dianne Mitchell 
September 8, 2016 at 4:57 pm 

To the Madden Family:
 I can’t believe this news! I remember Mike as a young boy playing with my brother.  It was fun to see his family and his adventures in life and how he turned out to be an amazing dad husband son brother. RIP Mike. You will be missed. My thoughts and prayers are with the Madden Family, Donna, Jim,  i’m so sorry to hear this.







Trice Torres 
September 8, 2016 at 5:01 pm 

Heather and family, I am so deeply sorry for your loss!! I am stunned to hear that he is gone…I remember him as a kind,  funny, patient man. I will keep you all in my prayers that God gives you strength through this and that you find peace in your hearts as you grieve this tremendous loss.  Much love to you all
Trice Torres







Chuck butler 
September 8, 2016 at 5:21 pm 

I’m so sorry for your loss , mike was a great guy , I remember him well . He had the biggest heart of gold. Im so sorry. He was a biggy like me , an on the ice we were a sight an force to deal with.  My thought are with you an all that were close to him.  He was a special guy. 







Veronica and Chris Zenaro 
September 8, 2016 at 5:35 pm 

We are in shock. Our deepest condolences to you and the entire family.







Jean Pillo 
September 8, 2016 at 8:02 pm 

To the Madden family,
I am very sorry for your loss.







Liz Bryant 
September 8, 2016 at 8:09 pm 

Heather,
Our heartfelt sympathies and love to you & you family. We will hold you in our thoughts, hearts and prayers.
Love, the Bryant’s from Portland, Maine ( Tony, Liz & family)







Chris, Jodi and Amelia Coderre 
September 8, 2016 at 8:33 pm 

Our thoughts and prayers go out to Heather, Mike Jr., Jess and the entire Madden family. Big Mike Madden, as our daughter Amelia called him, was a great guy and he will be missed. We are glad to have some great memories.







Ellin Clifford 
September 8, 2016 at 8:37 pm 

Heather and family, I am so sorry to hear of your loss.
My thoughts and prayers go out to you at this sad time.







coleen Curley 
September 8, 2016 at 8:39 pm 

Heather and family
I am in shock and sadden by your loss.  Please know your all in my thoughts and prayers.







Diane Mello Dodge 
September 8, 2016 at 8:58 pm 

Heather
I am so very sorry for your loss. My thoughts and prayers are with you and your family at this most difficult time.







Sandie Paddock 
September 8, 2016 at 10:08 pm 

Heather and family, I am so sorry for your loss. Love and hugs, Sandie Paddock







Aunt Laurie, Uncle Tom,, Lindsey & Scott 
September 8, 2016 at 10:55 pm 

Our hearts are broken for the loss of Mike but we are so thankful to have the wonderful memories of him.   We love you all, you are in our hearts, thoughts, and prayers now and forever. We will always be here for you.







Aunt Peggy. 
September 8, 2016 at 11:14 pm 

Heather, Mike, and Jess, so sorry to hear of your loss,. My prayers and thoughts are with you all.







Kimberly Roof-Atkins 
September 9, 2016 at 2:35 am 

So sorry to hear about his passing.  he was a very nice and sweet person.
R.I.P Mike







Bill Jenkins 
September 9, 2016 at 9:01 am 

Our deepest sympathy  to everyone in the family. You are in our thoughts and prayers.  
Bill and Margaret. Jenkins







Patrick O'Day 
September 9, 2016 at 10:29 am 

Mike and Family,
      Sorry for the loss of your Dad. Hold dear all the great times you had with your dad and the roll model that he was for you. I’m sure he was proud to have son like you. Every day that we have been given is a blessing.  (co worker at Norton)Pat







Brooke Mignogna 
September 9, 2016 at 1:01 pm 

Heather and Family,
So very sorry for your loss.  My heart breaks for you all.  May your memories bring you comfort during this time.







Heather Fetterly 
September 9, 2016 at 1:31 pm 

Heather, sending sincere condolences to you and your family. So very sorry for your loss. Sincerely, Heather Fetterly







Glenn & Eileen Davis 
September 9, 2016 at 3:17 pm 

I am so sorry for your loss.  He will surely be missed.   Thoughts and prayers are with you.







Dorothy Makoni 
September 9, 2016 at 5:59 pm 

My Deepest condolences Heather God takes the Best







Kegga 
September 9, 2016 at 7:21 pm 

Heather,
There are no words. My prayers and thoughts go to you and your family.
Michael you will be missed my friend.







Susan and Steve Brodeur 
September 10, 2016 at 10:32 am 

We are so deeply sorry for your loss. Our thoughts and prayers  to all the family.







Ken Nicalek 
September 10, 2016 at 1:12 pm 

Heather, sending love and prayers to you and your family. So sorry for your loss.







The Stohlbergs 
September 10, 2016 at 8:42 pm 

Mike was such a great, friendly guy … he will be greatly missed by the community.  So sorry for your loss.  Love, The Stohlberg Family







Ronnie Blood 
September 11, 2016 at 2:37 pm 

Heather, all of our hearts and prayers go out to you and your family. I am so sure I am able to speak on behalf of all your friends from the Hudson VFW. Mike will be so missed. I can assure you there are a group of guys up in heaven that will guide him through. Words really can’t express how sorry we are for your loss. God Bless







Dave DeVincentis 
September 11, 2016 at 7:19 pm 

To the Madden Family:
Please accept my sincere condolences for your loss.  My thoughts are with you during this difficult time.
With sympathy, Dave DeVincentis (Sigma Chi brother)







Ken , electrician 
September 12, 2016 at 12:22 pm 

Although its been awhile and I only worked a few projects with Mike it was great to have known him.  Very sorry for your loss.







Deb & Richard Nielsen - Nielsen Drywall 
September 12, 2016 at 12:23 pm 

We send our deepest sympathy to you and your family.







Kristen Short 
September 24, 2016 at 9:13 am 

Heather,  thinking of you and your family;  sending you hugs, support and strength.



 
Leave Your Condolence Cancel reply 
Please share your message of condolence with the family, It will be visible to the public but your email address will not be published. Required fields are marked *CondolenceName * 
Email * 
 

 

 


Order Flowers 
Order flowers quick and easy through our local florist, Garden Gate
Share This Obituary




Your Name*

Your Email*

Their Name*

Their Email*

MessageNameThis field is for validation purposes and should be left unchanged.

 









Get Obits On Your Phone Use your Smartphone to scan the QR Code below to access this page on your phone.

































	DR. W MICHAEL MADDEN DDS NPI 1407878861



















































DR. W MICHAEL MADDEN DDS NPI 1407878861











Home
 > 

State Directory
 > 

California
 > 

Los Angeles
 > 

Dentist
 > 
NPI 1407878861





NPI Profile







NPI: 1407878861
Provider Name: DR. W MICHAEL MADDEN, DDS
Classification: Dentist - 122300000X
Entity Type: Individual
        
        Address: 925 W 34TH ST  DEN248  LOS ANGELES, CA   ZIP 90089  
Phone: (213) 740-8665




DR. W Michael Madden, DDS is a healthcare provider in Los Angeles, CA.The provider is  a dentist is a person qualified by a doctorate in dental surgery (D.D.S.) or dental medicine (D.M.D.), licensed by the state to practice dentistry, and practicing within the scope of that license.  There is no difference between the two degrees: dentists who have a DMD or DDS have the same education.  Universities have the prerogative to determine what degree is awarded.  Both degrees use the same curriculum requirements set by the American Dental Association's Commission on Dental Accreditation.  Generally, three or more years of undergraduate education plus four years of dental school is required to graduate and become a general dentist.  State licensing boards accept either degree as equivalent, and both degrees allow licensed individuals to practice the same scope of general dentistry.  Additional post-graduate training is required to become a dental specialist. DR. W Michael Madden, DDS NPI is 1407878861. The provider is registered as an individual entity type. The NPPES NPI record indicates the provider is a male.
The provider's business location address is: 

925 W 34TH ST  DEN248  LOS ANGELES, CA   ZIP 90089-058  Phone: (213) 740-8665  

The enumeration date for this NPI number is 7/24/2006 and was last updated on 12/15/2011.








Map - Location of Practice




Taxonomy Codes
The NPI record includes the healthcare provider taxonomy classification, state license number and state of licensure. The following information regarding the scope of practice of this provider is available:



No.
Taxonomy Code
Taxonomy Clasification
Taxonomy Specialization
License Number
License State
Primary




1
122300000X
Dentist

34375
CALIFORNIA
Yes






        What is NPI?
        NPI stands for National Provider Identifier. The NPI is a 10-digit identification number that is completely unique. The NPI number by itself does not contain any identifiable information such as a provider’s speciality or location. The NPI is assigned to individuals or organizacions for their lifespan and it is independent of key provider information type updates like a change of practices, location or speciality. 
    

    This page was last updated on: 7/9/2017
    

    All materials and services on this site are provided on an "as is" and "as available" basis without warranty of any kind. The NPI record is maintained by the National Plan & Provider Enumeration System  (NPPES) and anyone may request this information and other NPPES health care provider data from HHS under The Freedom of Information Act (FOIA),  Title 5 of the United States Code, section 552. To update the NPI records please contact the NPPES.
    























	California - Health Providers Directory





















































Health Providers in California










Home
 > 

State Directory
 > 
California



Most Populous California Cities



LOS ANGELES (45923)
            
SAN DIEGO (29766)
            
SAN FRANCISCO (27176)
            
SACRAMENTO (17730)
            


SAN JOSE (13384)
            
OAKLAND (11964)
            
FRESNO (10652)
            
LONG BEACH (9311)
            


BAKERSFIELD (6941)
            
PASADENA (6664)
            
TORRANCE (6611)
            
RIVERSIDE (6070)
            


SANTA ANA (5384)
            
ORANGE (5349)
            
ANAHEIM (4925)
            
SANTA ROSA (4759)
            


PALO ALTO (4507)
            
MODESTO (4457)
            
STOCKTON (4381)
            
SANTA MONICA (4169)
            


SANTA BARBARA (4094)
            
GLENDALE (3905)
            
IRVINE (3860)
            
BEVERLY HILLS (3742)
            


BERKELEY (3634)
            
SAN LEANDRO (3600)
            
LOMA LINDA (3376)
            
WALNUT CREEK (3264)
            


FREMONT (3167)
            
VAN NUYS (3131)
            



Find Health Providers in these California cities

A



ACAMPO (9)
                
ACTON (30)
                
ADELANTO (45)
                
AGOURA (17)
                


AGOURA HILLS (361)
                
ALAMEDA (891)
                
ALAMO (99)
                
ALBANY (348)
                


ALHAMBRA (1011)
                
ALISO VIEJO (452)
                
ALPINE (145)
                
ALTA (10)
                


ALTA LOMA (126)
                
ALTADENA (493)
                
ALTURAS (85)
                
AMERICAN CANYON (94)
                


ANAHEIM (4925)
                
ANAHEIM HILLS (41)
                
ANDERSON (82)
                
ANGELS CAMP (43)
                


ANGWIN (26)
                
ANTELOPE (88)
                
ANTIOCH (1201)
                
ANZA (13)
                


APPLE VALLEY (938)
                
APTOS (336)
                
ARBUCKLE (11)
                
ARCADIA (1512)
                


ARCATA (409)
                
ARLETA (118)
                
ARNOLD (31)
                
ARROYO GRANDE (402)
                


ARTESIA (250)
                
ARVIN (34)
                
ATASCADERO (567)
                
ATHERTON (56)
                


ATWATER (195)
                
AUBERRY (11)
                
AUBURN (1177)
                
AVALON (24)
                


AVENAL (85)
                
AZUSA (338)
                


B



BAKERSFIELD (6941)
                
BALDWIN PARK (936)
                
BANNING (425)
                
BARSTOW (328)
                


BAY POINT (71)
                
BEALE AFB (111)
                
BEAUMONT (245)
                
BELL (126)
                


BELL GARDENS (197)
                
BELLFLOWER (1395)
                
BELMONT (290)
                
BELVEDERE (11)
                


BEN LOMOND (58)
                
BENICIA (201)
                
BERKELEY (3634)
                
BERMUDA DUNES (64)
                


BEVERLY HILLS (3742)
                
BIEBER (14)
                
BIG BEAR CITY (15)
                
BIG BEAR LAKE (156)
                


BIG SUR (11)
                
BISHOP (284)
                
BLOOMINGTON (59)
                
BLUE JAY (16)
                


BLYTHE (167)
                
BOLINAS (13)
                
BONITA (134)
                
BONSALL (36)
                


BOONVILLE (12)
                
BORREGO SPRINGS (24)
                
BOULDER CREEK (30)
                
BRAWLEY (281)
                


BREA (673)
                
BRENTWOOD (378)
                
BRIDGEPORT (18)
                
BRISBANE (22)
                


BUELLTON (45)
                
BUENA PARK (616)
                
BURBANK (2102)
                
BURLINGAME (844)
                


BURNEY (49)
                


C



CALABASAS (445)
                
CALEXICO (130)
                
CALIFORNIA CITY (52)
                
CALIMESA (30)
                


CALIPATRIA (16)
                
CALISTOGA (41)
                
CAMARILLO (1899)
                
CAMBRIA (53)
                


CAMERON PARK (208)
                
CAMINO (22)
                
CAMP PENDELTON (20)
                
CAMP PENDLETON (544)
                


CAMPBELL (1033)
                
CAMPO (13)
                
CANBY (12)
                
CANOGA PARK (711)
                


CANYON COUNTRY (191)
                
CANYON LAKE (53)
                
CAPISTRANO BEACH (36)
                
CAPITOLA (252)
                


CARDIFF (48)
                
CARDIFF BY THE SEA (37)
                
CARLSBAD (1384)
                
CARMEL (195)
                


CARMEL VALLEY (39)
                
CARMICHAEL (1237)
                
CARNELIAN BAY (14)
                
CARPINTERIA (117)
                


CARSON (629)
                
CARUTHERS (19)
                
CASTAIC (58)
                
CASTRO VALLEY (687)
                


CASTROVILLE (21)
                
CATHEDRAL CITY (302)
                
CENTURY CITY (28)
                
CERES (286)
                


CERRITOS (965)
                
CHATSWORTH (297)
                
CHESTER (30)
                
CHICO (2661)
                


CHINO (919)
                
CHINO HILLS (439)
                
CHOWCHILLA (133)
                
CHULA VISTA (2681)
                


CITRUS HEIGHTS (579)
                
CITY OF INDUSTRY (254)
                
CLAREMONT (503)
                
CLAYTON (63)
                


CLEARLAKE (226)
                
CLEARLAKE OAKS (11)
                
CLOVERDALE (48)
                
CLOVIS (997)
                


COACHELLA (93)
                
COALINGA (187)
                
COARSEGOLD (30)
                
COLFAX (26)
                


COLMA (17)
                
COLTON (1767)
                
COLUSA (149)
                
COMMERCE (1282)
                


COMPTON (881)
                
CONCORD (2045)
                
COOL (9)
                
COPPEROPOLIS (10)
                


CORCORAN (144)
                
CORNING (62)
                
CORONA (1837)
                
CORONA DEL MAR (134)
                


CORONADO (267)
                
CORTE MADERA (249)
                
COSTA MESA (1806)
                
COTATI (44)
                


COTO DE CAZA (22)
                
COTTONWOOD (38)
                
COVELO (14)
                
COVINA (1294)
                


CRESCENT CITY (379)
                
CRESTLINE (46)
                
CROCKETT (19)
                
CUDAHY (84)
                


CULVER CITY (2189)
                
CUPERTINO (712)
                
CYPRESS (413)
                


D



DALY CITY (1136)
                
DANA POINT (280)
                
DANVILLE (533)
                
DAVIS (1129)
                


DEL MAR (314)
                
DELANO (391)
                
DELHI (15)
                
DESCANSO (13)
                


DESERT HOT SPRINGS (184)
                
DIAMOND BAR (530)
                
DIAMOND SPRINGS (118)
                
DINUBA (210)
                


DISCOVERY BAY (28)
                
DIXON (87)
                
DOS PALOS (25)
                
DOWNEY (1851)
                


DUARTE (653)
                
DUBLIN (512)
                
DUNSMUIR (10)
                
DURHAM (15)
                


E



E PALO ALTO (27)
                
EAGLE ROCK (35)
                
EARLIMART (13)
                
EAST LOS ANGELES (21)
                


EAST PALO ALTO (144)
                
EAST RANCHO DOMINGUEZ (14)
                
EASTVALE (78)
                
EDWARDS (19)
                


EDWARDS AFB (48)
                
EL CAJON (1879)
                
EL CENTRO (998)
                
EL CERRITO (280)
                


EL DORADO HILLS (341)
                
EL MONTE (1259)
                
EL SEGUNDO (302)
                
EL SOBRANTE (103)
                


ELK GROVE (1254)
                
ELMIRA (16)
                
EMERALD HILLS (10)
                
EMERYVILLE (373)
                


ENCINITAS (1496)
                
ENCINO (2499)
                
ESCALON (38)
                
ESCONDIDO (2180)
                


ETNA (11)
                
EUREKA (1894)
                
EXETER (172)
                


F



FAIR OAKS (429)
                
FAIRFAX (48)
                
FAIRFIELD (1836)
                
FALL RIVER MILLS (23)
                


FALLBROOK (301)
                
FARMERSVILLE (67)
                
FELTON (49)
                
FERNDALE (15)
                


FILLMORE (67)
                
FIREBAUGH (33)
                
FOLSOM (1048)
                
FONTANA (2139)
                


FOOTHILL RANCH (151)
                
FORESTHILL (16)
                
FORESTVILLE (25)
                
FORT BRAGG (244)
                


FORT IRWIN (179)
                
FORT JONES (14)
                
FORTUNA (149)
                
FOSTER CITY (223)
                


FOUNTAIN VALLEY (1953)
                
FOWLER (48)
                
FRAZIER PARK (32)
                
FREEDOM (119)
                


FREMONT (3167)
                
FRENCH CAMP (523)
                
FRESNO (10652)
                
FRIANT (9)
                


FT IRWIN (16)
                
FT. IRWIN (10)
                
FULLERTON (2363)
                


G



GALT (97)
                
GARBERVILLE (38)
                
GARDEN GROVE (2044)
                
GARDEN VALLEY (15)
                


GARDENA (1205)
                
GEORGETOWN (15)
                
GILROY (1073)
                
GLENDALE (3905)
                


GLENDORA (850)
                
GOLD RIVER (105)
                
GOLETA (240)
                
GONZALES (25)
                


GRANADA HILLS (601)
                
GRAND TERRACE (96)
                
GRANITE BAY (127)
                
GRASS VALLEY (1288)
                


GREENBRAE (645)
                
GREENFIELD (38)
                
GREENVILLE (63)
                
GRIDLEY (103)
                


GROVELAND (18)
                
GROVER BEACH (120)
                
GUADALUPE (18)
                
GUALALA (33)
                


GUERNEVILLE (46)
                
GUSTINE (18)
                


H



HACIENDA HEIGHTS (349)
                
HACIENDA HTS (28)
                
HALF MOON BAY (153)
                
HANFORD (863)
                


HAPPY CAMP (17)
                
HARBOR CITY (825)
                
HAWAIIAN GARDENS (195)
                
HAWTHORNE (695)
                


HAYFORK (10)
                
HAYWARD (1786)
                
HEALDSBURG (203)
                
HEMET (1038)
                


HERALD (13)
                
HERCULES (144)
                
HERMOSA BEACH (283)
                
HESPERIA (510)
                


HIDDEN VALLEY LAKE (22)
                
HIGHLAND (249)
                
HIGHLAND PARK (36)
                
HILLSBOROUGH (33)
                


HILMAR (20)
                
HOLLISTER (413)
                
HOLLYWOOD (117)
                
HOLTVILLE (12)
                


HOOPA (22)
                
HUGHSON (23)
                
HUNTINGTON BEACH (2359)
                
HUNTINGTON PARK (628)
                


HURON (24)
                


I



IDYLLWILD (28)
                
IMPERIAL (70)
                
IMPERIAL BEACH (88)
                
INDIAN WELLS (75)
                


INDIO (966)
                
INGLEWOOD (1445)
                
IONE (65)
                
IRVINE (3860)
                


IRWINDALE (147)
                
ISLA VISTA (12)
                


J



JACKSON (228)
                
JAMESTOWN (41)
                
JAMUL (11)
                
JOSHUA TREE (87)
                


JULIAN (11)
                
JURUPA VALLEY (11)
                


K



KELSEYVILLE (37)
                
KENSINGTON (49)
                
KENTFIELD (186)
                
KERMAN (80)
                


KING CITY (118)
                
KINGS BEACH (30)
                
KINGSBURG (79)
                


L



LA (100)
                
LA CANADA (201)
                
LA CANADA FLINTRIDGE (43)
                
LA CRESCENTA (146)
                


LA HABRA (469)
                
LA HABRA HEIGHTS (18)
                
LA JOLLA (2710)
                
LA MESA (1785)
                


LA MIRADA (358)
                
LA PALMA (271)
                
LA PUENTE (436)
                
LA QUINTA (352)
                


LA SELVA BEACH (68)
                
LA VERNE (359)
                
LADERA RANCH (153)
                
LAFAYETTE (445)
                


LAGUNA BEACH (434)
                
LAGUNA HILLS (1542)
                
LAGUNA NIGUEL (642)
                
LAGUNA WOODS (136)
                


LAJOLLA (15)
                
LAKE ARROWHEAD (94)
                
LAKE BALBOA (29)
                
LAKE ELSINORE (525)
                


LAKE FOREST (617)
                
LAKE HUGHES (9)
                
LAKE ISABELLA (108)
                
LAKE VIEW TERRACE (113)
                


LAKEPORT (329)
                
LAKESIDE (96)
                
LAKEWOOD (649)
                
LAMONT (145)
                


LANCASTER (2749)
                
LARKSPUR (230)
                
LATHROP (48)
                
LAWNDALE (332)
                


LAYTONVILLE (22)
                
LE GRAND (9)
                
LEBEC (12)
                
LEMON GROVE (359)
                


LEMOORE (226)
                
LENNOX (23)
                
LINCOLN (244)
                
LINDSAY (71)
                


LITTLEROCK (18)
                
LIVE OAK (22)
                
LIVERMORE (806)
                
LIVINGSTON (68)
                


LODI (739)
                
LOMA LINDA (3376)
                
LOMITA (185)
                
LOMPOC (603)
                


LONE PINE (26)
                
LONG BEACH (9311)
                
LOOMIS (57)
                
LOS ALAMITOS (898)
                


LOS ALTOS (588)
                
LOS ALTOS HILLS (35)
                
LOS ANGELES (45923)
                
LOS BANOS (206)
                


LOS GATOS (1433)
                
LOS OSOS (120)
                
LOWER LAKE (33)
                
LOYALTON (15)
                


LUCERNE (63)
                
LUCERNE VALLEY (16)
                
LYNWOOD (800)
                


M



MAD RIVER (10)
                
MADERA (1032)
                
MAGALIA (24)
                
MALIBU (266)
                


MAMMOTH LAKES (132)
                
MANHATTAN BEACH (565)
                
MANTECA (579)
                
MARCH ARB (12)
                


MARINA (153)
                
MARINA DEL REY (549)
                
MARIPOSA (186)
                
MARKLEEVILLE (22)
                


MARTINEZ (1357)
                
MARYSVILLE (463)
                
MATHER (217)
                
MAYWOOD (103)
                


MC FARLAND (15)
                
MCCLELLAN (90)
                
MCKINLEYVILLE (109)
                
MEADOW VISTA (20)
                


MECCA (16)
                
MENDOCINO (37)
                
MENDOTA (24)
                
MENIFEE (232)
                


MENLO PARK (939)
                
MENTONE (23)
                
MERCED (1579)
                
MIDDLETOWN (24)
                


MIDWAY CITY (17)
                
MILL VALLEY (502)
                
MILLBRAE (143)
                
MILPITAS (761)
                


MIRA LOMA (54)
                
MISSION HILLS (568)
                
MISSION VIEJO (1768)
                
MODESTO (4457)
                


MOJAVE (76)
                
MONARCH BEACH (17)
                
MONROVIA (579)
                
MONTARA (10)
                


MONTCLAIR (389)
                
MONTE RIO (22)
                
MONTE SERENO (18)
                
MONTEBELLO (822)
                


MONTECITO (43)
                
MONTEREY (1464)
                
MONTEREY PARK (934)
                
MONTROSE (146)
                


MOORPARK (209)
                
MORAGA (56)
                
MORENO VALLEY (1539)
                
MORGAN HILL (436)
                


MORRO BAY (116)
                
MOSS BEACH (20)
                
MOUNT SHASTA (209)
                
MOUNTAIN HOUSE (21)
                


MOUNTAIN VIEW (1563)
                
MT VIEW (13)
                
MURPHYS (24)
                
MURRIETA (1502)
                


N



N HOLLYWOOD (100)
                
NAPA (1837)
                
NATIONAL CITY (639)
                
NEEDLES (60)
                


NEVADA CITY (470)
                
NEWARK (318)
                
NEWBURY PARK (273)
                
NEWCASTLE (16)
                


NEWHALL (314)
                
NEWMAN (44)
                
NEWPORT BEACH (3062)
                
NEWPORT COAST (47)
                


NIPOMO (126)
                
NORCO (161)
                
NORTH HIGHLANDS (154)
                
NORTH HILLS (627)
                


NORTH HOLLYWOOD (1502)
                
NORTH TUSTIN (16)
                
NORTHRIDGE (2059)
                
NORWALK (1094)
                


NOVATO (655)
                
NUEVO (14)
                


O



OAK PARK (51)
                
OAK VIEW (15)
                
OAKDALE (176)
                
OAKHURST (134)
                


OAKLAND (11964)
                
OAKLEY (76)
                
OCCIDENTAL (16)
                
OCEANO (15)
                


OCEANSIDE (2014)
                
OJAI (204)
                
OLIVEHURST (35)
                
ONTARIO (1361)
                


ORANGE (5349)
                
ORANGE COVE (26)
                
ORANGEVALE (129)
                
ORCUTT (28)
                


ORINDA (231)
                
ORLAND (104)
                
OROSI (43)
                
OROVILLE (754)
                


OXNARD (1977)
                


P



PACIFIC GROVE (172)
                
PACIFIC PALISADES (314)
                
PACIFICA (270)
                
PACOIMA (599)
                


PALM DESERT (890)
                
PALM SPRINGS (1332)
                
PALMDALE (1199)
                
PALO ALTO (4507)
                


PALO CEDRO (36)
                
PALOS VERDES ESTATES (94)
                
PANORAMA CITY (1231)
                
PARADISE (709)
                


PARAMOUNT (298)
                
PARLIER (54)
                
PASADENA (6664)
                
PASO ROBLES (343)
                


PATTERSON (103)
                
PATTON (295)
                
PEBBLE BEACH (22)
                
PENN VALLEY (49)
                


PENNGROVE (11)
                
PERRIS (395)
                
PETALUMA (1021)
                
PHELAN (37)
                


PHILLIPS RANCH (9)
                
PICO RIVERA (462)
                
PIEDMONT (114)
                
PINE GROVE (13)
                


PINEDALE (101)
                
PINOLE (299)
                
PIONEER (11)
                
PISMO BEACH (225)
                


PITTSBURG (408)
                
PLACENTIA (556)
                
PLACERVILLE (835)
                
PLANADA (13)
                


PLAYA DEL REY (107)
                
PLAYA VISTA (44)
                
PLEASANT HILL (668)
                
PLEASANTON (1469)
                


PLUMAS LAKE (10)
                
PLYMOUTH (9)
                
POINT REYES STATION (41)
                
POINT RICHMOND (11)
                


POLLOCK PINES (34)
                
POMONA (2215)
                
PORT HUENEME (121)
                
PORTER RANCH (136)
                


PORTERVILLE (667)
                
PORTOLA (46)
                
PORTOLA VALLEY (76)
                
POWAY (713)
                


PRATHER (17)
                
PRUNEDALE (21)
                


Q



QUARTZ HILL (23)
                
QUINCY (150)
                


R



RAMONA (176)
                
RANCHO CORDOVA (511)
                
RANCHO CUCAMONGA (1820)
                
RANCHO DOMINGUEZ (20)
                


RANCHO MIRAGE (1132)
                
RANCHO MURIETA (12)
                
RANCHO PALOS VERDES (232)
                
RANCHO SANTA FE (58)
                


RANCHO SANTA MARGARITA (336)
                
RED BLUFF (508)
                
REDDING (2660)
                
REDLANDS (1561)
                


REDONDO BEACH (1036)
                
REDWAY (28)
                
REDWOOD CITY (2122)
                
REDWOOD VALLEY (51)
                


REEDLEY (194)
                
REPRESA (100)
                
RESCUE (31)
                
RESEDA (770)
                


RIALTO (635)
                
RICHMOND (1312)
                
RIDGECREST (376)
                
RIO LINDA (34)
                


RIO VISTA (42)
                
RIPON (63)
                
RIVERBANK (71)
                
RIVERDALE (21)
                


RIVERSIDE (6070)
                
ROCKLIN (575)
                
RODEO (27)
                
ROHNERT PARK (298)
                


ROLLING HILLS (20)
                
ROLLING HILLS ESTATES (189)
                
ROSAMOND (41)
                
ROSEMEAD (676)
                


ROSEVILLE (2881)
                
ROSSMOOR (10)
                
ROUND MOUNTAIN (9)
                
ROWLAND HEIGHTS (345)
                


ROYAL OAKS (9)
                
RSM (9)
                
RUNNING SPRINGS (16)
                


S



S EL MONTE (22)
                
S LAKE TAHOE (22)
                
S PASADENA (25)
                
SACRAMENTO (17730)
                


SAINT HELENA (236)
                
SALIDA (35)
                
SALINAS (2683)
                
SAN ANDREAS (149)
                


SAN ANSELMO (195)
                
SAN BERNADINO (11)
                
SAN BERNARDINO (2862)
                
SAN BRUNO (317)
                


SAN CARLOS (717)
                
SAN CLEMENTE (764)
                
SAN DIEGO (29766)
                
SAN DIMAS (541)
                


SAN FERNANDO (392)
                
SAN FRANCISCO (27176)
                
SAN GABRIEL (798)
                
SAN JACINTO (377)
                


SAN JOAQUIN (20)
                
SAN JOSE (13384)
                
SAN JUAN BAUTISTA (10)
                
SAN JUAN CAPISTRANO (544)
                


SAN LEANDRO (3600)
                
SAN LORENZO (69)
                
SAN LUIS OBISPO (2535)
                
SAN MARCOS (900)
                


SAN MARINO (186)
                
SAN MARTIN (27)
                
SAN MATEO (2627)
                
SAN PABLO (430)
                


SAN PEDRO (904)
                
SAN QUENTIN (47)
                
SAN RAFAEL (2551)
                
SAN RAMON (1056)
                


SAN YSIDRO (156)
                
SAND CITY (17)
                
SANGER (141)
                
SANTA ANA (5384)
                


SANTA BARBARA (4094)
                
SANTA CLARA (2094)
                
SANTA CLARITA (752)
                
SANTA CRUZ (2820)
                


SANTA FE SPRINGS (569)
                
SANTA MARIA (1890)
                
SANTA MONICA (4169)
                
SANTA PAULA (218)
                


SANTA ROSA (4759)
                
SANTA YNEZ (41)
                
SANTEE (367)
                
SARATOGA (285)
                


SAUGUS (56)
                
SAUSALITO (163)
                
SCOTTS VALLEY (167)
                
SEAL BEACH (297)
                


SEASIDE (188)
                
SEBASTOPOL (408)
                
SELMA (203)
                
SEPULVEDA (74)
                


SF (14)
                
SHAFTER (85)
                
SHASTA LAKE (47)
                
SHELL BEACH (12)
                


SHERMAN OAKS (1528)
                
SHINGLE SPRINGS (27)
                
SHINGLETOWN (11)
                
SIERRA MADRE (158)
                


SIGNAL HILL (167)
                
SIMI VALLEY (1236)
                
SKYFOREST (26)
                
SLOUGHHOUSE (11)
                


SMITH RIVER (14)
                
SOLANA BEACH (368)
                
SOLEDAD (152)
                
SOLVANG (137)
                


SONOMA (337)
                
SONORA (576)
                
SOQUEL (216)
                
SOUTH EL MONTE (102)
                


SOUTH GATE (370)
                
SOUTH LAKE TAHOE (433)
                
SOUTH PASADENA (780)
                
SOUTH SAN FRANCISCO (866)
                


SPRING VALLEY (251)
                
SPRINGVILLE (9)
                
ST HELENA (11)
                
ST. HELENA (9)
                


STANFORD (2925)
                
STANTON (156)
                
STEVENSON RANCH (61)
                
STOCKTON (4381)
                


STUDIO CITY (494)
                
SUISUN CITY (59)
                
SUN CITY (172)
                
SUN VALLEY (283)
                


SUNLAND (101)
                
SUNNYVALE (1336)
                
SUSANVILLE (348)
                
SUTTER CREEK (72)
                


SYLMAR (1010)
                


T



TAFT (98)
                
TAHOE CITY (60)
                
TARZANA (1541)
                
TEHACHAPI (253)
                


TEMECULA (1568)
                
TEMPLE CITY (246)
                
TEMPLETON (371)
                
THERMAL (21)
                


THOUSAND OAKS (1788)
                
THOUSAND PALMS (13)
                
THREE RIVERS (9)
                
TIBURON (53)
                


TOLUCA LAKE (122)
                
TOPANGA (35)
                
TORRANCE (6611)
                
TRABUCO CANYON (64)
                


TRACY (669)
                
TRAVIS AFB (636)
                
TRAVIS AIR FORCE BASE (10)
                
TRUCKEE (276)
                


TUJUNGA (157)
                
TULARE (525)
                
TUOLUMNE (27)
                
TURLOCK (783)
                


TUSTIN (1514)
                
TWAIN HARTE (28)
                
TWENTYNINE PALMS (192)
                


U



UKIAH (1017)
                
UNION CITY (616)
                
UPLAND (1379)
                
UPPER LAKE (26)
                


V



VACAVILLE (1185)
                
VALENCIA (1188)
                
VALLEJO (2013)
                
VALLEY CENTER (80)
                


VALLEY GLEN (25)
                
VALLEY SPRINGS (50)
                
VALLEY VILLAGE (277)
                
VAN NUYS (3131)
                


VANDENBERG AFB (28)
                
VENICE (357)
                
VENTURA (2968)
                
VERNON (28)
                


VICTORVILLE (1363)
                
VIEW PARK (87)
                
VILLA PARK (44)
                
VISALIA (2488)
                


VISTA (1374)
                


W



W HOLLYWOOD (14)
                
WALNUT (275)
                
WALNUT CREEK (3264)
                
WALNUT PARK (23)
                


WASCO (156)
                
WATERFORD (19)
                
WATSONVILLE (771)
                
WATTS (12)
                


WEAVERVILLE (124)
                
WEED (32)
                
WEIMAR (11)
                
WEST COVINA (1352)
                


WEST HILLS (702)
                
WEST HOLLYWOOD (1512)
                
WEST LOS ANGELES (51)
                
WEST SACRAMENTO (300)
                


WESTCHESTER (20)
                
WESTLAKE VILLAGE (930)
                
WESTLAKE VLG (16)
                
WESTMINSTER (1244)
                


WESTWOOD (12)
                
WHITTIER (2116)
                
WILDOMAR (217)
                
WILLIAMS (16)
                


WILLITS (137)
                
WILLOW CREEK (30)
                
WILLOWS (135)
                
WILMINGTON (249)
                


WINCHESTER (56)
                
WINDSOR (112)
                
WINNETKA (150)
                
WINTERHAVEN (67)
                


WINTERS (33)
                
WOODLAKE (35)
                
WOODLAND (892)
                
WOODLAND HILLS (2048)
                


WOODSIDE (50)
                


Y



YORBA LINDA (625)
                
YOSEMITE NATIONAL PARK (10)
                
YOUNTVILLE (81)
                
YREKA (323)
                


YUBA CITY (1183)
                
YUCAIPA (294)
                
YUCCA VALLEY (626)
                








































	Physicians and Specialists in Los Angeles, California - Health Providers Directory





















































Physicians and Specialists in Los Angeles, California










Home
 > 

State Directory
 > 

California
 > 
Los Angeles






 (2)

Acupuncturist (1153)



Adult Companion (5)

Advanced Practice Midwife (57)



Allergy & Immunology (57)

Ambulance (27)



Anaplastologist (1)

Anesthesiology (641)



Art Therapist (6)

Assistant Behavior Analyst (2)



Assisted Living Facility (49)

Audiologist (111)



Audiologist-Hearing Aid Fitter (25)

Behavioral Analyst (156)



Behavior Technician (8)

Bus (2)



Case Management (178)

Case Manager/Care Coordinator (1610)



Chiropractor (713)

Chore Provider (2)



Chronic Disease Hospital (7)

Clinical Exercise Physiologist (1)



Clinical Medical Laboratory (90)

Clinical Neuropsychologist (57)



Clinical Nurse Specialist (45)

Clinic/Center (1372)



Colon & Rectal Surgery (9)

Community Based Residential Treatment Facility, Mental Illness (20)



Community Based Residential Treatment, Mental Retardation and/or Developmental Disabilities (5)

Community/Behavioral Health (436)



Community Health Worker (216)

Contractor (34)



Counselor (3334)

Custodial Care Facility (17)



Dance Therapist (2)

Day Training, Developmentally Disabled Services (11)



Dental Assistant (100)

Dental Hygienist (50)



Dental Laboratory (2)

Dentist (2400)



Department of Veterans Affairs (VA) Pharmacy (5)

Dermatology (154)



Developmental Therapist (2)

Dietary Manager (4)



Dietitian, Registered (265)

Doula (17)



Driver (14)

Durable Medical Equipment & Medical Supplies (444)



Early Intervention Provider Agency (17)

Emergency Medicine (483)



Exclusive Provider Organization (25)

Eyewear Supplier (Equipment, not the service) (27)



Family Medicine (886)

Foster Care Agency (4)



General Acute Care Hospital (295)

General Practice (325)



Genetic Counselor, MS (100)

Health Educator (30)



Health Maintenance Organization (42)

Hearing  Aid Equipment (3)



Hearing Instrument Specialist (23)

Home Delivered Meals (1)



Home Health (264)

Home Health Aide (6)



Homemaker (1)

Homeopath (3)



Hospice Care, Community Based (94)

Hospice, Inpatient (6)



Hospitalist (40)

Independent Medical Examiner (5)



In Home Supportive Care (35)

Intermediate Care Facility, Mentally Retarded (15)



Internal Medicine (2922)

Interpreter (26)



Kinesiotherapist (9)

Lactation Consultant, Non-RN (13)



Legal Medicine (22)

Licensed Practical Nurse (12)



Licensed Psychiatric Technician (58)

Licensed Vocational Nurse (227)



Local Education Agency (LEA) (16)

Lodging (3)



Long Term Care Hospital (4)

Marriage & Family Therapist (2090)



Massage Therapist (29)

Mechanotherapist (3)



Medical Genetics (26)

Medical Genetics, Ph.D. Medical Genetics (12)



Medicare Defined Swing Bed Unit (1)

Midwife (18)



Military Clinical Medical Laboratory (1)

Military Health Care Provider (4)



Military Hospital (7)

Music Therapist (6)



Naturopath (24)

Neurological Surgery (123)



Neuromusculoskeletal Medicine & OMM (21)

Neuromusculoskeletal Medicine, Sports Medicine (6)



Non-emergency Medical Transport (VAN) (91)

Non-Pharmacy Dispensing Site (31)



Nuclear Medicine (32)

Nurse Anesthetist, Certified Registered (204)



Nurse Practitioner (1217)

Nurse's Aide (4)



Nursing Care (6)

Nursing Facility/Intermediate Care Facility (12)



Nursing Home Administrator (3)

Nutritionist (32)



Obstetrics & Gynecology (540)

Occupational Therapist (407)



Occupational Therapy Assistant (27)

Ophthalmology (330)



Optometrist (397)

Oral & Maxillofacial Surgery (11)



Orthopaedic Surgery (396)

Orthotic Fitter (2)



Orthotist (8)

Otolaryngology (199)



PACE Provider Organization (5)

Pain Medicine (24)



Pathology (293)

Pediatrics (1243)



Peer Specialist (1)

Personal Emergency Response Attendant (10)



Pharmacist (1209)

Pharmacy (406)



Pharmacy Technician (9)

Phlebology (1)



Physical Medicine & Rehabilitation (135)

Physical Therapist (918)



Physical Therapy Assistant (57)

Physician Assistant (707)



Physiological Laboratory (40)

Plastic Surgery (92)



Podiatrist (177)

Point of Service (13)



Portable X-ray and/or Other Portable Diagnostic Imaging Supplier (4)

Preferred Provider Organization (20)



Prevention Professional (2)

Preventive Medicine (56)



Private Vehicle (7)

Prosthetic/Orthotic Supplier (16)



Prosthetist (6)

Psychiatric Hospital (20)



Psychiatric Residential Treatment Facility (14)

Psychiatric Unit (19)



Psychiatry & Neurology (1101)

Psychoanalyst (28)



Psychologist (1533)

Public Health or Welfare (18)



Pulmonary Function Technologist (4)

Radiologic Technologist (37)



Radiology (693)

Recreation Therapist (17)



Reflexologist (4)

Registered Nurse (724)



Rehabilitation Counselor (118)

Rehabilitation Hospital (10)



Rehabilitation Practitioner (1298)

Rehabilitation, Substance Use Disorder Unit (2)



Rehabilitation Unit (9)

Religious Nonmedical Health Care Institution (1)



Religious Nonmedical Practitioner (1)

Residential Treatment Facility, Emotionally Disturbed Children (16)



Residential Treatment Facility, Mental Retardation and/or Developmental Disabilities (3)

Residential Treatment Facility, Physical Disabilities (2)



Respiratory Therapist, Certified (20)

Respiratory Therapist, Registered (15)



Respite Care (3)

Secured Medical Transport (VAN) (3)



Skilled Nursing Facility (147)

Social Worker (2371)



Special Hospital (19)

Specialist (695)



Specialist/Technologist (113)

Specialist/Technologist, Other (7)



Spec/Tech, Cardiovascular (16)

Spec/Tech, Health Info (1)



Spec/Tech, Pathology (6)

Speech-Language Pathologist (272)



Student in an Organized Health Care Education/Training Program (3645)

Substance Abuse Rehabilitation Facility (134)



Surgery (612)

Taxi (1)



Technician (6)

Technician, Cardiology (4)



Technician, Health Information (1)

Technician, Other (11)



Technician, Pathology (5)

Technician/Technologist (28)



Thoracic Surgery (Cardiothoracic Vascular Surgery) (85)

Transplant Surgery (30)



Transportation Broker (2)

Urology (219)



Veterinarian (7)

Voluntary or Charitable (23)










































	Dentist in Los Angeles California - Health Providers Directory






















































Dentist in Los Angeles California










Home
 > 

State Directory
 > 

California
 > 

Los Angeles
 > 
Dentist







NPIProvider NameAddressTypeTaxonomy


1003029737

                    CONSUELO M NOGOY DDS INC
               
                    1420 E FLORENCE AVENUELOS ANGELES, CA ZIP 90001Phone: (323) 277-8110

                   Organization
               
                   Dentist



1003033556

                    KHASHAYAR KHODADADI DDS INC
               
                    11900 S. AVALON BLVD.SUITE 101LOS ANGELES, CA ZIP 90061Phone: (323) 834-0100

                   Organization
               
                   Dentist
                   General Practice
               


1003115312

                    H.R.IMANKHAN,DDS,INC
               
                    3356 E. OLYMPIC BLVDLOS ANGELES, CA ZIP 90023Phone: (323) 269-5221

                   Organization
               
                   Dentist



1003133109

                    MUNGCAL DENTAL INC.
               
                    255 S GRAND AVESUITE # 204LOS ANGELES, CA ZIP 90012Phone: (213) 620-5777

                   Organization
               
                   Dentist
                   General Practice
               


1003182478

                    BAUM ORTHODONTICS, INC.
               
                    10921 WILSHIRE BLVD.SUITE #804LOS ANGELES, CA ZIP 90024Phone: (310) 208-5678

                   Organization
               
                   Dentist
                   Orthodontics and Dentofacial Orthopedics
               


1003805649

                    LAU DENTAL GROUP
               
                    1127 WILSHIRE BLVDSUITE #1608LOS ANGELES, CA ZIP 90017Phone: (213) 481-1100

                   Organization
               
                   Dentist
                   General Practice
               


1003895848

                    ADRIANA R. MASI, D.D.S., INC.
               
                    1134 S ROBERTSON BLVDSUITE 2LOS ANGELES, CA ZIP 90035Phone: (310) 550-5888

                   Organization
               
                   Dentist
                   Dental Public Health
               


1013087238

                    JOSH LAGATTA DDS INC
               
                    3710 E CESAR E CHAVEZ AVE STE BLOS ANGELES, CA ZIP 90063Phone: (323) 263-8000

                   Organization
               
                   Dentist



1013101690

                    WESTCHESTER PEDIATRIC DENTISTRY
               
                    8540 S SEPULVEDA BLVD STE 710LOS ANGELES, CA ZIP 90045Phone: (310) 216-5754

                   Organization
               
                   Dentist
                   Pediatric Dentistry
               


1013205392

                    TAKUMI J KAGAWA DDS INC
               
                    420 E 3RD STSUITE 1008LOS ANGELES, CA ZIP 90013Phone: (213) 625-7141

                   Organization
               
                   Dentist
                   Prosthodontics
               


1023141728

                    HAK CHEON KIM DDS INC
               
                    5455 WILSHIRE BLVD # 850LOS ANGELES, CA ZIP 90036Phone: (323) 930-4600

                   Organization
               
                   Dentist
                   General Practice
               


1023207388

                    JOSEPH JETT ZAPANTA DDS INC
               
                    5175 W SUNSET BLVDLOS ANGELES, CA ZIP 90027Phone: (323) 660-4926

                   Organization
               
                   Dentist



1023211448

                    SOHEIL SOLEIMANI DMD CORP
               
                    11444 W WASHINGTON BLVDSUITE #BLOS ANGELES, CA ZIP 90066Phone: (310) 572-6167

                   Organization
               
                   Dentist



1023401858

                    ROSITA M RAYHAN DDS
               
                    6200 WILSHIRE BLVD STE 1110LOS ANGELES, CA ZIP 90048Phone: (323) 931-3881

                   Organization
               
                   Dentist
                   General Practice
               


1033319983

                    MICHAEL NY MA DENTAL CORPORATION
               
                    711 W COLLEGE STSUITE 570LOS ANGELES, CA ZIP 90012Phone: (213) 617-9151

                   Organization
               
                   Dentist
                   General Practice
               


1033345525

                    EDDIE HAROUNI, D.D.S.,INC.
               
                    10921 WILSHIRE BLVDSUITE 807LOS ANGELES, CA ZIP 90024Phone: (310) 209-5050

                   Organization
               
                   Dentist
                   Endodontics
               


1033455092

                    BENYAMINY DENTAL CORPORATION
               
                    11860 WILSHIRE BLVD STE 301LOS ANGELES, CA ZIP 90025Phone: (310) 910-9950

                   Organization
               
                   Dentist



1033513528

                    ROSEMARIE QUIMSON-CRUZ, DMD, INC.
               
                    2252 BEVERLY BLVD STE 102LOS ANGELES, CA ZIP 90057Phone: (323) 228-1250

                   Organization
               
                   Dentist



1033584669

                    HEIVI KIM, DDS, INC.
               
                    1000 VENICE BLVDLOS ANGELES, CA ZIP 90015Phone: (213) 281-9464

                   Organization
               
                   Dentist



1033667282

                    RUDELL GARY S. JACINTO, DMD, INC.
               
                    5001 WILSHIRE BLVDSUITE 212LOS ANGELES, CA ZIP 90036Phone: (323) 931-1385

                   Organization
               
                   Dentist







120
119
118
117
116
115
114
113
112
111
110
109
108
107
106
105
104
103
102
101
100
99
98
97
96
95
94
93
92
91
90
89
88
87
86
85
84
83
82
81
80
79
78
77
76
75
74
73
72
71
70
69
68
67
66
65
64
63
62
61
60
59
58
57
56
55
54
53
52
51
50
49
48
47
46
45
44
43
42
41
40
39
38
37
36
35
34
33
32
31
30
29
28
27
26
25
24
23
22
21
20
19
18
17
16
15
14
13
12
11
10
9
8
7
6
5
4
3
2
1














Kirkland's Inc (KIRK.O)  People | Reuters.com


























































X



Edition:

United States


















Africa
América Latina


عربي
Argentina


Brasil
Canada


中国
Deutschland


España
France


India
Italia


日本
México


РОССИЯ
United Kingdom

United States
















Kirkland's Inc (KIRK.O)










Related Topics: 
StocksStock ScreenerMarket DataSMiscellaneous Specialty Retailers












                
                        Overview
                    



                
                        News
                    



                
                        Key Developments
                    



                
                        People
                    



                
                        Charts
                    



                
                        Financials
                    



                
                        Analysts
                    



                    
                            Research
                        



                    
                            Pulse
                        










				KIRK.O on Nasdaq


				9.79USD
25 Jul 2017





				    Change	(% chg)


		    
						    $0.36


					            (+3.82%)
					        






Prev Close

$9.43


Open

$9.50




Day's High

$9.90


Day's Low

$9.49




Volume

112,729


Avg. Vol

136,881




52-wk High

$17.41


52-wk Low

$8.51











					Summary





Name
Age
Since
Current Position




							R. Wilson Orr

52
2006

                                Independent Chairman of the Board




							W. Michael Madden

45
2015

                                President, Chief Executive Officer, Director




							Nicole Strain

43
2017

                                Interim Chief Financial Officer




							Mike Cairnes

57
2016

                                Chief Operating Officer, Executive Vice President




							Michelle Graul

49
2014

                                Executive Vice President - Stores and Merchandising




							Steven Collins

48
2004

                                Independent Director




							Carl Kirkland

75
2006

                                Independent Director




							Miles Kirkland

43
2008

                                Independent Director




							Jeffery Owen

47
2015

                                Independent Director




							Ralph Parks

71
2004

                                Independent Director




							Murray Spain

71
2001

                                Independent Director



» Insider Trading





					Biographies





Name
Description




							R. Wilson Orr


					
							Mr. R. Wilson Orr, III, is Independent Chairman of the Board of Kirkland's Inc., since March 2006. Since 1993, Mr. Orr has been Chairman of our Board of Directors since March 2006. Since 1993, Mr. Orr has been a Managing Partner of SSM Partners, a private equity investment firm. He joined SSM Partners in 1988 as a Vice President. From 1984 to 1988, Mr. Orr worked in corporate lending at Chemical Bank. Mr. Orr received a B.S. degree from Vanderbilt University.




							W. Michael Madden


					
							Mr. W. Michael Madden is President, Chief Executive Officer, Director of the Company effective February 2015. Prior to his appointment as Chief Executive Officer, Mr. Madden has served as the Company’s President and Chief Executive Officer since February 2015. Prior to that, Mr. Madden served as Senior Vice President and Chief Financial Officer since January 2008 and Vice President and Chief Financial Officer since May 2006. Prior to his appointment as Chief Financial Officer, Mr. Madden served as Vice President of Finance from May 2005 to April 2006. From July 2000 to May 2005, he served as Director of Finance. Prior to joining Kirkland’s, Mr. Madden served as Assistant Controller with Trammell Crow Company and was with PricewaterhouseCoopers LLP. At PricewaterhouseCoopers LLP, he served in positions of increasing responsibility over six years culminating as Manager-Assurance and Business Advisory Services where he worked with various clients, public and private, in the retail and consumer products industries.




							Nicole Strain


					
							Ms. Nicole Strain has been appointed as Interim Chief Financial Officer of the Company., effective June 14, 2017. She currently serves as Kirkland’s Controller. Prior to her current role, which she has held since November of 2016, Ms. Strain served as the Vice President of Finance and Principal Accounting Officer for Logan’s Roadhouse, Inc., a Nashville-based restaurant company, from 2005 through July of 2015. While at Logan’s, Ms. Strain also served as the interim Chief Financial Officer and Principal Financial Officer. During her tenure at Logan’s, Ms. Strain was a key member of the leadership team that structured and executed two transactions with private equity firms, which included filing registration statements with the Securities and Exchange Commission in both 2006 and 2010. She earned her Bachelor of Science in Business Administration from the University of Tennessee in 1995, and received a Master of Accountancy, with a concentration in tax, from the University of Tennessee in 2001.




							Mike Cairnes


					
							Mr. Mike Cairnes has been appointed as Chief Operating Officer, Executive Vice President of the Company, effective November 28, 2016. Mr. Cairnes is responsible for the daily operation of the Company and will help implement the strategy for the Company’s Stores and Merchandising operations. He is responsible the Company’s Ecommerce operations, as well as Planning, Allocations and Supply Chain operations. Mr. Cairnes served as the President of the Aaron Brothers and Artistree divisions of Michaels Inc., a publicly-traded retailer of arts, crafts and custom framing. He was President of Artistree from June of 2007 through August of 2016, and President of Aaron Brothers from September of 2015 through August of 2016. Prior to joining Michaels in 2006 as a Divisional Merchandise Manager, Mr. Cairnes held various leadership positions with Brushstrokes, Larson-Juhl and Texas Instruments.




							Michelle Graul


					
							Mrs. Michelle R. Graul is Executive Vice President - Stores and Merchandising of Kirkland's Inc., since August 21, 2014. Ms. Graul has been Executive Vice President of Stores and Merchandising since August 2014. Prior to her appointment as Executive Vice President of Stores and Merchandising, Ms. Graul served as Senior Vice President of Human Resources and Stores since January 2010, Senior Vice President of Human Resources from August 2008 to December 2009, and Vice President of Human Resources from March 2005 to July 2008. Prior to joining Kirkland’s, Mrs. Graul was employed with Pier 1 Imports and served in various positions of increasing responsibility over 13 years culminating as Zone Human Resources Director. Prior to joining Pier 1 Imports, Mrs. Graul had positions with four other retailers serving in various store operational roles and as a buyer.




							Steven Collins


					
							Mr. Steven J. Collins is Independent director of Kirkland’s, Inc. since November 2004. Mr. Collins is a Managing Director of Advent International. Mr. Collins joined Advent in 1995 and rejoined after graduate school in 2000. Mr. Collins served as Kirkland’s Chief Financial Officer from January 1997 to February 1998 and its Treasurer from January 1998 to December 1998. Before joining Kirkland’s, Mr. Collins was an Associate at Advent International from 1995 to 1997. Mr. Collins also serves on the Board of Directors of Bojangles’, Charlotte Russe, lululemon athletica, and Party City Holdings and served on the board of Five Below through March 2015. Mr. Collins received a B.S. from the Wharton School of the University of Pennsylvania and an M.B.A. from Harvard Business School.




							Carl Kirkland


					
							Mr. Carl T. Kirkland is an Independent Director of Kirkland's Inc. Mr. Kirkland has served as a director of the Company since he co-founded Kirkland’s in 1966 and he served as Chief Executive Officer from 1966 through March 2001 and President from 1966 through November 1997. Mr. Kirkland also served as Chairman of the Board of Directors from June 1996 to November 2004. He has over 45 years of experience in the retail industry. Mr. Kirkland also serves on the Board of Directors of Hibbett Sporting Goods, Inc.




							Miles Kirkland


					
							Mr. Miles T. Kirkland is an Independent Director of Kirkland's Inc. From 2010 until April 2013, Mr. Kirkland is Vice President and Portfolio Manager for Truxton Trust, a private bank and wealth management services company based in Nashville, TN. From 2010 until April 2013, Mr. Kirkland was a Principal with Mastrapasqua Asset Management, a private asset management firm, where he previously served as a Senior Research Analyst and Associate Portfolio Manager from 2007 to 2010. He joined Mastrapasqua Asset Management in 2000 as a Research Analyst. Before joining Mastrapasqua, he spent three years working with Kirkland’s in store operations. He received a B.A. in English from The University of the South in 1994 and an M.B.A. from Vanderbilt University Owen Graduate School of Management in 2000. Mr. Kirkland is also a CFA Charterholder.




							Jeffery Owen


					
							Mr. Jeffery C. Owen is Independent Director of the company. Mr. Owen worked over 20 years for Dollar General, the nation’s largest small box retailer of discount consumable basic merchandise. Most recently, he served as the Senior Vice President, Operations from 2011 to 2014. Prior to his appointment as Senior Vice President, Operations, Mr. Owen served as the Vice President, Operations for Dollar General from 2006 to 2011. Mr. Owen received his undergraduate degree and MBA from Vanderbilt University.




							Ralph Parks


					
							Mr. Ralph T. Parks is an Independent Director of Kirkland's Inc. Mr. Parks served as the interim Chief Executive Officer of Heelys, Inc. from February 2008 until May 2008, but has otherwise been retired since 1999 after a 34-year career in the retail industry, including eight years as Chief Executive Officer of Footaction, USA, an athletic footwear and apparel retailer. Since 2002, he has served as President of RT Parks, Inc., a retailer of New Balance® footwear and apparel. Mr. Parks also serves on the board of directors of Hibbett Sporting Goods, Inc.




							Murray Spain


					
							Mr. Murray M. Spain is an Independent Director of Kirkland's Inc. Mr. Spain was the co-founder of Dollar Express, Inc. and acted as its President and Chief Operating Officer from its inception in 1961 until May 2000, when Dollar Express merged with Dollar Tree Stores, Inc. At that time, Dollar Express was a chain of 126 retail stores in five states. Mr. Spain graduated from Temple University with a BA in accounting in 1965.











					Basic Compensation





Name
Fiscal Year Total




							R. Wilson Orr

--




							W. Michael Madden

1,068,330




							Nicole Strain

--




							Mike Cairnes

--




							Michelle Graul

825,120




							Steven Collins

--




							Carl Kirkland

169,203




							Miles Kirkland

--




							Jeffery Owen

--




							Ralph Parks

--




							Murray Spain

--



As Of 
30 Jan 2015





					Options Compensation





Name
Options
Value




							R. Wilson Orr

0
0




							W. Michael Madden

5,000
8,150




							Nicole Strain

0
0




							Mike Cairnes

0
0




							Michelle Graul

15,000
175,650




							Steven Collins

0
0




							Carl Kirkland

217,182
2,403,780




							Miles Kirkland

0
0




							Jeffery Owen

0
0




							Ralph Parks

0
0




							Murray Spain

0
0









					Insider Trading












Name
Shares Traded
Price


Madden (W Michael)
2,833
$9.54


Graul (Michelle R)
1,966
$9.54


Holland Adam C
822
$9.54


Graul (Michelle R)
6,500
$0.00


Orr (Wilson R III)
4,000
$0.00


Madden (W Michael)
18,500
$0.00


Owen (Jeffery C.)
4,000
$0.00


Pleas (Charles III)
4,000
$0.00


Lanigan (Susan S)
4,000
$0.00


Kirkland (Miles T)
4,000
$0.00


Cairnes (Mike)
15,000
$0.00


Collins (Steven J)
4,000
$0.00


Holland Adam C
408
$9.09


Madden (W Michael)
1,022
$9.09


Graul (Michelle R)
496
$9.09


Madden (W Michael)
425
$7.69


Graul (Michelle R)
435
$7.69


Kirkland (Carl Turner)
1,850
$9.00


Kirkland (Carl Turner)
5,000
$3.33


Madden (W Michael)
391
$9.61


Holland Adam C
365
$9.61


Graul (Michelle R)
404
$9.61


Cairnes (Mike)
6,000
$0.00


Madden (W Michael)
258
$12.49


Holland Adam C
240
$12.49




» Full list on Insider Trading
















Related Topics: 
StocksStock ScreenerMarket DataSMiscellaneous Specialty Retailers






















  Non Discounted Jabong.com - Catalog      Save the products you  like hereYour shopping bag is emptyRecent SearchesOthers  26 PRODUCTSClearSHOWFilter byView allFilter ByGenderCategoryBrandOffersPriceDiscountsColorGenderWomen [25]Men [1]CategoryShoes Beauty Accessories Brand(3)ClearTop brands@ABCDEFGHIJKLMNOPQRSTUVWXYZSteve Madden [22]Michael Kors [2]Lakme [2]Adidas [115]Dorothy Perkins [233]Puma [264]Tom Tailor [1]United Colors of Benetton [78]Top BrandsSteve Madden [22]Michael Kors [2]Lakme [2]Adidas [115]Dorothy Perkins [233]Puma [264]Tom Tailor [1]United Colors of Benetton [78]All Brands@612 League [16]aALL [20]AMANTE [9]AND [84]ANIMAL [6]ARISTOCRAT [22]Aarika [53]Accessorize [37]Adamo London [2]Adidas [115]Adidas Neo [7]Adidas Originals [17]Aeropostale [6]Ajile By Pantaloons [12]Akkriti By Pantaloons [2]Aks [25]Alberto Torresi [1]Alcis [6]Alcott [110]All About You from Deepika Padukone [91]Allen Solly [131]Alto Moda By Pantaloons [3]American Tourister [21]Annabelle By Pantaloons [2]Anouk [101]Antony Morato [1]Ardell [1]Armani Exchange [27]Arrow [2]Arrow Blue Jeans Co. [48]Asics [14]Asics Tiger [12]Aum [121]Aurelia [31]Avaana [9]Aveiro [3]bBaggit [51]Basics [36]Bata [3]Batman [3]Besiva [3]Betty [1]Biba [30]Blackberrys [83]Blend [101]Blue Saint [2]Blue Sequin [35]Boltio [6]Bootico & Co. [7]Bossini [6]Bruno Manetti [59]Bugatti [9]Bunkar [1]cC9 [5]CCILU [21]Calvin Klein Underwear [32]Campus Sutra [34]Canterbury [5]Caprese [1]Carlton London [31]Casio [3]Casmara [1]Cat [4]Cath Kidston [17]Catwalk [32]Chalk By Pantaloons [14]Chirpie Pie By Pantaloons [22]Chisel [21]Clarks [70]Code 61 [1]Code by Lifestyle [61]Cole Haan [22]Color Cocktail [5]ColorPlus [22]Colorbar [2]Colors Couture [35]Colour Me [3]Columbia [9]Coolthreads [1]Cover Story [5]Crocs [125]Cutecumber [1]dD'SIGNER [1]DC [1]DOVE [1]Deal Jeans [5]Deborah Milano [2]Diesel [5]Difference of Opinion [22]Disney Princess [38]Dorothy Perkins [233]Dressberry [56]Duke [75]eE2O Fashion [1]Eavan [45]Egoss [86]Elaborado [24]Elpaso [1]Escort [1]Esprit [8]Ether [110]Evah London [20]Evam [45]fFS Mini Klub [22]Fabindia [17]Fame Forever By Lifestyle [41]Farenheit [2]Femella [15]Fluid [1]Flying Machine [1]Forca By Lifestyle [8]Forest Essentials [2]Forever 21 [181]Forever New [8]Fort Collins [1]Fossil [41]Franco Leone [30]Freedom Makeup London [1]Fresco [5]Fungus [16]gGAUGE MACHINE [7]Gas [29]Gerua [4]Get Glamr [15]Ginger By Lifestyle [76]Gini & Jony [109]Global Desi [35]Grass by Gitika Goyal [15]Gritstones [2]Guess [66]hHANCOCK [1]HRX by Hrithik Roshan [47]Harpa [55]Harvard [8]Heat Wave [2]Hidesign [3]Highlander [2]Honey & B [56]Honey By Pantaloons [5]Hoopers [11]Hubberholme [33]Hypernation [6]iIDEE [168]Image [13]Imara [67]Inc.5 [38]Indian Ink [3]Indian Terrain [6]Invictus [86]Ives [8]Izabel London by Pantaloons [1]jJ Collection [3]JC Collection [421]Jack & Jones [17]Jadeblue [32]Jaipur Kurti [2]Jockey [62]John Players [7]Junarose [11]Juniors by lifestyle [1]Jurado [11]kK&U [1]Kanvin [27]Kappa [1]Kaya [2]Kittens [22]Knotty Derby [16]Kook N Keech [60]lL'Oreal Paris [16]LOUIS PHILIPPE JEANS [34]Label Ritu Kumar [66]Ladida [3]Lakme [2]Lee Cooper [30]Lee Marc [1]Levi's [3]Libas [58]Liberty [2]Little Kangaroos [5]Lobster [23]Louis Philippe [7]Louis Philippe Sports [53]Lucfashion [3]mMAYHEM [2]MIAMINX [72]Mabish by Sonal Jain [16]Madame [8]Mango [3]Mast & Harbour [115]Maybelline [68]Melange by Lifestyle [78]Metersbonwe [43]Metro [47]Michael Kors [2]Miganda [1]Misfit [3]Mmantra [1]Mochi [20]Moda Rapido [125]Monte Carlo [1]Monteil & Munero [18]Ms. Taken [3]Mufti [60]nNBA [1]NO CODE [22]Naari [158]Nauti Nati [1]Nell [1]New Era [1]Newton [10]Next [1348]Nike [200]oO3+ [1]Oink [1]Ojjasvi [40]Only [25]Only You [17]Onn [27]pPONEY [7]PROLINE ACTIVE [4]Pannkh [48]Paprika by Lifestyle [25]Park Avenue [6]Parx [2]Pavers England [1]People [32]Pepe Jeans [55]Peppermint [2]Peter England [27]Planet Superheroes [1]Plume [2]Pluss [48]Ponds [1]Poppers By Pantaloons [9]Power [2]PrettySecrets [205]Proline [6]Puma [264]qQuittance [15]rRIDRESS [2]Raindrops [14]Ralph Lauren [1]Rangmanch By Pantaloons [15]Rangriti [17]Rare [1]Rattrap [28]Raymond [3]Red Chief [2]Red Tape [50]Reebok [63]Restless [3]Rider [7]Ritu Kumar [22]Roadster [345]Rosaline [4]Rsvp Cross [4]Ruosh [60]sSaadgi [1]Sabhyata [48]Salomon [2]San Frissco [17]Sangria [34]Satva [16]Satya Paul [2]Say It loud [4]Selected [3]Sera [12]Sf Jeans By Pantaloons [31]Shiv Naresh [2]Shoe Couture [3]Shree [164]Shuz Touch [8]Skagen [35]Skybags [1]Span [57]Speedo [52]Splash [3]Spunk [3]Spykar [102]Standard Chartered Mumbai Marathon [2]Steve Madden [22]Superdry [18]Swaron [16]Sweet Dreams [5]tTarama [24]Tcs World 10k Bengaluru [1]Teddy Toes [4]The Cranberry Club [3]The Kaftan Company [18]The North Face [3]The Silhouette Store [22]Timberland [1]Timex [3]Tiny Girl [23]Tokyo Laundry [19]Tokyo Talkies [4]Tom Tailor [1]Tommy Hilfiger [63]Toni & Guy [7]Trend Arrest [11]Tresmode [9]Tshirt Company [1]Turtle [7]Tweens [1]uU.S. Polo Assn. [7]Ucla [7]Umbro [5]Under Knee [12]Unikid [41]United Colors of Benetton [78]Urban Tribe [16]vV Dot [41]VITAMINS [1]Vaamsi [34]Valentino [1]Van Heusen [3]Van Heusen Sport [26]Vans [59]Vedic [3]Vero Moda [17]Vintage [1]Vishudh [1]wW [26]Westwood [2]Wildcraft [33]Wilkins & Tuscany [2]Wills Lifestyle [4]Woodland [1]Wowmom [1]Wrangler [3]Wrogn [125]xX'Pose [4]yYk [32]zZelocity [5]Zivame [37]Ztoes [1]Clear SelectionApply336 moreOffers15% off,Use code: CASUAL15Pricebelow 2500 [6]2500-2999 [4]3000-4999 [7]5000-5999 [4]6000-6999 [3]above 6999 [2]Enter a price rangeGoDiscounts(1)ClearDiscounted items [97]Non-Discounted items [26]ColorBlack [7]Pink [4]Silver [3]Beige [3]Golden [2]Brown [1]White [1]Tan [1]Multicoloured [1]Black [7]Pink [4]Silver [3]Beige [3]Golden [2]Brown [1]White [1]Tan [1]Multicoloured [1]Navy Blue [1]Clear SelectionApply1 moreCancelApplyLakmeMichael KorsSteve MaddenNon-Discounted itemsClear All26 productsShow:34FilterSort byPopularityPopularityWhat's newPrice: High to LowPrice: Low to HighDiscount: High to Lowview all filtersNewLara Karen Lara Karen Lara Karen Check belt dress 3210 1499(-40%)+ More colorsColors+ 3 moreSizes 31/32,31/32,31/32,31/32,31/32,31/32,31/32,31/32,31/32,31/32,31/30Add To WishlistQuick view NewMichael Kors Wilder Mk9031 Black/Black Analog Watch31495SizesFREE SIZEAdd To WishlistQuick view NewMichael Kors Sawyer Mk2433 Black/Golden Chronograph Watch20495SizesFREE SIZEAdd To WishlistQuick view NewSteve Madden Beige Belly Shoes3499Sizes37.538.540.53636.5Add To WishlistQuick view NewLakme Teal Deal Lakme 9 To 5 Long Wear Nail Color220Sizes9mlAdd To WishlistQuick view NewSteve Madden Mika Golden Metallic Sandals5499Sizes36.540.539.538.537.5Add To WishlistQuick view NewSteve Madden Celina Peach Sandals1999Sizes35.536.540.539.538.537.5Add To WishlistQuick view NewSteve Madden Paacey Beige Fringes Sandals4499Sizes38.539.536.537.5Add To WishlistQuick view NewSteve Madden Nita Brown Embellished Sandals5499+ More colorsColorsSizes40.539.538.537.536.5Add To WishlistQuick view NewLakme Enrich Matte Shade Rm 18295Sizes4.7gAdd To WishlistQuick view NewSteve Madden Peach-P Multicoloured Floral Espadrille Lifestyle Shoes6999Sizes40.537.538.536.5Add To WishlistQuick view NewSteve Madden Miley Peach Sandals2499Sizes37.536.5Add To WishlistQuick view NewSteve Madden Miley Black Sandals2499+ More colorsColorsSizes38.5Add To WishlistQuick view NewSteve Madden Mika Silver Metallic Sandals5499+ More colorsColorsSizes39.540.537.536.538.5Add To WishlistQuick view NewSteve Madden Blurt Black Sandals2999+ More colorsColorsSizes38.537.539.536.5Add To WishlistQuick view NewSteve Madden Blurt Silver Sandals2999+ More colorsColorsSizes38.536.537.5Add To WishlistQuick view NewSteve Madden Blurt Tan Sandals2999+ More colorsColorsSizes36.537.538.5Add To WishlistQuick view NewSteve Madden Glamour Black Embellished Sandals2499Sizes35.539.537.536.540.538.5Add To WishlistQuick view NewSteve Madden Briele Golden Metallic Sandals6999Sizes40.538.537.539.536.5Add To WishlistQuick view NewSteve Madden Nita Black Embellished Sandals5499Sizes40.538.539.536.537.5Add To WishlistQuick view NewSteve Madden Rreed Beige Wedges3999Sizes38.5Add To WishlistQuick view NewSteve Madden Hamil Black Sandals3499Sizes40.5Add To WishlistQuick view NewSteve Madden Bryceee Silver Sandals3999+ More colorsColorsSizes39.540.535.536.538.537.5Add To WishlistQuick view NewSteve Madden Bertie-V Rust Casual Sneakers6999+ More colorsColorsSizes40.536.537.538.5Add To WishlistQuick view NewSteve Madden Sail-P Navy Blue Casual Sneakers3999+ More colorsColorsSizes40.539.537.538.536.5Add To WishlistQuick view NewSteve Madden Blurt White Sandals2999+ More colorsColorsSizes36.540.537.539.538.5Add To WishlistQuick view NewSteve Madden Brando Multicoloured Buckled Sandals4499Sizes40.539.535.536.538.537.5{"productCnt":26,"page":1,"limit":52,"originalTerm":"","correctedTerm":"","filterdQ":"","suggestedTerms":null,"sortBy":"popularity","sortDir":"desc","identifiers":{"categories":null,"types":null,"brands":[{"id":"4439","name":"Buckleup","urlKey":"buckleup"},{"id":"632","name":"Lakme","urlKey":"Lakme"},{"id":"543","name":"Michael Kors","urlKey":"Michael-Kors"},{"id":"2446","name":"Steve Madden","urlKey":"steve-madden"}],"colors":null,"collect":null,"tech":null,"discounted":[{"id":"non-discount","name":"Non-Discounted items","urlKey":"non-discount"}],"discount":null,"gender":null,"segment":{},"unresolved":"","unisex":false,"isDrillDown":false,"leafFound":false},"urlstrem":"http://discovery:8095/discovery/v1/search/?q=u:buckleup--Lakme--Michael-Kors--steve-madden%2Fnon-discount &all-products=true&limit=52&page=1&sort_by=popularity&sort_dir=desc&filters=%7B%22new_products%22%3Atrue%7D","breadcrumb":null,"streamData":{"breadcrumb":"","filterdQ":"","pt":"CTL","ch":"DIRECT","bkt":""}}More brand options: 