



Marathon Asset  Management  :: New York Based Fund :: 



























 
 













  
Career Opportunities
   |   
Contact Us
  
Investor Login  

							



 
 
  

 


					"Best-in-class" investment manager focused on opportunistic investing in credit and fixed income markets globally, utilizing Marathon's integrated platform, deep fundamental research and situational expertise
					

 
 
  
  




				ABOUT MARATHON
				

				STRATEGIES: Opportunistic Credit Investing
				

 
  
 




Firm Overview Investment Philosophy Business Principles Philanthropy Capabilities Leadership Public Private Investment Partnership 




 




Corporate Credit Structured Credit Emerging Markets Credit Separate Account Platform Private Funds Platform 




 




Marathon Asset Management Announces Strategic Investment by Blackstone It’s a ‘G’ Thing: R Baby Foundation raises money and provides pediatric training for hospitalsBruce Richards' Interviews Marathon CEO on Distressed Debt and Drug Pricing 9.28.2016 – Bloomberg TV – Marathon’s Bruce Richards on Brexit, Distressed Debt Bruce Richards discusses current credit opportunities in energy, Europe and Puerto Rico  Marathon's Richards Investing in Ireland, Puerto Rico Bruce Richards gives the commencement address at the University of Maryland, Smith School of Business Dems Are Fixed on Revenue Increases How Much Stability Is There in Europe? Charlie Rose Interviews Bruce RichardsWhite Paper: European Sovereign & Financial Debt CrisisS&P Interviews Andrew Brady on the CLO Market at Leveraged Loan Roundtable




 
 
  




© 2017  Marathon Asset Management. All rights reserved. 



 NEW YORK    |    LONDON    |    SINGAPORE







 Emergency Contact Information |  Terms of Use 



 
  

			This is not an offer or solicitation to invest in our private funds.  
			Please see Terms of Use

 





Marathon Asset  Management  :: New York Based Fund :: Leadership



























 
 






 |  Home
 Career Opportunities |  Contact Us
Investor Login  

							




 








 
 
 







					ABOUT MARATHON
					




Firm Overview Investment Philosophy Business Principles Philanthropy Capabilities LeadershipPublic Private Investment Partnership 



 

					STRATEGIES
					




Corporate Credit Structured Credit Emerging Markets Credit Separate Account Platform Private Funds Platform  












	Marathon is a global credit manager with approximately $13 billion of capital under management opportunistically investing in the global credit markets. Our business is guided by our fiduciary responsibility to our investors, an intensive research-based investment approach, prudent risk management discipline and a firm wide commitment to operational excellence.





  



  

 Leadership 
			

 Printable View 


 

	The leadership of Marathon defines our culture and character of an uncompromising commitment to integrity, strong corporate governance, and dedication to excellence in everything we do. This cohesive management guides a highly talented and diverse team of 140 employees and fosters long-term relationships with financial and sector leaders across the globe.


Managing Partners

 Bruce Richards
				Chairman & Chief Executive Officer


 Louis Hanover
				Chief Investment Officer & Co-Managing Partner

 Partners

 Gabriel Szpigiel
				Partner & Co-Head of Emerging Markets


 Jamie Raboy
				Partner & Chief Risk Officer


 Stuart Goldberg
				Partner and Member of the Risk Committee and Investment Committee


 Andrew Springer
				Partner & Head of Structured Credit


 Andrew Rabinowitz
				President, Partner & Chief Operating Officer


  




 







© 2017  Marathon Asset Management. All rights reserved. 



 NEW YORK    |    LONDON    |    SINGAPORE







 Emergency Contact Information |  Terms of Use 



 
  
 





Marathon Asset  Management  :: New York Based Fund :: Firm Overview



























 
 






 |  Home
 Career Opportunities |  Contact Us
Investor Login  

							




 








 
 
 







					ABOUT MARATHON
					




Firm OverviewInvestment Philosophy Business Principles Philanthropy Capabilities Leadership Public Private Investment Partnership 



 

					STRATEGIES
					




Corporate Credit Structured Credit Emerging Markets Credit Separate Account Platform Private Funds Platform  












	Marathon is a global credit manager with approximately $13 billion of capital under management opportunistically investing in the global credit markets. Our business is guided by our fiduciary responsibility to our investors, an intensive research-based investment approach, prudent risk management discipline and a firm wide commitment to operational excellence.





  



  

 Firm Overview  1

 
	 		FCA Disclosure  


 

	 




				Headquarters

				New York



				Other Offices

				London,
				Singapore



				Number of Employees

				Approximately 150



				Founders

				Bruce Richards, Chairman & CEO
				Louis Hanover, CIO



				Partners


					Andrew Rabinowitz, President & COO

					Andrew Springer, Senior Portfolio Manager

					Gabriel Szpigiel, Senior Portfolio Manager

					Jamie Raboy, CRO

					Stuart Goldberg, Senior Portfolio Manager




				Capital Under Management 2

				Approximately $13.6 Billion



				Key Regulating Registrations

				- Registered with SEC, CFTC, and NFA, U.S.
				- MCAP Global Finance (UK) LLP (London affiliate) is registered with the Financial Conduct Authority, U.K.
				- Marathon Asset Management Singapore Pte. Ltd. (Singapore affiliate) is a Capital Markets Services License Holder with MAS, Singapore



				Founded

				January 1998






1 As of March 31, 2017
2 Includes commitments and structured products





 







© 2017  Marathon Asset Management. All rights reserved. 



 NEW YORK    |    LONDON    |    SINGAPORE







 Emergency Contact Information |  Terms of Use 



 
  
 




MARATHON CREDIT OPPORTUNITY MASTER FUND, LTD. Top Holdings  

































WhaleWisdom









Search All
Search 13F Filers Only
Search SEC Filer
Search Stocks Only
Search Mgmt Inv. Cos Only
ETFs Only
Search Active




















                      MARATHON CREDIT OPPORTUNITY MASTER FUND, LTD.
                    

•   NEW YORK, NY
                      
How do I update this listing?




                                             Marathon Credit Opportunity Master Fund, Ltd. is based out of New York.   
                                           














Summary
13D/G
Insider (Form 4)



   Create Email Alert
 




×
Email Notification.







                   ***Log In or
                   Sign-up
                   to see more advanced email alert options such as selecting any type of
                   SEC form, multiple filers or classes of filers, and much more.***
                 

                    ...or to simply have an email sent to you whenever we receive a new
                           13F filing from MARATHON CREDIT OPPORTUNITY MASTER FUND, LTD., enter your
                    email address below and choose 'Submit'.
                

Your email:








Cancel














Contact Info




marathon credit opportunity master fund, ltd.


C/O MARATHON ASSET MANAGEMENT, L.P.

NEW YORK
NY
                                                        
                                                    10036


                                                      Business Phone:
                                                      212-500-3000







Recent SEC Filings




13F-NT filed on 11/14/2016
13F-NT filed on 08/15/2016
13F-NT filed on 05/16/2016
13F-NT filed on 02/16/2016
13F-NT filed on 11/16/2015
13F-NT filed on 08/14/2015
13F-NT filed on 05/15/2015
13F-NT filed on 02/13/2015
13F-NT filed on 11/14/2014
13F-NT filed on 08/14/2014







Parent/ Related Companies







MARATHON ASSET MANAGEMENT LP
              (hedge fund)
            
















Schedule 13D and 13G events since 03/31/2017

Subscription required



 
Form 4 - Non-derivative Insider Transactions Since 03/31/2017
Loading...








Elevate your investments
Try it for free

















 





Marathon European Credit Opportunity Master Fund II, Ltd. (549300183UGZ9G8P6S59) | Open LEIs


















            A user-friendly view on the
            Legal Entity Identifier system




Brought to you by













What is the LEI system?
About OpenCorporates



Register


Login











		    Marathon European Credit Opportunity Master Fund II, Ltd.
      




Lei 549300183UGZ9G8P6S59
Legal Form CAYMAN ISLANDS ORDINARY NON-RESIDENT COMPANY
Registered Address C/O Citco Fund Services (Cayman Islands) Limited, 2nd Floor, 89 Nexus Way, Camana Bay KY1-9007, Cayman Islands
Headquarter Address 38th Floor, 1 Bryant Park, New York, US-NY 10036
Legal Jurisdiction KY
Inferred Jurisdiction Cayman Islands
Business Registry Name N/A
Business Registry Identifier Not supplied!

Legal Entity Identifier (LEI) details

Registered By DTCC/SWIFT CICI
Assignment Date 2013-12-05 03:03:29 UTC
Record Last Update 2017-04-20 02:27:10 UTC
Next Renewal Date 2018-04-10 13:12:05 UTC
Status Code ISSUED



          Imported from gleif on
          July 26 2017,  7.08AM
        




Share this page








Permalink



Connect with us

 Connect
 Join
 Follow






Download Open Data

XML or
      JSON














×










Marathon European Credit Opportunity Master Fund II, Ltd. · 38th Floor 1 Bryant Park, New York, New York 10036, United States · 549300183UGZ9G8P6S59










Toggle navigation





LEISearch




Legal Entity
Local Operating Unit

Country

United States
Germany
Italy
France
United Kingdom
Luxembourg
Canada
Netherlands
Spain
Sweden













Find Legal Entities





Go



















			Marathon European Credit Opportunity Master Fund II, Ltd. 549300183UGZ9G8P6S59
38th Floor 1 Bryant Park, New York, New York 10036, United States




LEI




United States




US-NY




10036




GMEI Utility




CAYMAN ISLANDS ORDINARY NON-RESIDENT COMPANY











Marathon European Credit Opportunity Master Fund II, Ltd. is a legal entity in 
		United States.
	The Legal Entity Identifier (LEI) is 549300183UGZ9G8P6S59.
	The LEI is issued by the Local Operating Unit (LOU) GMEI Utility.
	The headquarters address is 38th Floor 1 Bryant Park, New York, New York 10036, United States.
		The region is US-NY.
			The postal code is 10036.
		The initial registration date is 2013-12-05.




Marathon European Credit Opportunity Master Fund II, Ltd. · 38th Floor 1 Bryant Park




Legal Entity Identifier (LEI)

		549300183UGZ9G8P6S59		


Legal Name

			Marathon European Credit Opportunity Master Fund II, Ltd. 


Legal Address

			C/O Citco Fund Services (Cayman Islands) Limited2nd Floor89 Nexus WayCamana Bay Country:

					Cayman Islands (KY)
		

Postal Code:

			KY1-9007		




Headquarters Address

			38th Floor1 Bryant ParkNew York Region:

					US-NY (US-NY)
		

Country:

					United States (US)
		

Postal Code:

			10036		




Legal Jurisdiction

Cayman Islands (KY)



Legal Form


					CAYMAN ISLANDS ORDINARY NON-RESIDENT COMPANY				



Entity Status

		ACTIVE		


Managing Local Operating Unit (LOU)


					GMEI Utility (EVK05KS7XY1DEII3R011)
				








LEI Registration  · 549300183UGZ9G8P6S59 · Marathon European Credit Opportunity Master Fund II, Ltd.




Legal Name

		Marathon European Credit Opportunity Master Fund II, Ltd.		


Initial Registration Date

		2013-12-05T03:03:29.416Z		


Last Update Date

		2016-06-09T01:49:04.815Z		


Registration Status

		ISSUED		


Next Renewal Date

		2017-06-07T18:14:48.039Z		


Validation Sources

		FULLY_CORROBORATED		


Managing Local Operating Unit (LOU)


						GMEI Utility (EVK05KS7XY1DEII3R011)
					










				1 Bryant Park, New York, NY 10036, USA			








street_number: 
			1			
route: 
			Bryant Park			
political, sublocality, sublocality_level_1: 
			Manhattan			
locality, political: 
			New York			
admin_level_2, political: 
			New York County			
admin_level_1, political: 
			New York (NY) 			
country, political: 
			United States (US) 			
postal_code: 
			10036			
 types : street_address			
 latitude: 40.7554698
 longitude: -73.9845492
 latlng: (40.7554698, -73.9845492)






10036 ·   Legal Entity Identifier




Legal Name
Address


 FT SOF IX Holdings, LLC 

					 29th Floor 55 West 46th Street, New York, US-NY 10036, US					


 FT SOF X Holdings, LLC 

					 55 West 46th Street 29th Floor, New York, US-NY 10036, US					


 ADA Management LLC 

					10 West 46th Street Suite 600, New York, US-NY 10036, US					


 HARTREE ABSOLUTE RETURN COMMODITY MASTER FUND, LTD. 

					 1185 AVENUE OF THE AMERICAS, NEW YORK, 10036, US					


 Cornerstone Capital Management Holdings LLC 

					22nd Floor 1180 Avenue of the Americas, New York, US-NY 10036, US					


 ReadyCap Holdings, LLC 

					7th Floor 1140 Avenue of the Americas, New York, US-NY 10036, US					


 HARTREE CAPITAL MANAGEMENT, LP 

					1185 AVENUE OF THE AMERICAS, NEW YORK, 10036, US					


 Light Sky Macro LP 

					39th Floor 1 Bryant Park, New York, US-NY 10036, US					


 Lebanon Plaza I, LLC 

					546 5th Avenue Manhattan, New York, US-NY 10036, US					


 AI-RECC I GP, LLC 

					44th Floor 1177 Avenue of the Americas, New York, US-NY 10036, US					


 Deck Chassis Acquisition Inc 

					45th Floor 1114 Avenue of the Americas, New York, US-NY 10036, US					


 Arosa Capital Management LP 

					120 West 45th Street Suite 3700, New York, US-NY 10036, US					


 94-15 Northern Boulevard LLC 

					36 West 44 Street Suite 630, New York, US-NY 10036, US					


 Light Sky Macro Master Fund LP 

					39th Floor One Bryant Park, New York, US-NY 10036, US					


 Holyoke Crossing LLC 

					15th Floor 546 Fifth Avenue Manhattan, New York, US-NY 10036, US					


 Dartmouth Commons Development LLC 

					546 5th Avenue, New York, US-NY 10036, US					


 Flow Traders U.S. Institutional Trading LLC 

					4th Floor 1140 Avenue of the Americas, New York, US-NY 10036, US					


 Beacab Gems Inc. 

					2 West 46th Street Suite 903, New York, US-NY 10036, US					


 Bryant Park QIAIF ICAV - Bryant Park Fund 9 

					 38th Floor 1 Bryant Park, New York, US-NY 10036, US					


 North Haven Real Estate Fund IX Global Dutch Holding, L.P. (Alberta) 

					1585 Broadway, New York, US-NY 10036, US					






















 hospira enterprises oriola sweeden 
 msa mondata partners 3110 main street suite 310 santa monica ca 90405 
 folienherstellung reichertshofen 
 lewis clark recycling and disposal llc logo 
 6435 shiloh rd ste d alpharetta ga. fds avion 
 folienherstellung glowe 
 no.168 3rd fuhua rd.international chamber of commerce tower 43/f futian dist shenzhen china 518048 
 www 
 ing luxembourg 2965 
 folienherstellung perl 
 legal entity identifier tata steel limited 
 folienherstellung t?nnesberg 
 baufachmarkt brambach 
 29 avenue montereyzip code: l - 2163 
 gid-fonds aargt 
 morgan stanley exchange square 
 folienherstellung hochheim am main 
 baufachmarkt grumbach 
 folienherstellung sch?nenberg 
 5th floor 8065 leesburg pike vienna virginia 22182 united states 

















CAYMAN ISLANDS ORDINARY NON-RESIDENT COMPANY · Legal Entity Identifier (LEI)










Toggle navigation





LEISearch




Legal Entity
Local Operating Unit

Country

United States
Germany
Italy
France
United Kingdom
Luxembourg
Canada
Netherlands
Spain
Sweden













Find Legal Entities





Go



















			CAYMAN ISLANDS ORDINARY NON-RESIDENT COMPANY · Legal Entity Identifier (LEI) 





LEI




CAYMAN ISLANDS ORDINARY NON-RESIDENT COMPANY












CAYMAN ISLANDS ORDINARY NON-RESIDENT COMPANY ·   Legal Entity Identifier




Legal Name
Address


 Birch Grove SPV-02 Ltd. 

					Ugland House South Church Street, George Town, KY1-1104, KY					


 ACES Master Fund, Ltd. 

					 PO Box 309 Ugland House, George Town, KY1-1104, KY					


 Interventure FIDO Limited 

					PO Box 1350 Clifton House 75 Fort Street, George Town, KY1-1108, KY					


 Interventure Short Term Investments Limited 

					PO Box 1350 Clifton House 75 Fort Street, George Town, KY1-1108, KY					


 AQR DELTA XN Offshore Fund II Ltd. 

					 3rd Floor Two Greenwich Plaza, Greenwich, US-CT 06830, US					


 Cayman Mult-Asset Growth Strategy Fund, Ltd. 

					 PO Box 309 Ugland House, George Town, KY1-1104, KY					


 GreshamQuant - ACAR Master Fund, Ltd. 

					PO Box 309 Ugland House South Church Street, George Town, KY1-1104, KY					


 Systematica Alternative Risk Premia Master Fund Limited 

					29 Esplanade, St Helier, JE2 3QA, JE					


 Systematica Alternative Risk Premia Fund Limited 

					29 Esplanade, St Helier, JE2 3QA, JE					


 Systematica Trend Following Master Fund Limited 

					29 Esplanade, St Helier, JE2 3QA, JE					


 Systematica Trend Following Fund Limited 

					29 Esplanade, St Helier, JE2 3QA, JE					


 CSHG Global Bonds Fund Ltd. 

					13 Andar ( Parte) Rua Leopoldo Couto Magalhães Jr, 700 Itaim Bibi, São Paulo, BR-SP 04542-000, BR					


 AQS European Alpha Master Fund Ltd 

					PO Box 2003 Grand Pavilion Commercial Centre 802 West Bay Road, George Town, KY-1104, KY					


 Brigade Diversified Credit Master Fund Ltd. 

					16th Floor 399 Park Avenue, New York, US-NY 10022, US					


 ECP Oil Recovery Fund Limited 

					PO Box 309 Ugland House, George Town, KY1-1104, KY					


 Pine River Volatility Arbitrage Master Fund Ltd. 

					 7th Floor 601 Carlson Parkway, Minnetonka, US-MN 55305, US					


 Siem Offshore Inc. 

					PO Box 309 Ugland House 103 South Church Street, George Town, KY1-1104, KY					


 AQS MENA Master Fund Limited 

					32 Floor Tornado Tower Al Funduq Street, Doha, QA					


 JFIN CLO 2017 Ltd. 

					PO Box 1350 Clifton House 75 Fort Street, George Town, KY1-1108, KY					


 Magnetar MSW Master Fund Ltd 

					 PO Box 309 Ugland House, George Town, KY1-1104, KY					


 BlueMar Azul Master Fund, Ltd. 

					16th Floor 623 Fifth Avenue, New York, US-NY 10022, US					


 Corsair Components (Cayman) Ltd. 

					PO Box 2681 Cricket Square Hutchins Drive, George Town, KY1-1111, KY					


 Shaolin Capital Partners International Fund, Ltd. 

					 26th Floor 444 Madison Avenue, New York, US-NY 10022, US					


 Shaolin Capital Partners Master Fund, Ltd. 

					 26th Floor 444 Madison Avenue, New York, US-NY 10022, US					


 Greylock Global Focus Master Fund Ltd. 

					 24th Floor 285 Madison Avenue, New York, US-NY 10017, US					


 Rimrock Total Return Strategies Fund I, Ltd. 

					PO Box 1348 94 Solaris Avenue, Camana Bay, KY1-1108, KY					


 BlackRock Cayco Limited 

					 190 Elgin Avenue, George Town, KY1-9005, KY					


 K2 Alambic Liquid Equity Market Neutral Master Fund Ltd. 

					12th Floor 300 Atlantic Street, Stamford, US-CT 06901, US					


 BlackRock Cayman Capital Holdings Limited 

					 190 Elgin Avenue, George Town, KY1-9005, KY					


 BlackRock Funding International, Ltd. 

					 190 Elgin Avenue, George Town, KY1-9005, KY					


 Portfolio Administration & Management Ltd. 

					 190 Elgin Avenue, George Town, KY1-9005, KY					


 Venture XXVI CLO, Limited 

					 PO Box 1093 Queensgate House, George Town, KY1-1102, KY					


 Aliya Fund Limited 

					John W Lovell Building Lower Collymore Rock Road Suite 100, Bridgetown, BB-08 BB11115, BB					


 Apache Beryl I Limited 

					PO Box 1111 Boundary Hall Cricket Square, George Town, KY1-1102, KY					


 ECP Emerging Europe Value Fund Limited 

					PO Box 309 Ugland House, George Town, KY1-1104, KY					


 LTV Alpha Limited 

					 9th Floor 600 Washington Boulevard, Stamford, US-CT 06901, US					


 Global High Yield Portfolio II WTI Ltd 

					200 West Street, New York, US-NY 10282, US					


 Biostime International Holdings Limited 

					29th Floor Guangzhou International 5 Zhujiang West Road Zhujiang New Town, Tianhe District, Guangzhou, CN-44 510623, CN					


 Sutton Square Partners (Offshore) Fund, Ltd. 

					7th Floor 540 Madison Avenue, New York, US-NY 10022, US					


 Briarwood Capital Master Fund, Ltd. 

					15th Floor 1040 Avenue of the Americas, New York, US-NY 10018, US					


 Oaktree European Principal Fund IV, Ltd. 

					 28th Floor 333 South Grand Avenue, Los Angeles, US-CA 90071, US					


 Brevan Howard AH Master Fund Limited 

					PO Box 309 Ugland House, George Town, KY1-1104, KY					


 Brevan Howard AH Fund Limited 

					PO Box 309 Ugland House South Church Street, George Town, KY1-1104, KY					


 Assala Energy Trading Ltd. 

					1001 Pennsylvania Avenue, North West, Washington, US-DC 20004-2505, US					


 Sorin Active Trading Master Fund Ltd. 

					5th Floor 84 West Park Place, Stamford, US-CT 06901, US					


 Cerberus Global Residential Mortgage Associates, Ltd. 

					 14th Floor 875 3rd Avenue, New York, US-NY 10022, US					


 Brigade Diversified Credit Fund Ltd. 

					 16th Floor 399 Park Avenue, New York, US-NY 10022-4415, US					


 Vanhau Asset Management (Cayman) 

					The Centrium 60 Wyndham Road Office 2012B, Central And Western District, HK					


 Turbo Multi Strategy II Ltd. 

					5th Floor 90 Fort Street, George Town, KY-1104, KY					


 Artha Seven Fund, Ltd. 

					263 Tresser Boulevard Suite 1601, Stamford, US-CT 06901, US					


 EIAM Strategy Fund Limited 

					 47 Hulfish Street Suite 510, Princeton, US-NJ 08542, US					


 Cerberus Institutional Associates II, Ltd. 

					 14th Floor 875 Third Avenue, New York, US-NY 10022, US					


 Seneca Investments Limited 

					3rd Floor 89 Nexus Way Suite 8303, Camana Bay, KY1-9006, KY					


 Melvin Capital II Ltd 

					25th Floor 527 Madison Avenue, New York, US-NY 10022, US					


 Cerberus Institutional Associates AEN, Ltd 

					 12th Floor 875 Third Avenue, New York, US-NY 10022, US					


 Cerberus Institutional Associates GSI, Ltd. 

					 14th Floor 875 Third Avenue, New York, US-NY 10022, US					


 HRTC Limited 

					89 Nexus Way, Camana Bay, KY1-9007, KY					


 Kynikos Capital Partners Select Fund Limited 

					8th Floor 20 West 55th Street, New York, US-NY 10019, US					


 Cerberus Institutional Associates SC II, Ltd. 

					 12th Floor 875 Third Avenue, New York, US-NY 10022, US					


 Waterfront CP Enhanced Master Fund Ltd. 

					 34th Floor 10 East 53rd Street, New York, US-NY 10022, US					


 Arrowstreet World Small Cap Equity Alpha Extension Fund (Cayman) Limited 

					PO Box 309 Ugland House South Church Street, George Town, KY1-1104, KY					


 Ai Alu (Cayman) Limited 

					Ugland House South Church Street, George Town, KY1-1104, KY					


 Ipanema Offshore Evergreen Ltd. 

					180 Varick Street Suite 416, New York, US-NY 10014, US					


 Equinox Aspect Core Diversified Strategy Fund Limited 

					PO Box 309 Ugland House South Church Street, George Town, KY1-1104, KY					


 Hedge Fund Select: Macquarie Global Alpha Ltd 

					200 West Street, New York, US-NY 10282, US					


 Noble Holding International Limited 

					 Ugland House PO Box 309, George Town, KY1-1104, KY					


 Wincrest Contraria Master Fund Ltd 

					89 Nexus Way, Camana Bay, KY1-9007, KY					


 GLM MS WH, Ltd. 

					 21st Floor 300 Park Avenue, New York, US-NY 10022, US					


 Persistent Edge Global Healthcare Fund Ltd. 

					PO Box 852 227 Elgin Avenue, George Town, KY1-1103, KY					


 Polarcus Limited 

					PO Box 283373 Level 32 Almas Tower Jumeirah Lakes Towers, Dubai, AE-DU AE					


 Areos Limited 

					PO Box 309 Ugland House, George Town, KY1-1104, KY					


 Ellbrooke Investors (Cayman) II, Ltd. 

					280 Congress Street, Boston, US-MA 02210, US					


 Arrow Creek Investors (Cayman) II, Ltd. 

					280 Congress Street, Boston, US-MA 02210, US					


 Global Equity Absolute Return Investors (Cayman) II, Ltd. 

					280 Congress Street, Boston, US-MA 02210, US					


 Vibrant CLO V, Ltd. 

					 PO Box 1093 Queensgate House, George Town, KY1-1102, KY					


 Math Fund Management Company Limited 

					Piso 17º Torre 3 das Amoreiras Rua Tierno Galvan 6, Lisbon, PT-11 1250-096, PT					


 Geode Commodity Strategy Cayman Ltd. 

					20th Floor One Post Office Square, Boston, US-MA 02109, US					


 Leste Event Driven Fund Ltd 

					Avenida Ataulfo de Paiva, 1100 Sala 502 Leblon, Rio de Janeiro, BR-RJ 22440-035, BR					


 Capula Japan Equity Tail Risk Master Fund Limited 

					 PO Box 309 Ugland House, George Town, KY1-1104, KY					


 BSE Investments, Ltd. 

					 89 Nexus Way, Camana Bay, KY1-9007, KY					


 Global Gain Investment Holdings Limited 

					23rd Floor Nan Fung Tower 88 Connaught Road C Central, Central and Western District, HK					


 SABIC Opportunity Fund, Ltd. 

					31st Floor 590 Madison Avenue, New York, US-NY 10022, US					


 Altalis Capital Offshore Fund II, Ltd. 

					PO Box 1344 DMS House 20 Genesis Close, George Town, KY1-1108, KY					


 Sierra Europe Master, Ltd. 

					6th Floor 135 East 57th Street, New York, US-NY 10022, US					


 Invictus Limited 

					 PO Box 1250, Dubai, AE-DU AE					


 1798 Event Convexity Master Fund Ltd 

					 25th Floor 452 Fifth Avenue, New York, US-NY 10018, US					


 Eastmore Strategies (Asia) Limited 

					DMS House 20 Genesis Close, George Town, KY1-1108, KY					


 Artha Seven Master Fund, Ltd 

					263 Tresser Boulevard, Stamford, US-CT 06901, US					


 CF Capstone Fund Limited 

					30th Floor 250 Greenwich Street, New York, US-NY 10007, US					


 CMAP ISAM Fund Limited 

					 46th Floor 1251 Avenue of the Americas, New York, US-NY 10020, US					


 CMAP Lynx Fund Limited 

					 46th Floor 1251 Avenue of the Americas, New York, US-NY 10020, US					


 CMAP Trend TCYP Fund Limited 

					 46th Floor 1251 Avenue of the Americas, New York, US-NY 10020, US					


 Suvretta Long Master Fund, Ltd. 

					7th Floor 540 Madison Avenue, New York, US-NY 10022, US					


 QT Fund Ltd 

					 One Madison 23 East 22 Street, New York, US-NY 10010, US					


 New Horizon Capital Partners III Ltd. 

					 190 Elgin Avenue, George Town, KY1-9005, KY					


 Venture XXV CLO, Limited 

					 PO Box 1093 Queensgate House, George Town, KY1-1102, KY					


 Symphony CLO XVIII, Ltd. 

					PO Box 1093 Boundary Hall Cricket Square, George Town, KY1-1102, KY					


 Trafalgar Copley Master Fund SPC Limited 

					2 Custom House Plaza Harbourmaster Place International Financial Services Centre, Dublin, IE-D D01 V9V4, IE					


 Transocean Proteus Limited 

					70 Harbour Drive, George Town, KY1-1003, KY					


 Biyongsun Trading Co., Ltd 

					19th Floor 133 Nanxiang Road Luzhu District, Taoyuan, 338, TW					
















 hospira enterprises oriola sweeden 
 msa mondata partners 3110 main street suite 310 santa monica ca 90405 
 folienherstellung reichertshofen 
 lewis clark recycling and disposal llc logo 
 6435 shiloh rd ste d alpharetta ga. fds avion 
 folienherstellung glowe 
 no.168 3rd fuhua rd.international chamber of commerce tower 43/f futian dist shenzhen china 518048 
 www 
 ing luxembourg 2965 
 folienherstellung perl 
 legal entity identifier tata steel limited 
 folienherstellung t?nnesberg 
 baufachmarkt brambach 
 29 avenue montereyzip code: l - 2163 
 gid-fonds aargt 
 morgan stanley exchange square 
 folienherstellung hochheim am main 
 baufachmarkt grumbach 
 folienherstellung sch?nenberg 
 5th floor 8065 leesburg pike vienna virginia 22182 united states 















MARATHON CREDIT OPPORTUNITY MASTER FUND LTD - Personal Appointments (free information from Companies House)













































Skip to main content








            Companies House
          









BETA
This is a trial service — your feedback(link opens a new window) will help us to improve it.



Sign in / Register



Search for companies or officers



Search for a company or officer

Search
Please press ENTER to search
 
 






 
 

MARATHON CREDIT OPPORTUNITY MASTER FUND LTD





                        Filter appointments
                

Filter appointments


                        Current appointments
                    







                Total number of appointments 1
        



DELPHI AUTOMOTIVE LLP (OC348002)



Company status

                                Active
                            


Correspondence address
Marathon Asset Management Lp, One, Bryant Park, 38th Floor, New York, New York 10036, United States




Role
                                    Resigned


                                LLP Member
                            


Appointed on

                                    20 October 2010
                                


Resigned on

                                    28 October 2011
                                





                                Registered in a
                            Non European Economic Area What's this?



Law governed
CAYMAN ISLANDS


Legal form
LIMITED COMPANY


Register location
CAYMAN ISLANDS




Registration number
98-0610908









 











 





MARATHON CREDIT OPPORTUNITY MASTER FUND LTD's director profile. Review key details about current and historic company appointments associated with this director





























 





















Log In









* The email or password you entered is incorrect

Forgot your login details?








Or login using:









Don't have an account yet?


                    Click here to sign up
                









Sign Up















Already have an account?








Or sign up using:













Forgotten Password



















Upgrade to a paid membership and never see an advert again!





5 credit reports
£50/year+VAT

Buy Now





100 credit reports
£200/year+VAT

Buy Now





Unlimited credit reports
£500/year+VAT

Buy Now








Lite
5 credit reports
£50/year+VAT
Buy Now


Pro
100 credit reports
£200/year+VAT
Buy Now


Enterprise
Unlimited credit reports
£500year+VAT
Buy Now



More information about our membership plans


Why do we display adverts? The advertisements supplied by our carefully selected sponsors enable us to host and support the company data we share with our free members.



















Advanced Search
















                                    Buy report                                


Watch


Client
Supplier
Competitor
Other







MARATHON CREDIT OPPORTUNITY MASTER FUND LTD

Inactive






Unlock this Credit Report

£20+VAT*

Unlimited access for 12 months
Includes FREE report updates
Free email alerts when report changes
Includes 5 company documents

Buy Now


BUY 5 SAVE 50%

5 Credit Reports
£50+VAT


Buy Now


*Billed Annually, Cancel any time.



Upgrade to Lite

5 credit reports
100 accounts downloads
100 accounts exports

Your plan will start immediately and the time remaining on your existing plan will be refunded
Yes, upgrade to Lite













MARATHON CREDIT OPPORTUNITY MASTER FUND LTD

Inactive





                                    Buy report




Watch


Client
Supplier
Competitor
Other




















Summary
Companies
Financials
Credit Risk
Related Directors






Summary
Companies
Financials
Credit Risk
Related Directors












 



 







 Remove These Ads



Companies & Appointments





Company Name
Company Status
Position
Appointed
Resigned





 DELPHI AUTOMOTIVE LLP 
Active
Llp Member
20/10/10
28/10/11
2010-10-20










Remove These Ads



 










 





Marathon Special Opportunity Master Fund, Ltd. (O8K39QRS5HUM6PUC9V98) | Open LEIs


















            A user-friendly view on the
            Legal Entity Identifier system




Brought to you by













What is the LEI system?
About OpenCorporates



Register


Login











		    Marathon Special Opportunity Master Fund, Ltd.
      




Lei O8K39QRS5HUM6PUC9V98
Legal Form CAYMAN ISLANDS ORDINARY NON-RESIDENT COMPANY
Registered Address C/O Citco Fund Services (Cayman Islands) Limited, PO Box 31106, 89 Nexus Way, Camana Bay KY1-1205, Cayman Islands
Headquarter Address C/O Citco Fund Services (Cayman Islands) Limited, PO Box 31106, 89 Nexus Way, Camana Bay KY1-1205
Legal Jurisdiction KY
Inferred Jurisdiction Cayman Islands
Business Registry Name N/A
Business Registry Identifier Not supplied!

Legal Entity Identifier (LEI) details

Registered By DTCC/SWIFT CICI
Assignment Date 2012-11-29 19:57:56 UTC
Record Last Update 2014-01-02 22:12:03 UTC
Next Renewal Date 2013-11-27 19:32:02 UTC
Status Code LAPSED



          Imported from gleif on
          July 26 2017,  9.54AM
        




Share this page








Permalink



Connect with us

 Connect
 Join
 Follow






Download Open Data

XML or
      JSON














×










ISDA - International Swaps and Derivatives Association, Inc.































 | 0 

Log In

|
Create Account







ISDA®
Safe, Efficient Markets
                











Home

Functional Areas



Legal & Documentation





Recent Documents

Traditional Adherence Protocols

Opinions

Amicus Briefs

Determinations Committees






Public Policy



United States

Europe



Financial Law Reform








Risk Management



Risk Management














Market Infrastructure and Technology



Credit Derivatives

Equity Derivatives

Interest Rates

Commodity Derivatives

Collateral

G20 Objectives






Research



Surveys

Studies

Research Notes






ISDA WGMR Implementation

Accounting & Tax

Symbology

Protocol Management

Data, Reporting and FpML






Asset Classes



Credit Derivatives /   Credit Default Swaps

Equity Derivatives

Interest Rates Derivatives

FX Derivatives

Energy, Commodities, Developing Products

Structured Products and Other






Regions



Asia-Pacific

Canada

CEE/SEE/CIS, Middle East, Africa

Europe

Japan

Latin America

United States






Committees



Legal

Global Policy

Capital, Risk, Margin and Collateral

Market Infrastructure and Technology (MIT)

Clearing

Data

Trading

ISDA Non-Cleared Margin Initiative

Determinations Committees

IIGC






Conferences



Conference Schedule

Accreditation

ISDA On Demand

ISDA AGM






Newsroom



Press Releases

Webcasts & Videos

Speeches & Testimonies

derivatiViews

media.comment

CommodityFACT.org

ISDA dailyLead

ISDA In Review

Media  Contacts

IQ: ISDA Quarterly






Bookstore



Bookstore

My Online Library






Membership



Member Types

Member Benefits

Application

ISDA Members






About



About ISDA

Board of Directors

Executives

Mission Statement

ISDA By-Laws

Member Competition Policy

ISDA Overview

Contact Us


















Home

Functional Areas

Protocol Management

ISDA 2013 EMIR Port Rec, Dispute Res and Disclosure Protocol

Adhering Parties
















Legal & Documentation

Opinions


Determinations Committees


Standard Terms


Disclosures


Amicus Briefs


Eurozone Contingency Planning


Russia and Ukraine-related sanctions


Brexit




Public Policy

United States


Europe


Asia-Pacific


Japan


Global


Supporting G20 Objectives


Financial Law Reform


OTC Derivatives Compliance Calendar




Risk Management


Market Infrastructure and Technology 

Market Infrastructure and Technology


Credit Derivatives


Equity Derivatives


Interest Rates


Commodity Derivatives


FX Derivatives


Collateral


Settlements


G20 Objectives


ISDA Industry Governance Committee (IIGC)




Research

Surveys


Studies


Research Notes


Discussion Papers


OTC Derivatives Data Sources




ISDA WGMR Implementation Initiative

ISDA Webcast: Preparing for WGMR Implementation 


ISDA 2016 Variation Margin Protocol 


ISDA SIMM Licensed Vendors


ISDA Regulatory Margin Self-Disclosure Letter 


Videos: Preparing for the Variation Margin Rules




Accounting & Tax

International Financial Reporting Standards


US Generally Accepted Accounting Principles


National and International Tax Issues


FATCA




Symbology


Protocol Management

About ISDA Protocols


Open Protocols


Submit Adherence Letter


My Protocol Orders


Traditional Adherence Protocols


Closed Protocols


ISDA Standard Adherence & Refund Policy




Data, Reporting and FpML

Data and Reporting


Clearing Connectivity Standard (CCS)


FpML










Adhering Parties

Adhere to this Protocol

Protocol Name: ISDA 2013 EMIR Port Rec, Dispute Res and Disclosure Protocol
Last Updated: July 25, 2017
Number of Parties: 14524





*
A
B
C
D
E
F
G
H
I
J
K
L
M
N
O
P
Q
R
S
T
U
V
W
X
Y
Z



Download protocol data



						#
						ParticipantLast SubmissionAcceptance Date
1
M & L Capital Management Ltd

July 04, 2016July 04, 2016
2
M&G (Lux) Investment Funds 1

December 13, 2016December 13, 2016
3
M&G Investment Management Limited

September 11, 2013September 11, 2013
4
M&G Investment Management Limited

September 13, 2013September 13, 2013
5
M&G Investment Management Limited

September 17, 2013September 17, 2013
6
M&G Investment Management Limited

September 20, 2013September 20, 2013
7
M&G Investment Management Limited

September 20, 2013September 20, 2013
8
M&G Investment Management Limited

October 08, 2013October 08, 2013
9
M&G Investment Management Limited

February 04, 2014February 04, 2014
10
M&G Investment Management Limited

June 02, 2015June 02, 2015
11
M&G Investment Management Limited

February 16, 2016February 17, 2016
12
M&G Limited

September 13, 2013September 13, 2013
13
M&G Real Estate Debt Fund II LP

October 01, 2013October 01, 2013
14
M&G Real Estate Debt Fund III LP

October 01, 2013October 01, 2013
15
M&G Real Estate Debt Fund LP acting by its General Partner M&G RED GP Ltd

September 06, 2013September 10, 2013
16
M&G Securities Limited as ACD

September 03, 2013September 04, 2013
17
M&G SIF Management Company (Ireland) Limited in its capacity as manager of Specialist Investment Funds (4) Common Contractual Fund

September 20, 2013September 20, 2013
18
M&G UKCF II GP Limited in its capacity as General Partner

September 13, 2013September 13, 2013
19
M. Safra Emerging Markets Master Fund Ltd.

September 12, 2013September 13, 2013
20
M.F. Holdings S.a.r.l.

September 16, 2013September 16, 2013
21
M.H. Davidson & Co. GP, L.L.C.

September 12, 2013September 12, 2013
22
M.M.Warburg & CO KGaA

September 03, 2013September 04, 2013
23
M50 Concession Ltd

November 20, 2013November 20, 2013
24
MA Cargill Trading Limited

September 13, 2013September 13, 2013
25
MA Goldman Sachs Commodities Cross Carry Strategy Limited

February 27, 2014February 27, 2014
26
MA Goldman Sachs Commodities Momentum Limited

February 27, 2014February 27, 2014
27
MA Goldman Sachs FX Value Limited

February 27, 2014February 27, 2014
28
MA WCM FP Limited

April 20, 2015April 21, 2015
29
Maastroom Energie C.V.

September 12, 2013September 12, 2013
30
Maatschap Klaverstaete I

February 17, 2014February 17, 2014
31
MAC EMEA Limited

September 11, 2013September 11, 2013
32
MACIF GESTION

September 12, 2013September 12, 2013
33
Macintosh Retail Group NV

October 24, 2013October 24, 2013
34
MacKay Shields LLC

October 01, 2013October 01, 2013
35
Macmillan Publishers Limited

September 09, 2013September 09, 2013
36
Macquarie Bank International Limited

August 08, 2013August 08, 2013
37
Macquarie Bank Limited

August 08, 2013August 08, 2013
38
Macquarie Credit Investment Management Inc.

September 09, 2013September 09, 2013
39
Macquarie Funds Management Hong Kong Limited

September 13, 2013September 13, 2013
40
MACQUARIE INFRASTRUCTURE AND REAL ASSETS (EUROPE) LIMITED

February 06, 2014February 06, 2014
41
Macquarie Infrastructure Partners Inc.

February 05, 2015February 06, 2015
42
Macquarie Investement Management Limited

September 13, 2013September 13, 2013
43
Macquarie Investment Management Global Limited 

February 01, 2016February 01, 2016
44
Macrosynergy Partners LLP

September 12, 2013September 12, 2013
45
Macrosynergy Partners LLP (Additional Fund)

October 07, 2013October 07, 2013
46
Madison International European Liquidity Investors, L.P.

June 01, 2016June 01, 2016
47
Madrague Capital Partners AB

August 30, 2013September 03, 2013
48
Maerdy Windfarm Limited

December 04, 2013December 04, 2013
49
Maersk A/S

January 22, 2014January 22, 2014
50
Maersk Insurance A/S

September 10, 2013September 10, 2013
51
Maersk Treasury Center (Asia) Pte Ltd

September 10, 2013September 10, 2013
52
MAG Commodities AG

October 16, 2013October 16, 2013
53
Magma Capital

September 06, 2013September 09, 2013
54
Magna International Inc

October 17, 2013October 17, 2013
55
Magnetar Solar (UK) Ltd

June 07, 2016June 07, 2016
56
Magnitude Capital, LLC

September 12, 2013September 13, 2013
57
Magnolia Fund Management LLC

September 24, 2013September 25, 2013
58
Magnum Hunter Resources

May 21, 2014May 21, 2014
59
Magyar Áramszolgáltató Kft.

July 29, 2014July 29, 2014
60
Magyar Takarékszövetkezeti Bank Zrt.

September 09, 2013September 09, 2013
61
Magyar Telekom Plc.

September 11, 2013September 11, 2013
62
Magyarorszagi Volksbank Zrt.

September 25, 2013September 26, 2013
63
Maher Terminals LLC

June 11, 2014June 11, 2014
64
Mahi Capital Limited

September 13, 2013September 13, 2013
65
Maillefer Instruments Holding Sàrl

September 06, 2013September 09, 2013
66
Maillefer Instruments Trading S.à r.l.

September 06, 2013September 09, 2013
67
MainFirst Affiliated Fund Managers S.A.

April 19, 2017April 19, 2017
68
MainFirst Bank AG

May 30, 2014May 30, 2014
69
MainFirst Bank AG

November 18, 2014November 18, 2014
70
MainFirst SICAV

March 13, 2014March 13, 2014
71
MainLine West Tax Advantage Opportunity Fund II

January 16, 2015January 19, 2015
72
MainLine West Tax Advantaged Opportunity Fund III

February 23, 2015February 24, 2015
73
Mainline West Tax Advantaged Opportunity Fund IV LLC

October 07, 2015October 08, 2015
74
Maintower Sicav

October 14, 2013October 15, 2013
75
Maitland Institutional Services Ltd

May 10, 2017May 10, 2017
76
Maj Invest Holding A/S

November 18, 2013November 18, 2013
77
Majedie Asset Management (International) Investment Fund Company PLC

September 09, 2013September 10, 2013
78
Majedie Asset Management Investment Fund Company

September 09, 2013September 10, 2013
79
Majid Al Futtaim Holding LLC

June 27, 2016June 27, 2016
80
MAK Capital Fund LP

October 22, 2013October 22, 2013
81
MAK-ro Capital Master Fund LP

October 22, 2013October 22, 2013
82
Makena Capital Management, LLC

March 28, 2014March 28, 2014
83
Mako Global Derivatives Partnership LLP

October 15, 2013October 15, 2013
84
Makuria Investment Management (UK) LLP

September 13, 2013September 13, 2013
85
Makuria Investment Management (UK) LLP

May 28, 2014May 28, 2014
86
Malachite Capital Partners LP

December 10, 2013December 10, 2013
87
Malayan Banking Berhad

September 12, 2013September 12, 2013
88
Malaysia Smelting Corporation Berhad

November 08, 2013November 08, 2013
89
Malaysian Deepwater Floating Terminal (Kikeh) Limited

September 13, 2013September 13, 2013
90
Mallinckrodt AG

September 13, 2013September 13, 2013
91
Mallinckrodt Chemical Limited

September 13, 2013September 13, 2013
92
Mallinckrodt Finance GmbH

January 24, 2014January 24, 2014
93
Mallinckrodt Group Sàrl, Luxembourg (LU) Neuhausen AM Rheinfall Branch

September 13, 2013September 13, 2013
94
Mallinckrodt Medical Imaging Ireland

September 13, 2013September 13, 2013
95
Mallinckrodt Netherlands Holdings B.V.

July 16, 2015July 16, 2015
96
Mallinckrodt Plc

June 18, 2015June 18, 2015
97
Mallinckrodt Windsor Sarl

August 18, 2016August 18, 2016
98
Malmö Ringerike 4 AB

September 27, 2013September 27, 2013
99
Malmö stad

September 11, 2013September 11, 2013
100
MAM Corporate Loan ICAV

April 06, 2017April 07, 2017
101
MAM CRP Acquisition, LTD.

August 28, 2014August 28, 2014
102
MAM SRP Acquisition, LTD.

August 28, 2014August 28, 2014
103
Man (Europe) AG

July 01, 2014July 01, 2014
104
Man AHL Diversified Futures Ltd

November 26, 2013November 26, 2013
105
MAN AHL DIVERSIFIED PCC LTD – Class A Man AHL Diversified (Guernsey) – USD Shares

June 27, 2014June 27, 2014
106
MAN AHL DP LIMITED

October 30, 2013October 30, 2013
107
Man AHL Evolution (Cayman) Ltd 

June 27, 2014June 27, 2014
108
Man GLG Investment Strategies Ltd - Class A Man GLG Multi Strategy Shares

September 16, 2013September 17, 2013
109
Man GLG Multi-Strategy Fund SICAV

January 20, 2014January 20, 2014
110
Man Global Hedge Fund

September 13, 2013September 13, 2013
111
Man Global Strategies Investment Strategies - Class B Man AP 2XL EUR Shares

December 29, 2014December 29, 2014
112
Man Global Strategies Investment Strategies - Class MGSIS I5 Man IP 220 - EUR Shares

December 29, 2014December 29, 2014
113
Man Investments (CH) AG

September 11, 2013September 11, 2013
114
Man Investments (CH) AG Guernsey Branch

April 24, 2014April 24, 2014
115
Man Investments Finance Limited

January 09, 2014January 09, 2014
116
Man Investments Limited

September 12, 2013September 12, 2013
117
Man OM-IP 3AHL Trading Limited

December 29, 2014December 29, 2014
118
Man OM-IP Global Trading Limited

December 29, 2014December 29, 2014
119
Man RMF Investments SICAV - Man RMF Diversified

April 24, 2014April 24, 2014
120
Man RMF Investments SICAV - OVF Alternative Solutions Fund

September 17, 2013September 17, 2013
121
Man Systematic Cat Bond Fund Limited

September 30, 2013September 30, 2013
122
Man Systematic Tailprotect Master Fund Ltd

February 27, 2015February 27, 2015
123
Man Umbrella SICAV Man GLG Multi-Strategy by Man Investments CH AG as Investment Manager’

September 18, 2013September 18, 2013
124
Man-AHL (USA) Ltd

September 13, 2013September 13, 2013
125
MANA Advisors LLC

December 20, 2016December 20, 2016
126
Managed Accounts Master Fund Services - Map 1

September 13, 2013September 13, 2013
127
Managed Accounts Master Fund Services - MAP 10

September 12, 2013September 13, 2013
128
Managed Accounts Master Fund Services - MAP 13

September 14, 2013September 14, 2013
129
Managed Accounts Master Fund Services - MAP 15

September 13, 2013September 13, 2013
130
Managed Accounts Master Fund Services - MAP 17

September 13, 2013September 13, 2013
131
Managed Accounts Master Fund Services - MAP 4

September 12, 2013September 12, 2013
132
Managed Accounts Master Fund Services - MAP 5

September 12, 2013September 12, 2013
133
Managed Accounts Master Fund Services - MAP 6

September 12, 2013September 13, 2013
134
Managed Accounts Master Fund Services - MAP 8

September 12, 2013September 12, 2013
135
Managed Accounts Master Fund Services - MAP 9

September 12, 2013September 12, 2013
136
Managed Accounts Master Fund Services - MAP16

September 13, 2013September 13, 2013
137
Managed Accounts Master Fund Services – MAP 18

May 22, 2014May 22, 2014
138
Managed Accounts Master Fund Services – MAP 19

February 19, 2015February 19, 2015
139
Managed Accounts Master Fund Services – MAP 20

May 22, 2014May 22, 2014
140
Managed Accounts Master Fund Services – MAP 21

December 18, 2014December 18, 2014
141
Managed Accuonts Master Fund Services - MAP 12

September 12, 2013September 12, 2013
142
Managed Pension Funds Limited

December 06, 2013December 06, 2013
143
Manatuck Hill Partners, LLC

April 08, 2014April 08, 2014
144
Manchester Airport Group Finance Limited

September 03, 2013September 04, 2013
145
Manchester Building Society

September 17, 2013September 17, 2013
146
Mandatum Life Insurance Company Limited

September 10, 2013September 10, 2013
147
Mangrove Partners

April 17, 2014April 17, 2014
148
Manifold Partners LLC

November 25, 2013November 26, 2013
149
Manikay Master Fund, L.P.

September 19, 2013September 19, 2013
150
MANIKAY MERGER FUND, LP

January 06, 2016January 06, 2016
151
Mantex Sicav

November 05, 2013November 05, 2013
152
Mantiqueira Overseas Fund Ltd.

September 09, 2013September 10, 2013
153
MANUCHAR

September 11, 2013September 11, 2013
154
Manuchar Steel NV

September 11, 2013September 11, 2013
155
Manufacturers Life Insurance Company

September 11, 2013September 11, 2013
156
Manufacturers Life Reinsurance Limited

September 11, 2013September 11, 2013
157
Manulife (International) Limited

September 13, 2013September 13, 2013
158
Manulife (Singapore) PTE. LTD 

June 18, 2014June 18, 2014
159
Manulife Asset Management (Europe) Limited 

January 06, 2015January 06, 2015
160
Manulife Asset Management (Europe) Limited (Updated List of Funds)

July 29, 2015July 29, 2015
161
Manulife Asset Management (Europe) Limited (Updated List of Funds)

December 29, 2015December 29, 2015
162
Manulife Asset Management (Hong Kong) Limited

September 13, 2013September 13, 2013
163
Manulife Asset Management (Hong Kong) Limited

September 10, 2015September 10, 2015
164
Manulife Asset Management (Hong Kong) Limited (Addition of funds)

September 18, 2014September 18, 2014
165
Manulife Asset Management (Singapore) Pte. Ltd.

January 02, 2014January 02, 2014
166
Manulife Asset Management (Taiwan) Co., Limited

July 08, 2014July 08, 2014
167
Manulife Asset Management (US) LLC

September 12, 2013September 13, 2013
168
Manulife Asset Management (US) LLC 

November 11, 2014November 11, 2014
169
Manulife Asset Management (US) LLC (updated list of funds)

November 01, 2013November 01, 2013
170
Manulife Asset Management (US) LLC (updated list of funds)

January 21, 2014January 21, 2014
171
Manulife Asset Management (US) LLC (updated list of funds)

January 23, 2014January 23, 2014
172
Manulife Asset Management (US) LLC (updated list of funds)

March 03, 2014March 03, 2014
173
Manulife Asset Management (US) LLC (updated list of funds) 

April 17, 2014April 17, 2014
174
Manulife Asset Management (US) LLC (updated list of funds) 

July 18, 2014July 18, 2014
175
Manulife Asset Management (US) LLC (updated list of funds) 

September 05, 2014September 05, 2014
176
Manulife Asset Management (US) LLC (updated list of funds)

December 03, 2014December 03, 2014
177
Manulife Asset Management (US) LLC (updated list of funds)

December 30, 2014December 30, 2014
178
Manulife Asset Management (US) LLC (updated list of funds)

January 21, 2015January 21, 2015
179
Manulife Asset Management (US) LLC (updated list of funds)

March 02, 2015March 02, 2015
180
Manulife Asset Management (US) LLC (updated list of funds)

April 02, 2015April 02, 2015
181
Manulife Asset Management (US) LLC (updated list of funds)

May 28, 2015May 29, 2015
182
Manulife Asset Management (US) LLC (updated list of funds)

June 02, 2015June 02, 2015
183
Manulife Asset Management (US) LLC (updated list of funds)

June 03, 2015June 03, 2015
184
Manulife Asset Management (US) LLC (updated list of funds)

June 25, 2015June 25, 2015
185
Manulife Asset Management (US) LLC (Updated List of Funds)

July 08, 2015July 08, 2015
186
Manulife Asset Management (US) LLC (Updated List of Funds)

July 15, 2015July 15, 2015
187
Manulife Asset Management (US) LLC (updated list of funds)

July 28, 2015July 28, 2015
188
Manulife Asset Management (US) LLC (Updated List of Funds)

July 30, 2015July 31, 2015
189
Manulife Asset Management (US) LLC (Updated list of funds)

October 23, 2015October 23, 2015
190
Manulife Asset Management (US) LLC (Updated list of funds)

November 04, 2015November 04, 2015
191
Manulife Asset Management (US) LLC (updated list of funds)

November 30, 2015November 30, 2015
192
Manulife Asset Management (US) LLC (updated list of funds)

December 21, 2015December 21, 2015
193
Manulife Asset Management (US) LLC (updated list of funds)

January 12, 2016January 14, 2016
194
Manulife Asset Management (US) LLC (Updated List of Funds)

January 14, 2016January 15, 2016
195
Manulife Asset Management (US) LLC (updated list of funds)

February 02, 2016February 02, 2016
196
Manulife Asset Management (US) LLC (updated list of funds)

February 08, 2016February 08, 2016
197
Manulife Asset Management (US) LLC (updated list of funds)

February 18, 2016February 18, 2016
198
Manulife Asset Management (US) LLC (updated list of funds)

March 28, 2016March 29, 2016
199
Manulife Asset Management (US) LLC (updated list of funds)

June 01, 2016June 01, 2016
200
Manulife Asset Management (US) LLC (updated list of funds) 

December 01, 2016December 01, 2016
201
Manulife Asset Management (US) LLC (updated list of funds) 

June 02, 2017June 02, 2017
202
Manulife Asset Management (US) LLC (updated list of funds)

June 22, 2017June 22, 2017
203
Manulife Asset Management Limited (Update List of Funds)

June 08, 2016June 08, 2016
204
Manulife Asset Management Limited (updated list of funds)

June 25, 2015June 25, 2015
205
Manulife Asset Management Limited (updated list of funds)

July 13, 2015July 13, 2015
206
Manulife Asset Management Limited (updated list of funds)

July 24, 2015July 27, 2015
207
Manulife Asset Management Limited (Updated List of Funds)

January 14, 2016January 15, 2016
208
Manulife Asset Management Limited (updated list of funds)

January 28, 2016January 28, 2016
209
Manulife Asset Management Limited (updated list of funds)

March 15, 2016March 15, 2016
210
Manulife Asset Management Limited (updated list of funds)

March 30, 2016March 30, 2016
211
Manulife Asset Management Limited (updated list of funds)

June 10, 2016June 10, 2016
212
Manulife Asset Management Limited (updated list of funds) 

November 09, 2016November 09, 2016
213
Manulife Asset Management Limited (updated List of Funds)

June 27, 2017June 27, 2017
214
Manulife Asset Management Limited (updated list of funds)

June 27, 2017June 28, 2017
215
Manulife Asset Management Trust Company LLC 

August 29, 2014August 29, 2014
216
Manulife Asset Management Trust Company LLC (updated list of funds)

January 21, 2015January 21, 2015
217
Manulife Bank of Canada

September 11, 2013September 11, 2013
218
Manulife Chinabank Life Assurance Corporation

December 18, 2013December 18, 2013
219
Manulife Life Insurance Company

September 13, 2013September 13, 2013
220
MAPFRE CAJA MADRID VIDA, S.A. DE SEGUROS Y REASEGUROS

October 17, 2013October 17, 2013
221
MAPFRE INTERNACIONAL S.A.

November 05, 2014November 05, 2014
222
MAPFRE INVERSION DOS, S.G.I.I.C., S.A.

October 17, 2013October 17, 2013
223
MAPFRE INVERSION, S.V., S.A.

October 17, 2013October 17, 2013
224
MAPFRE RE COMPAÑIA DE REASEGUROS, S.A.

December 20, 2013December 23, 2013
225
MAPFRE VIDA, COMPAÑIA DE SEGUROS Y REASEGUROS SOBRE LA VIDA HUMANA S.A.

October 17, 2013October 17, 2013
226
Maple Bank GmbH

September 12, 2013September 12, 2013
227
Maple Forest Limited

October 22, 2013October 23, 2013
228
Maple Holdings Acquisition Corp.

February 18, 2016February 19, 2016
229
Maple Rock Capital Partners Inc.

December 03, 2014December 03, 2014
230
Maple Securities (UK) Ltd

August 06, 2013August 06, 2013
231
Maplelane Capital, LLC

September 30, 2013September 30, 2013
232
Maplelane Capital, LLC

December 03, 2013December 03, 2013
233
MAPS Capital Management Limited

July 04, 2016July 04, 2016
234
Marathon Asia Master Fund, Ltd

September 12, 2013September 12, 2013
235
Marathon Asset Management LLP

September 12, 2013September 12, 2013
236
MARATHON ASSET MANAGEMENT LLP

January 12, 2015January 12, 2015
237
Marathon Blue Grass Credit Fund, LP

December 14, 2015December 15, 2015
238
Marathon Cayman Fund Limited

September 13, 2013September 13, 2013
239
Marathon Centre Street Partnership, L.P.

September 12, 2013September 12, 2013
240
Marathon Court Square, LP

February 14, 2014February 17, 2014
241
Marathon Credit Dislocation Fund, LP

September 12, 2013September 12, 2013
242
Marathon Credit Opportunity Master Fund, Ltd

September 12, 2013September 12, 2013
243
Marathon Currituck Fund, LP - Series A

November 04, 2014November 05, 2014
244
Marathon Currituck Fund, LP - Series B

November 04, 2014November 05, 2014
245
Marathon Currituck Fund, LP - Series C

November 04, 2014November 05, 2014
246
Marathon EM Focus Fund

September 12, 2013September 12, 2013
247
Marathon EM Opportunity Master Fund, Ltd.

September 12, 2013September 12, 2013
248
Marathon Emerging Markets Bond Master Fund, Ltd

February 17, 2015February 17, 2015
249
Marathon European CRE Opportunity Fund, L.P.

July 29, 2014July 29, 2014
250
Marathon European Credit Opportunity Master Fund II, Ltd.

December 09, 2013December 09, 2013
251
Marathon European Credit Opportunity Master Fund III, LP

September 10, 2015September 10, 2015
252
Marathon European Credit Opportunity Master Fund SPC - Segregated Portfolio B

September 12, 2013September 12, 2013
253
Marathon Global Emerging Markets Master Fund, LTD.

November 18, 2013November 18, 2013
254
Marathon Hellenic Fund, L.P.

May 28, 2015May 28, 2015
255
Marathon Les Grandes Jorasses Master Fund SCA SICAV-SIF

September 12, 2013September 12, 2013
256
Marathon Liquid Credit Long Short Fund

September 12, 2013September 12, 2013
257
Marathon Loan Opportunities Master Fund, Ltd.

February 17, 2015February 17, 2015
258
Marathon Master Fund, Ltd

September 12, 2013September 12, 2013
259
Marathon Securitized Credit Master Fund, Ltd

September 12, 2013September 12, 2013
260
Marathon Special Opportunity Master Fund, Ltd

September 12, 2013September 12, 2013
261
Marathon Structured Product Strategies Fund, LP

August 28, 2014August 28, 2014
262
Marble Arch Partners Master Fund, L.P.

September 10, 2013September 10, 2013
263
Marble Bar Asset Management LLP

September 16, 2013September 16, 2013
264
Marcato Capital Management LP

September 22, 2015September 23, 2015
265
Marchwood Power Ltd

September 13, 2013September 13, 2013
266
Marco Polo Pure Asset Management (Cayman Islands) Limited

September 06, 2013September 09, 2013
267
MARCOLIN SPA

November 25, 2013November 25, 2013
268
Marelli Motori SpA

October 09, 2013October 09, 2013
269
Marex Financial Limited

November 27, 2013November 27, 2013
270
Marex Spectron

September 13, 2013September 13, 2013
271
Margate Capital Management LP

August 18, 2016August 18, 2016
272
MARIANAS MASTER FUND LP

May 07, 2014May 07, 2014
273
Marine and General Mutual Life Assurance Society

September 11, 2014September 11, 2014
274
Marine Harvest ASA

January 30, 2014January 30, 2014
275
Mariner Global Rates Trading Master Fund, Ltd.

September 12, 2013September 13, 2013
276
Mariner INOX GEM, LLC

September 12, 2013September 13, 2013
277
Mariner LDC

September 12, 2013September 13, 2013
278
Mariner Silvermine Fund Ltd.

September 12, 2013September 13, 2013
279
Mariner Ventis, LLC

September 12, 2013September 13, 2013
280
Marinus Capital Advisors LLC

May 13, 2014May 13, 2014
281
Marinya Capital

March 08, 2017March 09, 2017
282
Maritime Finance Holdings I Ltd.

August 01, 2016August 02, 2016
283
Markel Corporation

September 16, 2013September 17, 2013
284
Market Access II

September 11, 2013September 11, 2013
285
Market Access III

September 11, 2013September 11, 2013
286
MARKET BRIDGE CAPITAL

September 24, 2013September 25, 2013
287
Markit Group Limited

February 23, 2017February 24, 2017
288
Marks and Spencer Pension Trust Limited as Trustee of the Marks and Spencer Pension Scheme

September 11, 2013September 11, 2013
289
Marks and Spencer plc

September 09, 2013September 10, 2013
290
Marlin Permian, L.P.

December 17, 2013December 17, 2013
291
Marriott International, Inc.

September 13, 2013September 13, 2013
292
Mars Belgium Pension Fund OFP

November 21, 2013November 21, 2013
293
MARS Capital SA

December 06, 2013December 06, 2013
294
Mars Ireland Pension Trustees Limited (registered number 4444404)

November 21, 2013November 21, 2013
295
Mars Pension Trustees Limited

November 21, 2013November 21, 2013
296
Marsh & McLennan Companies, Inc.

December 16, 2013December 16, 2013
297
Marsh & McLennan Companies, Inc.

June 14, 2016June 14, 2016
298
Marshall Wace Asia Limited

August 28, 2013August 29, 2013
299
Marshall Wace Ireland Limited

December 18, 2013December 18, 2013
300
Marshall Wace Ireland Limited

November 30, 2015November 30, 2015
301
Marshall Wace Ireland Limited (Addition of Funds)

April 24, 2014April 24, 2014
302
Marshall Wace Ireland Limited (Addition of Funds)

N/AMay 29, 2015
303
Marshall Wace UCITS Funds PLC

June 29, 2015June 29, 2015
304
Marshall Wace UCITS Funds PLC

April 25, 2016April 25, 2016
305
Marshall Wace UCITS Funds PLC (Addition of Funds)

September 15, 2015September 15, 2015
306
Marshall Wace UCITS Funds PLC acting with respect to MW Developed Europe TOPS Fund

August 22, 2013August 23, 2013
307
Martello Court Trustees Limited, in its capacity as trustee of Aspect Capital MIS Trust

September 04, 2013September 05, 2013
308
Martin Currie Inc

December 21, 2016December 21, 2016
309
Martin Currie Investment Management Ltd

September 09, 2013September 09, 2013
310
Mashreqbank PSC

September 16, 2013September 16, 2013
311
MASIVO CAPITAL SAS

May 21, 2015May 22, 2015
312
Maso Capital Investments Limited

September 13, 2013September 13, 2013
313
Maso Capital Partners Limited

November 17, 2014November 18, 2014
314
Mason Capital Management LLC

September 23, 2013September 25, 2013
315
Mason Stevens Asset Management Pty Limited

April 08, 2014April 08, 2014
316
Massmutual Asset Finance LLC

November 13, 2013November 13, 2013
317
MassMutual Life Insurance Company

April 15, 2014April 15, 2014
318
MAST Capital Management, LLC

October 03, 2013October 04, 2013
319
MasTec, Inc.

November 02, 2016November 02, 2016
320
MASTER SIF SICAV-SIF

September 19, 2013September 19, 2013
321
Masterbulk Private Limited

December 15, 2013December 16, 2013
322
MasterCard Europe SPRL

August 30, 2013September 03, 2013
323
MasterCard International Incorporated

September 09, 2013September 10, 2013
324
Mastercroft Finance Limited

October 14, 2013October 14, 2013
325
MAT Concessionaire, LLC

September 22, 2014September 22, 2014
326
Match Group, Inc.

November 19, 2015November 19, 2015
327
Matchpoint Asia Fund Limited

September 03, 2013September 04, 2013
328
Math Fund Managment Company Ltd

April 11, 2014April 11, 2014
329
MATRIS

October 09, 2013October 09, 2013
330
MATRIX ALTERNATIVE INVESTMENT STRATEGIES FUND LIMITED

October 08, 2013October 08, 2013
331
Mattel Europa, B.V.

September 09, 2013September 10, 2013
332
Mattel International Finance, B.V.

September 09, 2013September 10, 2013
333
Matterhorn HedgeCo S.à r.l.

January 30, 2015January 30, 2015
334
Matterhorn Investment Management LLP

October 09, 2013October 09, 2013
335
Matterhorn Mobile Holdings S.A.

October 29, 2013October 29, 2013
336
Matterhorn Mobile S.A.

October 29, 2013October 29, 2013
337
Matthews International Capital Management, LLC

April 23, 2014April 23, 2014
338
Matthews International Capital Management, LLC

July 09, 2015July 09, 2015
339
Matthews International Capital Management, LLC (Consolidated List of Funds)

February 24, 2017February 27, 2017
340
Matthews International Capital Management, LLC [Addition of Fund]

September 10, 2014September 10, 2014
341
Maua Brasil Master Fund Ltd

August 28, 2013August 29, 2013
342
Maubeugue Photovoltaique SAS

September 12, 2013September 12, 2013
343
Maven Derivatives Ltd

September 13, 2013September 13, 2013
344
Maven Trading Ltd

September 13, 2013September 13, 2013
345
Maverick Fund II, Ltd.

September 12, 2013September 13, 2013
346
Maverick Fund USA, Ltd.

September 12, 2013September 12, 2013
347
Maverick Fund, L.D.C.

September 12, 2013September 13, 2013
348
Maverick Long Enhanced Fund, Ltd.

September 12, 2013September 13, 2013
349
Maverick Long Fund, Ltd.

September 12, 2013September 13, 2013
350
Maverick Neutral Fund, Ltd.

September 12, 2013September 13, 2013
351
Maverick Neutral Levered Fund, Ltd.

September 12, 2013September 13, 2013
352
Maverick Select Fund, Ltd.

September 12, 2013September 13, 2013
353
Maverick Stable Fund, Ltd.

September 12, 2013September 13, 2013
354
Max Giant Limited

January 13, 2015January 13, 2015
355
MaxamCorp Holding, S.L.

September 13, 2013September 13, 2013
356
MAXAMCORP INTERNATIONAL, S.L.

February 06, 2014February 06, 2014
357
MAXIS INVESTMENTS LTD formerly known as MAXIS SECURITIES LTD

March 24, 2014March 24, 2014
358
Maxxia Finance Limited

April 29, 2014April 29, 2014
359
May Futures, LLC

September 13, 2013September 13, 2013
360
MAYBANK PHILIPPINES, INC. 5CBA4C90591E1AD7D4B8CC3AC957282D

June 10, 2014June 10, 2014
361
Mayfair Investments Limited

September 05, 2013September 05, 2013
362
mba investment pty ltd

May 10, 2014May 12, 2014
363
mBank S.A. formerly known as BRE Bank S.A.

March 14, 2014March 14, 2014
364
MBD 2015, LP L.P.  By : MBD Advisors, L.L.C. its general partner

February 10, 2016February 10, 2016
365
MBIA Inc.

October 08, 2013October 08, 2013
366
MBK Partners Fund II, L.P.

May 19, 2014May 19, 2014
367
MBS Agency Master Fund, L.P.

March 25, 2014March 25, 2014
368
MCC Asset Management (Cayman) Ltd

July 25, 2015July 27, 2015
369
MCC IOWA LLC

January 20, 2015January 21, 2015
370
MCC Missouri LLC

February 18, 2015February 18, 2015
371
MCC Scotland Holdings Limited

March 17, 2015March 17, 2015
372
McCain Eurocenter NV

September 18, 2013September 18, 2013
373
McCain Finance (Canada) Ltd.

September 18, 2013September 18, 2013
374
McCain Poland

September 16, 2013September 16, 2013
375
McD APMEA Franchising Pte. Ltd.

November 03, 2014November 03, 2014
376
McD Asia Pacific, LLC 

November 03, 2014November 03, 2014
377
McD Europe Franchising S.à.r.l.

November 03, 2014November 03, 2014
378
McDermott International, Inc.

September 27, 2013September 27, 2013
379
McDonald's Corporation

November 03, 2014November 03, 2014
380
McDonald's Restaurant Operations Inc.

November 03, 2014November 03, 2014
381
McKesson Corporation

February 18, 2016February 22, 2016
382
McKesson UK Finance II Limited

February 18, 2016February 22, 2016
383
McKinley Capital Management, LLC

January 17, 2014January 20, 2014
384
MCM Encore IM LLC

September 24, 2015September 25, 2015
385
MCP ASSET MANAGEMENT COMPANY LIMITED

September 23, 2013September 23, 2013
386
MCP Asset Management Company Limited

July 24, 2014July 25, 2014
387
MCP Asset Management Company Limited

June 28, 2017June 28, 2017
388
MCP B1 SPV Ltd.

February 16, 2015February 16, 2015
389
MCP Capital Mangement (Cayman) Limited

March 31, 2014March 31, 2014
390
MCP Capital Mangement Limited

March 31, 2014March 31, 2014
391
MCTM Limited

September 11, 2013September 11, 2013
392
MD Sass Investors Services INC

December 22, 2015December 22, 2015
393
MDM Bank, Open Joint Stock Company

November 11, 2013November 11, 2013
394
MDO Management Company S.A. in its capacity as management company and on behalf of Viaduct Invest FCP-SIF and acting through Merrill Lynch International, duly appointed as Investment Manager

September 05, 2013September 05, 2013
395
Meadow Real Estate Fund II LP

March 31, 2014April 01, 2014
396
Meadow Real Estate Fund III LP

May 21, 2014May 21, 2014
397
Meadow Real Estate Fund IV LP

November 16, 2016November 16, 2016
398
Meadowhall Finance PLC

September 10, 2013September 10, 2013
399
MEAG Luxembourg S.à r.l.

September 13, 2013September 13, 2013
400
MEAG MUNICH ERGO AssetManagement GmbH

September 10, 2013September 10, 2013
401
MEAG MUNICH ERGO AssetManagement GmbH (consolidated list of principals)

December 01, 2014December 01, 2014
402
MEAG MUNICH ERGO Kapitalanlagegesellschaft mbH acting for the account of its investment funds;

September 10, 2013September 10, 2013
403
MECANIZADOS SOLARES, S.L

October 09, 2013October 09, 2013
404
Mecattaf sal

June 17, 2014June 17, 2014
405
Mecenate Srl

July 29, 2014July 29, 2014
406
Meda AB

November 11, 2013November 11, 2013
407
Mediacom Southeast LLC

January 20, 2015January 21, 2015
408
Mediaset SpA

September 30, 2013September 30, 2013
409
Mediobanca - Banca di Credito Finanziario S.p.A.

September 10, 2013September 10, 2013
410
Mediocredito Italiano S.p.A.

March 17, 2014March 17, 2014
411
Mediolanum Asset Management Ltd

September 11, 2013September 11, 2013
412
Mediolanum Gestione Fondi SGR p.A.

May 20, 2014May 20, 2014
413
Mediolanum International Funds Ltd

September 11, 2013September 11, 2013
414
Mediolanum International Life Ltd

September 05, 2013September 05, 2013
415
Mediolanum Specialties Sicav SIF

September 12, 2013September 12, 2013
416
Mediolanum Vita

September 12, 2013September 12, 2013
417
MEDIPASS SRL

September 17, 2013September 17, 2013
418
MeDirect Bank S.A.

December 03, 2015December 04, 2015
419
Medite Europe Limited

September 13, 2013September 13, 2013
420
Mediterranean Bank plc

September 06, 2013September 09, 2013
421
Meditor Capital Management Limited

September 12, 2013September 12, 2013
422
Medtronic, Inc. and its wholly-owned subsidiaries

September 12, 2013September 12, 2013
423
MeehanCombs, LP

September 12, 2013September 12, 2013
424
Mega International Commercial Bank Co., Ltd.

November 06, 2013November 07, 2013
425
Meggitt Pension Plan Trustees Limited as trustee of the Meggitt Pension Plan Executive Section

October 30, 2014October 30, 2014
426
Meggitt Pension Plan Trustees Limited as trustee of the Meggitt Pension Plan Main Section

October 30, 2014October 30, 2014
427
Meggitt PLC

September 05, 2013September 05, 2013
428
MEIF II Channel Islands Transport Limited

September 13, 2013September 13, 2013
429
Meiji Yasuda Life Insurance Company

December 11, 2013December 12, 2013
430
Meikle Wind Energy Limited Partnership

June 26, 2015June 29, 2015
431
Mekonomen AB

October 10, 2013October 10, 2013
432
MELF Acquisition I S.A.R.L

November 13, 2014November 13, 2014
433
MELF Acquisition III S.A.R.L

March 27, 2015March 30, 2015
434
Mellon Capital Management Corporation

September 11, 2013September 12, 2013
435
Mellon Capital Management Corporation

October 10, 2013October 10, 2013
436
Mellon Global Alternative Investments Fund plc in respect of it's Sub-Funds

September 12, 2013September 12, 2013
437
MELQART OPPORTUNITIES MASTER FUND LTD.

October 05, 2015October 06, 2015
438
Melrose PLC

October 29, 2013October 29, 2013
439
Melvin Capital Management LP 

January 22, 2015January 22, 2015
440
Memorial Hermann Health System

September 09, 2013September 09, 2013
441
Memorial Production Operating LLC

November 14, 2013November 14, 2013
442
Memorial Resource Development Corp.

April 24, 2014April 24, 2014
443
Memorial Resource Development LLC

November 14, 2013November 14, 2013
444
MENA Admiral Master Fund Ltd

March 11, 2014March 11, 2014
445
menora mivtachim Insurance Ltd

May 05, 2014May 05, 2014
446
Menora Mivtachim Pensions and Gemel Ltd

May 05, 2014May 05, 2014
447
Menta Global Master, L.P.

September 19, 2013September 20, 2013
448
MEP II S.àr.l.

March 17, 2014March 17, 2014
449
Mercantil Valores Agente de Valores S.A.

May 11, 2015May 12, 2015
450
Mercantile Discount Bank Ltd. 520029281

April 28, 2014April 28, 2014
451
Merced Partners II, L.P.

May 11, 2015May 12, 2015
452
Merchants' Gate Capital LP

September 12, 2013September 13, 2013
453
Merchants' Gate Long Fund, L.P.

June 02, 2014June 02, 2014
454
Mercia No.1 plc

April 17, 2014April 17, 2014
455
Merck Sharp & Dohme B.V.

September 10, 2013September 10, 2013
456
Merck Sharp & Dohme Corp.

September 09, 2013September 09, 2013
457
Merck Sharp & Dohme Finance Europe Limited

September 10, 2013September 10, 2013
458
MERCLIN II SICAV

September 20, 2013September 20, 2013
459
MERCLIN SICAV

September 20, 2013September 20, 2013
460
Mercuria Commodities Canada Corporation 

October 10, 2014October 10, 2014
461
Mercuria Energy Trading PTE LTD.

September 11, 2013September 11, 2013
462
Mercuria Energy Trading SA

September 11, 2013September 11, 2013
463
Mercuria International SA

February 10, 2016February 10, 2016
464
Mercuries Life Insurance Co., Ltd.

January 22, 2014January 22, 2014
465
Mercury Payment Systems, LLC

May 19, 2014May 20, 2014
466
Meridiam SAS

May 23, 2016May 23, 2016
467
Meridian Solaire II SAS

October 31, 2013October 31, 2013
468
Meridon Funds SICAV p.l.c.

October 09, 2013October 09, 2013
469
Merilux Sarl.

August 25, 2014August 25, 2014
470
Meritage Group LP

September 06, 2013September 09, 2013
471
Meritas, LLC

January 15, 2015January 16, 2015
472
Meriten Investment Management GmbH

November 17, 2015November 17, 2015
473
MERITUM BANK ICB S.A

September 12, 2013September 12, 2013
474
MERITZ Securities Co., Ltd

April 25, 2014April 25, 2014
475
Merlin Entertainments Group Denmark Holdings ApS

October 03, 2013October 04, 2013
476
Merlin Entertainments Group Deutschland GmbH

October 03, 2013October 04, 2013
477
Merlin Entertainments Group Holdings Limited

September 24, 2013September 25, 2013
478
Merlin Entertainments Group US Holdings Inc

October 07, 2013October 07, 2013
479
Merlin Entertainments Group US LLC

October 07, 2013October 07, 2013
480
Merlin Entertainments US Newco LLC

October 07, 2013October 07, 2013
481
Merlon Capital Partners Pty Limited

April 08, 2014April 09, 2014
482
Merricks Capital Pty Limited

September 13, 2013September 13, 2013
483
Merril Lynch Alternative Investments

October 01, 2013October 02, 2013
484
Merrill Lynch (UK) Pension Plan Trustees Limited

September 13, 2013September 13, 2013
485
Merrill Lynch Capital Services Inc.

April 29, 2014April 29, 2014
486
Merrill Lynch Commodities (Europe) Limited

August 20, 2013August 20, 2013
487
Merrill Lynch Financial Markets, Inc. 

October 24, 2014October 24, 2014
488
Merrill Lynch International

August 15, 2013August 15, 2013
489
Merrill Lynch International Bank Limited

August 15, 2013August 15, 2013
490
Merrill Lynch Investment Solutions

September 02, 2013September 03, 2013
491
Merritt Green Energy Limited Partnership, by its general partner, Merritt Green Energy General Partner Ltd.

July 04, 2014July 07, 2014
492
Meru Capital Group, LP

September 12, 2013September 13, 2013
493
Merus Capital Partners, LLC

September 13, 2013September 13, 2013
494
MESDAG (Berlin) B.V.

February 12, 2014February 12, 2014
495
MESDAG (Charlie) B.V.

February 12, 2014February 12, 2014
496
MESDAG (Delta) B.V.

February 12, 2014February 12, 2014
497
Mesirow Advanced Strategies, Inc.

September 10, 2013September 11, 2013
498
Mesirow Financial Investment Mangement, Inc.

September 06, 2013September 09, 2013
499
Met Alliance LLP

September 24, 2013September 25, 2013
500
Metacapital Management LP

September 13, 2013September 13, 2013









<<
<
1
2
>
>>





*
A
B
C
D
E
F
G
H
I
J
K
L
M
N
O
P
Q
R
S
T
U
V
W
X
Y
Z



back to top





Protocol Selection


You have selected to adhere to the "". Click Proceed to continue or
			Back to choose a different protocol.


Back
Proceed










Functional Areas

Legal

Public Policy

Risk Management

Infrastructure Management

Research

Accounting

Protocol Management

Data, Reporting and FpML



Asset Classes

Credit Derivatives/CDS

Equity Derivatives

Interest Rates Derivatives

FX Derivatives

Energy, Commodities

Structured Products and Other



Regions

Asia-Pacific

Canada

CEE, Middle East, Africa

Europe

Japan

Latin America

United States



Committees

Global Policy

Legal

Capital, Risk, Margin and Collateral

Market Infrastructure and Technology (MIT)

Clearing

Data

Trading

ISDA WGMR Implementation Initiative

Determinations Committees



Conferences

Conference Schedule

Accreditation

ISDA On Demand

ISDA AGM



Newsroom

Press Releases

Webcasts / Videos

derivatiViews

media.comment

dailyLead

ISDA In Review

Speeches & Presentations

Media  Contacts



About ISDA

About ISDA

Board of Directors

Executives

Mission Statement

Contact Us









				©2017
				International Swaps and Derivatives Association, Inc. ISDA is a registered trademark of the International Swaps and Derivatives Association, Inc.
Privacy policy








Login


 

Username / Email





Password





Remember me








Forgot password | Create account

Cancel
Log in




Reset Password


 

Username / Email








Log in | Create account

Cancel
Reset Password




Create New Account


 

Business email






Password





Confirm Password







Company *





Title *





Prefix





First Name *





Middle Name





Last Name *





Suffix





Telephone *





Fax







Address *



 



 





City *





Country *





State/Province





Postal Code *








Log in | Forgot password

Cancel
Back
Continue




Activate Account




Activate







Continue to site
Resend
Activate








 

Andrew Rabinowitz's involvement in venture capital (via Marathon Real Estate Managed Account (w) Lp, Marathon Real Estate Managed Account (ss) Lp, Marathon Real Estate Managed Account (b) Lp, Marathon European Credit Opportunity Fund Lp, Marathon European Credit Opportunity Fund Spc, Mv Credit Opportunity Fund Lp, Marathon Asia Fund Lp, Marathon Blue Cayman Fund Ltd, Marathon Credit Dislocation Fund Lp, Marathon Credit Fund Ltd, Marathon Credit Opportunity Fund Lp, Marathon Em Opportunity Fund Lp, Marathon Legacy Securities Public-private Investment Fund Lp, Marathon Liquid Credit Long Short Fund, Marathon Real Estate Finance Fund Lp, Marathon Securitized Credit Fund Lp, Marathon Special Opportunities Offshore Fund Ltd, Marathon Real Estate Managed Account Parent Gp Llc, Marathon Clo Investor Fund Ii Llc, Marathon Loan Opportunities Fund Lp, Marathon European Credit Opportunity Fund Ii Ltd, Marathon Global Emerging Markets Fund Lp, Marathon Structured Product Strategies Fund Lp, Marathon Emerging Markets Bond Fund Lp, Marathon Clo Equity Fund Lp, Marathon European Credit Opportunity Offshore Fund Iii Lp, Marathon European Credit Opportunity Fund Iii Lp)































Want to see more?Want to find out who got funded, and who’s funding the next big thing? in real time? all across the world? tailored to your specific areas of focus?100+ deals per dayGet access to the most exhaustive worldwide funding watch on the web!Comprehensive funding informationKnow about who invested in a company, which sites covered the event, the funding history, etc.Exclusive insightsView original analytics such as most dynamic industries, most active investors, and more!Stay aware!Get emailed when deals critical to your business happen. Filter by region, industry and topics of interest.As seen onHave a login?Sign inRegister now!It's free!Use your social accountOr fill in the quick form:Register nowpromise we won't spamSign invia your social account:via your existing WGF account:Remember meRegister, it's freeForgot your password?SIGN INForgot your password?Enter your e-mail and we will send you your new password.reset passwordThe world's largest funding base/people/11241-andrew-rabinowitzsection=people&subsection=detail&id=11241




			Search deals by company name, industry, location, investors...			
			




SEARCH


AndrewRabinowitzGet alertedif Andrew Rabinowitz gets funded!Andrew RabinowitzMarathon Real Estate Managed Account (w) Lp - Executive_OfficerMarathon Real Estate Managed Account (ss) Lp - Executive_OfficerMarathon Real Estate Managed Account (b) Lp - Executive_OfficerMarathon European Credit Opportunity Fund Lp - Executive_OfficerMarathon European Credit Opportunity Fund Spc - Executive_OfficerMv Credit Opportunity Fund Lp - Executive_OfficerMarathon Asia Fund Lp - Executive Officer, Executive_OfficerMarathon Blue Cayman Fund Ltd - Executive Officer, Executive_OfficerMarathon Credit Dislocation Fund Lp - Executive_Officer, Executive OfficerMarathon Credit Fund Ltd - Executive_OfficerMarathon Credit Opportunity Fund Lp - Executive_OfficerMarathon Em Opportunity Fund Lp - Executive_Officer, Executive OfficerMarathon Legacy Securities Public-private Investment Fund Lp - Executive_Officer, DirectorMarathon Liquid Credit Long Short Fund - Executive Officer, Executive_OfficerMarathon Real Estate Finance Fund Lp - Executive_OfficerMarathon Securitized Credit Fund Lp - Executive Officer, Executive_OfficerMarathon Special Opportunities Offshore Fund Ltd - Executive Officer, Executive_OfficerMarathon Real Estate Managed Account Parent Gp Llc - Executive OfficerMarathon Clo Investor Fund Ii Llc - Executive OfficerMarathon Loan Opportunities Fund Lp - Executive OfficerMarathon European Credit Opportunity Fund Ii Ltd - Director, Executive OfficerMarathon Global Emerging Markets Fund Lp - Director, Executive OfficerMarathon Structured Product Strategies Fund Lp - Executive OfficerMarathon Emerging Markets Bond Fund Lp - Executive OfficerMarathon Clo Equity Fund Lp - Executive OfficerMarathon European Credit Opportunity Offshore Fund Iii Lp - Executive OfficerMarathon European Credit Opportunity Fund Iii Lp - Executive OfficerDeals involving Andrew Rabinowitz$5,010,020 raised with Marathon Real Estate Managed Account (w) Lp on March, 2012$5,000,000 raised with Marathon Real Estate Managed Account (w) Lp on March, 2011$2,004,008 raised with Marathon Real Estate Managed Account (ss) Lp on March, 2012$2,000,000 raised with Marathon Real Estate Managed Account (ss) Lp on March, 2011$1,490,981 raised with Marathon Real Estate Managed Account (b) Lp on March, 2012$1,488,000 raised with Marathon Real Estate Managed Account (b) Lp on March, 2011$92,544,375 raised with Marathon European Credit Opportunity Fund Lp on August, 2012Undisclosed raised with Marathon European Credit Opportunity Fund Lp on August, 2011$130,883,784 raised with Marathon European Credit Opportunity Fund Spc on August, 2012Undisclosed raised with Marathon European Credit Opportunity Fund Spc on August, 2011$50,000,000 raised with Mv Credit Opportunity Fund Lp on March, 2011$188,459,923 raised with Marathon Asia Fund Lp on January, 2013$28,921,160 raised with Marathon Asia Fund Lp on December, 2012$2,500,000 raised with Marathon Asia Fund Lp on December, 2009Undisclosed raised with Marathon Asia Fund Lp on October, 2009$184,488,071 raised with Marathon Blue Cayman Fund Ltd on January, 2013Undisclosed raised with Marathon Blue Cayman Fund Ltd on January, 2010$310,000,000 raised with Marathon Credit Dislocation Fund Lp on February, 2013$310,000,000 raised with Marathon Credit Dislocation Fund Lp on February, 2011Undisclosed raised with Marathon Credit Fund Ltd on September, 2009$338,455,760 raised with Marathon Credit Opportunity Fund Lp on September, 2012$30,775,000 raised with Marathon Credit Opportunity Fund Lp on September, 2009$42,750,000 raised with Marathon Credit Opportunity Fund Lp on September, 2009$65,724,390 raised with Marathon Em Opportunity Fund Lp on December, 2012$221,500,000 raised with Marathon Em Opportunity Fund Lp on September, 2012$2,200,000 raised with Marathon Em Opportunity Fund Lp on December, 2009Undisclosed raised with Marathon Em Opportunity Fund Lp on September, 2009$175,350,000 raised with Marathon Legacy Securities Public-private Investment Fund Lp on February, 2010$224,650,000 raised with Marathon Legacy Securities Public-private Investment Fund Lp on February, 2010$103,570,064 raised with Marathon Liquid Credit Long Short Fund on January, 2013$30,000,000 raised with Marathon Liquid Credit Long Short Fund on January, 2010$25,000 raised with Marathon Real Estate Finance Fund Lp on November, 2009Undisclosed raised with Marathon Real Estate Finance Fund Lp on September, 2009$133,752,350 raised with Marathon Securitized Credit Fund Lp on February, 2013$1,121,083,152 raised with Marathon Securitized Credit Fund Lp on February, 2013Undisclosed raised with Marathon Securitized Credit Fund Lp on February, 2011$111,764,439 raised with Marathon Securitized Credit Fund Lp on February, 2011$40,128,117 raised with Marathon Special Opportunities Offshore Fund Ltd on February, 2013$40,128,117 raised with Marathon Special Opportunities Offshore Fund Ltd on February, 2011$946,434 raised with Marathon Real Estate Managed Account Parent Gp Llc on August, 2013$1,000,000 raised with Marathon Clo Investor Fund Ii Llc on September, 2014$1,000,000 raised with Marathon Clo Investor Fund Ii Llc on September, 2013$67,019,273 raised with Marathon Loan Opportunities Fund Lp on September, 2014$5,807,500 raised with Marathon Loan Opportunities Fund Lp on September, 2013$482,268,492 raised with Marathon European Credit Opportunity Fund Ii Ltd on February, 2015$807,729,147 raised with Marathon European Credit Opportunity Fund Ii Ltd on February, 2015$44,258,000 raised with Marathon European Credit Opportunity Fund Ii Ltd on February, 2014$487,772,647 raised with Marathon European Credit Opportunity Fund Ii Ltd on February, 2014$181,067,098 raised with Marathon Global Emerging Markets Fund Lp on February, 2015$97,555,959 raised with Marathon Global Emerging Markets Fund Lp on February, 2015$94,368,848 raised with Marathon Global Emerging Markets Fund Lp on February, 2014$164,112,826 raised with Marathon Global Emerging Markets Fund Lp on February, 2014$158,772,750 raised with Marathon Structured Product Strategies Fund Lp on September, 2015$108,025,000 raised with Marathon Structured Product Strategies Fund Lp on September, 2014$35,726,367 raised with Marathon Emerging Markets Bond Fund Lp on May, 2016$35,275,000 raised with Marathon Emerging Markets Bond Fund Lp on May, 2015$198,400,000 raised with Marathon Clo Equity Fund Lp on October, 2015$33,960,000 raised with Marathon European Credit Opportunity Offshore Fund Iii Lp on November, 2015$308,891,500 raised with Marathon European Credit Opportunity Fund Iii Lp on November, 2015Please note that all data is automatically extracted and errors can occur.The WhoGotFunded team has not necessarily reviewed the information in this page and has not determined if it is accurate and complete.Some of the profile information was collected using the Crunchbase API. For more details on the profile, please check Andrew Rabinowitz on Crunchbase.Inaccurate Data? Help us improve WhoGotFunded: post a comment!

Credit Suisse Securitized Products Master Fund Ltd.: Private Company Information - Bloomberg









































  





















































































July 26, 2017 9:59 AM ET
Capital Markets

Company Overview of Credit Suisse Securitized Products Master Fund Ltd.



Snapshot People




Company Overview
Credit Suisse Securitized Products Master Fund Ltd. is a hedge fund launched and managed by Credit Suisse Asset Management, LLC. The fund invests in the fixed income markets. It primarily invests in U.S. non-agency residential mortgage backed securities, European home-loan securities, and European commercial mortgage backed securities. Credit Suisse Securitized Products Master Fund Ltd. was formed in December 2011 and is domiciled in Cayman Islands.


One Madison AvenueNew York, NY 10010-3629United States



Phone: 212-325-2000

Fax: 212-325-6665








Key Executives for Credit Suisse Securitized Products Master Fund Ltd.




Mr. Albert Sohn


      	Portfolio Manager
      





Compensation as of Fiscal Year 2017. 



Similar Private Companies By Industry



Company Name
Region



 @Visory LLC United States 1 Road Partners LLC United States 11T Partners, LLC United States 123Jump.com, Inc. United States 1509225 Ontario, Inc. United States




Recent Private Companies Transactions



TypeDate
Target



No transactions available in the past 12 months.




Request Profile Update

















 












The information and data displayed in this profile are created and managed by S&P Global Market Intelligence, a division of S&P Global. Bloomberg.com does not create or control the content. For inquiries, please contact S&P Global Market Intelligence directly by clicking 
	here.




Stock Quotes


Market data is delayed at least 15 minutes.







Company Lookup



Most Searched Private Companies



Company Name
Geographic Region



 Lawyers Committee for Civil Rights Under Law United States NYC2012, Inc. United States The Advertising Council, Inc. United States Bertelsmann AG Europe Rush University United States













Sponsored Financial Commentaries

Sponsored Links






Browse Companies
A
B
C
D
E
F
G
H
I
J
K
L
M
N
O
P
Q
R
S
T
U
V
W
X
Y
Z
 | 
0
1
2
3
4
5
6
7
8
9






Request Profile Update

						Only a company representative may request an update for the company profile. Documentation will be required.
					  
To contact Credit Suisse Securitized Products Master Fund Ltd., please visit --.  Company data is provided by S&P Global Market Intelligence.  Please use this form to report any data issues.
					  


Information Missing - Please enter your information in the following field(s): 




Company Name

Your Name*

Your E-Mail Address*

Your Phone Number*

Type of Data*


Overview
Executives
Key developments
Similar companies
Transactions


Update Needed*

All data changes require verification from public sources.  Please include the correct value or values and a source where we can verify.


Cancel


Submit






Your requested update has been submitted
Our data partners will research the update request and update the information on this page if necessary. Research and follow-up could take several weeks. If you have questions, you can contact them at bwwebmaster@businessweek.com.


Close


























