










 







RGM VALUE OPPORTUNITY FUND IV, LP - Pooled Investment Fund- Moses  FormDs.com - SEC filings of fundraisings and investments in hedge funds, private equity firms, startups, and growing companies 











 FormDs.com 





 Newest
 Filter
 Local




 









RGM VALUE OPPORTUNITY FUND IV, LP

      Industry: Pooled Investment Fund
      (See others in industry)

Address:



    9010 Strada Stell Court Suite 105 
    Naples, FL, 34109Phone: 239-593-1239 




Filings



Date
FilingType
Reported Sold
Incremental Cash 
Type
Exemptions
Link to Raw Filing




	2016-10-21


Amended


$65,000,000


$0


Equity Only


06b 3C 3C.7


SEC link




	2015-10-23


Amended


$65,000,000


$40,000,000


Equity Only


06b 3C 3C.7


SEC link




	2014-10-23


Amended


$25,000,000


$0


Other


06b 3C 3C.7


SEC link




	2013-10-31


Amended


$25,000,000


$0


Other


06b 3C 3C.7


SEC link




	2012-11-14


Amended


$25,000,000


$15,000,000


Other


06 3C 3C.7


SEC link




	2011-11-14


New


$10,000,000


$10,000,000


Other


06 3C 3C.7


SEC link






Directors and Executives (Current and Past)



Name
Role



 Robert G. Moses 
 Executive 


 Rgm Capital, Llc 
 Executive, Promoter 


 Rgm Gp, Llc 
 Executive, Promoter 


 Rgm Willow Park, Llc 
 Executive, Promoter 










 

Robert Moses's involvement in venture capital (via Weatherford International Ltd./switzerland, Rgm Value Opportunity Fund Iv Lp, Rgm Value Opportunity Fund Ii Lp, Rgm Value Opportunity Fund Lp)































Want to see more?Want to find out who got funded, and who’s funding the next big thing? in real time? all across the world? tailored to your specific areas of focus?100+ deals per dayGet access to the most exhaustive worldwide funding watch on the web!Comprehensive funding informationKnow about who invested in a company, which sites covered the event, the funding history, etc.Exclusive insightsView original analytics such as most dynamic industries, most active investors, and more!Stay aware!Get emailed when deals critical to your business happen. Filter by region, industry and topics of interest.As seen onHave a login?Sign inRegister now!It's free!Use your social accountOr fill in the quick form:Register nowpromise we won't spamSign invia your social account:via your existing WGF account:Remember meRegister, it's freeForgot your password?SIGN INForgot your password?Enter your e-mail and we will send you your new password.reset passwordThe world's largest funding base/people/31405-robert-mosessection=people&subsection=detail&id=31405




			Search deals by company name, industry, location, investors...			
			




SEARCH


RobertMosesGet alertedif Robert Moses gets funded!Robert MosesWeatherford International Ltd./switzerland - DirectorRgm Value Opportunity Fund Iv Lp - Executive Officer, Executive_OfficerRgm Value Opportunity Fund Ii Lp - Executive OfficerRgm Value Opportunity Fund Lp - Executive OfficerDeals involving Robert Moses$32,000,000 raised with Weatherford International Ltd./switzerland on May, 2011$25,000,000 raised with Rgm Value Opportunity Fund Iv Lp on November, 2012$10,000,000 raised with Rgm Value Opportunity Fund Iv Lp on November, 2011$72,171,552 raised with Rgm Value Opportunity Fund Ii Lp on October, 2012$19,943,491 raised with Rgm Value Opportunity Fund Lp on October, 2012Please note that all data is automatically extracted and errors can occur.The WhoGotFunded team has not necessarily reviewed the information in this page and has not determined if it is accurate and complete.Some of the profile information was collected using the Crunchbase API. For more details on the profile, please check Robert Moses on Crunchbase.Inaccurate Data? Help us improve WhoGotFunded: post a comment!

Bizapedia.com - Human Validation
















COMPANIESPEOPLEPRODUCTS/SERVICESTRADEMARKSADDRESSESPHONE BOOK




            Our system has detected a high number of page requests from your IP Address, please prove to us that you are a human to continue using our website.
        
























                            Please send me to the search subscription offer page after I successfully answer the word challenge.
                        









BIZAPEDIAPRO SEARCHPerform unlimited searches via ouradvanced search form withBizapedia Pro Search.FIND OUT MORE >BIZAPEDIAPRO DATABuild custom data listsfor one or many stateswith Bizapedia Pro Data.FIND OUT MORE >


Copyright © 2012-2017 · Bizapedia.com · All rights reserved.BlogPro SearchPro APIContact UsTerms of UsePrivacy PolicySitemapDesktop Version
















RGM VALUE OPPORTUNITY FUND IV LP Naples FL, 34109 - Cortera Company Profile
















cortera. business directory



Create
								Account
Login
Developers





Search Cortera for a Business









State
Alabama
Alaska
Arizona
Arkansas
California
Colorado
Connecticut
Delaware
District of Columbia
Florida
Georgia
Hawaii
Idaho
Illinois
Indiana
Iowa
Kansas
Kentucky
Louisiana
Maine
Maryland
Massachusetts
Michigan
Minnesota
Mississippi
Missouri
Montana
Nebraska
Nevada
New Hampshire
New Jersey
New Mexico
New York
North Carolina
North Dakota
Ohio
Oklahoma
Oregon
Pennsylvania
Puerto Rico
Rhode Island
South Carolina
South Dakota
Tennessee
Texas
Utah
Vermont
Virginia
Washington
West Virginia
Wisconsin
Wyoming














Home
Business
							Directory
RGM Value Opportunity Fund IV LP
Cortera Support: 866-589-0664







RGM Value Opportunity Fund IV LP



9010 Strada Stell Ct, Ste 105

Naples,
							
							
							 FL
							
							
							 34109-4425
							
							 |  view map



						Looking for more information? Sign
							up for FREE!







Company Overview

RGM VALUE OPPORTUNITY FUND IV LP in Naples, FL.  













Company Details

Location Type:
						Single Location
					

Ownership: Private
						
					

Year Founded:
						2012
					


     
    
   
  

						Have fresher information?  Update
















Latest Company News







READ ALL COMPANY NEWS IN THE
									COMPLETE COMPANY CREDIT REPORT







Recent Company Alerts

Credit Risk Increase
No


Overall Payments
No


Peer Payments
No


Public Records
No


Financial News
No












								Alerts on more than 5,000 companies today,
								including:
							

RAM Enterprises Inc


Hammer & CO


Mitchell Industrial Contractors Inc


University of Alaska Fairbanks


Barnes & Noble


Walbro


Montgomery Marine Repair


Ideal Construction CO


Coats Electric CO Inc


Southern Cleaning Service Inc








Community Payment Ratings
















								LATEST COMMUNITY REVIEWS OF THIS COMPANY
								
							

Cortera is much more than an awesome business
									directory! It's an active community where real business people
									share the real deal on real businesses.

It's invaluable intel
										that's now available for FREE.



Get the inside scoop with ratings and reviews on RGM Value Opportunity Fund IV LP
Rate RGM Value Opportunity Fund IV LP on their
										payment behavior
									
Ask your network about RGM Value Opportunity Fund IV LP
										with Cortera Circles
									


Join
										the Cortera Community for free today.
								








The information contained in this company profile is compiled from third party sources, including but not limited to public records, user submissions, and other commercially available data sources. These sources may not be accurate, complete, or up-to-date. 
Cortera makes no representations or warranties regarding, and assumes no responsibility for, the accuracy, completeness, or currency of the information contained herein. 
Cortera products are enabled by SOFIE™, our proprietary technology platform for rapid data processing, robust analytics and flexible data access.











© 2017 Cortera, Inc. All rights reserved.

Sitemap





Cortera Support: 866-589-0664 |
How Does it Work? |
Who
					Do We Help? |
Company Profiles |
Community
				|
Media
				|
About






Today's
					Hot Company Profiles

VOGT JAMES B MD
VOLUME REVERSAL SURVEY
W & B TRUCKING INC
VORA SHAILESH C MD
VOLTAIRE
VOLUNTEERS OF AMERICA INC
VOGUE
VOLATUS MAXIMUS LLC
VOORHEES ARIZONA TASTE INC
VUDEN INC

More
							Today's Hot Companies »



Recently
					Updated Companies

CONTORNO INC
CROSS COUNTY BANCSHARES INC
JL LOPER CONSTRUCTION
GOODY 2 SHOES
AIR CONDITIONING SEC
SPIRES PHILLIP CONSTRUCTION
POWERHOUSE INDUSTRIAL SUPPLY INC
ADVENT I LLC
L & L MACHINE TOOL
WESTERN SUN SHUTTLE INC

More
								Recently Updated Companies »



Recently
					Rated Company Profiles

PANALPINA INC
GLOBAL MERCHANDISING INC
MD THOMAS CONSTRUCTION LLC
IDEAL TRUE VALUE INC
LAW OFFICES OF SUSAN M SCHAUF
AZURADISC
JR BALL CONTRACTING GROUP INC
STINGER WELDING INC
SUNSTAR HEATING & AIRE
SLT EXPRESS WAY INC

More
								Recently Rated Companies »



Industry Directory




Terms & Conditions
Privacy Policy





 
  
 

 

  




















NAPLES · Florida Corporation










Toggle navigation





DATAGOVUS





Business

California
Colorado
Connecticut
Florida
Iowa
Nevada
New York
Oregon
Texas
Washington

Berkeley
Chicago
Hartford
Kansas City
Las Vegas
Los Angeles
New York City
Palo Alto
Pasadena
Philadelphia
Portland
Providence
Sacramento
San Diego
San Francisco
Santa Monica
Washington DC



Employee

New Jersey
Washington
Broome County
Chicago
Charlotte
Los Angeles
Montgomery County
Nashville
Palo Alto
Philadelphia



New York

Corporation
Attorney



Los Angeles

Business
Foreclosure
Parcel
Employee
Property



Other

San Diego Property
Philadelphia Property
Washington Lawyer
Washington Health Care
Physician





Go








Find Corporation in Florida





Go



















			NAPLES · Florida Corporation





Florida Corporation




Naples
















Naples ·  Florida Corporation




State ID
Entity Name
Address


P09000049649
Mastro Cigars, Inc.
2338 Immokalee Rd, Naples, FL 34110


A01000000235
Syconium Group, Ltd.
7234 Tory Ln, Naples, FL 34108


L03000024106
Pines Villas, LLC
273 Charleston Ct, Naples, FL 34110


P03000128674
A Custom Ceramic Tile Inc
479 Castle Dr, Naples, FL 34119


L11000105755
Boldeyedeas, LLC
340 8th St S, Naples, FL 34102


L11000100592
Hillsborough Behavioral Health Center LLC
3033 Riviera Dr, Naples, FL 34103


438752
Blair-munyan Enterprises, Inc.
3003 Gulf Shore Blvd N, Naples, FL 34103


L12000046074
Queens Grant Properties, LLC
7104 Lemuria Cir, Naples, FL 34109


L07000055773
Julia Price Williams, Artist, LLC
4240 15th Ave Sw, Naples, FL 34116


L13000126025
6606 Chestnut, LLC
400 5th Ave S, Naples, FL 34102


L13000178010
Bhec, LLC
3375 Vanderbilt Beach Rd, Naples, FL 34109


366322
Aarcon Building Corporation
933 4th Ave N, Naples, FL 34102


P07000028027
Bronzeco, Inc.
7955 Airport Pulling Rd N, Naples, FL 34109


L12000161078
303 Pirates Bight, LLC
303 Pirates Bight, Naples, FL 34103


P99000067363
Julio Cesar Ramirez Inc
4519 Coral Palms Ln, Naples, FL 34116


P98000034523
Jm Selective Marketing, Inc.
Po Box 2956, Naples, FL 34106


F61037
Hans Roder & Partner, Inc.
660 Tamiami Trl N, Naples, FL 34102


L11000138429
C & C Invester, LLC
5201 19th Ave Sw, Naples, FL 34116


K06773
Park Lake Developers, Inc.
800 Laurel Oak Dr, Naples, FL 34108


H03332
Florida Realty & Investments of Naples, Inc.
400 Immokalee Rd, Naples, FL 34101


L16000035108
Xclusivdesign L.l.c.
759 94th Ave N, Naples, FL 34108


L02000025853
Teal LLC
4296 Kensington High St, Naples, FL 34105


P03000116680
The Pool Butler, Incorporated
3711 5th Ave Nw, Naples, FL 34120


A01000000246
Backos, Ltd.
7413 Meldin Ct, Naples, FL 34104


L16000215118
Zabor LLC
2180 Immokalee Rd, Naples, FL 34110


347484
L B I Inc
957 1st Ave S, Naples, FL 34102


M17000000568
Maximized Living Gp, LLC
2590 Northbrooke Plaza Dr, Naples, FL 34119


P11000104705
All Builders of Excellence, Inc.
7200 Coventry Ct, Naples, FL 34104


A23859
Cfs II - South Florida Center, Ltd.
3003 Tamiami Trl N, Naples, FL 34103


L00000014941
Hep-10-hypo, L.c.
1100 5th Ave S, Naples, FL 34102


P10000012691
S.g. Global Technology, Inc
1378 Chesapeake Ave, Naples, FL 34102


P09000055879
Angels On The Fly, Inc.
6010 Bur Oaks Ln, Naples, FL 34119


L08000066546
L A T Marine Salvage, LLC
408 Panay Ave, Naples, FL 34113


P15000064420
Angels Fore Charity Inc
223 Kirtland Dr, Naples, FL 34110


371980
Onestra, Inc.
Rr 1 Box 770, Naples, FL 34101


P97000078411
Clarke Florida Company
243 Mermaids Bight, Naples, FL 34103


P10000050321
Real Vision Records and Entertainment Inc.
1057 2nd Ave N, Naples, FL 34102


L15000036055
Orange Blossom Asset Mgt. LLC
5644 Tavilla Cir, Naples, FL 34110


L09000062024
Maino, LLC
6006 Radio Rd, Naples, FL 34104


P03000092582
Premiere Property Management, Inc.
1455 Rail Head Blvd, Naples, FL 34110


326172
Oak Construction Company Inc
3849 Tamiami Trl E, Naples, FL 34112


P02000011368
Integrity Drywall, Inc.
305 5th Ave S, Naples, FL 34102


L01000013073
Helping Hands of Naples, LLC
2016 Timarron Way, Naples, FL 34109


L13000002727
Joe Lorence Consultant, LLC
4009 Trinidad Way, Naples, FL 34119


P04000062293
The Zoo of Naples Incorporated
15275 Collier Blvd, Naples, FL 34119


N15000009821
Her Tribe Foundation Inc
14780 Sutherland Ave, Naples, FL 34119


P13000012276
Valewood Construction Inc.
6871 Bottlebrush Ln, Naples, FL 34109


F16000001066
Safe Coalition for Human Rights (safechr),inc
4851 Tamiami Trl N, Naples, FL 34103


L13000160018
Mj Capital Investment, LLC
564 Ridge Dr, Naples, FL 34108


P04000162790
Aaron Hallberg Tile and Marble, Inc.
4479 25th Ct Sw, Naples, FL 34116


P92000000362
Richard L. Bowen, P.a.
11121 Health Park Blvd, Naples, FL 34110


L16000208040
Queendom Enterprises, LLC
212 Albi Rd, Naples, FL 34112


P04000052238
Quaestrade Co.
4665 Saint Croix Ln, Naples, FL 34109


P94000009094
Hanover Investment, Inc.
7117 Pelican Bay Blvd, Naples, FL 34108


L13000119073
The Excelsior Group, LLC
2915 Tiburon Blvd E, Naples, FL 34109


L16000184209
Naples Hobbies, LLC
15275 Collier Blvd, Naples, FL 34119


P16000096541
Lrodriguez Hauling Inc
2286 Arbour Walk Cir, Naples, FL 34109


L04000057051
Jame's Grading Serv., LLC
4634 Sunset Rd, Naples, FL 34116


P13842
Premium Wine Marketing, Inc.
10851 Gulf Shore Dr, Naples, FL 34108


L12000081728
U.S. Housing Investments, LLC
2180 Immokalee Rd, Naples, FL 34110


P08000101389
G & A Global Properties Inc.
648 106th Ave N, Naples, FL 34108


L15000140780
Jerzie LLC
2430 Vanderbilt Beach Rd, Naples, FL 34109


P98000076766
Hamilton Pools Inc.
1791 Trade Center Way, Naples, FL 34109


L06000104580
Saranac LLC
270 Kirtland Dr, Naples, FL 34110


N01000005154
Gulf Coast Venture Forum, Inc.
3003 Tamiami Trl N, Naples, FL 34103


L08000096047
Team Investments, LLC
1680 Oakes Blvd, Naples, FL 34119


P09000074009
Naples Deco Inc.
4915 Rattlesnake Hammock Rd, Naples, FL 34113


P97000032806
R.a.m. Development Corporation of Naples, Inc.
4206 Enterprise Ave, Naples, FL 34104


P00000039725
Eastwind Interiors, Inc.
8793 Tamiami Trl E, Naples, FL 34113


L13000029808
H & A Air, LLC
2455 Pinewoods Cir, Naples, FL 34105


P11000105489
Zoom Tan, Inc.
5811 Pelican Bay Blvd, Naples, FL 34108


L11000109552
Hot Tamale Video LLC
1170 39th St Sw, Naples, FL 34117


P99000057200
Gulf Plastering, Inc.
931 14th St Se, Naples, FL 34117


P11000049129
Quality Mechanical Contracting, Inc.
2981 4th St Nw, Naples, FL 34120


P11000042142
Opd Healthcare Hospitalists Inc
7905 Preserve Cir, Naples, FL 34119


L09000049496
Qeat I, LLC
3073 Horseshoe Dr S, Naples, FL 34104


P03000087844
Zero Risk, Inc.
326 Burnt Pine Dr, Naples, FL 34119


P07000057244
Heavenly Gourmet Cakes, Inc.
2271 Heydon Cir W, Naples, FL 34120


P14000084778
Mrl Management Group, Inc
5150 Tamiami Trl N, Naples, FL 34103


P03000097967
Paul Davin Consulting, Inc.
10955 Longshore Way E, Naples, FL 34119


L01000000849
Lpk Real Estate Holdings No. 2, L.l.c.
4151 Gulf Shore Blvd N, Naples, FL 34103


N00000000440
La Provence On The Bay Condominium Association, Inc.
1305 Curlew Ave, Naples, FL 34102


P03000077352
Smooth Moves Relocation Services, Inc.
3612 Kent Dr, Naples, FL 34112


L79429
Frascati's Italian Restaurant & Deli, Inc.
1479 Palma Blanca Ct, Naples, FL 34119


P04000078179
Bravo Hauling & Trucking Inc
3210 13th Ave Sw, Naples, FL 34117


L11000009311
Spartacus Aviation LLC
1959 Fairmont Ln, Naples, FL 34120


P10000055000
Fast Radios, Inc.
4100 Corporate Sq, Naples, FL 34104


P93000061023
Williams Design Associates Inc.
963 Trail Terrace Dr, Naples, FL 34103


L11000130226
Park Shore Holdings LLC
6937 Autumn Woods Blvd, Naples, FL 34109


L07000114176
Lcjs Investments, LLC
4001 Tamiami Trl N, Naples, FL 34103


P14000006943
Queens Resale Inc
967 4th Ave N, Naples, FL 34102


S82413
Quality Home Builders of Naples, Inc.
310 Wilson Blvd S, Naples, FL 34117


P02000023114
Victor & Assc. Inc.
4412 18th Ave Sw, Naples, FL 34116


S45933
Reality Venture Management, Inc.
3399 Gulf Shore Blvd N, Naples, FL 34103


V70579
Tree Works Management, Inc.
3265 52nd Ave Ne, Naples, FL 34120


P04000081461
Down South Design & Apparel, Inc
420 Quail Forest Blvd, Naples, FL 34105


P08000027679
Yuyicuba Corp.
371 18th St Ne, Naples, FL 34120


L13000120822
Soho Management Consulting, LLC
2427 Ravenna Blvd, Naples, FL 34109


L13000142167
Hair By Caius LLC
1275 Frank Whiteman Blvd, Naples, FL 34103


P99000083548
Ashley Mortgage, Inc.
1720 J and C Blvd, Naples, FL 34109







City · Florida Corporation





City
State
Corporations


1.


							Miami						


						FL					
50899
13.38%


2.


							Fort Lauderdale						


						FL					
18200
4.78%


3.


							Orlando						


						FL					
14407
3.79%


4.


							Tampa						


						FL					
12524
3.29%


5.


							Jacksonville						


						FL					
9740
2.56%


6.


							Boca Raton						


						FL					
7960
2.09%


7.


							Pompano Beach						


						FL					
7756
2.04%


8.


							Hialeah						


						FL					
7494
1.97%


9.


							Hollywood						


						FL					
7437
1.96%


10.


							West Palm Beach						


						FL					
6207
1.63%





			Show More
		



						Sarasota (5489)
					



						Miami Beach (5374)
					



						Naples (5213)
					



						Saint Petersburg (4947)
					



						Tallahassee (3730)
					



						Fort Myers (3656)
					



						Clearwater (3493)
					



						Kissimmee (2887)
					



						Lake Worth (2776)
					



						Bradenton (2559)
					



						Lakeland (2504)
					



						Pensacola (2473)
					



						Cape Coral (2427)
					



						Delray Beach (2421)
					



						Ocala (2291)
					



						Boynton Beach (2280)
					



						Winter Park (1989)
					



						Gainesville (1908)
					



						Jupiter (1894)
					



						Port Saint Lucie (1791)
					



						Deerfield Beach (1720)
					



						Homestead (1715)
					



						Melbourne (1710)
					



						Palm Beach Gardens (1591)
					



						Vero Beach (1570)
					



						North Miami Beach (1515)
					



						Largo (1497)
					



						Daytona Beach (1472)
					



						New York (1397)
					



						Stuart (1362)
					



						Altamonte Springs (1361)
					



						Longwood (1295)
					



						Saint Augustine (1291)
					



						Opa Locka (1185)
					



						Panama City (1174)
					



						Palm Harbor (1134)
					



						Wellington (1121)
					



						Coral Gables (1100)
					



						New Port Richey (1090)
					



						Hallandale (1089)
					



						Apopka (1084)
					



						Pembroke Pines (1038)
					



						Fort Pierce (1034)
					



						Brandon (1030)
					



						Doral (1028)
					



						Winter Haven (992)
					



						Spring Hill (973)
					



						Coral Springs (973)
					



						Ormond Beach (968)
					



						Key West (961)
					


























12601 blue roan ct. ste 101 tampa fl 33625
po box 262 genoa 89411 usa
adm-2 dental studio corp
elsag in madison nc
651 n knight street belle glade fl
kiwanis health trail in margate florida
4000 e union pacific ave 90023
smartpreach.com reno nv
roger spilman family international llc
3965 w sample rd pompano beach
phillip allen goins usna
invigor incorporated
zal ash llc
rainbow lake lodge cameron mt
aarna of tampa inc edit
gwgg llc
gatekeepers holding llc reno
zzyzx holdings inc
9506 n nebraska ave
jl construction team llc florida
vital life healthcare inc miami fl
datagardens inc po box 11600
zip 3966 howard hughes pkwy las vegas
alyareal bp
linnton rock grand junction co
healthcare industries inc hollywood fl
chino valley released time education newsletter
tamra mong in jacksonville fl
philip eastman m.d.
xeno health group 116 kildrummy ct saint johns fl














Microsoft personalized ad preferences




 













To opt out of personalized ads in this browser, your browser history must allow first-party and third-party cookies and you must have your browsing experience set to NOT delete browsing history on exit. Instructions for enabling cookies and configuring your browsing history may be available in your browsers settings, privacy, or help documentation.

















Sign in
















  Hold on… We’re sorry but this didn’t work.                  You can’t turn off personalized ads right now because your browser is currently blocking third-party cookies. We can help you fix this issue.                Let’s get started:  Depending on what browser you use, open Options or Settings.                  Make sure that third-party cookies are not blocked anymore. To find out how, search your browser’s Help.                                 Revisit http://choice.microsoft.com/opt-out, and then on the “Personalized ads in this browser” tile, click Off.                 ext74081 




  About Our Ads To create a more customized online experience, some of the ads you may receive on Microsoft websites and apps are tailored to your previous activities, searches and site visits. You're in control and here's where you can make the advertising choice that's right for you. ext74075 




  Where Can I Learn More about Advertising on Microsoft Websites and Apps? Microsoft partners with Oath, AppNexus and other third party service providers to help present customized content and display advertisements on MSN, Outlook.com and other websites and apps. Microsoft also delivers search ads to Bing and our search syndication partners. Learn more about Microsoft’s privacy practices here. You can learn more about interest-based ads from Oath and AppNexus in their privacy statements: Oath and AppNexus. What Choices Do I Have About Interest-Based Advertising? On this page, you can opt out of receiving interest based advertising from Microsoft. You can also opt out of receiving interest-based advertising from all self-regulatory members, including Microsoft, Oath, AppNexus and other third party ad networks, at the following sites:  In the US: Digital Advertising Alliance (DAA) In Europe: European Interactive Digital Advertising Alliance (EDAA) In Canada: Ad Choices: Digital Advertising Alliance of Canada (DAAC)  You can control interest-based advertising in Windows apps by turning off the advertising ID in Windows Settings.  More choices  Do you want personalized ads from other companies?  Questions? If you have a privacy question or a question for the Chief Privacy Officer of Microsoft, please contact us by using our web form. We will respond to questions within 30 days. ext74076 




       Personalized ads in this browser     OFF    Opt-out is currently unavailable, please try again later.  Control the "personalized ads" setting for this web browser.  Learn more           If you want Microsoft to show ads that might be relevant to you, click On. To show “generic” ads, click Off.          ext74078 




       Personalized ads wherever I use my Microsoft account     OFF   Sign in to change...    Opt-out is currently unavailable, please try again later.  Control the "personalized ads" setting that applies when you are signed in on any computer or device with your Microsoft account, including Windows, Windows phone, Xbox and other devices.  Learn more                    If you want Microsoft to show ads that might be relevant to you, click On. To show “generic” ads, click Off.         If you choose “generic” ads and use a browser, your choice applies to everyone when using that browser as long as you do not clear your cookies.          ext74079 




       Personalized ads in Windows         In your Windows Settings, you can turn off personalized ads that appear in apps on this device. You’ll still see ads, but they won’t be personalized anymore.     If you have Windows 8.1:            Access the charms by touching or moving your pointer to the right edge of the screen.                 Click or tap Settings, and then click or tap Change PC Settings.                 Click or tap Privacy, and then turn off Let apps use my advertising ID for experiences across apps.          If you have Windows 10:            Click or tap the Start button.                 Click or tap Settings.                 Click or tap Privacy, and then turn off Let apps use my advertising ID for experiences across apps.          If you have a Windows mobile device:            Go to Settings.                 Tap on Privacy.                 Tap on Advertising ID, and then turn off Let apps use my advertising ID for experiences across apps.                If you want to turn off personalized ads from Microsoft wherever you use your Microsoft account including apps on Windows, Windows Phone, Xbox and other devices, you can do so by selecting the Microsoft account option above.    ext74080 














Legal
Privacy & Cookies
© 2017 Microsoft











RGM VALUE OPPORTUNITY FUND IV, LP Credit report, products, contacts













 Florida






Search









    RGM VALUE OPPORTUNITY FUND IV, LP











Company number B11000000173
        

Status Active
        

FEI number


Company Type Foreign Limited Partnership
        

Home State DE
        

Last activity date not available
        

Date Of Incorporation 9/14/2011
        

Principal Address
            9010 STRADA STELL COURT, SUITE 105, NAPLES, 34109
            


Mailing Address 9010 STRADA STELL COURT, SUITE 105, NAPLES, FL, 34109
        
RGM VALUE OPPORTUNITY FUND IV, LP Principals


                Rgm Willow Park Llc
                 


Address
                9010 STRADA STELL COURT, SUITE 105, NAPLES, FL, 34109
                 







Registered Agent

Agent Name CORPORATION SERVICE COMPANY (c)
        

Agent Address
                1201 HAYS STREET, TALLAHASSEE, FL, 32301
                

Description
RGM VALUE OPPORTUNITY FUND IV, LP has been set up 9/14/2011 in state DE.  
The current status of the business is Active. The RGM VALUE OPPORTUNITY FUND IV, LP principal adress is 9010 STRADA STELL COURT, SUITE 105, NAPLES, 34109. 
Meanwhile you can send your letters to 9010 STRADA STELL COURT, SUITE 105, NAPLES, FL, 34109. 
The company`s registered agent is CORPORATION SERVICE COMPANY 1201 HAYS STREET, TALLAHASSEE, FL, 32301.  
The company`s management are  - Rgm Willow Park Llc.






Comprehensive Report about this company
        





(view sample)








Similar Companies
RGM VALUE OPPORTUNITY FUND, LP
RGM VALUE OPPORTUNITY FUND V, LP
RGM VENTURES, INC
RGM WHOLESALES INC
RGM WILLOW PARK, LLC
RGM WOODCRAFT L.L.C.

















Rgm Value Opportunity Fund Iv, Lp · 9010 Strada Stell Ct, Naples, FL 34109










Toggle navigation





DATAGOVUS





Business

California
Colorado
Connecticut
Florida
Iowa
Nevada
New York
Oregon
Texas
Washington

Berkeley
Chicago
Hartford
Kansas City
Las Vegas
Los Angeles
New York City
Palo Alto
Pasadena
Philadelphia
Portland
Providence
Sacramento
San Diego
San Francisco
Santa Monica
Washington DC



Employee

New Jersey
Washington
Broome County
Chicago
Charlotte
Los Angeles
Montgomery County
Nashville
Palo Alto
Philadelphia



New York

Corporation
Attorney



Los Angeles

Business
Foreclosure
Parcel
Employee
Property



Other

San Diego Property
Philadelphia Property
Washington Lawyer
Washington Health Care
Physician





Go








Find Corporation in Florida





Go



















			Rgm Value Opportunity Fund Iv, Lp
9010 Strada Stell Ct, Naples, FL 34109




Florida Corporation




Naples




 34109 















Rgm Value Opportunity Fund IV, Lp is corporation
		registered with the Division of Corporations, Florida Department of State.
	The document number is B11000000173.
	The date filed is Wednesday, September 14, 2011.
	The record status is Active. 
		The address is 9010 Strada Stell Ct, Naples, FL 34109.
	The city is 
		Naples.
	The zip code is
		34109.
	



Rgm Value Opportunity Fund Iv, Lp · 9010 Strada Stell Ct, Naples, FL 34109




Document Number

		B11000000173		


Entity Name

		Rgm Value Opportunity Fund IV, Lp		


Filing Type

		Foreign Limited Partnership		


Status

		Active		


Date Filed

		Wednesday, September 14, 2011		


Registered Agent

		Robert G. Moses		


Address

				9010 Strada Stell Ct, Naples,  FL 34109 







Zip 34109 ·  Florida Corporation




State ID
Entity Name
Address


L15000035492
4501 Executive Drive, LLC
9115 Galleria Ct, Naples, FL 34109


L03000013501
B.e. Devco, L.l.c.
2190 J and C Blvd, Naples, FL 34109


P00000117878
William A. Leach IIi, Inc.
4645 Rio Poco Ct, Naples, FL 34109


L12000009408
Zonia's Cleaning LLC
2399 Bear Creek Dr, Naples, FL 34109


L11000119018
Premier Student Living LLC
3557 Pine Ridge Rd, Naples, FL 34109


F06000006945
Manus Products-minnesota, Inc.
1881 J and C Blvd, Naples, FL 34109


P96000008140
Healthcare Development Resources, Inc.
2039 Mission Dr, Naples, FL 34109


P96000053416
Coastline Media, Inc.
1951 J and C Blvd, Naples, FL 34109


P02000064071
Blair Homes, Inc.
5880 Shirley St, Naples, FL 34109


P04000112805
Quad K Investments, Inc.
8137 Ronda Ct, Naples, FL 34109


L07000099424
Extra Pizza, LLC
2316 Pine Ridge Rd, Naples, FL 34109


L09000029635
J and J Trim Carpentry, LLC
6721 Livingston Woods Ln, Naples, FL 34109


P04000030094
M Lang Interior Inc.
2848 Mizzen Way, Naples, FL 34109


L03000015018
Keg Properties, LLC
2051 Trade Center Way, Naples, FL 34109


P99000090893
Gulf Coast Guide Services, Inc.
2316 Pine Ridge Rd, Naples, FL 34109


L06000096289
Matt Nardolillo L.l.c.
1415 Panther Ln, Naples, FL 34109


P06000154366
Zef Palokaj Inc
2289 Arbour Walk Cir, Naples, FL 34109


L09000051323
Fillmore Machine, LLC
5910 Taylor Rd, Naples, FL 34109


P97000021739
Doctors Strategic Investments, Inc.
2316 Pine Ridge Rd, Naples, FL 34109


L10000080160
Licata, LLC
7955 Airport Pulling Rd N, Naples, FL 34109





























12601 blue roan ct. ste 101 tampa fl 33625
po box 262 genoa 89411 usa
adm-2 dental studio corp
elsag in madison nc
651 n knight street belle glade fl
kiwanis health trail in margate florida
4000 e union pacific ave 90023
smartpreach.com reno nv
roger spilman family international llc
3965 w sample rd pompano beach
phillip allen goins usna
invigor incorporated
zal ash llc
rainbow lake lodge cameron mt
aarna of tampa inc edit
gwgg llc
gatekeepers holding llc reno
zzyzx holdings inc
9506 n nebraska ave
jl construction team llc florida
vital life healthcare inc miami fl
datagardens inc po box 11600
zip 3966 howard hughes pkwy las vegas
alyareal bp
linnton rock grand junction co
healthcare industries inc hollywood fl
chino valley released time education newsletter
tamra mong in jacksonville fl
philip eastman m.d.
xeno health group 116 kildrummy ct saint johns fl














Microsoft personalized ad preferences




 













To opt out of personalized ads in this browser, your browser history must allow first-party and third-party cookies and you must have your browsing experience set to NOT delete browsing history on exit. Instructions for enabling cookies and configuring your browsing history may be available in your browsers settings, privacy, or help documentation.

















Sign in
















  Hold on… We’re sorry but this didn’t work.                  You can’t turn off personalized ads right now because your browser is currently blocking third-party cookies. We can help you fix this issue.                Let’s get started:  Depending on what browser you use, open Options or Settings.                  Make sure that third-party cookies are not blocked anymore. To find out how, search your browser’s Help.                                 Revisit http://choice.microsoft.com/opt-out, and then on the “Personalized ads in this browser” tile, click Off.                 ext74081 




  About Our Ads To create a more customized online experience, some of the ads you may receive on Microsoft websites and apps are tailored to your previous activities, searches and site visits. You're in control and here's where you can make the advertising choice that's right for you. ext74075 




  Where Can I Learn More about Advertising on Microsoft Websites and Apps? Microsoft partners with Oath, AppNexus and other third party service providers to help present customized content and display advertisements on MSN, Outlook.com and other websites and apps. Microsoft also delivers search ads to Bing and our search syndication partners. Learn more about Microsoft’s privacy practices here. You can learn more about interest-based ads from Oath and AppNexus in their privacy statements: Oath and AppNexus. What Choices Do I Have About Interest-Based Advertising? On this page, you can opt out of receiving interest based advertising from Microsoft. You can also opt out of receiving interest-based advertising from all self-regulatory members, including Microsoft, Oath, AppNexus and other third party ad networks, at the following sites:  In the US: Digital Advertising Alliance (DAA) In Europe: European Interactive Digital Advertising Alliance (EDAA) In Canada: Ad Choices: Digital Advertising Alliance of Canada (DAAC)  You can control interest-based advertising in Windows apps by turning off the advertising ID in Windows Settings.  More choices  Do you want personalized ads from other companies?  Questions? If you have a privacy question or a question for the Chief Privacy Officer of Microsoft, please contact us by using our web form. We will respond to questions within 30 days. ext74076 




       Personalized ads in this browser     OFF    Opt-out is currently unavailable, please try again later.  Control the "personalized ads" setting for this web browser.  Learn more           If you want Microsoft to show ads that might be relevant to you, click On. To show “generic” ads, click Off.          ext74078 




       Personalized ads wherever I use my Microsoft account     OFF   Sign in to change...    Opt-out is currently unavailable, please try again later.  Control the "personalized ads" setting that applies when you are signed in on any computer or device with your Microsoft account, including Windows, Windows phone, Xbox and other devices.  Learn more                    If you want Microsoft to show ads that might be relevant to you, click On. To show “generic” ads, click Off.         If you choose “generic” ads and use a browser, your choice applies to everyone when using that browser as long as you do not clear your cookies.          ext74079 




       Personalized ads in Windows         In your Windows Settings, you can turn off personalized ads that appear in apps on this device. You’ll still see ads, but they won’t be personalized anymore.     If you have Windows 8.1:            Access the charms by touching or moving your pointer to the right edge of the screen.                 Click or tap Settings, and then click or tap Change PC Settings.                 Click or tap Privacy, and then turn off Let apps use my advertising ID for experiences across apps.          If you have Windows 10:            Click or tap the Start button.                 Click or tap Settings.                 Click or tap Privacy, and then turn off Let apps use my advertising ID for experiences across apps.          If you have a Windows mobile device:            Go to Settings.                 Tap on Privacy.                 Tap on Advertising ID, and then turn off Let apps use my advertising ID for experiences across apps.                If you want to turn off personalized ads from Microsoft wherever you use your Microsoft account including apps on Windows, Windows Phone, Xbox and other devices, you can do so by selecting the Microsoft account option above.    ext74080 














Legal
Privacy & Cookies
© 2017 Microsoft













RGM WOODCRAFT L.L.C., L07000106314 | Fl-registry.com












































RGM WOODCRAFT L.L.C.
160 LIVE OAK WOODS CT #7C, DELTONA, FL, 32725

















The company RGM WOODCRAFT L.L.C. has been registered in the state of Florida on 18th October 2007 and has the registration number L07000106314. The exact address of the company RGM WOODCRAFT L.L.C. headquarters is 160 LIVE OAK WOODS CT #7C, DELTONA, FL, 32725. Current status of the company is Inactive. The main registering agent for this company was GUTIERREZ           EDWINS (p) and his address is 2286 NEWMARK DR, DELTONA, FL, 32738
Company


Company name
RGM WOODCRAFT L.L.C.


Address
160 LIVE OAK WOODS CT #7C, DELTONA, FL, 32725


Status
Inactive


Company number
L07000106314


Company type
Florida Limited Liability


Home state
FL


County



Incorporation Date
18th October 2007



				Agent
				
				
				
				
			


Name
GUTIERREZ           EDWINS (p)


Address
2286 NEWMARK DR, DELTONA, FL, 32738











Do you know this company? Do you have positive or negative experience with RGM WOODCRAFT L.L.C.? Rate the company and help other users.
 
+
0
-



Related companies

RGM WOODWORKS LLC
RGM, LLC
RGM, POOLS & SPAS, LLC
RGMAHAFFEY LLC
RGMAR, LLC
RGMBF ENTERPRISES, INC.
RGMC ENTERPRISES, INC.
RGMC PARALEGAL SERVICES INCORPORATED
RGMC, LLC
RGMCH AUTO PARTS INC.
RGMD LLC
RGMENTERPRISES LLC
RGMG ENTERPRISES, LLC
RGMG FOOD CORPORATION
RGMG GROUP INC
RGMH, INC.
RGMJ ENTERPRISES, INC.
RGMN BUYDIRECT INC.


RGM WHOLESALES INC
RGM VENTURES, INC
RGM VALUE OPPORTUNITY FUND, LP
RGM VALUE OPPORTUNITY FUND V, LP
RGM VALUE OPPORTUNITY FUND IV, LP
RGM VALUE OPPORTUNITY FUND III, LP
RGM VALUE OPPORTUNITY FUND II, LP
RGM USA MEDICAL, INC.
RGM TRUCK LINES, INC.
RGM TRANSPORTATION CORP
RGM TRANSPORT INC
RGM TITLE SERVICES, LLC
RGM TILE INC
RGM TECHNOLOGIES LLC
RGM TAX AND INSURANCE SERVICES INC
RGM TAX ADVISORY GROUP, P.A.
RGM SOLUTIONS, INC.
RGM SERVICES, INC.

Similar company number

NOTTINGHAM HOLDINGS, LLC
VISIONARY GYNECOLOGY, PL
LASER VAGINAL REJUVENATION INSTITUTE OF ST. PETERSBURG, LLC
LASER VAGINAL REJUVENATION INSTITUTE OF WESTCHASE, LLC
LASER VAGINAL REJUVENATION INSTITUTE OF CLEARWATER, LLC
LASER VAGINAL REJUVENATION INSTITUTE OF SARASOTA, LLC
CONDOR PROPERTIES DEVELOPMENT LLC
CALL IN SICK AMERICA, L.L.C.
LASER VAGINAL REJUVENATION INSTITUTE OF TAMPA BAY, LLC
LVRI OF WESTCHASE, LLC
LVRI OF CLEARWATER, LLC
CHRESTOS, LLC
LVRI OF SARASOTA, LLC
LVRI OF TAMPA BAY, LLC
PRIME PROPERTY ADVISORS, LLC
XTREME CONTRACTORS TEAM, LLC
PLAZA DOOR/PROTECH, LLC
DML HOME REPAIR & REMODELING LLC


PITCH YOUR DEAL ON TV LLC
FINANCIAL PLANNING & INSURANCE SERVICES L.L.C.
GUTTER RUNNERS, L.L.C.
THE INJURY GUIDE LLC
NEW HORIZONS PROFESSIONALS, LLC
3250 MERIDIAN PARKWAY, LLC
LATCOMVOIP, LLC
PRIMELAND HOLDINGS LLC
PASJAS, LLC
IT'S A REAL MYSTERY LLC
UNDERCURRENTS, L.L.C.
BUCKS PAINTING AND REMODELING LLC
GSA ZONE LLC
A.J.R. RACING LLC
GLOBAL TECHNOLOGIES SERVICES, LLC
LA JETSET, LLC
B & G CARGO EXPRESS, LLC
QUALITY SPECIALTY PRODUCTS, LLC






















Eaton Partners Serves As Placement Agent For MCH Iberian Capital Fund IV LPHomeMailFlickrTumblrNewsSportsFinanceCelebrityAnswersGroupsMobileMoreTry Yahoo Finance on Firefox »YahooSearchSearchSign inU.S. Markets open in 1 hr 28 minsS&P Futures2,465.50-6.50 (-0.26%)Dow Futures21,713.00-30.00 (-0.14%)Nasdaq Futures5,875.75-33.75 (-0.57%)Eaton Partners Serves As Placement Agent For MCH Iberian Capital Fund IV LPPR NewswireMay 19, 2017ReblogShareTweetShareMADRID, May 19, 2017 /PRNewswire/ -- Eaton Partners, one of the largest placement agents in the world and a wholly owned subsidiary of Stifel Financial Corp. (NYSE:  SF) , is pleased to announce that MCH Private Equity has held a final close for its fourth middle market private equity fund. The fund, MCH Iberian Capital Fund IV, ("Fund IV"), closed at its hardcap of 350M€.MCH Private Equity is one of the most established independent private equity groups in Spain. The firm was founded in 1998 by José María Muñoz and Jaime Hernández Soto and invests in diverse economic sectors including specialised machinery and industries, services, consumer products and distribution among others.The oversubscribed Fund experienced significant demand with support from a diverse range of institutional investors. Eaton Partners, a Stifel Company, served as advisor and exclusive fund placement agent."We are very pleased to have closed our fourth institutional private equity fund with commitments from new and returning partners," said Mr. Muñoz, Founding Partner of MCH Private Equity. "Spain is the growth engine of Europe and, with over 5,000 middle market companies, there is significant opportunity for experienced private equity investors to add value and take companies to the next level."    "The successful raise of MCH Private Equity's fourth fund amid a challenging marketplace in Europe speaks volumes about the experience and strong track record of the firm and the opportunities investors see in Spanish middle-market companies," said Gianluca D'Angelo, Managing Director and Head of Europe at Eaton Partners.About Eaton Partners, LLCEaton Partners is widely recognized as one of the largest and most experienced global placement agents. Since 1983, the firm has participated in raising over $75 billion of institutional capital across more than 100 highly differentiated alternative investment funds and offerings, including limited partnership interests, general partner interests, co-investments and direct investment opportunities. With over 60 professionals across offices in North America, Europe, and Asia, the firm raises institutional capital for investment managers across a full range of alternative strategies: private equity, private credit, real assets, real estate, and hedge funds/public market strategies.  Partnering with a select number of the highest-quality fund managers, Eaton Partners has represented some of the most innovative funds of the last three decadesIn January 2016, Eaton Partners became a wholly owned subsidiary and affiliate of Stifel Financial Corp., a leading middle-market investment bank, to further ensure Eaton's success at the highest level of the global placement business.Eaton Partners, LLC, is a registered broker-dealer and a member of FINRA.   It is registered as an Introducing Broker with the Commodity Futures Trading Commission and is a member of the National Futures Association (NFA).  Eaton Partners (UK) LLP is authorized and regulated by the Financial Conduct Authority (FCA).  Eaton Partners Advisors (HK) Limited is approved as a Type 1 License company under the Securities and Futures Commission (SFC) in Hong Kong.  Eaton Partners and the Eaton partners logo are trademarks of Eaton Partners, LLC, a limited liability company ® Eaton Partners, LLC, 2017.  Eaton Partners, LLC is a wholly owned subsidiary and affiliate of Stifel Financial Corp.Stifel Company InformationStifel Financial Corp. (SF) is a financial services holding company headquartered in St. Louis, Missouri, that conducts its banking, securities, and financial services business through several wholly owned subsidiaries. Stifel's broker-dealer clients are served in the United States through Stifel, Nicolaus & Company, Incorporated; Keefe Bruyette & Woods, Inc.; Miller Buckfire & Co., LLC; Century Securities Associates, Inc.; and Eaton Partners, LLC, and in the United Kingdom and Europe through Stifel Nicolaus Europe Limited. The Company's broker-dealer affiliates provide securities brokerage, investment banking, trading, investment advisory, and related financial services to individual investors, professional money managers, businesses, and municipalities. Stifel Bank & Trust offers a full range of consumer and commercial lending solutions. Stifel Trust Company, N.A. and Stifel Trust Company Delaware, N.A. offer trust and related services. To learn more about Stifel, please visit the Company's web site at http://www.stifel.com.Read MoreMedia Contact for Eaton Partners:Dukas Linden Public Relations 212-704-7385 eaton@dlpr.comTo view the original version on PR Newswire, visit:http://www.prnewswire.com/news-releases/eaton-partners-serves-as-placement-agent-for-mch-iberian-capital-fund-iv-lp-300460690.htmlReblogShareTweetShareRecently ViewedYour list is empty.What to Read NextApollo raises $24.6 billion for largest private equity fund everReutersZuckerberg Wife's Ambitious Secret Finally ExposedUNewz.MeSponsoredTop 5 Companies Owned by FordInvestopediaCapturing Capital MarketsBloombergHoward Marks Sounds the Alarm on Tech, Cryptocurrencies and Private EquityBloombergEngineer Finds Pattern; Makes Millions in StocksMoney MorningSponsoredTrump’s unwitting legacy could be universal health coverageYahoo FinanceSean Hannity responds to claim he ran up a $42,000 tab at Trump's hotel after flying in a 70-year-old lobster from MaineBusiness InsiderRepublicans warn Trump: No confirmation hearing for a Sessions replacement, and no recess appointment eitherBusiness InsiderThis Will Be In Everyone's Household By 2020Banyan HillSponsoredTwitter is only famous now because of President Trump: NYSE traderYahoo Finance VideoGDP — What you need to know in markets on FridayYahoo FinanceMattis was on vacation when Trump tweeted transgender ban, and he was reportedly 'appalled' by itBusiness Insider"Women Need To Carry This Device With Them"Siren SongSponsoredAmazon wobble ripples across world stock marketsReutersMerck profit beats as Keytruda sales soar, expenses dropReutersRussia orders cut in US diplomats in reaction to sanctionsDirk: Gosh, I hope this doesn't lead Russia to deny America of all the Russian cars, Russian electronics, Russian textiles and all other Russian products that we consume.

Oh wait...we don't. They're irrelevant.Join the Conversation1 / 5171














Florida Corporation










Toggle navigation





DATAGOVUS





Business

California
Colorado
Connecticut
Florida
Iowa
Nevada
New York
Oregon
Texas
Washington

Berkeley
Chicago
Hartford
Kansas City
Las Vegas
Los Angeles
New York City
Palo Alto
Pasadena
Philadelphia
Portland
Providence
Sacramento
San Diego
San Francisco
Santa Monica
Washington DC



Employee

New Jersey
Washington
Broome County
Chicago
Charlotte
Los Angeles
Montgomery County
Nashville
Palo Alto
Philadelphia



New York

Corporation
Attorney



Los Angeles

Business
Foreclosure
Parcel
Employee
Property



Other

San Diego Property
Philadelphia Property
Washington Lawyer
Washington Health Care
Physician





Go








Find Corporation in Florida





Go



















			Florida Corporation





Florida Corporation














Dataset Overview

	This dataset contains listing of 1m corporations 
	registered with the Corporations Division of Florida Secretary of State.
	Each corporation is registered with the following information:
		Florida State Unified Business Identifier (State_ID),
		legal business name,
		category,
		state of incorporation,
		date of incorporation,
		expiration date of the most recent annual report,
		dissolution date if dissolved,
		duration of corporation,
		active,
		profit or non-profit,
		registered agent name and address,
		governing person (president, vice-president, member) and address,
		etc.




City · Florida Corporation





City
State
Corporations


1.


							Miami						


						FL					
50899
13.38%


2.


							Fort Lauderdale						


						FL					
18200
4.78%


3.


							Orlando						


						FL					
14407
3.79%


4.


							Tampa						


						FL					
12524
3.29%


5.


							Jacksonville						


						FL					
9740
2.56%


6.


							Boca Raton						


						FL					
7960
2.09%


7.


							Pompano Beach						


						FL					
7756
2.04%


8.


							Hialeah						


						FL					
7494
1.97%


9.


							Hollywood						


						FL					
7437
1.96%


10.


							West Palm Beach						


						FL					
6207
1.63%





			Show More
		



						Sarasota (5489)
					



						Miami Beach (5374)
					



						Naples (5213)
					



						Saint Petersburg (4947)
					



						Tallahassee (3730)
					



						Fort Myers (3656)
					



						Clearwater (3493)
					



						Kissimmee (2887)
					



						Lake Worth (2776)
					



						Bradenton (2559)
					



						Lakeland (2504)
					



						Pensacola (2473)
					



						Cape Coral (2427)
					



						Delray Beach (2421)
					



						Ocala (2291)
					



						Boynton Beach (2280)
					



						Winter Park (1989)
					



						Gainesville (1908)
					



						Jupiter (1894)
					



						Port Saint Lucie (1791)
					



						Deerfield Beach (1720)
					



						Homestead (1715)
					



						Melbourne (1710)
					



						Palm Beach Gardens (1591)
					



						Vero Beach (1570)
					



						North Miami Beach (1515)
					



						Largo (1497)
					



						Daytona Beach (1472)
					



						New York (1397)
					



						Stuart (1362)
					



						Altamonte Springs (1361)
					



						Longwood (1295)
					



						Saint Augustine (1291)
					



						Opa Locka (1185)
					



						Panama City (1174)
					



						Palm Harbor (1134)
					



						Wellington (1121)
					



						Coral Gables (1100)
					



						New Port Richey (1090)
					



						Hallandale (1089)
					



						Apopka (1084)
					



						Pembroke Pines (1038)
					



						Fort Pierce (1034)
					



						Brandon (1030)
					



						Doral (1028)
					



						Winter Haven (992)
					



						Spring Hill (973)
					



						Coral Springs (973)
					



						Ormond Beach (968)
					



						Key West (961)
					







Zip Code · Florida Corporation





Zip Code
City
Corporations


1.


							33131						


						Miami					
4016
1.06%


2.


							33139						


						Miami Beach					
2730
0.72%


3.


							33166						


						Miami					
2281
0.60%


4.


							33134						


						Miami					
2180
0.57%


5.


							33186						


						Miami					
2066
0.54%


6.


							33126						


						Miami					
1684
0.44%


7.


							33155						


						Miami					
1652
0.43%


8.


							33012						


						Hialeah					
1609
0.42%


9.


							33431						


						Boca Raton					
1592
0.42%


10.


							33309						


						Fort Lauderdale					
1455
0.38%





			Show More
		



						33021 (1444)
					



						33172 (1432)
					



						33432 (1425)
					



						33301 (1425)
					



						33133 (1422)
					



						33020 (1410)
					



						33401 (1397)
					



						33308 (1333)
					



						33156 (1330)
					



						32819 (1325)
					



						33176 (1304)
					



						32801 (1283)
					



						33165 (1266)
					



						33064 (1250)
					



						33016 (1234)
					



						33010 (1214)
					



						33160 (1182)
					



						32789 (1176)
					



						33433 (1174)
					



						33180 (1171)
					



						33175 (1166)
					



						33142 (1154)
					



						33015 (1127)
					



						33312 (1125)
					



						33140 (1113)
					



						33157 (1088)
					



						33414 (1072)
					



						33137 (1069)
					



						33311 (1049)
					



						33024 (1048)
					



						33144 (1047)
					



						33130 (1046)
					



						33009 (1038)
					



						33132 (1034)
					



						34236 (1033)
					



						33141 (1023)
					



						33143 (1002)
					



						33145 (973)
					



						33014 (945)
					



						33173 (944)
					



						33458 (939)
					



						33607 (936)
					



						33316 (927)
					



						33179 (924)
					



						33125 (913)
					



						33178 (907)
					



						33304 (905)
					



						33410 (905)
					



						33487 (904)
					



						33040 (897)
					



						33162 (895)
					



						33602 (891)
					



						33324 (883)
					



						33442 (882)
					



						33062 (880)
					



						33023 (878)
					



						33138 (863)
					



						33135 (861)
					



						33169 (849)
					



						33069 (846)
					



						33334 (839)
					



						33065 (837)
					



						32301 (831)
					



						32837 (818)
					



						33441 (813)
					



						32714 (803)
					



						33609 (795)
					



						32207 (792)
					



						32256 (789)
					



						33134 (785)
					



						33614 (779)
					



						33480 (778)
					



						33161 (761)
					



						32835 (757)
					



						33409 (757)
					



						34744 (745)
					



						34102 (743)
					



						33183 (737)
					



						33411 (735)
					



						33177 (731)
					



						33060 (729)
					



						32803 (725)
					



						33408 (718)
					



						33511 (713)
					



						33428 (709)
					



						33914 (705)
					



						32746 (703)
					



						34741 (699)
					



						32792 (699)
					



						33147 (698)
					



						32174 (697)
					



						33319 (696)
					



						33606 (696)
					



						33129 (694)
					



						33467 (692)
					



						33483 (692)
					



						33196 (691)
					



						33351 (686)
					



						32751 (685)
					



						33013 (683)
					



						34231 (681)
					



						32750 (678)
					



						33647 (675)
					



						32303 (675)
					



						33904 (673)
					



						33071 (669)
					



						33174 (669)
					



						32765 (659)
					



						33418 (656)
					



						33486 (639)
					







Entity Type · Florida Corporation





Entity Type
Corporations


1.


							Florida Limited Liability						

215268
56.59%


2.


							Domestic for Profit Corporation						

110382
29.02%


3.


							Foreign for Profit Corporation						

22644
5.95%


4.


							Foreign Limited Liability						

14626
3.85%


5.


							Domestic Non Profit Corporation						

13311
3.50%


6.


							Domestic Limited Partnership						

2524
0.66%


7.


							Foreign Non Profit Corporation						

957
0.25%


8.


							Foreign Limited Partnership						

468
0.12%


9.


							Declaration of Registered Agent						

140
0.04%


10.


							Declaration of Trust						

52
0.01%







 Florida Corporation




State ID
Entity Name
Address


P16000008371
Hawthorne & Associates Corp.
1325 Portofino Cir, Weston, FL 33326


L15000098040
Relentless Construction LLC
1179 Settlers Loop, Geneva, FL 32732


L14000101611
Joe Price Insurance Inspections LLC
3311 97th Ln E, Palmetto, FL 34221


G12508
Polo De Argentina, Inc.
251 Royal Palm Way, Palm Beach, FL 33480


L06000036216
Thor Participation, LLC
1900 Sw 3rd Ave, Miami, FL 33129


L01000004700
Randy Ellis Family L.l.c.
W8175 Millie Hill Estates Dr, Iron Mountain, MI 49801


L00000010912
Maxusa, LLC
1604 Nw 84th Ave, Miami, FL 33126


L09000011154
G-2 Asset, LLC
Hc 5 Box 6794, Aguas Buenas, PR 00703


P15000068521
Wanda Enterprises, Corp
1720 Stonehaven Dr, Boynton Beach, FL 33436


L09000090751
Hammock Properties LLC
200 Ocean Crest Dr, Palm Coast, FL 32137


L16000176648
C & D Pressure Washing, LLC
10822 Executive Dr, Jacksonville, FL 32225


L97000001115
Ttwd Limited Liability Company
Po Box 306, Weston, MA 02493


L04000093051
Aapex Holdings, LLC
6201 Cherry St, Panama City, FL 32404


S68409
Pollutant Containment Technologies, Inc.
Po Box 1925, Lake City, FL 32056


P04000082100
T.e.a.m. Concept Investments, Inc.
5834 Nw Begonia Ave, Port Saint Lucie, FL 34986


M88502
John F. Breen, M.d., P.a.
2814 W Virginia Ave, Tampa, FL 33607


L12000119425
Putnam Hall Property LLC
Po Box 23602, Jacksonville, FL 32241


151373
West Farms Inc



P12000072454
Wisdom Pm Corporation
530 Belvedere Rd, West Palm Beach, FL 33405


L14000108865
Wenni, LLC
493 Boundary Blvd, Rotonda West, FL 33947


























12601 blue roan ct. ste 101 tampa fl 33625
po box 262 genoa 89411 usa
adm-2 dental studio corp
elsag in madison nc
651 n knight street belle glade fl
kiwanis health trail in margate florida
4000 e union pacific ave 90023
smartpreach.com reno nv
roger spilman family international llc
3965 w sample rd pompano beach
phillip allen goins usna
invigor incorporated
zal ash llc
rainbow lake lodge cameron mt
aarna of tampa inc edit
gwgg llc
gatekeepers holding llc reno
zzyzx holdings inc
9506 n nebraska ave
jl construction team llc florida
vital life healthcare inc miami fl
datagardens inc po box 11600
zip 3966 howard hughes pkwy las vegas
alyareal bp
linnton rock grand junction co
healthcare industries inc hollywood fl
chino valley released time education newsletter
tamra mong in jacksonville fl
philip eastman m.d.
xeno health group 116 kildrummy ct saint johns fl

















Zip 34109 · Florida Corporation










Toggle navigation





DATAGOVUS





Business

California
Colorado
Connecticut
Florida
Iowa
Nevada
New York
Oregon
Texas
Washington

Berkeley
Chicago
Hartford
Kansas City
Las Vegas
Los Angeles
New York City
Palo Alto
Pasadena
Philadelphia
Portland
Providence
Sacramento
San Diego
San Francisco
Santa Monica
Washington DC



Employee

New Jersey
Washington
Broome County
Chicago
Charlotte
Los Angeles
Montgomery County
Nashville
Palo Alto
Philadelphia



New York

Corporation
Attorney



Los Angeles

Business
Foreclosure
Parcel
Employee
Property



Other

San Diego Property
Philadelphia Property
Washington Lawyer
Washington Health Care
Physician





Go








Find Corporation in Florida





Go



















			Zip 34109 · Florida Corporation





Florida Corporation




 34109 
















Zip 34109 ·  Florida Corporation




State ID
Entity Name
Address


L02000007489
Ridgeport Restaurant Development Group LLC
5425 Airport Pulling Rd N, Naples, FL 34109


L92613
P. J. Christopher & Company, Inc.
2620 Fountain View Ln, Naples, FL 34109


L05000099847
Richard Teach, LLC
10016 Boca Ave S, Naples, FL 34109


L04000042236
Bozza Land Holdings, LLC
1857 Mission Dr, Naples, FL 34109


L07000123013
1st Associates Trust, LLC.
2430 Vanderbilt Beach Rd, Naples, FL 34109


P05000020549
Raymond W. Snow, Jr., P.a.
2645 Magnolia Park Ln, Naples, FL 34109


P12000040377
Angels for The Golden Years, Inc.
9629 Crescent Garden Dr, Naples, FL 34109


L14000087820
Dac Asset Management LLC
1575 Clermont Dr, Naples, FL 34109


443882
Teach Commercial Contractors, Inc.
5515 Yahl St, Naples, FL 34109


P93000064502
Prep*work, Inc.
5833 Houchin St, Naples, FL 34109


P93000066695
Shades of Naples, Inc.
960 Hidden Harbour Dr, Naples, FL 34109


P00000047842
Inzerillo, Inc.
1791 Trade Center Way, Naples, FL 34109


P12000007995
Richard La Barca Sales, Inc.
6636 Mill Run Cir, Naples, FL 34109


L09000052699
Beach Funk Studio LLC
5760 Shirley St, Naples, FL 34109


M95564
Randall James Company, Inc.
5467 Yahl St, Naples, FL 34109


B12000000155
Rgm Value Opportunity Fund IIi, Lp
9010 Strada Stell Ct, Naples, FL 34109


L10000111690
Mdrwv, LLC
6635 Willow Park Dr, Naples, FL 34109


L15000065730
Preparing for You, LLC
3453 Donoso Ct, Naples, FL 34109


P06000154366
Zef Palokaj Inc
2289 Arbour Walk Cir, Naples, FL 34109


L08000020096
Zen Tackle, LLC
1786 Trade Center Way, Naples, FL 34109


L07000033808
Ridgeport Restaurant Development Group LLC
5425 Airport Pulling Rd N, Naples, FL 34109


P13000024769
Cobra Management Team, Inc.
1575 Pine Ridge Rd, Naples, FL 34109


L14000136354
Rws Worldwide, LLC
3303 Cerrito Ct, Naples, FL 34109


L05000028453
Artistic Science LLC
2025 J and C Blvd, Naples, FL 34109


L09000076426
Realistic Real Estate Solutions, LLC
1826 Trade Center Way, Naples, FL 34109


P98000015221
Sarahjane Doughgirls, Inc.
5435 Airport Pulling Rd N, Naples, FL 34109


P16000084774
Keith Allen Basik P.a.
7593 Cordoba Cir, Naples, FL 34109


P00000040366
Zkada, Inc.
1646 Trade Center Way, Naples, FL 34109


N10000002080
Mizuno Edge, Inc
5000 Fairhaven Ln, Naples, FL 34109


L13000068180
Zivotrade, LLC
7955 Airport Pulling Rd N, Naples, FL 34109


P10000003792
Randall Business Development Inc
7577 Cordoba Cir, Naples, FL 34109


P96000006301
Fortune & Lions Solutions, Inc.
2316 Pine Ridge Rd, Naples, FL 34109


L06000057477
Apg Builders, LLC
9250 The Ln, Naples, FL 34109


P97000085153
Classic Cabinetry of Naples, Inc.
2403 Trade Center Way, Naples, FL 34109


L09000072686
Sarahbecom,llc
8058 Vera Cruz Way, Naples, FL 34109


P06000035630
Quality Mirror of Naples, Inc.
5534 Yahl St, Naples, FL 34109


L13000178010
Bhec, LLC
3375 Vanderbilt Beach Rd, Naples, FL 34109


S72275
Yeager Ward and Associates, Inc.
6100 Cypress Hollow Way, Naples, FL 34109


P98000108175
Freedom of Naples, Inc.
1905 Fairfax Cir, Naples, FL 34109


L03000046927
Herb Ellard Cabinet Design & Mfg., LLC
1855 J and C Blvd, Naples, FL 34109


N06000005582
O I D H,inc
3210 Bermuda Isle Cir, Naples, FL 34109


L05000046903
Rinaldi Group, LLC
1911 Curling Ave, Naples, FL 34109


P04000112805
Quad K Investments, Inc.
8137 Ronda Ct, Naples, FL 34109


L11000130226
Park Shore Holdings LLC
6937 Autumn Woods Blvd, Naples, FL 34109


N99000007023
Oak Strand At The Brooks Homeowners Association, Inc.
1719 Trade Center Way, Naples, FL 34109


P04000030094
M Lang Interior Inc.
2848 Mizzen Way, Naples, FL 34109


P16000096541
Lrodriguez Hauling Inc
2286 Arbour Walk Cir, Naples, FL 34109


P09000039153
Purple Goose, Inc.
6201 Shirley St, Naples, FL 34109


P11000047143
Herbal Adventures Inc.
9809 Whitehall St, Naples, FL 34109


P95000046116
C & D Warehouse, Inc.
1989 Trade Center Way, Naples, FL 34109


L14000136370
Orchid of Naples, LLC
2055 Trade Center Way, Naples, FL 34109


P10000064634
Zimcar Enterprises, Inc.
1875 Les Chateaux Blvd, Naples, FL 34109


P01000063678
Gulf Coast Lending, Inc.
9150 Galleria Ct, Naples, FL 34109


P14000009021
Voila Taxi Inc.
5609 Marigold Way, Naples, FL 34109


P00000117878
William A. Leach IIi, Inc.
4645 Rio Poco Ct, Naples, FL 34109


L12000128445
Phase 3 Insights, LLC
3132 Sundance Cir, Naples, FL 34109


L06000076488
Bglm Realty Group, LLC
2037 J and C Blvd, Naples, FL 34109


F10000001710
Pallet Direct, Inc.
5660 Cypress Hollow Way, Naples, FL 34109


L10000110458
Triple Crown Sports Agency LLC
3280 Bermuda Isle Cir, Naples, FL 34109


L04000038520
Sh Properties of Naples, LLC
2223 Trade Center Way, Naples, FL 34109


L08000056677
Zivkoff Designs, LLC
7105 Timberland Cir, Naples, FL 34109


L11000119018
Premier Student Living LLC
3557 Pine Ridge Rd, Naples, FL 34109


M15000001069
Market Research LLC
2430 Vanderbilt Beach Rd, Naples, FL 34109


P04000137309
Vincent L. Mattio, P.a.
2048 Timberline Dr, Naples, FL 34109


L68844
Bic's Investment Corp.
6780 Airport Pulling Rd N, Naples, FL 34109


S70657
Brennan Financial, Inc.
3431 Pine Ridge Rd, Naples, FL 34109


L15000024371
Bravo's Stone 1 LLC
6215 Taylor Rd, Naples, FL 34109


P10000031052
Physicians Medical Billing Service, Inc.
10641 Airport Pulling Rd N, Naples, FL 34109


L05000078038
Xenos Galleria Investment, LLC
9150 Galleria Ct, Naples, FL 34109


L14000096253
Vidaventure LLC
5515 Bryson Dr, Naples, FL 34109


P09000092607
Ls Euro Nails Inc
1575 Pine Ridge Rd, Naples, FL 34109


L09000095180
Mj Custom Woodworking, LLC
1919 Pine Ridge Rd, Naples, FL 34109


F09000002273
Real Estate Broker Direct Inc.
2223 Trade Center Way, Naples, FL 34109


L13000148399
2577 Escada Drive, LLC
8950 Fontana Del Sol Way, Naples, FL 34109


L11000095215
Bachelor & Bear Enterprises, LLC
8859 Ventura Way, Naples, FL 34109


L15000124150
2577 Tiburon, LLC
9115 Galleria Ct, Naples, FL 34109


L05000123696
Lemon Bay Holdings, LLC
5435 Jaeger Rd, Naples, FL 34109


F96000003940
Qrs Pianos Inc.
2011 Seward Ave, Naples, FL 34109


L10000038023
4356 Palm Beach Boulevard, LLC
6609 Willow Park Dr, Naples, FL 34109


L09000029694
P & G Properties of Naples, LLC
2021 Timberline Dr, Naples, FL 34109


P14000091925
Nightingale School of Nursing Inc
5616 Marigold Way, Naples, FL 34109


L05000119048
Xenos 9150 Galleria Investment, LLC
9150 Galleria Ct, Naples, FL 34109


L09000008519
Villa Dolce, LLC
1826 Trade Center Way, Naples, FL 34109


L10000090165
N. Bolognese, LLC
4610 Saint Croix Ln, Naples, FL 34109


P94000046705
Zahmco, Inc.
9581 Whitehall St, Naples, FL 34109


L15000194555
J&m Naples Property Holdings, LLC
9057 Quarter Moon Dr, Naples, FL 34109


P06000036809
Laplaya Construction of Sw Fl, Inc.
6000 Waxmyrtle Way, Naples, FL 34109


L16000179596
Realfund Technologies, LLC
2430 Vanderbilt Beach Rd, Naples, FL 34109


L12000146890
Scg Fields, LLC
6609 Willow Park Dr, Naples, FL 34109


L14000127117
855 8th Street, LLC
1415 Panther Ln, Naples, FL 34109


P16000095948
Stewart Travel Service, Inc.
2355 Vanderbilt Beach Rd, Naples, FL 34109


L07000121282
J. A. Calvani Associates, LLC
363 Huntington Dr, Naples, FL 34109


P96000060575
Jon D. Parrish, P.a.
3431 Pine Ridge Rd, Naples, FL 34109


L09000108216
Quantum Development Services, LLC
6953 Lone Oak Blvd, Naples, FL 34109


P03000065560
Gulf Coast Motors of Naples, Inc.
5630 Yahl St, Naples, FL 34109


L02000022412
Dms Investments of Florida, LLC
6609 Willow Park Dr, Naples, FL 34109


V22987
Nature Trade Center, Inc.
2011 Trade Center Way, Naples, FL 34109


L07000006495
Dockside LLC
1395 Panther Ln, Naples, FL 34109


354794
Robert D. Edwards & Company
4921 San Pablo Ct, Naples, FL 34109


P15000027669
Bioschweiz, Inc.
1915 Trade Center Way, Naples, FL 34109







Zip Code · Florida Corporation





Zip Code
City
Corporations


1.


							33131						


						Miami					
4016
1.06%


2.


							33139						


						Miami Beach					
2730
0.72%


3.


							33166						


						Miami					
2281
0.60%


4.


							33134						


						Miami					
2180
0.57%


5.


							33186						


						Miami					
2066
0.54%


6.


							33126						


						Miami					
1684
0.44%


7.


							33155						


						Miami					
1652
0.43%


8.


							33012						


						Hialeah					
1609
0.42%


9.


							33431						


						Boca Raton					
1592
0.42%


10.


							33309						


						Fort Lauderdale					
1455
0.38%





			Show More
		



						33021 (1444)
					



						33172 (1432)
					



						33432 (1425)
					



						33301 (1425)
					



						33133 (1422)
					



						33020 (1410)
					



						33401 (1397)
					



						33308 (1333)
					



						33156 (1330)
					



						32819 (1325)
					



						33176 (1304)
					



						32801 (1283)
					



						33165 (1266)
					



						33064 (1250)
					



						33016 (1234)
					



						33010 (1214)
					



						33160 (1182)
					



						32789 (1176)
					



						33433 (1174)
					



						33180 (1171)
					



						33175 (1166)
					



						33142 (1154)
					



						33015 (1127)
					



						33312 (1125)
					



						33140 (1113)
					



						33157 (1088)
					



						33414 (1072)
					



						33137 (1069)
					



						33311 (1049)
					



						33024 (1048)
					



						33144 (1047)
					



						33130 (1046)
					



						33009 (1038)
					



						33132 (1034)
					



						34236 (1033)
					



						33141 (1023)
					



						33143 (1002)
					



						33145 (973)
					



						33014 (945)
					



						33173 (944)
					



						33458 (939)
					



						33607 (936)
					



						33316 (927)
					



						33179 (924)
					



						33125 (913)
					



						33178 (907)
					



						33410 (905)
					



						33304 (905)
					



						33487 (904)
					



						33040 (897)
					



						33162 (895)
					



						33602 (891)
					



						33324 (883)
					



						33442 (882)
					



						33062 (880)
					



						33023 (878)
					



						33138 (863)
					



						33135 (861)
					



						33169 (849)
					



						33069 (846)
					



						33334 (839)
					



						33065 (837)
					



						32301 (831)
					



						32837 (818)
					



						33441 (813)
					



						32714 (803)
					



						33609 (795)
					



						32207 (792)
					



						32256 (789)
					



						33134 (785)
					



						33614 (779)
					



						33480 (778)
					



						33161 (761)
					



						33409 (757)
					



						32835 (757)
					



						34744 (745)
					



						34102 (743)
					



						33183 (737)
					



						33411 (735)
					



						33177 (731)
					



						33060 (729)
					



						32803 (725)
					



						33408 (718)
					



						33511 (713)
					



						33428 (709)
					



						33914 (705)
					



						32746 (703)
					



						32792 (699)
					



						34741 (699)
					



						33147 (698)
					



						32174 (697)
					



						33606 (696)
					



						33319 (696)
					



						33129 (694)
					



						33467 (692)
					



						33483 (692)
					



						33196 (691)
					



						33351 (686)
					



						32751 (685)
					



						33013 (683)
					



						34231 (681)
					



						32750 (678)
					



						33647 (675)
					



						32303 (675)
					



						33904 (673)
					



						33174 (669)
					



						33071 (669)
					



						32765 (659)
					



						33418 (656)
					



						33486 (639)
					


























12601 blue roan ct. ste 101 tampa fl 33625
po box 262 genoa 89411 usa
adm-2 dental studio corp
elsag in madison nc
651 n knight street belle glade fl
kiwanis health trail in margate florida
4000 e union pacific ave 90023
smartpreach.com reno nv
roger spilman family international llc
3965 w sample rd pompano beach
phillip allen goins usna
invigor incorporated
zal ash llc
rainbow lake lodge cameron mt
aarna of tampa inc edit
gwgg llc
gatekeepers holding llc reno
zzyzx holdings inc
9506 n nebraska ave
jl construction team llc florida
vital life healthcare inc miami fl
datagardens inc po box 11600
zip 3966 howard hughes pkwy las vegas
alyareal bp
linnton rock grand junction co
healthcare industries inc hollywood fl
chino valley released time education newsletter
tamra mong in jacksonville fl
philip eastman m.d.
xeno health group 116 kildrummy ct saint johns fl











