










 




Bizapedia.com - Human Validation
















COMPANIESPEOPLEPRODUCTS/SERVICESTRADEMARKSADDRESSESPHONE BOOK




            Our system has detected a high number of page requests from your IP Address, please prove to us that you are a human to continue using our website.
        
























                            Please send me to the search subscription offer page after I successfully answer the word challenge.
                        









BIZAPEDIAPRO SEARCHPerform unlimited searches via ouradvanced search form withBizapedia Pro Search.FIND OUT MORE >BIZAPEDIAPRO DATABuild custom data listsfor one or many stateswith Bizapedia Pro Data.FIND OUT MORE >


Copyright © 2012-2017 · Bizapedia.com · All rights reserved.BlogPro SearchPro APIContact UsTerms of UsePrivacy PolicySitemapDesktop Version














Bizapedia.com - Human Validation
















COMPANIESPEOPLEPRODUCTS/SERVICESTRADEMARKSADDRESSESPHONE BOOK




            Our system has detected a high number of page requests from your IP Address, please prove to us that you are a human to continue using our website.
        
























                            Please send me to the search subscription offer page after I successfully answer the word challenge.
                        









BIZAPEDIAPRO SEARCHPerform unlimited searches via ouradvanced search form withBizapedia Pro Search.FIND OUT MORE >BIZAPEDIAPRO DATABuild custom data listsfor one or many stateswith Bizapedia Pro Data.FIND OUT MORE >


Copyright © 2012-2017 · Bizapedia.com · All rights reserved.BlogPro SearchPro APIContact UsTerms of UsePrivacy PolicySitemapDesktop Version














Sortis Opportunity Fund I LLC - List of CEOs, founders and company directors

















directorpedia.net - List of CEOs, founders, board members and company directors











Sortis Opportunity Fund I LLC
List of persons related to the company Sortis Opportunity Fund I LLC. Find out list of CEOs, founders, board members, and company directors of Sortis Opportunity Fund I LLC.

CIK Number: 0001689270IRS Number: 611804309Company address: 1124 NW COUCH ST., STE. 500 PORTLAND 97209Phone number: 5033488885



People related to Sortis Opportunity Fund I LLC
NamePositionStreetCityCountrySander  Michael1124 NW Couch St. Ste. 500PortlandORSmith  Morgan1124 NW Couch St. Ste. 500PortlandORBrenneke  Paul1124 NW Couch St. Ste. 500PortlandOR




Sortis Opportunity Fund I LLC on the Web
Related companiesSortis & Collier Smith Opportunity Fund I LLC












 








Sortis & Collier Smith Opportunity Fund I LLC - Who is raising money? | SEC filings of fundraisings and investments in hedge funds, startups and private equity companies















Who is raising money?











Sortis & Collier Smith Opportunity Fund I LLC  Funding details


Sortis & Collier Smith Opportunity Fund I LLC Industry: Other Banking and Financial ServicesCIK Number: 0001689260IRS Number: 352571157Address: 1124 NW COUCH ST. STE. 500 PORTLAND 97209Phone number: 5033488885



Latest news
Sortis & Collier Smith Opportunity Fund I LLC raised $125,000 from 2 investors on 2016-11-04.



Sortis & Collier Smith Opportunity Fund I LLC Filings

DateFiling TypeOfferedSoldRemainingMin. investmentInvest. countExemption / Exlusions
2016-11-04New Form D$10,000,000$125,000$9,875,000$50,000206b[SEC Filing]
Sortis & Collier Smith Opportunity Fund I LLC raised $125,000 in total.



Directors and Executives of Sortis & Collier Smith Opportunity Fund I LLC
Key People in Sortis & Collier Smith Opportunity Fund I LLC:

Morgan SmithPhilip Smith
Similar companiesSortis Opportunity Fund I LLC








Last visited companies: Valuevine, Inc., Vintage Bancorp, Inc., Visualase, Inc., Westcliff High Yield Fund, L.P., Wham Inc

								© whoisraisingmoney.com
Daily updated news about investment into startups, hedge funds and private equity companies.
















Sortis Opportunity Fund I LLC - Who is raising money? | SEC filings of fundraisings and investments in hedge funds, startups and private equity companies















Who is raising money?











Sortis Opportunity Fund I LLC  Funding details


Sortis Opportunity Fund I LLC Industry: InvestingCIK Number: 0001689270IRS Number: 611804309Address: 1124 NW COUCH ST., STE. 500 PORTLAND 97209Phone number: 5033488885



Latest news
Sortis Opportunity Fund I LLC raised $300,000 from 1 investor on 2016-12-05.



Sortis Opportunity Fund I LLC Filings

DateFiling TypeOfferedSoldRemainingMin. investmentInvest. countExemption / Exlusions
2016-12-05New Form D$10,000,000$300,000$9,700,000$50,000106b[SEC Filing]
Sortis Opportunity Fund I LLC raised $300,000 in total.



Directors and Executives of Sortis Opportunity Fund I LLC
Key People in Sortis Opportunity Fund I LLC:

Morgan SmithPaul BrennekeMichael Sander
Similar companiesSortis & Collier Smith Opportunity Fund I LLC








Last visited companies: PreAction Technology Corp, Pypestream Inc., Yorktown University, ALKAMI TECHNOLOGY, INC,, Paulson DermTech Investments LLC

								© whoisraisingmoney.com
Daily updated news about investment into startups, hedge funds and private equity companies.

















 SECGems: Sortis Opportunity Fund I LLC 







































  







			Data feeds now available
			Excel / CSV / Java / Python /etc 
Database
Learn more









  




  


  






























 Sortis Opportunity Fund I LLC 
		     










 Info




 Ownership




 Filings
1



















		
			Dec. 5, 2016 .
		
	

Filer

 Sortis Opportunity Fund I LLC 

Form D persons

 Morgan Smith


 Paul Brenneke


 Michael Sander

Signed By

 Morgan Smith






		Preview. 
	

 
			View filing ...
		






				D
			




 
					0001689270-16-000001.nc
				

 
					XML (1) 
				





					Notice of exempt offering of securities - made without registration ( Regulation D and Section 4 Small Businesses )
				




				Item
			

				06b Federal Exemptions and Exclusions: Rule 506(b)
			








	  Primary Issuer 
	


Sortis Opportunity Fund I LLC


			[ Limited Liability Company ] 
			 Jurisdiction: 
			OREGON
		


	  Related Persons
	


Morgan Smith

[ Executive Officer ] 



Paul Brenneke

[ Executive Officer ] 



Michael Sander

[ Executive Officer ] 



		  Industry
		

		 Investing 
		

			Offering Data
		

			Revenue range: Decline to Disclose


Date of first sale: 
2016-12-02


			
				[ Equity ]
			
		

			Total offer 
		
 
			$ 10,000,000
		

			Total sold 
		
 
			$ 300,000
		

			Total remaining 
		
 
			$ 9,700,000
		

			# investors
		
 
			1 investors have already invested in this offering
		









 





db
 
 














































Businesses in PORTLAND










Toggle navigation





DATAGOVUS





Business

California
Colorado
Connecticut
Florida
Iowa
Nevada
New York
Oregon
Texas
Washington

Berkeley
Chicago
Hartford
Kansas City
Las Vegas
Los Angeles
New York City
Palo Alto
Pasadena
Philadelphia
Portland
Providence
Sacramento
San Diego
San Francisco
Santa Monica
Washington DC



Employee

New Jersey
Washington
Broome County
Chicago
Charlotte
Los Angeles
Montgomery County
Nashville
Palo Alto
Philadelphia



New York

Corporation
Attorney



Los Angeles

Business
Foreclosure
Parcel
Employee
Property



Other

San Diego Property
Philadelphia Property
Washington Lawyer
Washington Health Care
Physician





Go








Find Business in Oregon





Go



















			Businesses in PORTLAND





Oregon Business




Portland
















Portland ·  Oregon Business




Registry#
Business Entity Name
Address


4107710
Southeast Company LLC
111 Sw Fifth Avenue, Portland, OR 97204


4445110
Haney Truck Line, LLC
10505 Ne 2nd Ave, Portland, OR 97211


4516415
Hampton Tree Farms, LLC
9600 Sw Barnes Rd Ste 200, Portland, OR 97225


6052518
Pacific Saw and Knife Company LLC
2700 Se Tacoma St, Portland, OR 97202


7362015
Brown & Brown of Oregon, LLC
2701 Nw Vaughn Street, Portland, OR 97210


7835010
Hampton Distribution Companies, LLC
9600 Sw Barnes Rd Ste 200, Portland, OR 97225


102632
Braley & Graham Properties Oreg. LLC
9155 Sw Canyon Rd, Portland, OR 97225


9344110
Lincoln Service Co., LLC
111 Sw 5th Ave Ste 3800, Portland, OR 97204


9497512
Elo, LLC
7150 Sw Renee Dr, Portland, OR 97225


10034114
Bach Bros., LLC
5759 Se International Way, Portland, OR 97222


11184116
Bechen, LLC
15350 Sw Sequoia Pkwy #300, Portland, OR 97224


12217717
Western Hyway Oil LLC
2929 Nw 29th Ave, Portland, OR 97210


12429213
Josephine's Dry Goods LLC
3050 Se Division St, Portland, OR 97202


12421913
Rapido Automotive LLC
111 Sw 5th Ave Ste 4000, Portland, OR 97204


14494710
Management Recruiters of Portland, LLC
2020 Lloyd Center, Portland, OR 97232


15433816
Progressive Rehabilitation Associates, LLC
1815 Sw Marlow Ave Ste 110, Portland, OR 97225


17123514
Ring One, LLC
805 Sw Broadway Suite 1900, Portland, OR 97205


20511416
Gunderson LLC
4350 Nw Front St, Portland, OR 97210


20665816
Quest Investment Management, LLC
One Sw Columbia #1100, Portland, OR 97258


17129982
Ono LLC
111 Sw 5th Ave Ste 4000, Portland, OR 97204


22988083
Dwt Oregon LLC
1300 Sw Fifth Avenue Suite 2400, Portland, OR 97201


23126386
Wood Mechanix LLC
2235 Nw Savier Street, Portland, OR 97210


24246688
Venerable Group, LLC
70 Nw Couch St Ste 207, Portland, OR 97209


26814681
Commercial Information Systems, LLC
5331 Sw Macadam Ave Ste 372, Portland, OR 97239


27075688
Yoshida Foods International, LLC
8440 Ne Alderwood Ste A, Portland, OR 97220


27535780
Gas Connection, LLC
3122 Ne 181st Ave, Portland, OR 97230


27723683
Shorty's Automotive LLC
19736 Nw Morgan Rd, Portland, OR 97231


29635380
Commons At Hawthorn Village LLC
1200 Sw 66th Ave Ste 300, Portland, OR 97225


29742889
Eeek, LLC
7620 Ne Killingsworth #200, Portland, OR 97218


30899785
Barge Leasing Co. Oregon LLC
3121 Sw Moody Ave, Portland, OR 97239


32466880
Solheim Paul LLC
1305 Nw Davis Street, Portland, OR 97209


32518185
Wallace Creative, LLC
1705 Nw 25th Ave, Portland, OR 97210


32759185
Veco LLC
111 Sw Fifth Avenue, Portland, OR 97204


33154485
Ads Investments, LLC
1121 Sw Salmon St Ste 500, Portland, OR 97205


34320481
Gunderson Marine LLC
4350 Nw Front Ave, Portland, OR 97210


35149582
Spencer Company, LLC
1729 Se Maple Ave, Portland, OR 97214


35386382
Prem Group, LLC
139 Se Taylor Street Suite 200, Portland, OR 97214


35670181
Terrace Tower U.S.A. - Portland, LLC
121 Sw Morrison Ste 250, Portland, OR 97204


35751585
H&a Investment, LLC
1121 Sw Salmon Ste 500, Portland, OR 97205


36751980
Krider Construction, LLC
9333 N Harborgate St, Portland, OR 97203


36969285
Saltzman Properties LLC
1800 Sw First Ave #600, Portland, OR 97201


37217882
Sunset Summit LLC
1331 Nw Lovejoy St Ste 775, Portland, OR 97209


38289781
Elmer's Sanitary Service L.l.c.
2726 Ne 65th Ave, Portland, OR 97213


37829082
The Singer Family, L.l.c.
416 Nw Hermosa Blvd, Portland, OR 97210


37908589
2030 Investors, L.l.c.
205 Se Spokane Street #322, Portland, OR 97202


37908282
Hoyt Street Investors, L.l.c.
1022 Nw Marshall St Ste 270, Portland, OR 97209


37931987
Hoyt Street Properties, L.l.c.
1022 Nw Marshall St Ste 270, Portland, OR 97209


37927886
Standard Steel Property, L.l.c.
3441 Nw Guam, Portland, OR 97210


37987088
John P. Knox, Cpa, LLC
2430 Nw Westover Rd C300, Portland, OR 97210


38034682
H.j. Yu & Associates, LLC.
811 E Burnside Ste 219, Portland, OR 97214


38069480
Isler & Co., L.l.c.
1300 Sw 5th Ave Ste 2900, Portland, OR 97201


38177689
A C Wilson Company L.l.c.
1130 Sw Morrison Ste 517, Portland, OR 97205


38220786
Carroll Investments, L.l.c.
4129 Sw Greenleaf Ct, Portland, OR 97221


38297685
Clark and White, L.l.c.
8601 Se Causey, Portland, OR 97266


38499489
4022 Enterprises, LLC
1025 Nw Couch #1116, Portland, OR 97209


38807582
Northwest Surrogacy Center, L.l.c.
2722 Ne 33rd Ave, Portland, OR 97212


38880282
Aga's L.l.c.
1920 Sw Highland Rd, Portland, OR 97221


38934782
Smithson & Mckay LLC
5531 Sw Corbett Ave, Portland, OR 97239


38934584
Widmer Brothers LLC
5531 Sw Corbett Ave, Portland, OR 97239


39054382
C.f. Investments, L.l.c.
12535 Sw Iron Mnt Blvd, Portland, OR 97219


39105382
Sharff Family L.l.c.
5217 Nw Skyline Blvd, Portland, OR 97229


39332382
Maison Venasque, L.l.c.
2649 Sw Georgian Pl, Portland, OR 97201


39591482
Guidance Management, L.l.c.
13755 Nw Burton St, Portland, OR 97229


39676085
Generations, L.l.c.
8601 Se Causey, Portland, OR 97086


39790282
Elkasa L.l.c.
5505 Sw Hewett Blvd, Portland, OR 97221


39828785
Interworks, L.l.c.
114 Ne 7th, Portland, OR 97232


39862180
The Crane Group, L.l.c.
7205 Sw Willowmere Dr, Portland, OR 97225


39801188
La Noue Development, L.l.c.
227 Sw Pine St Suite 215, Portland, OR 97204


39951082
Lc Hansen Investments, L.l.c.
14280 Sw 72nd Ave, Portland, OR 97224


39972385
Front Avenue I LLC
3121 Sw Moody Ave, Portland, OR 97239


40024085
Nob Hill Apartments Limited Liability Company
2405 Nw Irving St, Portland, OR 97210


40081986
Portland Leasing Company, LLC
1905 Ne Clackamas St, Portland, OR 97232


40151581
Peterkort Towne Square, L.l.c.
9755 Sw Barnes Rd Ste 690, Portland, OR 97225


40249187
Dawson Creek L.l.c.
1200 Sw 66th Ave Ste 300, Portland, OR 97225


40249385
Kearney Street, L.l.c.
2250 Nw Kearney Street, Portland, OR 97210


40270886
Del Cardo, L.l.c.
729 Ne 194, Portland, OR 97230


40270589
Mica, L.l.c.
729 Ne 194, Portland, OR 97230


40303984
Toma Properties L.l.c.
750 Se 122nd, Portland, OR 97233


40344384
Randall Properties, L.l.c.
8305 Se Monterey Ave Ste 230, Portland, OR 97086


40353583
Reac L.l.c.
5250 Sw Landing Sq #13, Portland, OR 97239


40366189
The Sms Co., L.l.c.
30 Nw 23rd Place, Portland, OR 97210


40575789
Coe Properties L.l.c.
6255 Sw Sheridan St, Portland, OR 97225


40596587
Rembold Properties LLC
1022 Sw Salmon Ste 450, Portland, OR 97205


40672586
Delkro Company, L.l.c.
1436 Sw Harrison St, Portland, OR 97201


40675688
Press Family, L.l.c.
7045 Sw 84th Ave, Portland, OR 97223


40760282
Ankeny Partners, L.l.c.
1304 Se 58th Ave, Portland, OR 97215


40760084
Pente Investments, L.l.c.
Attn Harry M Hanna, Portland, OR 97205


40812588
The O'hanlon Family Limited Liability Company
3216 Ne Alameda Terrace, Portland, OR 97212


40832883
Boomer Mtn. Woodlands, L.l.c.
8030 Sw 62nd Pl, Portland, OR 97219


40863987
Perkins Consulting, L.l.c.
1211 Sw Fifth Ave Ste 1000, Portland, OR 97204


40907289
Hall Family L.l.c.
640 Oak St, Portland, OR 97292


40904187
Olympia L.l.c.
6663 Sw Beaverton Hillsdale Hwy 227, Portland, OR 97225


40954489
Barbur Heights, L.l.c.
8336 Sw 24th, Portland, OR 97219


40953689
Lang Enterprises, L.l.c.
8336 Sw 24th, Portland, OR 97219


41098781
August Investments, LLC
5805 Sw Boundary St, Portland, OR 97221


41098385
Front Street, L.l.c.
10708 11th Dr, Portland, OR 97219


41162587
House of Brilliant Glass, L.l.c.
7400 Sw Hunt Club Dr, Portland, OR 97223


41328485
Widow Creek Tree Farm, L.l.c.
5829 Ne 19th, Portland, OR 97211


41505181
Science Park Properties, L.l.c.
12535 Sw Iron Mtn Blvd, Portland, OR 97219


41625385
Forris, L.l.c.
2409 Ne 32 Avenue, Portland, OR 97212


























3052 ne irving street
donegan advisors llc
arity llc chicago il
maine elk hunting clubs or assoications or foundations loc:us
4478/ 80 camino de la plazasan diego ca 92173
dariusz wiszowaty new yuork
hr la county student professional worker i
naics code for genex
jeanetta woods kansas city missouri
dawn fairoaks ave milwaukie
16420 se division st portland or ldc motors
mgt of america consulting esplanade
mi gente deli bronx ny
fd mr saadi
radio shack 64110
relax time 72 kneeland
d2l ltd 715 st. paul street baltimore md 21202-2311
2004 douglas drive san angelo texas
tw telecom of california lp
619-788-7924 fax
pawc management corporation
anthony's asphalt oregon
imagine freedom prine orego
hillside foodmart inc.
raiser llc 1455 market st san francisco ca
6345 balboa 370
wig wam vineyard
3101 se 170th portland oregon
5120 woodway drive suite 6001 houston tx
kenaad engineers llc
bounmy liz le texas

















Businesses in 97209










Toggle navigation





DATAGOVUS





Business

California
Colorado
Connecticut
Florida
Iowa
Nevada
New York
Oregon
Texas
Washington

Berkeley
Chicago
Hartford
Kansas City
Las Vegas
Los Angeles
New York City
Palo Alto
Pasadena
Philadelphia
Portland
Providence
Sacramento
San Diego
San Francisco
Santa Monica
Washington DC



Employee

New Jersey
Washington
Broome County
Chicago
Charlotte
Los Angeles
Montgomery County
Nashville
Palo Alto
Philadelphia



New York

Corporation
Attorney



Los Angeles

Business
Foreclosure
Parcel
Employee
Property



Other

San Diego Property
Philadelphia Property
Washington Lawyer
Washington Health Care
Physician





Go








Find Business in Oregon





Go



















			Businesses in 97209
97209




Oregon Business




 97209 
















Zip 97209 ·  Oregon Business




Registry#
Business Entity Name
Address


24246688
Venerable Group, LLC
70 Nw Couch St Ste 207, Portland, OR 97209


32466880
Solheim Paul LLC
1305 Nw Davis Street, Portland, OR 97209


37217882
Sunset Summit LLC
1331 Nw Lovejoy St Ste 775, Portland, OR 97209


37908282
Hoyt Street Investors, L.l.c.
1022 Nw Marshall St Ste 270, Portland, OR 97209


37931987
Hoyt Street Properties, L.l.c.
1022 Nw Marshall St Ste 270, Portland, OR 97209


38499489
4022 Enterprises, LLC
1025 Nw Couch #1116, Portland, OR 97209


43273184
Veber Partners, L.l.c.
605 Nw 11th Ave, Portland, OR 97209


43468586
Dolan and Company, LLC
1919 Nw 19th Ave, Portland, OR 97209


43449180
Overton Apartments Investors, L.l.c.
2078 Nw Everett, Portland, OR 97209


43449586
R & R Apartments Investors, L.l.c.
2078 Nw Everett St, Portland, OR 97209


43602481
Famiglia, L.l.c.
900 Nw Lovejoy St 903, Portland, OR 97209


44852689
Avangrid Renewables, LLC
1125 Nw Couch St Ste 700, Portland, OR 97209


45302684
Skb Securities, LLC
810 Nw Marshall St Ste 300, Portland, OR 97209


46060687
Trinity Place Apartments, LLC
117 Nw Trinity Pl, Portland, OR 97209


46716882
Rose Apartment Investors, L.l.c.
2078 Nw Everett, Portland, OR 97209


48938781
Olympic Apartments, LLC
707 Nw 19th St, Portland, OR 97209


49279680
Wieden Family Limited Liability Company
224 Nw 13th, Portland, OR 97209


49325681
Associated Enterprises Apartments LLC
633 Nw 19th Ave, Portland, OR 97209


49325988
Beaver Creek Apartments LLC
633 Nw 19th Ave, Portland, OR 97209


49327489
Carr Associates LLC
633 Nw 19th Ave, Portland, OR 97209


49326689
Cornell Manor LLC
633 Nw 19th Ave, Portland, OR 97209


49324882
Evanbrook Apartment Investors LLC
633 Nw 19th Ave, Portland, OR 97209


49326184
Forest Green Apartments LLC
633 Nw 19th Ave, Portland, OR 97209


49325780
Jean Venture LLC
633 Nw 19th Ave, Portland, OR 97209


49327182
Knoll West Properties LLC
633 Nw 19th Ave, Portland, OR 97209


49325186
Menlo Park Apartments LLC
633 Nw 19th Ave, Portland, OR 97209


49327885
Oak Tree Apartments of Oregon LLC
633 Nw 19th Ave, Portland, OR 97209


49326580
Stone Ridge Apartments LLC
633 Nw 19th Ave, Portland, OR 97209


49552284
Northwest Properties Portland LLC
2078 Nw Everett Street, Portland, OR 97209


49634280
Viewers Like You, LLC
1963 Nw Kearney St, Portland, OR 97209


50091983
Wieden + Kennedy International, L.l.c.
224 Nw 13th, Portland, OR 97209


50256180
Jantzen Beach Associates, LLC
220 Nw Eighth Avenue, Portland, OR 97209


50276386
Pettygrove Property, LLC
1640 Nw 14th, Portland, OR 97209


50276287
Savier Properties, LLC
1640 Nw 14th, Portland, OR 97209


50759985
Hoyt Building Investors L.l.c.
1136 Nw Hoyt St, Portland, OR 97209


51138288
Summer Creek, LLC
1331 Nw Lovejoy St Ste 775, Portland, OR 97209


52194884
Dolan Northwest, LLC
1919 Nw 19th Ave, Portland, OR 97209


52243483
Spinpac LLC
1022 Nw Marshall St Ste 270, Portland, OR 97209


52619187
J.f.a. I LLC
633 Nw 19th Ave, Portland, OR 97209


54415089
Graphic Arts Building, L.l.c.
124 Nw 9th Ave, Portland, OR 97209


54526588
D & P Management Group LLC
1220 Nw Lovejoy St #130, Portland, OR 97209


54567384
Barklen, LLC
1628 Nw Everett St, Portland, OR 97209


54625489
Dr. Martens Airwair Usa LLC
10 Nw 10th Ave, Portland, OR 97209


54655486
Shelton Properties, LLC
1638 W Burnside, Portland, OR 97209


54752085
Mra Investment L.l.c.
333 Nw 9th Ave Ste 1504, Portland, OR 97209


55006887
Hoyt Street Associates, L.l.c.
1022 Nw Marshall St Ste 270, Portland, OR 97209


55052188
Veber Investments V, LLC
605 Nw 11th Ave, Portland, OR 97209


55129986
Unkeles Family L.l.c.
2211 Nw Front Ave, Portland, OR 97209


54843082
Colab Architecture and Urban Design, L.l.c.
930 Nw 14th Avenue, Portland, OR 97209


56637789
Maypark, LLC
1136 Nw Hoyt St Ste 200, Portland, OR 97209


56787782
Lesel, L.l.c.
922 Nw 11th Ave #904, Portland, OR 97209


56896989
Oddball Shoe Company, L.l.c.
1801 Nw Thurman, Portland, OR 97209


56990980
Dickman Family, LLC
1125 Nw 12th Avenue #1209, Portland, OR 97209


57239981
Portland Paragon Investments, LLC
810 Nw Marshall St Ste 300, Portland, OR 97209


57551682
5th Avenue Commons, LLC
333 Nw 9th Ave Unit 1504, Portland, OR 97209


58390080
Sandycrest Partners, LLC
2078 Nw Everett, Portland, OR 97209


58577181
Klamath Energy LLC
1125 Nw Couch St, Portland, OR 97209


58577389
Klamath Generation LLC
1125 Nw Couch St, Portland, OR 97209


58577686
Klondike Wind Power LLC
1125 Nw Couch St, Portland, OR 97209


58576886
Phoenix Wind Power LLC
1125 Nw Couch St, Portland, OR 97209


58577488
West Valley Leasing Company, LLC
1125 Nw Couch St, Portland, OR 97209


58597783
Riverstone Associates L.l.c.
1022 Nw Marshall St Ste 270, Portland, OR 97209


59052788
Cedar Hills Townhouses, LLC
1255 Nw 9th Ave #1402, Portland, OR 97209


59326380
Vista View L.l.c.
311 Nw 12th Avenue, Portland, OR 97209


59902487
Edlen Family LLC
1477 Nw Everett Street, Portland, OR 97209


59883182
Portland Visitors Map LLC
825 Nw Glisan Street, Portland, OR 97209


60264083
Hoyt Street Realty, L.l.c.
1022 Nw Marshall St Ste 270, Portland, OR 97209


60524882
A Better Way Counseling Center, L.l.c.
818 Nw 17th Ave Ste 8, Portland, OR 97209


60973683
Yak Productions LLC
1956 Nw Everett St, Portland, OR 97209


61004884
Davis Street Properties LLC
224 Nw 13th, Portland, OR 97209


61101383
1039 Building LLC
1231 Nw Hoyt Ste 201, Portland, OR 97209


61101086
1100 Building LLC
1231 Nw Hoyt Ste 201, Portland, OR 97209


61134582
The Mccarron Group LLC
120 Nw 9th Ave Ste 206, Portland, OR 97209


61229887
Ecotrust Properties LLC
721 Nw Ninth Ave Ste 200, Portland, OR 97209


61300985
Wieden + Kennedy Japan, LLC
224 Nw 13th, Portland, OR 97209


61376787
Michael R. Coates, LLC
1075 Nw Northrup, Portland, OR 97209


61524980
Montage Property, LLC
626 Nw 12th Ave, Portland, OR 97209


61633880
White Star Properties, L.l.c.
1106 W Burnside, Portland, OR 97209


61683489
Sunnybrook Partners, LLC
1650 Nw Naito Parkway Suite 302, Portland, OR 97209


61834983
Futures Real Estate, LLC
1849 Nw Kearney Ste 300, Portland, OR 97209


62551784
Veber Investments Vi, LLC
650 Nw 11th Ave, Portland, OR 97209


62693289
Karelyna, L.l.c.
1075 Nw Northrup St #1215, Portland, OR 97209


62807988
Naco Land Company, L.l.c.
425 Nw 10th Ave Ste 200, Portland, OR 97209


62937983
J.f.a. II LLC
633 Nw 19th, Portland, OR 97209


63021985
West Linn Investors, LLC
1136 Nw Hoyt St Ste 200, Portland, OR 97209


63230982
Management Compensation Group, Northwest, LLC
1125 Nw Couch St #900, Portland, OR 97209


63409883
Ballard Properties LLC
1515 Nw 21st Ave, Portland, OR 97209


63588181
M & H Beaver Lake Phase I, LLC
Attn: Michael Menashe, Portland, OR 97209


63627583
Portland Closet Company, LLC
1120 Nw 14th Ave, Portland, OR 97209


64363188
Aws Real Estate, LLC
1231 Nw Hoyt St Ste 201, Portland, OR 97209


64616981
Leecor Enterprises, LLC
721 Nw 21st Avenue, Portland, OR 97209


64858385
Allenford Investments, LLC
2078 Nw Everett, Portland, OR 97209


64983183
Rose/bostwick Investors, LLC
2078 Nw Everett, Portland, OR 97209


65103286
4d Properties LLC
1331 Nw 17th Ave, Portland, OR 97209


65108681
J Design Group, LLC.
416 Nw 13th Ave #313, Portland, OR 97209


65238983
Marshall Street Investments LLC
1104 Nw 15th, Portland, OR 97209


65410780
Sellwood P.s., LLC
333 Nw 9th Ave #1504, Portland, OR 97209


65989288
Hunters Run Investment LLC
710 Nw 14th Ave 2nd Fl, Portland, OR 97209


66317182
Finity Holdings, LLC
1200 Nw Naito Pkwy, Portland, OR 97209


66674582
Monte Shelton Investments, LLC
1638 W Burnside St, Portland, OR 97209





























donegan advisors llc
arity llc chicago il
maine elk hunting clubs or assoications or foundations loc:us
4478/ 80 camino de la plazasan diego ca 92173
dariusz wiszowaty new yuork
hr la county student professional worker i
naics code for genex
jeanetta woods kansas city missouri
dawn fairoaks ave milwaukie
16420 se division st portland or ldc motors
mgt of america consulting esplanade
mi gente deli bronx ny
fd mr saadi
radio shack 64110
relax time 72 kneeland
d2l ltd 715 st. paul street baltimore md 21202-2311
2004 douglas drive san angelo texas
tw telecom of california lp
619-788-7924 fax
pawc management corporation
anthony's asphalt oregon
imagine freedom prine orego
hillside foodmart inc.
raiser llc 1455 market st san francisco ca
6345 balboa 370
wig wam vineyard
3101 se 170th portland oregon
5120 woodway drive suite 6001 houston tx
kenaad engineers llc
bounmy liz le texas














Microsoft personalized ad preferences




 













To opt out of personalized ads in this browser, your browser history must allow first-party and third-party cookies and you must have your browsing experience set to NOT delete browsing history on exit. Instructions for enabling cookies and configuring your browsing history may be available in your browsers settings, privacy, or help documentation.

















Sign in
















  Hold on… We’re sorry but this didn’t work.                  You can’t turn off personalized ads right now because your browser is currently blocking third-party cookies. We can help you fix this issue.                Let’s get started:  Depending on what browser you use, open Options or Settings.                  Make sure that third-party cookies are not blocked anymore. To find out how, search your browser’s Help.                                 Revisit http://choice.microsoft.com/opt-out, and then on the “Personalized ads in this browser” tile, click Off.                 ext74081 




  About Our Ads To create a more customized online experience, some of the ads you may receive on Microsoft websites and apps are tailored to your previous activities, searches and site visits. You're in control and here's where you can make the advertising choice that's right for you. ext74075 




  Where Can I Learn More about Advertising on Microsoft Websites and Apps? Microsoft partners with Oath, AppNexus and other third party service providers to help present customized content and display advertisements on MSN, Outlook.com and other websites and apps. Microsoft also delivers search ads to Bing and our search syndication partners. Learn more about Microsoft’s privacy practices here. You can learn more about interest-based ads from Oath and AppNexus in their privacy statements: Oath and AppNexus. What Choices Do I Have About Interest-Based Advertising? On this page, you can opt out of receiving interest based advertising from Microsoft. You can also opt out of receiving interest-based advertising from all self-regulatory members, including Microsoft, Oath, AppNexus and other third party ad networks, at the following sites:  In the US: Digital Advertising Alliance (DAA) In Europe: European Interactive Digital Advertising Alliance (EDAA) In Canada: Ad Choices: Digital Advertising Alliance of Canada (DAAC)  You can control interest-based advertising in Windows apps by turning off the advertising ID in Windows Settings.  More choices  Do you want personalized ads from other companies?  Questions? If you have a privacy question or a question for the Chief Privacy Officer of Microsoft, please contact us by using our web form. We will respond to questions within 30 days. ext74076 




       Personalized ads in this browser     OFF    Opt-out is currently unavailable, please try again later.  Control the "personalized ads" setting for this web browser.  Learn more           If you want Microsoft to show ads that might be relevant to you, click On. To show “generic” ads, click Off.          ext74078 




       Personalized ads wherever I use my Microsoft account     OFF   Sign in to change...    Opt-out is currently unavailable, please try again later.  Control the "personalized ads" setting that applies when you are signed in on any computer or device with your Microsoft account, including Windows, Windows phone, Xbox and other devices.  Learn more                    If you want Microsoft to show ads that might be relevant to you, click On. To show “generic” ads, click Off.         If you choose “generic” ads and use a browser, your choice applies to everyone when using that browser as long as you do not clear your cookies.          ext74079 




       Personalized ads in Windows         In your Windows Settings, you can turn off personalized ads that appear in apps on this device. You’ll still see ads, but they won’t be personalized anymore.     If you have Windows 8.1:            Access the charms by touching or moving your pointer to the right edge of the screen.                 Click or tap Settings, and then click or tap Change PC Settings.                 Click or tap Privacy, and then turn off Let apps use my advertising ID for experiences across apps.          If you have Windows 10:            Click or tap the Start button.                 Click or tap Settings.                 Click or tap Privacy, and then turn off Let apps use my advertising ID for experiences across apps.          If you have a Windows mobile device:            Go to Settings.                 Tap on Privacy.                 Tap on Advertising ID, and then turn off Let apps use my advertising ID for experiences across apps.                If you want to turn off personalized ads from Microsoft wherever you use your Microsoft account including apps on Windows, Windows Phone, Xbox and other devices, you can do so by selecting the Microsoft account option above.    ext74080 














Legal
Privacy & Cookies
© 2017 Microsoft















Sortis Opportunity Fund I, LLC · 1124 Nw Couch St Ste 500, Portland, OR 97209










Toggle navigation





DATAGOVUS





Business

California
Colorado
Connecticut
Florida
Iowa
Nevada
New York
Oregon
Texas
Washington

Berkeley
Chicago
Hartford
Kansas City
Las Vegas
Los Angeles
New York City
Palo Alto
Pasadena
Philadelphia
Portland
Providence
Sacramento
San Diego
San Francisco
Santa Monica
Washington DC



Employee

New Jersey
Washington
Broome County
Chicago
Charlotte
Los Angeles
Montgomery County
Nashville
Palo Alto
Philadelphia



New York

Corporation
Attorney



Los Angeles

Business
Foreclosure
Parcel
Employee
Property



Other

San Diego Property
Philadelphia Property
Washington Lawyer
Washington Health Care
Physician





Go








Find Business in Oregon





Go



















			Sortis Opportunity Fund I, LLC
1124 Nw Couch St Ste 500, Portland, OR 97209




Oregon Business




Portland




 97209 















SORTIS OPPORTUNITY FUND I, LLC is 
		DOMESTIC LIMITED LIABILITY COMPANY 
	registered with Oregon Secretary of State Corporation Division.
	The registry number is 120105390.
	The registry date is 3/24/2016.
	The business is in the city of 
		Portland,
		with zip code
		97209.
	The address is 1124 Nw Couch St Ste 500, Portland, OR 97209.




Sortis Opportunity Fund I, LLC · 1124 Nw Couch St Ste 500, Portland, OR 97209




Registry Number

		120105390		


Business Name

		SORTIS OPPORTUNITY FUND I, LLC		


Business Address

					1124 NW COUCH ST STE 500PORTLANDOR 97209				


Entity Type

		DOMESTIC LIMITED LIABILITY COMPANY		


Registry Date

		3/24/2016		


Mailing Address

						1124 NW COUCH ST STE 500PORTLANDOR 97209					


Principal Place of Business

						1124 NW COUCH ST STE 500PORTLANDOR 97209					


Registered Agent

MICHAEL B GOTTLIEB, PC15578 VILLAGE DRLAKE OSWEGOOR 97034					







Zip 97209 ·  Oregon Business




Registry#
Business Entity Name
Address


24246688
Venerable Group, LLC
70 Nw Couch St Ste 207, Portland, OR 97209


32466880
Solheim Paul LLC
1305 Nw Davis Street, Portland, OR 97209


37217882
Sunset Summit LLC
1331 Nw Lovejoy St Ste 775, Portland, OR 97209


37908282
Hoyt Street Investors, L.l.c.
1022 Nw Marshall St Ste 270, Portland, OR 97209


37931987
Hoyt Street Properties, L.l.c.
1022 Nw Marshall St Ste 270, Portland, OR 97209


38499489
4022 Enterprises, LLC
1025 Nw Couch #1116, Portland, OR 97209


43273184
Veber Partners, L.l.c.
605 Nw 11th Ave, Portland, OR 97209


43468586
Dolan and Company, LLC
1919 Nw 19th Ave, Portland, OR 97209


43449180
Overton Apartments Investors, L.l.c.
2078 Nw Everett, Portland, OR 97209


43449586
R & R Apartments Investors, L.l.c.
2078 Nw Everett St, Portland, OR 97209


43602481
Famiglia, L.l.c.
900 Nw Lovejoy St 903, Portland, OR 97209


44852689
Avangrid Renewables, LLC
1125 Nw Couch St Ste 700, Portland, OR 97209


45302684
Skb Securities, LLC
810 Nw Marshall St Ste 300, Portland, OR 97209


46060687
Trinity Place Apartments, LLC
117 Nw Trinity Pl, Portland, OR 97209


46716882
Rose Apartment Investors, L.l.c.
2078 Nw Everett, Portland, OR 97209


48938781
Olympic Apartments, LLC
707 Nw 19th St, Portland, OR 97209


49279680
Wieden Family Limited Liability Company
224 Nw 13th, Portland, OR 97209


49325681
Associated Enterprises Apartments LLC
633 Nw 19th Ave, Portland, OR 97209


49325988
Beaver Creek Apartments LLC
633 Nw 19th Ave, Portland, OR 97209


49327489
Carr Associates LLC
633 Nw 19th Ave, Portland, OR 97209





























donegan advisors llc
arity llc chicago il
maine elk hunting clubs or assoications or foundations loc:us
4478/ 80 camino de la plazasan diego ca 92173
dariusz wiszowaty new yuork
hr la county student professional worker i
naics code for genex
jeanetta woods kansas city missouri
dawn fairoaks ave milwaukie
16420 se division st portland or ldc motors
mgt of america consulting esplanade
mi gente deli bronx ny
fd mr saadi
radio shack 64110
relax time 72 kneeland
d2l ltd 715 st. paul street baltimore md 21202-2311
2004 douglas drive san angelo texas
tw telecom of california lp
619-788-7924 fax
pawc management corporation
anthony's asphalt oregon
imagine freedom prine orego
hillside foodmart inc.
raiser llc 1455 market st san francisco ca
6345 balboa 370
wig wam vineyard
3101 se 170th portland oregon
5120 woodway drive suite 6001 houston tx
kenaad engineers llc
bounmy liz le texas











 
Sortis Financial - Funds














 Home 

 Company 

 Overview 

 Values 

 Community 

Lending

 Private Money Lending 

 Recent Transactions 

Funds

 Leasing 

 The Benefits of Leasing 

 FAQ 

 Application 

 Affiliates 

 Sortis Capital 

 News 

 News 

 Contact 

 Apply Now 

Invest






Sortis Funds
Accredited investors interested in innovative investment products from Sortis Financial can inquire about:

Sortis Liquidity Fund
Sortis Opportunity Fund I
Sortis Opportunity Fund II - Launching Q4 2016

 


Contact Sortis Financial
Contact Sortis to learn more.




Copyright © 2016 Sortis Financial, LLC | NMLS #1475422 | Consumer Access  | Apply Now  | Contact 


LinkedIn
Twitter










Oregon Business










Toggle navigation





DATAGOVUS





Business

California
Colorado
Connecticut
Florida
Iowa
Nevada
New York
Oregon
Texas
Washington

Berkeley
Chicago
Hartford
Kansas City
Las Vegas
Los Angeles
New York City
Palo Alto
Pasadena
Philadelphia
Portland
Providence
Sacramento
San Diego
San Francisco
Santa Monica
Washington DC



Employee

New Jersey
Washington
Broome County
Chicago
Charlotte
Los Angeles
Montgomery County
Nashville
Palo Alto
Philadelphia



New York

Corporation
Attorney



Los Angeles

Business
Foreclosure
Parcel
Employee
Property



Other

San Diego Property
Philadelphia Property
Washington Lawyer
Washington Health Care
Physician





Go








Find Business in Oregon





Go



















			Oregon Business





Oregon Business
















Top 10 City · Businesses





					Portland (92123)
				



					Eugene (20079)
				



					Salem (18498)
				



					Bend (17841)
				



					Beaverton (12612)
				



					Medford (8671)
				



					Lake Oswego (8161)
				



					Hillsboro (7077)
				



					Gresham (6186)
				



					Grants Pass (5772)
				



					Corvallis (5679)
				



					Tigard (5667)
				



					Oregon City (4842)
				



					Springfield (4784)
				



					Roseburg (4381)
				



					Milwaukie (4376)
				



					Albany (4375)
				



					Ashland (4037)
				



					Redmond (3614)
				



					Klamath Falls (3546)
				







Top 20 Zip · Businesses





					97701 (6955)
				



					97702 (6683)
				



					97401 (6601)
				



					97223 (6098)
				



					97214 (5941)
				



					97301 (5444)
				



					97209 (5121)
				



					97402 (5107)
				



					97035 (5063)
				



					97045 (4842)
				



					97202 (4759)
				



					97302 (4550)
				



					97229 (4534)
				



					97504 (4474)
				



					97219 (4378)
				



					97405 (4188)
				



					97030 (4174)
				



					97501 (4131)
				



					97520 (4035)
				



					97204 (3898)
				







City · Businesses





					Albany (4375)
				



					Aloha (1518)
				



					Alpharetta (132)
				



					Amity (443)
				



					Anchorage (137)
				



					Ashland (4037)
				



					Astoria (1744)
				



					Atlanta (547)
				



					Aumsville (400)
				



					Aurora (919)
				



					Austin (254)
				



					Baker City (1256)
				



					Bandon (857)
				



					Banks (465)
				



					Battle Ground (248)
				



					Bay City (103)
				



					Beavercreek (480)
				



					Beaverton (12612)
				



					Bellevue (397)
				



					Bend (17841)
				



					Boardman (224)
				



					Boca Raton (148)
				



					Boise (531)
				



					Bonanza (156)
				



					Boring (1068)
				



					Boston (246)
				



					Brookings (1191)
				



					Brooks (116)
				



					Brownsville (289)
				



					Burns (440)
				



					Camas (253)
				



					Canby (2096)
				



					Cannon Beach (425)
				



					Canyon City (102)
				



					Canyonville (157)
				



					Carlton (440)
				



					Cascade Locks (134)
				



					Cave Junction (527)
				



					Central Point (2249)
				



					Charlotte (182)
				



					Cheshire (103)
				



					Chicago (692)
				



					Chiloquin (218)
				



					Christmas Valley (149)
				



					Cincinnati (146)
				



					Clackamas (3189)
				



					Clatskanie (344)
				



					Cloverdale (204)
				



					Coburg (216)
				



					Colton (221)
				



					Columbus (117)
				



					Condon (139)
				



					Coos Bay (1862)
				



					Coquille (468)
				



					Corbett (354)
				



					Cornelius (774)
				



					Corvallis (5679)
				



					Cottage Grove (1270)
				



					Cove (162)
				



					Creswell (820)
				



					Culver (257)
				



					Dallas (1421)
				



					Dallas (450)
				



					Damascus (1100)
				



					Dayton (520)
				



					Denver (379)
				



					Depoe Bay (293)
				



					Dexter (174)
				



					Drain (157)
				



					Dufur (118)
				



					Dundee (566)
				



					Eagle Creek (352)
				



					Eagle Point (1041)
				



					Echo (154)
				



					Elgin (157)
				



					Elkton (130)
				



					Elmira (186)
				



					Enterprise (652)
				



					Estacada (943)
				



					Eugene (20079)
				



					Fairview (601)
				



					Florence (1283)
				



					Forest Grove (1560)
				



					Fort Worth (116)
				



					Garibaldi (136)
				



					Gaston (450)
				



					Gearhart (252)
				



					Gervais (304)
				



					Gladstone (851)
				



					Glendale (124)
				



					Gleneden Beach (141)
				



					Glide (147)
				



					Gold Beach (581)
				



					Gold Hill (418)
				



					Government Camp (135)
				



					Grants Pass (5772)
				



					Greenwood Village (124)
				



					Gresham (6186)
				



					Haines (108)
				



					Halfway (137)
				



					Halsey (179)
				



					Happy Valley (2131)
				



					Harrisburg (442)
				



					Heppner (216)
				



					Hermiston (1627)
				



					Hillsboro (7077)
				



					Hines (143)
				



					Honolulu (107)
				



					Hood River (2848)
				



					Houston (671)
				



					Hubbard (505)
				



					Independence (643)
				



					Indianapolis (160)
				



					Ione (109)
				



					Irrigon (115)
				



					Irvine (382)
				



					Irving (188)
				



					Jacksonville (613)
				



					Jacksonville (988)
				



					Jefferson (425)
				



					John Day (319)
				



					Joseph (440)
				



					Junction City (1151)
				



					Kansas City (126)
				



					Keizer (2577)
				



					Kennewick (176)
				



					Kent (125)
				



					King City (124)
				



					Kirkland (125)
				



					Klamath Falls (3546)
				



					La Grande (1389)
				



					La Pine (796)
				



					Lafayette (164)
				



					Lake Oswego (8161)
				



					Lakeside (113)
				



					Lakeview (483)
				



					Langlois (108)
				



					Las Vegas (384)
				



					Lebanon (1778)
				



					Lincoln City (1205)
				



					Longview (164)
				



					Los Angeles (445)
				



					Louisville (150)
				



					Lowell (112)
				



					Lyons (189)
				



					Madras (851)
				



					Malin (130)
				



					Manzanita (266)
				



					Maupin (164)
				



					Mcminnville (3192)
				



					Medford (8671)
				



					Memphis (110)
				



					Meridian (176)
				



					Merlin (256)
				



					Merrill (149)
				



					Miami (145)
				



					Mill City (135)
				



					Milton Freewater (522)
				



					Milton-freewater (107)
				



					Milwaukie (4376)
				



					Minneapolis (205)
				



					Molalla (1283)
				



					Monmouth (715)
				



					Monroe (314)
				



					Mosier (151)
				



					Mount Angel (297)
				



					Mount Hood Parkdale (247)
				



					Mt Angel (109)
				



					Mulino (316)
				



					Myrtle Creek (521)
				



					Myrtle Point (364)
				



					Nampa (122)
				



					Nashville (136)
				



					Nehalem (336)
				



					Neskowin (105)
				



					New York (1099)
				



					Newberg (2910)
				



					Newport (1503)
				



					Newport Beach (125)
				



					North Bend (973)
				



					North Plains (519)
				



					North Powder (108)
				



					Nyssa (264)
				



					Oak Grove (101)
				



					Oakland (123)
				



					Oakland (335)
				



					Oakridge (229)
				



					Olympia (103)
				



					Omaha (165)
				



					Ontario (1144)
				



					Oregon City (4842)
				



					Orlando (146)
				



					Otis (272)
				



					Pacific City (200)
				



					Pendleton (1366)
				



					Philadelphia (164)
				



					Philomath (903)
				



					Phoenix (368)
				



					Phoenix (405)
				



					Pilot Rock (109)
				



					Pittsburgh (101)
				



					Plano (132)
				



					Pleasant Hill (280)
				



					Port Orford (214)
				



					Portland (92123)
				



					Powell Butte (343)
				



					Prairie City (118)
				



					Prineville (1636)
				



					Rainier (437)
				



					Redmond (3614)
				



					Reedsport (357)
				



					Reno (123)
				



					Rhododendron (127)
				



					Rickreall (204)
				



					Riddle (137)
				



					Ridgefield (178)
				



					Rockaway Beach (178)
				



					Rogue River (604)
				



					Roseburg (4381)
				



					Sacramento (129)
				



					Saint Helens (736)
				



					Saint Louis (233)
				



					Saint Paul (175)
				



					Salem (18498)
				



					Salt Lake City (292)
				



					San Antonio (125)
				



					San Diego (516)
				



					San Francisco (777)
				



					San Jose (196)
				



					San Mateo (132)
				



					Sandy (1553)
				



					Santa Monica (134)
				



					Scappoose (949)
				



					Scio (457)
				



					Scottsdale (233)
				



					Seal Rock (135)
				



					Seaside (1051)
				



					Seattle (1126)
				



					Selma (184)
				



					Shady Cove (273)
				



					Shedd (126)
				



					Sheridan (483)
				



					Sherwood (2407)
				



					Siletz (125)
				



					Silverton (1682)
				



					Sisters (1357)
				



					South Beach (143)
				



					Spokane (252)
				



					Springfield (4784)
				



					St Helens (234)
				



					Stanfield (134)
				



					Stayton (782)
				



					Sublimity (290)
				



					Sunriver (538)
				



					Sutherlin (550)
				



					Sweet Home (727)
				



					Tacoma (148)
				



					Talent (741)
				



					Tampa (143)
				



					Tangent (238)
				



					Terrebonne (555)
				



					The Dalles (1704)
				



					Tigard (5667)
				



					Tillamook (1125)
				



					Toledo (291)
				



					Trail (125)
				



					Troutdale (1245)
				



					Tualatin (3165)
				



					Turner (474)
				



					Umatilla (198)
				



					Union (180)
				



					Vale (301)
				



					Vancouver (3457)
				



					Veneta (669)
				



					Vernonia (273)
				



					Vida (125)
				



					Waldport (438)
				



					Walla Walla (187)
				



					Wallowa (173)
				



					Warren (248)
				



					Warrenton (551)
				



					Wasco (111)
				



					Washington (190)
				



					Washougal (172)
				



					Welches (243)
				



					West Linn (3402)
				



					White City (761)
				



					White Salmon (101)
				



					Willamina (189)
				



					Williams (287)
				



					Wilmington (228)
				



					Wilsonville (2717)
				



					Winston (348)
				



					Wolf Creek (105)
				



					Wood Village (199)
				



					Woodburn (1749)
				



					Woodland (114)
				



					Yachats (267)
				



					Yakima (106)
				



					Yamhill (439)
				



					Yoncalla (123)
				







Zip · Businesses





					97005 (3496)
				



					97006 (3393)
				



					97007 (3188)
				



					97008 (2272)
				



					97009 (1058)
				



					97013 (2096)
				



					97015 (3200)
				



					97030 (4174)
				



					97031 (2847)
				



					97034 (3100)
				



					97035 (5063)
				



					97038 (1282)
				



					97045 (4842)
				



					97055 (1553)
				



					97058 (1704)
				



					97060 (1443)
				



					97062 (3165)
				



					97068 (3401)
				



					97070 (2717)
				



					97071 (1748)
				



					97080 (2011)
				



					97086 (2274)
				



					97089 (1100)
				



					97103 (1744)
				



					97116 (1560)
				



					97123 (3328)
				



					97124 (3649)
				



					97128 (3191)
				



					97132 (2909)
				



					97138 (1301)
				



					97140 (2408)
				



					97141 (1125)
				



					97201 (2723)
				



					97202 (4759)
				



					97203 (1998)
				



					97204 (3898)
				



					97205 (3418)
				



					97206 (3646)
				



					97209 (5121)
				



					97210 (3120)
				



					97211 (3638)
				



					97212 (2881)
				



					97213 (2928)
				



					97214 (5941)
				



					97215 (1888)
				



					97216 (1319)
				



					97217 (3453)
				



					97218 (1436)
				



					97219 (4378)
				



					97220 (2733)
				



					97221 (1553)
				



					97222 (3162)
				



					97223 (6098)
				



					97224 (3732)
				



					97225 (3556)
				



					97227 (1281)
				



					97229 (4534)
				



					97230 (2800)
				



					97232 (3166)
				



					97233 (1761)
				



					97236 (1975)
				



					97239 (2810)
				



					97266 (2325)
				



					97267 (2233)
				



					97301 (5444)
				



					97302 (4550)
				



					97303 (3083)
				



					97304 (2422)
				



					97305 (2143)
				



					97306 (1758)
				



					97317 (1471)
				



					97321 (2821)
				



					97322 (1552)
				



					97330 (3475)
				



					97333 (2004)
				



					97338 (1421)
				



					97355 (1777)
				



					97365 (1481)
				



					97367 (1206)
				



					97381 (1682)
				



					97401 (6601)
				



					97402 (5107)
				



					97404 (1890)
				



					97405 (4188)
				



					97408 (1284)
				



					97415 (1289)
				



					97420 (1925)
				



					97424 (1275)
				



					97439 (1283)
				



					97448 (1151)
				



					97470 (2575)
				



					97471 (1804)
				



					97477 (2809)
				



					97478 (1926)
				



					97501 (4131)
				



					97502 (2296)
				



					97504 (4474)
				



					97520 (4035)
				



					97524 (1041)
				



					97526 (3296)
				



					97527 (2382)
				



					97530 (1068)
				



					97601 (1684)
				



					97603 (1851)
				



					97701 (6955)
				



					97702 (6683)
				



					97703 (3482)
				



					97754 (1636)
				



					97756 (3614)
				



					97759 (1391)
				



					97801 (1367)
				



					97814 (1256)
				



					97838 (1622)
				



					97850 (1507)
				



					97914 (1142)
				







Oregon Oregon Business




Registry#
Business Entity Name
Address


4107710
Southeast Company LLC
111 Sw Fifth Avenue, Portland, OR 97204


4333415
Harry and David, LLC
2500 S Pacific Hwy, Medford, OR 97501


4445110
Haney Truck Line, LLC
10505 Ne 2nd Ave, Portland, OR 97211


4516415
Hampton Tree Farms, LLC
9600 Sw Barnes Rd Ste 200, Portland, OR 97225


4604518
Sandy Farms, LLC
34500 Se Hwy 211, Boring, OR 97009


5619317
Oregon Metallurgical, LLC
1000 Six Ppg Place, Pittsburgh, PA 15222


5838313
Kendall Rent-a-car LLC
344 Goodpasture Island Rd, Eugene, OR 97401


5980719
Willamette Graystone, LLC
5 Concourse Pkwy Suite 1900, Atlanta, GA 30328


6052518
Pacific Saw and Knife Company LLC
2700 Se Tacoma St, Portland, OR 97202


6439814
Vigor Works LLC
9700 Se Lawnfield Rd, Clackamas, OR 97015


6930416
Western Minerals LLC
Caller Box 3009, Gillette, WY 82717


7217615
Kendall Ford LLC
8854 W Emerald Street, Boise, ID 83704


7362015
Brown & Brown of Oregon, LLC
2701 Nw Vaughn Street, Portland, OR 97210


7520513
Arclin U.S.A. LLC
475 28th St, Springfield, OR 97477


89235
Mt. Hood Meadows Oreg., LLC
Hwy 35 - 8 Miles N of Hwy 26/hwy 35 Jun, Mount Hood Parkdale, OR 97041


7781610
Pbc Co. of Bend LLC
2440 Ne 4th St, Bend, OR 97701


7835010
Hampton Distribution Companies, LLC
9600 Sw Barnes Rd Ste 200, Portland, OR 97225


7879513
Julie's Travel Desk, LLC
525 1st St, Lake Oswego, OR 97034


92130
Delta Property LLC
999 Division Avenue, Eugene, OR 97404


8151417
Kp LLC
13951 Washington Ave, San Leandro, CA 94578





Dataset Overview

This dataset contains businesses registered with the Corporation Division of Oregon Secretary of State.
























vannarath courtney
weston mcewan booster
reviews of greener earth nursery
oregon resources holdings
donegan advisors llc
arity llc chicago il
maine elk hunting clubs or assoications or foundations loc:us
4478/ 80 camino de la plazasan diego ca 92173
dariusz wiszowaty new yuork
hr la county student professional worker i
naics code for genex
jeanetta woods kansas city missouri
dawn fairoaks ave milwaukie
16420 se division st portland or ldc motors
mgt of america consulting esplanade
mi gente deli bronx ny
fd mr saadi
radio shack 64110
relax time 72 kneeland
d2l ltd 715 st. paul street baltimore md 21202-2311
2004 douglas drive san angelo texas
tw telecom of california lp
619-788-7924 fax
pawc management corporation
anthony's asphalt oregon
imagine freedom prine orego
hillside foodmart inc.
raiser llc 1455 market st san francisco ca
6345 balboa 370
wig wam vineyard
3101 se 170th portland oregon
5120 woodway drive suite 6001 houston tx
kenaad engineers llc
bounmy liz le texas











