

Bizapedia.com - Human Validation
















COMPANIESPEOPLEPRODUCTS/SERVICESTRADEMARKSADDRESSESPHONE BOOK




            Our system has detected a high number of page requests from your IP Address, please prove to us that you are a human to continue using our website.
        
























                            Please send me to the search subscription offer page after I successfully answer the word challenge.
                        









BIZAPEDIAPRO SEARCHPerform unlimited searches via ouradvanced search form withBizapedia Pro Search.FIND OUT MORE >BIZAPEDIAPRO DATABuild custom data listsfor one or many stateswith Bizapedia Pro Data.FIND OUT MORE >


Copyright © 2012-2017 · Bizapedia.com · All rights reserved.BlogPro SearchPro APIContact UsTerms of UsePrivacy PolicySitemapDesktop Version














Bizapedia.com - Human Validation
















COMPANIESPEOPLEPRODUCTS/SERVICESTRADEMARKSADDRESSESPHONE BOOK




            Our system has detected a high number of page requests from your IP Address, please prove to us that you are a human to continue using our website.
        
























                            Please send me to the search subscription offer page after I successfully answer the word challenge.
                        









BIZAPEDIAPRO SEARCHPerform unlimited searches via ouradvanced search form withBizapedia Pro Search.FIND OUT MORE >BIZAPEDIAPRO DATABuild custom data listsfor one or many stateswith Bizapedia Pro Data.FIND OUT MORE >


Copyright © 2012-2017 · Bizapedia.com · All rights reserved.BlogPro SearchPro APIContact UsTerms of UsePrivacy PolicySitemapDesktop Version














Sterifre Medical, Inc. - List of CEOs, founders and company directors

















directorpedia.net - List of CEOs, founders, board members and company directors











Sterifre Medical, Inc.
List of persons related to the company Sterifre Medical, Inc.. Find out list of CEOs, founders, board members, and company directors of Sterifre Medical, Inc..

CIK Number: 0001692770IRS Number: 462546677Company address: 526 CAMPUS ROAD WEILL HALL, SUITE 413 ITHACA 14853Phone number: (206) 399-1849Former name: Sterifre Medical Inc.Former name: SteriFreeMed, Inc.



People related to Sterifre Medical, Inc.
NamePositionStreetCityCountryGolkowski  Czeslaw526 Campus Road Weill Hall, Suite 413IthacaNYGreene  Jon526 Campus Road Weill Hall, Suite 413IthacaNYGolkowski  Mark526 Campus Road Weill Hall, Suite 413IthacaNYShea  Richard526 Campus Road Weill Hall, Suite 413IthacaNY




Sterifre Medical, Inc. on the Web












 











Home - Surefire Medical, Inc.


































Toggle navigation










 









Surefire Precision Infusion Systems

Directed therapy through dynamic technology

Discover Precision
















Home








Inventive device technology designed by and for the Interventional Radiology community.    

Surefire Medical pairs clinical discoveries with new, precise technology, arming physicians to target tumors and deliver therapies with superior accuracy, control and protection. We design Surefire Infusion Systems to target liver cancer, increase tumor uptake through pressure, and work with the body’s natural flow.

















Joseph P. Gerding, MD, Maine Medical Center, Radioembolization



Qualitative Improvement in Liver Tumor Enhancement during Angiography Using the Surefire Infusion System vs. a Power-Injectable Microcatheter.



 














Early Clinical Evidence Shows 80% Complete Tumor Response



Single Center Experience with the Surefire Infusion System for Delivery of DEB-TACE in Treatment of HCC



 














Clinical Data Shows Surefire Provides 80% Complete Response Rate



Clinical Data Shows Surefire Technology Provides 80% Complete Response Rate for Bridge-to-Transplant Primary Liver Cancer Treatment versus 52% for Standard Microcatheter



 














Surefire Receives Regulatory Approval for Infusion Systems and Guiding Catheters in Mexico



Surefire will now market the Surefire Precision 021, Surefire Infusion System mT/LT, and Surefire Guiding Catheters in Mexico



 
















Surefire Flexion Guiding Catheter
Designed with double-stranded steel braid, an ultra-soft tip and multiple segments for control and delivery to the target. 

						Learn More					











Surefire Precision Infusion System
Available in three different sizes, the Surefire Precision delivers the dose with increased efficiency for a more targeted delivery.

						Learn More					





























×



Learn about our new products and new clinical data at our lunch symposium Saturday September 10th 13:00–14:00, Auditorium 2.
More Details









Sterifre Medical, Inc. - Who is raising money? | SEC filings of fundraisings and investments in hedge funds, startups and private equity companies















Who is raising money?











Sterifre Medical, Inc.  Funding details


Sterifre Medical, Inc. Industry: Other Health CareCIK Number: 0001692770IRS Number: 462546677Address: 526 CAMPUS ROAD WEILL HALL, SUITE 413 ITHACA 14853Phone number: (206) 399-1849Former name: Sterifre Medical Inc., date of change: Former name: SteriFreeMed, Inc., date of change: 



Latest news
Sterifre Medical, Inc. raised $1,330,000 from 10 investors on 2016-12-21.



Sterifre Medical, Inc. Filings

DateFiling TypeOfferedSoldRemainingMin. investmentInvest. countExemption / Exlusions
2016-12-21New Form D$5,000,000$1,330,000$3,670,000$01006b[SEC Filing]
Sterifre Medical, Inc. raised $1,330,000 in total.



Directors and Executives of Sterifre Medical, Inc.
Key People in Sterifre Medical, Inc.:

Richard SheaMark GolkowskiCzeslaw GolkowskiJon Greene








Last visited companies: PFM Healthcare Opportunities Fund, L.P., Patch of Land, Inc., Patch of Land, Inc., Plasma Energy Group, LLC, Piedmont Hospitality Fund, LP

								© whoisraisingmoney.com
Daily updated news about investment into startups, hedge funds and private equity companies.
















StarFire Medical, Inc.: Private Company Information - Bloomberg









































  





















































































July 28, 2017 5:40 PM ET
Healthcare Equipment and Supplies

Company Overview of StarFire Medical, Inc.



Snapshot People




Company Overview
StarFire Medical, Inc. manufactures therapeutic implantable devices for the interventional treatment of neurovascular diseases. The company's products include detachable silicone balloons, which are used to treat neurovascular fistulas and aneurysms through endovascular techniques; and non-detachable silicone balloons, which are attached to a microcatheter, and used for temporary and test occlusion during endovascular procedures. The company is based in Plymouth, Minnesota. As of March 6, 2008, StarFire Medical, Inc. operates as a subsidiary of Nfocus Neuromedical, Inc.


15350 25th Avenue NorthSuite 100Plymouth, MN 55447-2082United States



Phone: 763-746-7500

Fax: 763-746-7501








Key Executives for StarFire Medical, Inc.


StarFire Medical, Inc. does not have any Key Executives recorded. 





Similar Private Companies By Industry



Company Name
Region



 .decimal, Inc. United States 20/20 GeneSystems Inc. United States 20/20 Imaging LLC United States 21st Century Scientific, Inc. United States 21X Corporation United States




Recent Private Companies Transactions



TypeDate
Target



No transactions available in the past 12 months.




Request Profile Update

















 












The information and data displayed in this profile are created and managed by S&P Global Market Intelligence, a division of S&P Global. Bloomberg.com does not create or control the content. For inquiries, please contact S&P Global Market Intelligence directly by clicking 
	here.




Stock Quotes


Market data is delayed at least 15 minutes.







Company Lookup



Most Searched Private Companies



Company Name
Geographic Region



 Lawyers Committee for Civil Rights Under Law United States NYC2012, Inc. United States The Advertising Council, Inc. United States Bertelsmann AG Europe Rush University United States













Sponsored Financial Commentaries

Sponsored Links






Browse Companies
A
B
C
D
E
F
G
H
I
J
K
L
M
N
O
P
Q
R
S
T
U
V
W
X
Y
Z
 | 
0
1
2
3
4
5
6
7
8
9






Request Profile Update

						Only a company representative may request an update for the company profile. Documentation will be required.
					  
To contact StarFire Medical, Inc., please visit --.  Company data is provided by S&P Global Market Intelligence.  Please use this form to report any data issues.
					  


Information Missing - Please enter your information in the following field(s): 




Company Name

Your Name*

Your E-Mail Address*

Your Phone Number*

Type of Data*


Overview
Executives
Key developments
Similar companies
Transactions


Update Needed*

All data changes require verification from public sources.  Please include the correct value or values and a source where we can verify.


Cancel


Submit






Your requested update has been submitted
Our data partners will research the update request and update the information on this page if necessary. Research and follow-up could take several weeks. If you have questions, you can contact them at bwwebmaster@businessweek.com.


Close



































STERIFRE Trademark Application of Sterifre Medical, Inc. - Serial Number 87322241 :: Justia Trademarks































































Log In
Sign Up











Find a Lawyer
Ask a Lawyer 
Research the Law
Law Schools
Laws & Regs
Newsletters
Legal Marketing








STERIFRE - Trademark DetailsStatus: 641 - Non-Final Action - MailedSerial Number87322241Word MarkSTERIFREStatus641 - Non-Final Action - MailedStatus Date2017-04-29Filing Date2017-02-02Mark Drawing4000 - Standard character mark 
TypesetAttorney NameJason GerstingLaw Office Assigned Location CodeL70Employee NameSNYDER, NELSON BStatementsGoods and ServicesSterilization unitsGoods and ServicesDisinfecting; sterilization servicesGoods and ServicesBiological decontamination servicesClassification InformationInternational Class010 - Surgical, medical, dental and veterinary apparatus and instruments, artificial limbs, eyes and teeth; orthopedic articles; suture materials. - Surgical, medical, dental and veterinary apparatus and instruments, artificial limbs, eyes and teeth; orthopedic articles; suture materials.US Class Codes026, 039, 044Class Status Code6 - ActiveClass Status Date2017-02-07Primary Code010International Class037 - Building construction; repair; installation services. - Building construction; repair; installation services.US Class Codes100, 103, 106Class Status Code6 - ActiveClass Status Date2017-02-07Primary Code037International Class040 - Treatment of materials. - Treatment of materials.US Class Codes100, 103, 106Class Status Code6 - ActiveClass Status Date2017-02-07Primary Code040Current Trademark OwnersParty NameSterifre Medical, Inc.Party Type10 - Original ApplicantLegal Entity Type03 - CorporationAddressPlease log in with your Justia account to see this address.CorrespondencesNameJASON GERSTINGAddressPlease log in with your Justia account to see this address.Trademark EventsEvent DateEvent Description2017-02-06NEW APPLICATION ENTERED IN TRAM2017-02-07NEW APPLICATION OFFICE SUPPLIED DATA ENTERED IN TRAM2017-04-28ASSIGNED TO EXAMINER2017-04-29NON-FINAL ACTION  WRITTEN2017-04-29NON-FINAL ACTION E-MAILED2017-04-29NOTIFICATION OF NON-FINAL ACTION E-MAILED2017-07-21TEAS CHANGE OF OWNER ADDRESS RECEIVED2017-07-21APPLICANT/CORRESPONDENCE CHANGES (NON-RESPONSIVE) ENTERED





Today on Verdict



The Democrats’ Better Way: Positive Messaging or Pandering to Trump Voters Who Are Never Coming Back?



George Washington law professor and economist praises Democrats for coming up with a message that preserves the party’s commitment to social justice issues, rather than attempting to woo Trump voters by appealing to what Trump appealed to.





Ask a Lawyer







Question:




Add details
120



Additional Details: 




					    	1000
					    


Ask Question






Find a Lawyer
















Lawyers - Get Listed Now!

Get a free directory profile listing







 



            Justia Legal Resources
        



Find a Lawyer





Bankruptcy Lawyers
Business Lawyers
Criminal Lawyers
Employment Lawyers
Estate Planning Lawyers
Family Lawyers
Personal Injury Lawyers
More... 




Individuals





Bankruptcy
Criminal
Divorce
DUI
Estate Planning
Family Law
Personal Injury
More...




Business





Business Formation
Business Operations
Employment
Intellectual Property
International Trade
Real Estate
Tax Law
More... 




Law Students





Law Schools
Admissions
Financial Aid
Course Outlines
Law Journals
Blogs
Employment
More...




US Federal Law





US Constitution
US Code
Regulations
Supreme Court
Circuit Courts
District Courts
Dockets & Filings
More...




US State Law





State Constitutions
State Codes
State Case Law
California
Florida
New York
Texas
More... 




Other Databases





Legal Blogs
Legal Forms
GAO Reports
Product Recalls
Patents
Trademarks
Countries
More...




Legal Marketing





Websites
Blogs
Content
Social Media
Local Marketing
Paid Ads (CPC/PPC)
Lawyer Directory
More...












 
                    © 2017 Justia



Company
Terms of Service
Privacy Policy
Help
Marketing Solutions












Trademark Categories by Justia :: Justia Trademarks































































Log In
Sign Up











Find a Lawyer
Ask a Lawyer 
Research the Law
Law Schools
Laws & Regs
Newsletters
Legal Marketing








Trademark CategoriesGoods
ChemicalsRead moreChemicals used in industry, science and photography, as well as in agriculture, horticulture and forestryUnprocessed artificial resins, unprocessed plasticsManuresFire extinguishing compositionsTempering and soldering preparationsChemical substances for preserving foodstuffsTanning substancesAdhesives used in industryClothingRead moreClothing, footwear, headgearCollective Membership MarkRead moreCollective Membership MarkCordage and fibersRead moreRopes, string, nets, tents, awnings, tarpaulins, sails, sacks and bags (not included in other classes)Padding and stuffing materials (except of rubber or plastics)Raw fibrous textile materialsCosmetics and cleaning preparationsRead moreBleaching preparations and other substances for laundry useCleaning, polishing, scouring and abrasive preparationsSoapsPerfumery, essential oils, cosmetics, hair lotionsDentifricesElectrical and scientific apparatusRead moreScientific, nautical, surveying, electric, photographic, cinematographic, optical, weighing, measuring, signalling, checking (supervision), life-saving and teaching apparatus and instrumentsApparatus for recording, transmission or reproduction of sound or imagesMagnetic data carriers, recording discsAutomatic vending machines and mechanisms for coin-operated apparatusCash registers, calculating machines, data processing equipment and computersFire-extinguishing apparatusEnvironmental control apparatusRead moreApparatus for lighting, heating, steam generating, cooking, refrigerating, drying, ventilating, water supply and sanitary purposesFabricsRead moreTextiles and textile goods, not included in other classesBed and table coversFancy goodsRead moreLace and embroidery, ribbons and braidButtons, hooks and eyes, pins and needlesArtificial flowersFirearmsRead moreFirearmsAmmunition and projectilesExplosivesFireworksFloor coveringsRead moreCarpets, rugs, mats and matting, linoleum and other materials for covering existing floorsWall hangings (non-textile)Furniture and articles not otherwise classifiedRead moreFurniture, mirrors, picture framesGoods (not included in other classes) of wood, cork, reed, cane, wicker, horn, bone, ivory, whalebone, shell, amber, mother-of-pearl, meerschaum and substitutes for all these materials, or of plasticsGoods Certification MarkRead moreGoods Certification MarkHand toolsRead moreHand tools and implements (hand-operated)CutlerySide armsRazorsHousewares and glassRead moreHousehold or kitchen utensils and containers (not of precious metal or coated therewith)Combs and spongesBrushes (except paint brushes)Brush-making materialsArticles for cleaning purposesSteelwoolUnworked or semi-worked glass (except glass used in building)Glassware, porcelain and earthenware not included in other classesJewelryRead morePrecious metals and their alloys and goods in precious metals or coated therewith, not included in other classesJewellery, precious stonesHorological and chronometric instrumentsLeather goodsRead moreLeather and imitations of leather, and goods made of these materials and not included in other classesAnimal skins, hidesTrunks and travelling bagsUmbrellas, parasols and walking sticksWhips, harness and saddleryLight beveragesRead moreBeersMineral and aerated waters and other non-alcoholic drinksFruit drinks and fruit juicesSyrups and other preparations for making beveragesLubricants and fuelsRead moreIndustrial oils and greasesLubricantsDust absorbing, wetting and binding compositionsFuels (including motor spirit) and illuminantsCandles, wicksMachineryRead moreMachines and machine toolsMotors and engines (except for land vehicles)Machine coupling and transmission components (except for land vehicles)Agricultural implements (other than hand-operated)Incubators for eggsMeats and processed foodsRead moreMeat, fish, poultry and gameMeat extractsPreserved, dried and cooked fruits and vegetablesJellies, jams, fruit saucesEggs, milk and milk productsEdible oils and fatsMedical apparatusRead moreSurgical, medical, dental and veterinary apparatus and instruments, artificial limbs, eyes and teethOrthopedic articlesSuture materialsMetal goodsRead moreCommon metals and their alloysMetal building materialsTransportable buildings of metalMaterials of metal for railway tracksNon-electric cables and wires of common metalIronmongery, small items of metal hardwarePipes and tubes of metalSafesGoods of common metal not included in other classesOresMusical InstrumentsRead moreMusical instrumentsNatural agricultural productsRead moreAgricultural, horticultural and forestry products and grains not included in other classesLive animalsFresh fruits and vegetablesSeeds, natural plants and flowersFoodstuffs for animals, maltNonmetallic building materialsRead moreBuilding materials (non-metallic)Non-metallic rigid pipes for buildingAsphalt, pitch and bitumenNon-metallic transportable buildingsMonuments, not of metalPaintsRead morePaints, varnishes, lacquersPreservatives against rust and against deterioration of woodColorantsMordantsRaw natural resinsMetals in foil and powder form for painters, decorators, printers and artistsPaper goods and printed matterRead morePaper, cardboard and goods made from these materials, not included in other classesPrinted matterBookbinding materialPhotographsStationeryAdhesives for stationery or household purposesArtists' materialsPaint brushesTypewriters and office requisites (except furniture)Instructional and teaching material (except apparatus)Plastic materials for packaging (not included in other classes)Playing cardsPrinters' typePrinting blocksPharmaceuticalsRead morePharmaceutical, veterinary and sanitary preparationsDietetic substances adapted for medical use, food for babiesPlasters, materials for dressingsMaterial for stopping teeth, dental waxDisinfectantsPreparations for destroying verminFungicides, herbicidesRubber goodsRead moreRubber, gutta-percha, gum, asbestos, mica and goods made from these materials and not included in other classesPlastics in extruded form for use in manufacturePacking, stopping and insulating materialsFlexible pipes, not of metalSmokers’ articlesRead moreTobaccoSmokers' articlesMatchesStaple foodsRead moreCoffee, tea, cocoa, sugar, rice, tapioca, sago, artificial coffeeFlour and preparations made from cereals, bread, pastry and confectionery, icesHoney, treacleYeast, baking-powderSalt, mustardVinegar, sauces (condiments)SpicesIceToys and sporting goodsRead moreGames and playthingsGymnastic and sporting articles not included in other classesDecorations for Christmas treesVehiclesRead moreVehiclesApparatus for locomotion by land, air or waterWine and spiritsRead moreAlcoholic beverages (except beers)Yarns and threadsRead moreYarns and threads, for textile useServices
Advertising and businessRead moreAdvertisingBusiness managementBusiness administrationOffice functionsBuilding construction and repairRead moreBuilding constructionRepairInstallation servicesComputer and scientificRead moreScientific and technological services and research and design relating theretoIndustrial analysis and research servicesDesign and development of computer hardware and softwareLegal servicesEducation and entertainmentRead moreEducationProviding of trainingEntertainmentSporting and cultural activitiesHotels and restaurantsRead moreServices for providing food and drinkTemporary accommodationInsurance and financialRead moreInsuranceFinancial affairsMonetary affairsReal estate affairsMedical, beauty and agriculturalRead moreMedical servicesVeterinary servicesHygienic and beauty care for human beings or animalsAgriculture, horticulture and forestry servicesPersonalRead morePersonal and social services rendered by others to meet the needs of individualsSecurity services for the protection of property and individualsServices Certification MarkRead moreServices Certification MarkTelecommunicationsRead moreTelecommunicationsTransportation and storageRead moreTransportPackaging and storage of goodsTravel arrangementTreatment of materialsRead moreTreatment of materialsMemberships
Certification MarkCollective Membership MarkCollective Service MarkCollective TrademarkService MarkTrademark





Today on Verdict



The Democrats’ Better Way: Positive Messaging or Pandering to Trump Voters Who Are Never Coming Back?



George Washington law professor and economist praises Democrats for coming up with a message that preserves the party’s commitment to social justice issues, rather than attempting to woo Trump voters by appealing to what Trump appealed to.





Ask a Lawyer







Question:




Add details
120



Additional Details: 




					    	1000
					    


Ask Question






Find a Lawyer
















Lawyers - Get Listed Now!

Get a free directory profile listing







 



            Justia Legal Resources
        



Find a Lawyer





Bankruptcy Lawyers
Business Lawyers
Criminal Lawyers
Employment Lawyers
Estate Planning Lawyers
Family Lawyers
Personal Injury Lawyers
More... 




Individuals





Bankruptcy
Criminal
Divorce
DUI
Estate Planning
Family Law
Personal Injury
More...




Business





Business Formation
Business Operations
Employment
Intellectual Property
International Trade
Real Estate
Tax Law
More... 




Law Students





Law Schools
Admissions
Financial Aid
Course Outlines
Law Journals
Blogs
Employment
More...




US Federal Law





US Constitution
US Code
Regulations
Supreme Court
Circuit Courts
District Courts
Dockets & Filings
More...




US State Law





State Constitutions
State Codes
State Case Law
California
Florida
New York
Texas
More... 




Other Databases





Legal Blogs
Legal Forms
GAO Reports
Product Recalls
Patents
Trademarks
Countries
More...




Legal Marketing





Websites
Blogs
Content
Social Media
Local Marketing
Paid Ads (CPC/PPC)
Lawyer Directory
More...












 
                    © 2017 Justia



Company
Terms of Service
Privacy Policy
Help
Marketing Solutions














SEATTLE · Washington Corporation










Toggle navigation





DATAGOVUS





Business

California
Colorado
Connecticut
Florida
Iowa
Nevada
New York
Oregon
Texas
Washington

Berkeley
Chicago
Hartford
Kansas City
Las Vegas
Los Angeles
New York City
Palo Alto
Pasadena
Philadelphia
Portland
Providence
Sacramento
San Diego
San Francisco
Santa Monica
Washington DC



Employee

New Jersey
Washington
Broome County
Chicago
Charlotte
Los Angeles
Montgomery County
Nashville
Palo Alto
Philadelphia



New York

Corporation
Attorney



Los Angeles

Business
Foreclosure
Parcel
Employee
Property



Other

San Diego Property
Philadelphia Property
Washington Lawyer
Washington Health Care
Physician





Go








Find Corporation in Washington





Go



















			SEATTLE · Washington Corporation
SEATTLE, 




Washington Corporation




Seattle
















Seattle ·  Washington Corporation




UBI
Business Name
Address


604119606
Sheldon Family LLC
1001 4th Ave Ste 4200, Seattle, WA 98154


604091209
Beth C. Scheenstra, D.v.m., P.l.l.c.
1001 4th Ave Ste 4400, Seattle, WA 98154


604106619
Sta Holdings, LLC
10746 Glen Acres Dr S, Seattle, WA 98168


604117859
Cheryl's General Contracting LLC
7319 19th Ave Sw, Seattle, WA 98106


604118410
Small Planet Productions Inc
64 W Etruria St, Seattle, WA 98119


604138420
Tzz Touring LLC
4025 21st Ave W, Seattle, WA 98199


604100388
Sb Owners, LLC
1000 2nd Ave Ste 1770, Seattle, WA 98104


601822001
Solutions-ii, Inc.
811 1st Ave Ste 260, Seattle, WA 98104


604034563
Internet Elephant LLC
1324 N 45th St Apt B, Seattle, WA 98103


604131806
Dckr, LLC
2907 Harris Pl S, Seattle, WA 98144


604082924
Marge Foods LLC
1730 31st Ave, Seattle, WA 98122


604056638
Innobank LLC.
1700 Summit Ave Apt 401, Seattle, WA 98122


604115690
4241 LLC
3501 W Lawton Cir, Seattle, WA 98199


604128222
Jpba, LLC
3480 W Marginal Way Sw, Seattle, WA 98106


604130703
Ikeda/vanderburg, LLC
925 4th Ave Ste 2900, Seattle, WA 98104


604054621
V. Maxim Lucero M.d., Pllc
4500 9th Ave Ne Ste 300, Seattle, WA 98105


604096240
Gray Seas, Pllc
8735 19th Ave Nw, Seattle, WA 98117


604134742
Tango Enterprises Inc
10832 35th Ave Sw, Seattle, WA 98146


604119309
Jenny Wilson Counseling & Consulting, LLC
2743 California Ave Sw Unit 301, Seattle, WA 98116


604122912
Nasser Dassi Lmt Pllc
215a 23rd Ave, Seattle, WA 98122


604068514
3kydd Transportation LLC
2515 4th Ave Apt 501, Seattle, WA 98121


604086132
Hhause Portfolios LLC
2519 35th Ave W, Seattle, WA 98199


604119894
Miss Teen America, Inc.
13022 10th Ave Nw, Seattle, WA 98177


604056556
Megan Bokan Counseling, LLC
2802 S Orcas St, Seattle, WA 98108


604084585
Diane R. Stokke Pllc
2608 10th Ave E, Seattle, WA 98102


604061043
Talion LLC
9810 28th Ave Sw Apt 102, Seattle, WA 98126


604126853
Light Rail LLC
10564 5th Ave Ne Ste 201, Seattle, WA 98125


603242145
National Coalition of Community-based Correctional and Community Re-entry Service Organizations
505 Ne 70th St Apt 703, Seattle, WA 98115


604059445
Annie's Animal Care LLC
11749 33rd Pl Ne, Seattle, WA 98125


604078612
Olympic Handyman & Remodel LLC
2037 Franklin Ave E 101, Seattle, WA 98102


604124522
Own The Night Productions, Inc
146 N Canal St Ste 350, Seattle, WA 98103


604126895
Cadence Artifice LLC
3801 S Alaska St Apt 210, Seattle, WA 98118


604056851
Inkstone Inc.
192 Nickerson St Ste 305, Seattle, WA 98109


604127416
Mary Ave Ventures LLC
7543 15th Ave Nw, Seattle, WA 98117


604056160
Lwb Real Estate Group, LLC
583 Battery St Apt 3605, Seattle, WA 98121


604072734
Lindsay Heitlauf-ferguson Realtor LLC
10564 5th Ave Ne Ste 201, Seattle, WA 98125


604056097
Ja Global Marketing LLC
12728 Greenwood Ave N Apt 305, Seattle, WA 98133


604062472
Ginger Biddness, LLC
3660 Phinney Ave N Apt 4, Seattle, WA 98103


604124077
Treo Organic Salon LLC
9251 45th Ave Sw, Seattle, WA 98136


604123228
Inspect Pacific Northwest Inc
1001 4th Ave Ste 3200, Seattle, WA 98154


604091586
The Naked Alien LLC
202 W Olympic Pl Apt 201, Seattle, WA 98119


604087458
Selway River, LLC
2025 1st Ave Ph A, Seattle, WA 98121


604051876
Right + Left, LLC
5529 25th Ave Ne Lowr Unit, Seattle, WA 98105


604060235
Westbank Projects Pp (us) Corp.
1215 4th Ave Ste 1901, Seattle, WA 98161


604068638
Rove, LLC
1507 11th Ave, Seattle, WA 98122


604059708
Gilman Law P.s.
1000 2nd Ave Ste 3500, Seattle, WA 98104


604091055
Dollar Donate Club, LLC
3500 27th Pl W Apt F320, Seattle, WA 98199


604095969
West Bay Associates, LLC
Sodo Commerce Building 66 S Hanford St #300, Seattle, WA 98134


604111402
Mei Ling Ellis Consulting LLC
2458 Birch Ave N, Seattle, WA 98109


604061574
Pacific Engagements, LLC
11300 3rd Ave Ne Apt 242, Seattle, WA 98125


604135776
Coldwater LLC
505 5th Ave S Ste 650, Seattle, WA 98104


604089331
Peony, LLC
5101 Ne 55th St Apt 202, Seattle, WA 98105


604086440
Yellow Brick Media LLC
5207 6th Ave Nw Lowr Unit, Seattle, WA 98107


604089672
End Cap Fund II LLC
801 2nd Ave Ste 1000, Seattle, WA 98104


604084680
Etosha LLC
9117 23rd Ave Nw, Seattle, WA 98117


604124149
Sp Echo Lake LLC
701 5th Ave Ste 5700, Seattle, WA 98104


604067715
Lake Roesiger Cabin LLC
4816 Ne 41st St, Seattle, WA 98105


604098149
Glory Property Investment & Construction Co. LLC
230 Union St, Seattle, WA 98101


604069239
Innovation Realty Partners, LLC
999 3rd Ave Ste 4600, Seattle, WA 98104


604078318
Ultra Deep Space LLC
12345 Lake City Way Ne # 154, Seattle, WA 98125


604071237
Am Law Pllc
1540 17th Ave S # B, Seattle, WA 98144


604104818
Odyssey Foods, LLC
601 Union St Ste 4100, Seattle, WA 98101


604137509
Return Therapy, LLC
5224 Ravenna Ave Ne, Seattle, WA 98105


604118061
Go Native Travel, LLC
317 Ne 75th Street, Seattle, WA 98115


604101865
Blue Heron Painting LLC
12725 26th Ave Ne, Seattle, WA 98125


604119136
Gypsy Lovett LLC
2612 30th Ave W, Seattle, WA 98199


604068536
Fsiwa, LLC
931 N 90th St, Seattle, WA 98103


604087060
Crystal Panes, LLC
4139 Greenwood Ave N, Seattle, WA 98103


604071945
Alabar Group LLC
5527 33rd Ave Ne, Seattle, WA 98105


604132525
5256 LLC
4717 Brooklyn Ave Ne 301-c, Seattle, WA 98105


604070620
Guardian Towing LLC
9650 Martin Luther King Jr Way S, Seattle, WA 98118


604096705
Society of Trust and Estate Practitioners-u.s., Inc. Dba Society of Trust and Estate Practitioners-u.s.
1111 3rd Ave Ste 800, Seattle, WA 98101


604087826
Four Four Technology LLC
4201 28th Ave Sw, Seattle, WA 98126


604086411
The Impulse Ld, LLC
2608 2nd Ave # 265, Seattle, WA 98121


604094213
The Mvmnt Method LLC
8824 39th Ave Sw, Seattle, WA 98136


604085265
Cohlmia Consulting, LLC
1620 Melrose Ave Apt 101, Seattle, WA 98122


604084444
Awakenings Acupuncture, Pllc
1818 E Mercer St Ste 100, Seattle, WA 98112


604127686
Leading With Love Parenting LLC
7436 S 116th St, Seattle, WA 98178


604093457
J :: Evelyn Design LLC
4852 S Kenny St, Seattle, WA 98118


604137771
Turnkits LLC
1019 Ne 98th St, Seattle, WA 98115


604119585
206 Now LLC
1415 2nd Ave Unit 602, Seattle, WA 98101


604088881
Render Brew LLC
1001 4th Ave Ste 4200, Seattle, WA 98154


604049976
Daily Portable, LLC
1001 4th Ave Ste 3200, Seattle, WA 98154


604116041
Sketchtoanimate LLC
2810 Ne 137th St, Seattle, WA 98125


604074457
Break Public Relations, LLC
2646 Nw 56th St Unit A, Seattle, WA 98107


604086795
Obru, LLC
1326 5th Ave Ste 654, Seattle, WA 98101


604133309
Joy Heisler Brinton LLC
1325 4th Ave Ste 940, Seattle, WA 98101


604141907
Professional Install Services LLC
502 Rainier Ave S Ste 103, Seattle, WA 98144


604060473
Dismal Nitch LLC
1424 32nd Ave S, Seattle, WA 98144


604082928
Icona Creative LLC
3221 22nd Ave W, Seattle, WA 98199


604063433
The Squirrelly Moose, L.l.c.
2802 Sw Bataan St, Seattle, WA 98126


604087659
Nonprofit Management Center
3244 35th Ave Sw, Seattle, WA 98126


604129031
Balance In Breath, LLC
3417 Evanston Ave N Ste 410, Seattle, WA 98103


604062133
Urban Earth LLC
1051 N 35th St, Seattle, WA 98103


604055431
Umamijobs LLC
3055 21st Ave W, Seattle, WA 98199


604080132
Dyt Construction, LLC
3324 S Holly St, Seattle, WA 98118


604121244
E.o. Consulting LLC
10301 45th Ave Ne, Seattle, WA 98125


604133882
Phuong Tam, LLC
1400 S Jackson St Ste 3, Seattle, WA 98144


604051559
Lenimentum LLC
906 Broadway E Apt D, Seattle, WA 98102


604118813
Jd Mt Vernon LLC
701 5th Ave Ste 5500, Seattle, WA 98104







City · Washington Corporation





City
State
Corporation


1.


							SEATTLE						


						WA					
183025
16.30%


2.


							OLYMPIA						


						WA					
73630
6.56%


3.


							BELLEVUE						


						WA					
62171
5.54%


4.


							SPOKANE						


						WA					
49485
4.41%


5.


							VANCOUVER						


						WA					
46799
4.17%


6.


							TACOMA						


						WA					
38034
3.39%


7.


							TUMWATER						


						WA					
37399
3.33%


8.


							BELLINGHAM						


						WA					
22896
2.04%


9.


							KIRKLAND						


						WA					
20182
1.80%


10.


							EVERETT						


						WA					
18349
1.63%


11.


							KENT						


						WA					
16497
1.47%


12.


							RENTON						


						WA					
15524
1.38%


13.


							REDMOND						


						WA					
14785
1.32%


14.


							PUYALLUP						


						WA					
13102
1.17%


15.


							FEDERAL WAY						


						WA					
12509
1.11%


16.


							LYNNWOOD						


						WA					
12436
1.11%


17.


							BOTHELL						


						WA					
12099
1.08%


18.


							YAKIMA						


						WA					
11564
1.03%


19.


							AUBURN						


						WA					
11240
1.00%


20.


							EDMONDS						


						WA					
11073
0.99%





			Show More
		



						GIG HARBOR (9956)
					



						KENNEWICK (9436)
					



						ISSAQUAH (9432)
					



						SNOHOMISH (8891)
					



						WOODINVILLE (7932)
					



						MERCER ISLAND (7381)
					



						WENATCHEE (6957)
					



						SPOKANE VALLEY (6844)
					



						SAMMAMISH (6712)
					



						LAKEWOOD (6704)
					



						SHORELINE (6244)
					



						BAINBRIDGE ISLAND (6173)
					



						FIFE (6146)
					



						MOUNT VERNON (5991)
					



						BREMERTON (5971)
					



						PORT ORCHARD (5672)
					



						RICHLAND (5272)
					



						MARYSVILLE (5109)
					



						PASCO (4638)
					



						LACEY (4604)
					



						POULSBO (4600)
					



						ARLINGTON (4591)
					



						WALLA WALLA (4573)
					



						CAMAS (4323)
					



						BATTLE GROUND (4158)
					



						LONGVIEW (4122)
					



						UNIVERSITY PLACE (3986)
					



						MOSES LAKE (3843)
					



						LAKE STEVENS (3800)
					



						PORT ANGELES (3687)
					



						MAPLE VALLEY (3669)
					



						SEQUIM (3590)
					



						BURIEN (3550)
					



						MUKILTEO (3531)
					



						MONROE (3492)
					



						MILL CREEK (3465)
					



						LYNDEN (3463)
					



						ANACORTES (3440)
					



						TUKWILA (3172)
					



						ELLENSBURG (3095)
					



						DES MOINES (2969)
					



						SHELTON (2911)
					



						KENMORE (2896)
					



						PORT TOWNSEND (2879)
					



						ENUMCLAW (2824)
					



						SPANAWAY (2806)
					



						CHEHALIS (2797)
					



						OAK HARBOR (2792)
					



						SILVERDALE (2757)
					



						WASHOUGAL (2684)
					



						BONNEY LAKE (2633)
					



						STANWOOD (2594)
					



						RIDGEFIELD (2558)
					



						BLAINE (2557)
					



						FRIDAY HARBOR (2480)
					



						FERNDALE (2384)
					



						SUMNER (2363)
					



						VASHON (2263)
					



						MOUNTLAKE TERRACE (2195)
					



						CENTRALIA (2160)
					



						EAST WENATCHEE (2148)
					



						YELM (2145)
					



						ABERDEEN (2135)
					



						GRAHAM (2131)
					



						PULLMAN (2117)
					



						NORTH BEND (2022)
					



						SEATAC (2002)
					



						CAMANO ISLAND (1919)
					



						SNOQUALMIE (1918)
					



						NEWCASTLE (1809)
					



						SEDRO WOOLLEY (1806)
					



						BURLINGTON (1767)
					



						LIBERTY LAKE (1762)
					



						CLARKSTON (1607)
					



						COVINGTON (1593)
					



						KELSO (1581)
					



						LAKE FOREST PARK (1545)
					



						WOODLAND (1541)
					



						DUVALL (1540)
					



						BUCKLEY (1447)
					





























s. madison services llc tacoma wa
lisa hallmon pacific seafoods
marylee bowles washington
jungle turx 35110 ne 119th ave la center wa 98629
mai lin properties vancouver wa
north central soccer omak
20809 253rd ave se maple valley wa 98038
16912 15th ave ne shoreline wa 98155
vizionfresh international
daren w dirkse washington
289 halliday rd
curiosity works llc
matt barnes cfa ryan ironvine
cr dexter station
triad frensen
lash & mee inc olympia wa
haak farm administration yakima wa
12804 sunny shores rdtulalip wa 98271-6025
mmc business solutions john udland
sunlight payments inc
inwoo lee attorney in wa state
cascadia exective services llc in renton phone number
matisa construction tukwila
sagemoor management washington
ht-seattle owner llc
aasve homes llc
seatac tax services llc
colleen northcutt micro cube innovation limited
ryan-ghc
kittitas county identifier 5543

















Zip 98101 · Washington Corporation










Toggle navigation





DATAGOVUS





Business

California
Colorado
Connecticut
Florida
Iowa
Nevada
New York
Oregon
Texas
Washington

Berkeley
Chicago
Hartford
Kansas City
Las Vegas
Los Angeles
New York City
Palo Alto
Pasadena
Philadelphia
Portland
Providence
Sacramento
San Diego
San Francisco
Santa Monica
Washington DC



Employee

New Jersey
Washington
Broome County
Chicago
Charlotte
Los Angeles
Montgomery County
Nashville
Palo Alto
Philadelphia



New York

Corporation
Attorney



Los Angeles

Business
Foreclosure
Parcel
Employee
Property



Other

San Diego Property
Philadelphia Property
Washington Lawyer
Washington Health Care
Physician





Go








Find Corporation in Washington





Go



















			Zip 98101 · Washington Corporation
98101




Washington Corporation




 98101 
















Zip 98101 ·  Washington Corporation




UBI
Business Name
Address


604098149
Glory Property Investment & Construction Co. LLC
230 Union St, Seattle, WA 98101


604104818
Odyssey Foods, LLC
601 Union St Ste 4100, Seattle, WA 98101


604096705
Society of Trust and Estate Practitioners-u.s., Inc. Dba Society of Trust and Estate Practitioners-u.s.
1111 3rd Ave Ste 800, Seattle, WA 98101


604119585
206 Now LLC
1415 2nd Ave Unit 602, Seattle, WA 98101


604086795
Obru, LLC
1326 5th Ave Ste 654, Seattle, WA 98101


604133309
Joy Heisler Brinton LLC
1325 4th Ave Ste 940, Seattle, WA 98101


604072775
Uterish
1420 5th Ave Ste 4200, Seattle, WA 98101


604130405
Vines Icg LLC
1420 5th Ave Ste 3650, Seattle, WA 98101


604066111
Joinscience Usa Consulting LLC
601 Union St Ste 4200, Seattle, WA 98101


602752227
Propel Fuels, Inc.
1420 5th St, Seattle, WA 98101


604088466
Roshanak Baghai, Pllc
601 Union St Ste 3315, Seattle, WA 98101


604110766
Ncp Holdings LLC
601 Union St Ste 2600, Seattle, WA 98101


604070875
Barrientos + Ryan LLC
1402 3rd Ave Ste 808, Seattle, WA 98101


604067288
Edart, LLC
701 Pike St Ste 1400, Seattle, WA 98101


604139222
C.f. Bridgeport, LLC
600 University St Ste 2000, Seattle, WA 98101


604093400
Sekop LLC
1420 5th Ave Ste 3000, Seattle, WA 98101


604073008
Courtesy Trucking, LLC
520 Pike St Ste 1440, Seattle, WA 98101


604106779
Port Wireless, LLC
1410 Western Ave, Seattle, WA 98101


604112725
Columbia/wegman Hamilton Nj, LLC
1201 3rd Ave Ste 3400, Seattle, WA 98101


604136576
290xx 55th LLC
1402 3rd Ave Ste 828, Seattle, WA 98101


604106309
Property 2021 LLC
601 Union St Ste 4100, Seattle, WA 98101


604057306
Sea-tac Lighting Corporate Building, LLC
1420 5th Ave Ste 3000, Seattle, WA 98101


604123375
Columbia/wegman Southampton, LLC
1201 3rd Ave Ste 3400, Seattle, WA 98101


604126702
Bellevue Investors Vi LLC
1111 3rd Ave Ste 3000, Seattle, WA 98101


604108225
Portside 55 North, LLC
1201 3rd Ave Ste 3400, Seattle, WA 98101


604062301
Above The Falls Technologies, LLC
1411 4th Ave Ste 910, Seattle, WA 98101


604073142
Cchd Consulting, LLC
1201 3rd Ave Ste 3400, Seattle, WA 98101


601985178
Family Place One, Ltd. Dba Family Place One Lp
603 Stewart Street, Seattle, WA 98101


604090485
Dsk-culturally Responsive Educational Services, LLC
1400 Hubbell Pl Apt 913, Seattle, WA 98101


604081245
Revel Retreats LLC
1301 4th Ave Apt 1101, Seattle, WA 98101


604126891
Bt Licensing, LLC
1420 5th Ave Ste 3400, Seattle, WA 98101


604052234
Clifton-white, LLC
601 Union St Ste 4200, Seattle, WA 98101


604064506
One Potato Inc
1107 1st Ave Apt 707, Seattle, WA 98101


604112745
Avenue57 LLC
737 Olive Way Apt 3308, Seattle, WA 98101


604056676
Studio La Ru Architects Pllc
1430 Western Ave, Seattle, WA 98101


604133901
Cp Hrg Al Reit I Trs, LLC
1201 3rd Ave Ste 3400, Seattle, WA 98101


604131568
Cp Hrg Al Reit I, LLC
1201 3rd Ave Ste 3400, Seattle, WA 98101


604058840
Gateway Anesthesia Services, P.l.l.c.
601 Union St Ste 3315, Seattle, WA 98101


604040177
Corry Holdings, LLC
601 Union St Ste 2600, Seattle, WA 98101


604108491
Titan Real Estate Investments, LLC
1200 5th Ave Ste 1217, Seattle, WA 98101


604077891
Pine and Paint LLC
601 Union St Ste 2600, Seattle, WA 98101


604056300
Innovatio LLC
1191 2nd Ave Ste 1800, Seattle, WA 98101


604051304
Cpif Calumet, LLC
1201 3rd Ave Ste 3400, Seattle, WA 98101


604038447
Brienana, Inc.
1551 Minor Ave Apt 614, Seattle, WA 98101


604063305
Hhchan LLC
1301 1st Ave Apt 912, Seattle, WA 98101


604127035
Fire Fighter Wellness LLC
1915 2nd Ave Apt 2405, Seattle, WA 98101


604096694
Cays Cca, LLC
1524 Alaskan Way Ste 200, Seattle, WA 98101


604092857
Cp Acquisitions, LLC
1201 3rd Ave Ste 2200, Seattle, WA 98101


604033670
The Colombian Trade Company LLC
1201 3rd Ave Ste 2200, Seattle, WA 98101


604093881
The Custom Closet Company, Inc.
1201 3rd Ave #3400, Seattle, WA 98101


604055777
Usa In-home Hearing, P.s.
Mhfm Law Ps 1325 4th Ave #1700, Seattle, WA 98101


604123372
Wa Woodinville Self Storage, LLC
1201 3rd Ave Ste 3400, Seattle, WA 98101


604110940
Westsound Partners LLC
1809 7th Ave Ste 1400, Seattle, WA 98101


604069417
Chalklabs LLC
1411 4th Ave Ste 910, Seattle, WA 98101


604103662
Washington State Hunan Chamber of Commerce
1326 5th Ave Ste 343, Seattle, WA 98101


604121526
Mah Holdings Ca, LLC
1325 4th Ave Ste 940, Seattle, WA 98101


604132100
Vch Aero LLC
1420 5th Ave Ste 4200, Seattle, WA 98101


604137219
Ssa Real Estate Holdings, LLC
1201 3rd Ave Ste 3400, Seattle, WA 98101


604133596
Pham T. Huynh V. Huynh Pllc
1201 3rd Ave Ste 3200, Seattle, WA 98101


604101512
Student Alliance for Humane Education
1900 1st Ave Apt 207, Seattle, WA 98101


604133460
Great Grandpa LLC
701 Pike St Ste 2225, Seattle, WA 98101


604087434
Boardreadyindex, LLC
1420 5th Ave Ste 4200, Seattle, WA 98101


604128409
Fairview Building 2017, LLC
600 Stewart St Ste 620, Seattle, WA 98101


604109604
Portside 55 Holding Company, LLC
1201 3rd Ave Ste 3400, Seattle, WA 98101


604050557
Magnos Somnia, LLC
1201 3rd Ave Ste 3200, Seattle, WA 98101


604074342
Tsi Drywall, LLC
1420 5th Ave Ste 4200, Seattle, WA 98101


604122983
Hawthorn Al Propco, LLC
1201 3rd Ave Ste 3400, Seattle, WA 98101


604073014
Creswell University
600 University St, Seattle, WA 98101


604083128
Intrinsic Automations, LLC
1408 Post Aly, Seattle, WA 98101


604053037
Kennewick Building, LLC
1201 3rd Ave Ste 3400, Seattle, WA 98101


604069202
Osw Equipment & Repair, LLC
1191 2nd Ave Ste 1800, Seattle, WA 98101


604082968
Regotech Inc.
1201 3rd Ave Ste 3400, Seattle, WA 98101


604077555
Denny Way Holdings, LLC
1420 5th Ave Ste 3400, Seattle, WA 98101


604122007
West X Sw Investment Holdings, LLC
1700 7th Ave Ste 2200, Seattle, WA 98101


604041984
Cwtgw Investments, LLC
1524 Alaskan Way Ste 200, Seattle, WA 98101


604067212
Blue Hat Properties, LLC
601 Union St Ste 4950, Seattle, WA 98101


604118953
Envest, Inc.
1420 5th Ave Ste 4200, Seattle, WA 98101


604071989
Udi Investments LLC
1809 7th Ave Ste 1400, Seattle, WA 98101


604098196
Prpose LLC
1809 7th Ave Ste 1400, Seattle, WA 98101


604122831
Cadence Magnolia LLC
1420 5th Ave Ste 3650, Seattle, WA 98101


604122526
Benjamin Yong Choi, Dmd, Pllc
1201 3rd Ave Ste 3200, Seattle, WA 98101


604122384
Vision Management Company Inc Dba Vision Management Companyof Washington Inc
1601 5th Ave Ste 1100, Seattle, WA 98101


604125383
Dade Murphy Enterprises, LLC
1800 9th Ave Floor 11, Seattle, WA 98101


604114001
315 Riverside Ave LLC
1201 3rd Ave Ste 3400, Seattle, WA 98101


604110051
800 Ne 65th St, LLC
520 Pike St Ste 1505, Seattle, WA 98101


604123381
Mimara Capital I LLC
411 University St 12th Fl, Seattle, WA 98101


604089386
Dgt Golf, Inc.
1420 5th Ave Ste 4200, Seattle, WA 98101


604120333
Allpoint Signs and Lighting LLC
1601 5th Ave Ste 1100, Seattle, WA 98101


604071286
Kingston Rental LLC
1420 5th Ave Ste 3000, Seattle, WA 98101


604125975
Foodant-regulatory Compliance and Food Labeling Consultant LLC
1525 9th Ave Apt 2110, Seattle, WA 98101


604106765
Bhe of Issaquah, LLC
1420 5th Ave Ste 4200, Seattle, WA 98101


604095449
Kmew Usa Inc.
601 Union St Ste 2600, Seattle, WA 98101


604076065
Solar Empowerment Solutions
1420 5th Ave Ste 4200, Seattle, WA 98101


604055135
Or Bend Self Storage, LLC
1201 3rd Ave Ste 3400, Seattle, WA 98101


604077527
2426 - 32nd Avenue West LLC
1420 5th Ave Ste 3650, Seattle, WA 98101


604116333
Harmony House of Acupuncture & Herbal Remedy Pllc
1904 3rd Ave Ste 808, Seattle, WA 98101


604119512
Glow Holdings, Inc. Dba Glow Holdings Washington Inc.
809 Olive Way Apt 904, Seattle, WA 98101


604072177
Pain Removal LLC
1904 3rd Ave Ste 320, Seattle, WA 98101


604049648
Madison Bay Commercial LLC
1326 5th Ave Ste 425, Seattle, WA 98101


604128042
1010 Apartments LLC
1201 3rd Ave Ste 3200, Seattle, WA 98101







Zip Code · Washington Corporation





Zip Code
City
Corporation


1.


							98501						


						Olympia					
58520
5.21%


2.


							98501						


						Tumwater					
30540
2.72%


3.


							98101						


						Seattle					
29835
2.66%


4.


							98004						


						Bellevue					
23237
2.07%


5.


							98104						


						Seattle					
22285
1.98%


6.


							99201						


						Spokane					
20590
1.83%


7.


							98006						


						Bellevue					
18113
1.61%


8.


							98033						


						Kirkland					
12002
1.07%


9.


							98225						


						Bellingham					
11841
1.05%


10.


							98052						


						Redmond					
10896
0.97%


11.


							98005						


						Bellevue					
10687
0.95%


12.


							98103						


						Seattle					
10510
0.94%


13.


							98121						


						Seattle					
8323
0.74%


14.


							98402						


						Tacoma					
8171
0.73%


15.


							98115						


						Seattle					
7942
0.71%


16.


							98661						


						Vancouver					
7562
0.67%


17.


							98034						


						Kirkland					
7505
0.67%


18.


							98040						


						Mercer Island					
7362
0.66%


19.


							98109						


						Seattle					
7341
0.65%


20.


							98003						


						Federal Way					
7158
0.64%





			Show More
		



						98226 (7028)
					



						98512 (6771)
					



						98122 (6727)
					



						98335 (6294)
					



						98801 (6251)
					



						98027 (6246)
					



						98502 (6207)
					



						99336 (6165)
					



						98110 (6152)
					



						98424 (6140)
					



						98072 (6070)
					



						98032 (5918)
					



						98119 (5902)
					



						98026 (5877)
					



						98201 (5874)
					



						98107 (5560)
					



						98660 (5522)
					



						98144 (5503)
					



						98102 (5447)
					



						98036 (5439)
					



						98118 (5421)
					



						98105 (5251)
					



						98125 (5234)
					



						98290 (5220)
					



						98020 (5132)
					



						98116 (5100)
					



						98682 (5044)
					



						98208 (4978)
					



						98007 (4928)
					



						98117 (4768)
					



						98662 (4746)
					



						98273 (4693)
					



						98370 (4581)
					



						98223 (4561)
					



						98023 (4548)
					



						99362 (4537)
					



						98499 (4482)
					



						98199 (4478)
					



						99301 (4438)
					



						98031 (4404)
					



						98112 (4371)
					



						98607 (4305)
					



						98604 (4134)
					



						98665 (4126)
					



						98632 (4107)
					



						98012 (4076)
					



						98684 (4032)
					



						98008 (3980)
					



						98037 (3934)
					



						99208 (3930)
					



						98011 (3874)
					



						99352 (3872)
					



						98021 (3861)
					



						98837 (3819)
					



						98002 (3800)
					



						98258 (3790)
					



						98683 (3742)
					



						98133 (3678)
					



						98902 (3661)
					



						98038 (3652)
					



						98058 (3647)
					



						98108 (3631)
					



						98092 (3617)
					



						98001 (3595)
					



						98382 (3576)
					



						98074 (3546)
					



						98270 (3541)
					



						98275 (3511)
					



						98272 (3478)
					



						98264 (3453)
					



						98366 (3441)
					



						98221 (3427)
					



						98409 (3414)
					



						98296 (3411)
					



						98685 (3396)
					



						98203 (3368)
					



						98012 (3366)
					



						98053 (3363)
					



						98373 (3215)
					



						98154 (3157)
					



						99223 (3131)
					



						98029 (3118)
					



						98075 (3108)
					



						98908 (3107)
					



						98901 (3101)
					



						99202 (3093)
					



						98059 (3089)
					



						98926 (3084)
					



						98056 (3067)
					



						98055 (3012)
					



						98229 (3003)
					



						98374 (2977)
					



						98362 (2915)
					



						98584 (2902)
					



						98030 (2891)
					



						98028 (2869)
					



						98204 (2863)
					



						98368 (2863)
					



						98198 (2836)
					



						99205 (2824)
					





























s. madison services llc tacoma wa
lisa hallmon pacific seafoods
marylee bowles washington
jungle turx 35110 ne 119th ave la center wa 98629
mai lin properties vancouver wa
north central soccer omak
20809 253rd ave se maple valley wa 98038
16912 15th ave ne shoreline wa 98155
vizionfresh international
daren w dirkse washington
289 halliday rd
curiosity works llc
matt barnes cfa ryan ironvine
cr dexter station
triad frensen
lash & mee inc olympia wa
haak farm administration yakima wa
12804 sunny shores rdtulalip wa 98271-6025
mmc business solutions john udland
sunlight payments inc
inwoo lee attorney in wa state
cascadia exective services llc in renton phone number
matisa construction tukwila
sagemoor management washington
ht-seattle owner llc
aasve homes llc
seatac tax services llc
colleen northcutt micro cube innovation limited
ryan-ghc
kittitas county identifier 5543

















Washington Corporation










Toggle navigation





DATAGOVUS





Business

California
Colorado
Connecticut
Florida
Iowa
Nevada
New York
Oregon
Texas
Washington

Berkeley
Chicago
Hartford
Kansas City
Las Vegas
Los Angeles
New York City
Palo Alto
Pasadena
Philadelphia
Portland
Providence
Sacramento
San Diego
San Francisco
Santa Monica
Washington DC



Employee

New Jersey
Washington
Broome County
Chicago
Charlotte
Los Angeles
Montgomery County
Nashville
Palo Alto
Philadelphia



New York

Corporation
Attorney



Los Angeles

Business
Foreclosure
Parcel
Employee
Property



Other

San Diego Property
Philadelphia Property
Washington Lawyer
Washington Health Care
Physician





Go








Find Corporation in Washington





Go



















			Washington Corporation





Washington Corporation














Dataset Overview

	This dataset contains listing of 1m corporations 
	registered with the Corporations Division of Washington Secretary of State.
	Each corporation is registered with the following information:
		Washington State Unified Business Identifier (UBI),
		legal business name,
		category,
		state of incorporation,
		date of incorporation,
		expiration date of the most recent annual report,
		dissolution date if dissolved,
		duration of corporation,
		active,
		profit or non-profit,
		registered agent name and address,
		governing person (president, vice-president, member) and address,
		etc.




City · Washington Corporation





City
State
Corporation


1.


							SEATTLE						


						WA					
183025
16.30%


2.


							OLYMPIA						


						WA					
73630
6.56%


3.


							BELLEVUE						


						WA					
62171
5.54%


4.


							SPOKANE						


						WA					
49485
4.41%


5.


							VANCOUVER						


						WA					
46799
4.17%


6.


							TACOMA						


						WA					
38034
3.39%


7.


							TUMWATER						


						WA					
37399
3.33%


8.


							BELLINGHAM						


						WA					
22896
2.04%


9.


							KIRKLAND						


						WA					
20182
1.80%


10.


							EVERETT						


						WA					
18349
1.63%


11.


							KENT						


						WA					
16497
1.47%


12.


							RENTON						


						WA					
15524
1.38%


13.


							REDMOND						


						WA					
14785
1.32%


14.


							PUYALLUP						


						WA					
13102
1.17%


15.


							FEDERAL WAY						


						WA					
12509
1.11%


16.


							LYNNWOOD						


						WA					
12436
1.11%


17.


							BOTHELL						


						WA					
12099
1.08%


18.


							YAKIMA						


						WA					
11564
1.03%


19.


							AUBURN						


						WA					
11240
1.00%


20.


							EDMONDS						


						WA					
11073
0.99%





			Show More
		



						GIG HARBOR (9956)
					



						KENNEWICK (9436)
					



						ISSAQUAH (9432)
					



						SNOHOMISH (8891)
					



						WOODINVILLE (7932)
					



						MERCER ISLAND (7381)
					



						WENATCHEE (6957)
					



						SPOKANE VALLEY (6844)
					



						SAMMAMISH (6712)
					



						LAKEWOOD (6704)
					



						SHORELINE (6244)
					



						BAINBRIDGE ISLAND (6173)
					



						FIFE (6146)
					



						MOUNT VERNON (5991)
					



						BREMERTON (5971)
					



						PORT ORCHARD (5672)
					



						RICHLAND (5272)
					



						MARYSVILLE (5109)
					



						PASCO (4638)
					



						LACEY (4604)
					



						POULSBO (4600)
					



						ARLINGTON (4591)
					



						WALLA WALLA (4573)
					



						CAMAS (4323)
					



						BATTLE GROUND (4158)
					



						LONGVIEW (4122)
					



						UNIVERSITY PLACE (3986)
					



						MOSES LAKE (3843)
					



						LAKE STEVENS (3800)
					



						PORT ANGELES (3687)
					



						MAPLE VALLEY (3669)
					



						SEQUIM (3590)
					



						BURIEN (3550)
					



						MUKILTEO (3531)
					



						MONROE (3492)
					



						MILL CREEK (3465)
					



						LYNDEN (3463)
					



						ANACORTES (3440)
					



						TUKWILA (3172)
					



						ELLENSBURG (3095)
					



						DES MOINES (2969)
					



						SHELTON (2911)
					



						KENMORE (2896)
					



						PORT TOWNSEND (2879)
					



						ENUMCLAW (2824)
					



						SPANAWAY (2806)
					



						CHEHALIS (2797)
					



						OAK HARBOR (2792)
					



						SILVERDALE (2757)
					



						WASHOUGAL (2684)
					



						BONNEY LAKE (2633)
					



						STANWOOD (2594)
					



						RIDGEFIELD (2558)
					



						BLAINE (2557)
					



						FRIDAY HARBOR (2480)
					



						FERNDALE (2384)
					



						SUMNER (2363)
					



						VASHON (2263)
					



						MOUNTLAKE TERRACE (2195)
					



						CENTRALIA (2160)
					



						EAST WENATCHEE (2148)
					



						YELM (2145)
					



						ABERDEEN (2135)
					



						GRAHAM (2131)
					



						PULLMAN (2117)
					



						NORTH BEND (2022)
					



						SEATAC (2002)
					



						CAMANO ISLAND (1919)
					



						SNOQUALMIE (1918)
					



						NEWCASTLE (1809)
					



						SEDRO WOOLLEY (1806)
					



						BURLINGTON (1767)
					



						LIBERTY LAKE (1762)
					



						CLARKSTON (1607)
					



						COVINGTON (1593)
					



						KELSO (1581)
					



						LAKE FOREST PARK (1545)
					



						WOODLAND (1541)
					



						DUVALL (1540)
					



						BUCKLEY (1447)
					







Zip Code · Washington Corporation





Zip Code
City
Corporation


1.


							98501						


						Olympia					
58520
5.21%


2.


							98501						


						Tumwater					
30540
2.72%


3.


							98101						


						Seattle					
29835
2.66%


4.


							98004						


						Bellevue					
23237
2.07%


5.


							98104						


						Seattle					
22285
1.98%


6.


							99201						


						Spokane					
20590
1.83%


7.


							98006						


						Bellevue					
18113
1.61%


8.


							98033						


						Kirkland					
12002
1.07%


9.


							98225						


						Bellingham					
11841
1.05%


10.


							98052						


						Redmond					
10896
0.97%


11.


							98005						


						Bellevue					
10687
0.95%


12.


							98103						


						Seattle					
10510
0.94%


13.


							98121						


						Seattle					
8323
0.74%


14.


							98402						


						Tacoma					
8171
0.73%


15.


							98115						


						Seattle					
7942
0.71%


16.


							98661						


						Vancouver					
7562
0.67%


17.


							98034						


						Kirkland					
7505
0.67%


18.


							98040						


						Mercer Island					
7362
0.66%


19.


							98109						


						Seattle					
7341
0.65%


20.


							98003						


						Federal Way					
7158
0.64%





			Show More
		



						98226 (7028)
					



						98512 (6771)
					



						98122 (6727)
					



						98335 (6294)
					



						98801 (6251)
					



						98027 (6246)
					



						98502 (6207)
					



						99336 (6165)
					



						98110 (6152)
					



						98424 (6140)
					



						98072 (6070)
					



						98032 (5918)
					



						98119 (5902)
					



						98026 (5877)
					



						98201 (5874)
					



						98107 (5560)
					



						98660 (5522)
					



						98144 (5503)
					



						98102 (5447)
					



						98036 (5439)
					



						98118 (5421)
					



						98105 (5251)
					



						98125 (5234)
					



						98290 (5220)
					



						98020 (5132)
					



						98116 (5100)
					



						98682 (5044)
					



						98208 (4978)
					



						98007 (4928)
					



						98117 (4768)
					



						98662 (4746)
					



						98273 (4693)
					



						98370 (4581)
					



						98223 (4561)
					



						98023 (4548)
					



						99362 (4537)
					



						98499 (4482)
					



						98199 (4478)
					



						99301 (4438)
					



						98031 (4404)
					



						98112 (4371)
					



						98607 (4305)
					



						98604 (4134)
					



						98665 (4126)
					



						98632 (4107)
					



						98012 (4076)
					



						98684 (4032)
					



						98008 (3980)
					



						98037 (3934)
					



						99208 (3930)
					



						98011 (3874)
					



						99352 (3872)
					



						98021 (3861)
					



						98837 (3819)
					



						98002 (3800)
					



						98258 (3790)
					



						98683 (3742)
					



						98133 (3678)
					



						98902 (3661)
					



						98038 (3652)
					



						98058 (3647)
					



						98108 (3631)
					



						98092 (3617)
					



						98001 (3595)
					



						98382 (3576)
					



						98074 (3546)
					



						98270 (3541)
					



						98275 (3511)
					



						98272 (3478)
					



						98264 (3453)
					



						98366 (3441)
					



						98221 (3427)
					



						98409 (3414)
					



						98296 (3411)
					



						98685 (3396)
					



						98203 (3368)
					



						98012 (3366)
					



						98053 (3363)
					



						98373 (3215)
					



						98154 (3157)
					



						99223 (3131)
					



						98029 (3118)
					



						98075 (3108)
					



						98908 (3107)
					



						98901 (3101)
					



						99202 (3093)
					



						98059 (3089)
					



						98926 (3084)
					



						98056 (3067)
					



						98055 (3012)
					



						98229 (3003)
					



						98374 (2977)
					



						98362 (2915)
					



						98584 (2902)
					



						98030 (2891)
					



						98028 (2869)
					



						98204 (2863)
					



						98368 (2863)
					



						98198 (2836)
					



						99205 (2824)
					







Category · Washington Corporation





Category
Corporation


1.


							LLC						

572222
50.97%


2.


							REG						

479167
42.68%


3.


							LTD						

19137
1.70%


4.


							PRO						

17311
1.54%


5.


							PLC						

14072
1.25%


6.


							SOL						

4426
0.39%


7.


							PBC						

3990
0.36%


8.


							LLP						

3435
0.31%


9.


							MMC						

920
0.08%


10.


							MAS						

738
0.07%







 Washington Corporation




UBI
Business Name
Address


604119606
Sheldon Family LLC
1001 4th Ave Ste 4200, Seattle, WA 98154


604098332
Olen Riley LLC
1412 112th Ave Ne Ste 200, Bellevue, WA 98004


604097970
Teloke Inc
11323 136th Ave E, Puyallup, WA 98374


604083493
Vancouver Quality Construction LLC
203 Sw 4th Ave, Battle Ground, WA 98604


604120848
Iv Homes LLC
4616 Ne 38th St, Vancouver, WA 98661


604142014
J & C Wilkerson, LLC
910 26th St, Anacortes, WA 98221


604055970
Greg's Flotation Services, LLC
14205 Se 36th St Ste 100, Bellevue, WA 98006


604078397
Liberty Farms, LLC
732 Broadway Ste 201, Tacoma, WA 98402


604093034
Lbb Wallingford LLC
West 505 Riverside Ave Ste 500, Spokane, WA 99201


604091209
Beth C. Scheenstra, D.v.m., P.l.l.c.
1001 4th Ave Ste 4400, Seattle, WA 98154


604043795
Royal Pacific Apartments, LLC
29865 11th Ave Sw, Federal Way, WA 98023


604080156
Derr and Isbell Construction, LLC
711 Capitol Way S Ste 204, Olympia, WA 98501


604055527
Dlap LLC
4911 Wa-303, # 101, Bremerton, WA 98311


604060438
King Royal Carpets LLC
30420 Pacific Hwy S Unit 6, Federal Way, WA 98003


604060680
Sea Star Sailing LLC
3925 Ne 72nd Ave Ste 107-1, Vancouver, WA 98661


604119343
Lpl Consultation, LLC
400 Winslow Way Ne, Bainbridge Island, WA 98110


604120643
Lee Family Investments, LLC
112 W 11th St Ste 100, Vancouver, WA 98660


604118760
Keesha Does-it-all, LLC
2004 S Stirling Ave, Moses Lake, WA 98837


604112387
Hphillipsinvestments L.l.c.
4827 67th St Ne A203, Marysville, WA 98270


604129529
Left Coast Electrical Co.
83 Main St, Cathlamet, WA 98612


























anna jansen deal bozeman mt
fox associates consulting llc lisa latchford
location of cedar brook farms in snohomish washington
dover entertainment inc. vashon wa
bkco inc bellingham website
bj's porter service llc yakima wa
6605 lincoln ave
s. madison services llc tacoma wa
lisa hallmon pacific seafoods
marylee bowles washington
jungle turx 35110 ne 119th ave la center wa 98629
mai lin properties vancouver wa
north central soccer omak
20809 253rd ave se maple valley wa 98038
16912 15th ave ne shoreline wa 98155
vizionfresh international
daren w dirkse washington
289 halliday rd
curiosity works llc
matt barnes cfa ryan ironvine
cr dexter station
triad frensen
lash & mee inc olympia wa
haak farm administration yakima wa
12804 sunny shores rdtulalip wa 98271-6025
mmc business solutions john udland
sunlight payments inc
inwoo lee attorney in wa state
cascadia exective services llc in renton phone number
matisa construction tukwila
sagemoor management washington
ht-seattle owner llc
aasve homes llc
seatac tax services llc
colleen northcutt micro cube innovation limited
ryan-ghc
kittitas county identifier 5543

















REG · Washington Corporation










Toggle navigation





DATAGOVUS





Business

California
Colorado
Connecticut
Florida
Iowa
Nevada
New York
Oregon
Texas
Washington

Berkeley
Chicago
Hartford
Kansas City
Las Vegas
Los Angeles
New York City
Palo Alto
Pasadena
Philadelphia
Portland
Providence
Sacramento
San Diego
San Francisco
Santa Monica
Washington DC



Employee

New Jersey
Washington
Broome County
Chicago
Charlotte
Los Angeles
Montgomery County
Nashville
Palo Alto
Philadelphia



New York

Corporation
Attorney



Los Angeles

Business
Foreclosure
Parcel
Employee
Property



Other

San Diego Property
Philadelphia Property
Washington Lawyer
Washington Health Care
Physician





Go








Find Corporation in Washington





Go



















			REG · Washington Corporation





Washington Corporation




REG
















REG ·  Washington Corporation




UBI
Business Name
Address


604097970
Teloke Inc
11323 136th Ave E, Puyallup, WA 98374


604129529
Left Coast Electrical Co.
83 Main St, Cathlamet, WA 98612


604121230
Buck Property Group, Inc.
732 Broadway Ste 201, Tacoma, WA 98402


602872821
Parllay Inc.
300 Deschutes Way Sw Ste 304, Tumwater, WA 98501


603237502
Mitchell Humphrey & Co.
170 S Lincoln St Ste 150, Spokane, WA 99201


604099118
Emma, Inc. Dba Emma Email Marketing
711 Capitol Way S Ste 204, Olympia, WA 98501


604118410
Small Planet Productions Inc
64 W Etruria St, Seattle, WA 98119


604076134
River City Electric Inc. Dba River City Electric Wa, Inc
4112 Ne 48th Ave, Vancouver, WA 98661


601822001
Solutions-ii, Inc.
811 1st Ave Ste 260, Seattle, WA 98104


604064562
Coupeville Cheer Booster Club Post Parents of The Spirit Team
1545 Carlton Way, Oak Harbor, WA 98277


604086198
S&b Industrial Minerals North America, Inc.
711 Capitol Way S Ste 204, Olympia, WA 98501


604062972
Abaxial Farms Inc.
12609 94th Ave Ne, Kirkland, WA 98034


604103725
Black Hills Industries, Inc.
1780 Barnes Blvd Sw, Tumwater, WA 98512


603056660
K L Drywall, Inc.
170 S Lincoln St Ste 100, Spokane, WA 99201


604076261
Northshore Ridge Homeowners' Association
15 Lake Bellevue Dr Ste 102, Bellevue, WA 98005


604073450
Northwest Girls Fastpitch
11601 15th Pl Se, Lake Stevens, WA 98258


604088206
Rapid Auto Transport Inc
13110 Ne 177th Pl #1009, Woodinville, WA 98072


604063217
Jethro Senior Technology Ltd
4152 Meridian St Ste 105 # 602, Bellingham, WA 98226


604138334
Roi Dna, Inc.
3400 Capitol Blvd Se Ste 101, Tumwater, WA 98501


604068720
Krlgroup, Inc.
750 Hudson St, Longview, WA 98632


604071708
Haris Realty Group Inc
2211 E Mill Plain Blvd, Vancouver, WA 98661


604095657
American Sage Enterprises Inc.
16301 Ne 8th Street Ste 138, Bellevue, WA 98008


604074077
Committee To Elect Bryan Rivera
123 C St Nw, Auburn, WA 98001


604132800
Champion Athletics
4503 110th Pl Ne, Marysville, WA 98271


604134742
Tango Enterprises Inc
10832 35th Ave Sw, Seattle, WA 98146


604071026
Joc Group Inc.
711 Capitol Way S Ste 204, Olympia, WA 98501


604109298
Sei Investments Company
300 Deschutes Way Sw Ste 304, Tumwater, WA 98501


604119894
Miss Teen America, Inc.
13022 10th Ave Nw, Seattle, WA 98177


603493536
Maple Brook Engineering, Inc.
4505 Pacific Hwy E Ste C2, Fife, WA 98424


604113184
Elysium
10900 Ne 4th St Ste 2220, Bellevue, WA 98004


604120464
Bedrock Exterior Contractors Inc
170 S Lincoln St # 150, Spokane, WA 99201


604112129
Northwest X Talks
720 W Boone Ave Ste 200, Spokane, WA 99201


604066799
Lawco Consulting, Inc.
108 N Dunham Ave, Arlington, WA 98223


603242145
National Coalition of Community-based Correctional and Community Re-entry Service Organizations
505 Ne 70th St Apt 703, Seattle, WA 98115


604068297
Norstar Partners, Inc.
34210 Nw Norstar Ranch Rd, Ridgefield, WA 98642


604070907
Triangle Accounting Group, Inc
14655 Bel Red Rd Bldgg Ste 202, Bellevue, WA 98007


604064797
Oregon One, Inc. Dba Oregon One of Washington, Inc
21717 Ne 10th Ave, Ridgefield, WA 98642


604107430
Oakley Investments Inc
3824 W Hoffman Ave, Spokane, WA 99205


604057888
Alpine Androsciences, Inc.
300 Deschutes Way Sw Ste 304, Tumwater, WA 98501


604124522
Own The Night Productions, Inc
146 N Canal St Ste 350, Seattle, WA 98103


604060017
Rotary Club of Three Creeks Vancouver, Washington, Usa
215 Nw 107th St, Vancouver, WA 98685


603583542
Tradestation Technologies, Inc.
West 505 Riverside Ave #500, Spokane, WA 99201


604120032
In The Name of Love
7509 Lakewood Dr W Unit D, Lakewood, WA 98499


604056851
Inkstone Inc.
192 Nickerson St Ste 305, Seattle, WA 98109


604128627
Focal Clinic, Inc.
14208 Ne 23rd Ave, Vancouver, WA 98686


604056424
Innovative Engineering Systems, Inc.
711 Capitol Way S Ste 204, Olympia, WA 98501


604071446
Panther Pride Athletic Association
15082 S Leclere Rd, Usk, WA 99180


604121527
Horseshoe Ridge Farm, Inc.
1105 Rd # 1 Ne, Coulee City, WA 99115


604098861
Connelly Roofing, Inc.
7718 Portland Ave E # G, Tacoma, WA 98404


604088516
Hidden Creek Heights Homeowners Association
2107 S Fruitland, Puyallup, WA 98371


604092976
Life Capital Group, Inc.
711 Capitol Way S Ste 204, Olympia, WA 98501


604088051
Pressco Technology Inc.
711 Capitol Way S Ste 204, Olympia, WA 98501


604136775
Wheel Estate Hauling, Inc.
1555 3rd Ave Ste D, Longview, WA 98632


604090604
Pete's Triple Play
4301 Tieton Dr, Yakima, WA 98908


604116845
Meltwater News Us1 Inc.
300 Deschutes Way Sw Ste 304, Tumwater, WA 98501


604052229
The Ridge At Saratoga Cottages Condominium Association
805 Kirkland Ave Ste 200, Kirkland, WA 98033


604068030
Ayun Corp
1830 Hoffman Hill Blvd, Dupont, WA 98327


604056762
Affinity Bellingham Spe Manager, Inc.
120 W Cataldo Ave Ste 100, Spokane, WA 99201


604123228
Inspect Pacific Northwest Inc
1001 4th Ave Ste 3200, Seattle, WA 98154


601532920
American Chimney and Masonry, Inc.
3925 Ne 72nd Ave Ste 107-1, Vancouver, WA 98661


604060235
Westbank Projects Pp (us) Corp.
1215 4th Ave Ste 1901, Seattle, WA 98161


604082178
Friends for Tye
6107 110th Ave Se, Bellevue, WA 98006


604051647
Ssemm Inc
10500 Beardslee Blvd, Bothell, WA 98041


604078472
Young Cc Inc.
2800 Milton Way Ste E-20, Milton, WA 98354


604135409
Teachnow, Inc.
4884 Thrush Ln, West Richland, WA 99353


604066289
Hot Stone 2017, Inc
119 5th Ave Sw, Olympia, WA 98501


604118220
Vista Technology Services, Inc.
711 Capitol Way S Ste 204, Olympia, WA 98501


604056565
Election Justice Usa
14511 George Rd Se, Yelm, WA 98597


604056560
Avventura, Inc.
2609 River Rd, Yakima, WA 98902


604126153
Coconut Club, Inc.
16611 48th Ave W Unit H3, Edmonds, WA 98026


604054223
Kng International Inc.
15104 Se 63rd St, Bellevue, WA 98006


604108339
Jack B. Henderson Construction Company, Inc.(nsl)
711 Capitol Way S Ste 204, Olympia, WA 98501


604093739
Green Life 101 Inc.
4210 198th St Sw Ste 201, Lynnwood, WA 98036


603557702
Country Bark, Inc
27106 N North Rd, Deer Park, WA 99006


604102692
Maple Valley Centennial Lions Club
21931 Se 255th Pl, Maple Valley, WA 98038


604060586
Arlington Advanced Manufacturing Owners Association
3113 Rockefeller Ave, Everett, WA 98201


604067853
Canusa Cine Inc.
2010 Prospect Way, Bellingham, WA 98229


604057199
Fjw, Inc.
300 Deschutes Way Sw Ste 304, Tumwater, WA 98501


604116462
Nicole Veldyke Realty Inc
11721 Se 264th, Kent, WA 98030


604108344
Miresolar, Inc.
170 S Lincoln St # 150, Spokane, WA 99201


603560474
Avfx, Inc.
1780 Barnes Blvd Sw, Tumwater, WA 98512


604046763
United American Muslim Association of N.y. Inc Dba United American Muslim Association of N.y.
27124 20th Pl S, Kent, WA 98032


604051183
Nikoo Products Inc
170 S Lincoln St # 100, Spokane, WA 99201


604064351
China Wok Buffet Inc
9960 Silverdale Way Nw Ste 4, Silverdale, WA 98383


604120900
Let'sfundthis!, Inc
14205 Se 36th St Ste 100, Bellevue, WA 98006


604133843
Anr Construction Inc
7108 Kau Trl, Pasco, WA 99301


602673950
Cmi, Inc. Dba Cmi, Inc. of Kentucky
711 Capitol Way S Ste 204, Olympia, WA 98501


604055038
Atomic City Roller Derby
619 Botaka Lp, Benton City, WA 99320


604087934
Club Parkside Basketball Association Group
9119 Kentwood Dr Sw #11, Lakewood, WA 98498


604132317
Qa Distributor, Inc.
1702 Duvall Ave Ne Ste B, Renton, WA 98059


604088665
Quaestux, Inc
11200 Kirkland Way Ste 330, Kirkland, WA 98033


604132606
Safe To Speak
6494 Ne Cedar St, Suquamish, WA 98392


604057966
Om Usa, Inc.
17581 Ithaca Pl Nw, Poulsbo, WA 98370


604094562
T&c Wren Consulting, Inc.
4415 Ne 242nd Ave, Vancouver, WA 98682


601480978
4-m Floorcovering Inc.
711 Capitol Way S Ste 204, Olympia, WA 98501


603539962
Tactical Marketing, Inc
2120 E 36th Ave, Spokane, WA 99203


604061829
Greenman Consulting Inc.
1201 Pacific Ave Ste 1900, Tacoma, WA 98402


604119065
Pho House Inc
316 Se 123rd Ave Ste A3, Vancouver, WA 98683


602287889
Ficcadenti Waggoner and Castle Structural Engineers, Inc.
3400 Capitol Blvd Se Ste 101, Tumwater, WA 98501


604096705
Society of Trust and Estate Practitioners-u.s., Inc. Dba Society of Trust and Estate Practitioners-u.s.
1111 3rd Ave Ste 800, Seattle, WA 98101







Category · Washington Corporation





Category
Corporation


1.


							LLC						

572222
50.97%


2.


							REG						

479167
42.68%


3.


							LTD						

19137
1.70%


4.


							PRO						

17311
1.54%


5.


							PLC						

14072
1.25%


6.


							SOL						

4426
0.39%


7.


							PBC						

3990
0.36%


8.


							LLP						

3435
0.31%


9.


							MMC						

920
0.08%


10.


							MAS						

738
0.07%


























s. madison services llc tacoma wa
lisa hallmon pacific seafoods
marylee bowles washington
jungle turx 35110 ne 119th ave la center wa 98629
mai lin properties vancouver wa
north central soccer omak
20809 253rd ave se maple valley wa 98038
16912 15th ave ne shoreline wa 98155
vizionfresh international
daren w dirkse washington
289 halliday rd
curiosity works llc
matt barnes cfa ryan ironvine
cr dexter station
triad frensen
lash & mee inc olympia wa
haak farm administration yakima wa
12804 sunny shores rdtulalip wa 98271-6025
mmc business solutions john udland
sunlight payments inc
inwoo lee attorney in wa state
cascadia exective services llc in renton phone number
matisa construction tukwila
sagemoor management washington
ht-seattle owner llc
aasve homes llc
seatac tax services llc
colleen northcutt micro cube innovation limited
ryan-ghc
kittitas county identifier 5543

















Sterifre Medical, Inc. · 1191 2nd Ave Ste 1800, Seattle, WA 98101-2996










Toggle navigation





DATAGOVUS





Business

California
Colorado
Connecticut
Florida
Iowa
Nevada
New York
Oregon
Texas
Washington

Berkeley
Chicago
Hartford
Kansas City
Las Vegas
Los Angeles
New York City
Palo Alto
Pasadena
Philadelphia
Portland
Providence
Sacramento
San Diego
San Francisco
Santa Monica
Washington DC



Employee

New Jersey
Washington
Broome County
Chicago
Charlotte
Los Angeles
Montgomery County
Nashville
Palo Alto
Philadelphia



New York

Corporation
Attorney



Los Angeles

Business
Foreclosure
Parcel
Employee
Property



Other

San Diego Property
Philadelphia Property
Washington Lawyer
Washington Health Care
Physician





Go








Find Corporation in Washington





Go



















			Sterifre Medical, Inc.
1191 2nd Ave Ste 1800, Seattle, WA 98101-2996




Washington Corporation




Seattle




 98101 




REG















STERIFRE MEDICAL, INC. is corporation
		registered with the Corporations Division of Office of the Secretary of State in Washington.
	The unified business identifier (UBI) is 604057078.
	The date of incorporation is 12/01/2016.
			The expiration date is 12/31/2017.
		The record status is Active. 
		The address is 1191 2nd Ave Ste 1800, Seattle, WA 98101-2996.
	The city is 
		Seattle.
	The zip code is
		98101.
	



Sterifre Medical, Inc. · 1191 2nd Ave Ste 1800, Seattle, WA 98101-2996




Unified Business Identifier (UBI)

		604057078		


Business Name

		STERIFRE MEDICAL, INC.		


Category

		REG		


Type

		Profit		


State of Incorporation

		DE		


Incorporation Date

		12/01/2016		


Expiration Date

		12/31/2017		


Duration

		Perpetual		


Record Status

		Active		


Registered Agent

Bs&g, Inc.1191 2ND AVE STE 1800SEATTLEWA 981012996				







Officers · Sterifre Medical, Inc.




Title
Name
Address


Governor
Czeslaw Golkowski

					227 DURFEE HILL RD, ITHACA, NY, 14850				


Governor
Krystyna Golkowski

					227 DURFEE HILL RD, ITHACA, NY, 14850				


Governor
Richard Shea

					14925 59TH PL NE, KENMORE, WA, 98028				







Zip 98101 ·  Washington Corporation




UBI
Business Name
Address


604098149
Glory Property Investment & Construction Co. LLC
230 Union St, Seattle, WA 98101


604104818
Odyssey Foods, LLC
601 Union St Ste 4100, Seattle, WA 98101


604096705
Society of Trust and Estate Practitioners-u.s., Inc. Dba Society of Trust and Estate Practitioners-u.s.
1111 3rd Ave Ste 800, Seattle, WA 98101


604119585
206 Now LLC
1415 2nd Ave Unit 602, Seattle, WA 98101


604086795
Obru, LLC
1326 5th Ave Ste 654, Seattle, WA 98101


604133309
Joy Heisler Brinton LLC
1325 4th Ave Ste 940, Seattle, WA 98101


604072775
Uterish
1420 5th Ave Ste 4200, Seattle, WA 98101


604130405
Vines Icg LLC
1420 5th Ave Ste 3650, Seattle, WA 98101


604066111
Joinscience Usa Consulting LLC
601 Union St Ste 4200, Seattle, WA 98101


602752227
Propel Fuels, Inc.
1420 5th St, Seattle, WA 98101


604088466
Roshanak Baghai, Pllc
601 Union St Ste 3315, Seattle, WA 98101


604110766
Ncp Holdings LLC
601 Union St Ste 2600, Seattle, WA 98101


604070875
Barrientos + Ryan LLC
1402 3rd Ave Ste 808, Seattle, WA 98101


604067288
Edart, LLC
701 Pike St Ste 1400, Seattle, WA 98101


604139222
C.f. Bridgeport, LLC
600 University St Ste 2000, Seattle, WA 98101


604093400
Sekop LLC
1420 5th Ave Ste 3000, Seattle, WA 98101


604073008
Courtesy Trucking, LLC
520 Pike St Ste 1440, Seattle, WA 98101


604106779
Port Wireless, LLC
1410 Western Ave, Seattle, WA 98101


604112725
Columbia/wegman Hamilton Nj, LLC
1201 3rd Ave Ste 3400, Seattle, WA 98101


604136576
290xx 55th LLC
1402 3rd Ave Ste 828, Seattle, WA 98101





























s. madison services llc tacoma wa
lisa hallmon pacific seafoods
marylee bowles washington
jungle turx 35110 ne 119th ave la center wa 98629
mai lin properties vancouver wa
north central soccer omak
20809 253rd ave se maple valley wa 98038
16912 15th ave ne shoreline wa 98155
vizionfresh international
daren w dirkse washington
289 halliday rd
curiosity works llc
matt barnes cfa ryan ironvine
cr dexter station
triad frensen
lash & mee inc olympia wa
haak farm administration yakima wa
12804 sunny shores rdtulalip wa 98271-6025
mmc business solutions john udland
sunlight payments inc
inwoo lee attorney in wa state
cascadia exective services llc in renton phone number
matisa construction tukwila
sagemoor management washington
ht-seattle owner llc
aasve homes llc
seatac tax services llc
colleen northcutt micro cube innovation limited
ryan-ghc
kittitas county identifier 5543













McGovern Center - Sterifre Medical











Skip to main content






Search Cornell





	Kevin M. McGovern Family Center for Venture Development in the Life Sciences



Home
About Us
Facilities
Apply
For Investors
News
Pre-Seed Workshop
Events
Contact

Sign In



For Investors

ZYMTronix

Ionica Sciences

Sterifre Medical

Repairogen

Lionano

Company alumni




SteriFre Medical







Sterifre Medical was formed with the objective of developing advanced applications of non-thermal plasma, free radical source technology for sterilization/decontamination, and for air pollution control devices. Sterifre Medical specializes in novel solutions for sterilization and decontamination.










©2015 Kevin M. McGovern Family Center for Venture Development in the Life Sciences
  405 Weill Hall, Cornell University, Ithaca, NY 14853 |  McGovernCenter@cornell.edu
site design & programming by World Design Group, Inc.










Medical apparatus Trademarks :: Trademark Resources :: Justia Trademarks































































Log In
Sign Up











Find a Lawyer
Ask a Lawyer 
Research the Law
Law Schools
Laws & Regs
Newsletters
Legal Marketing








Medical apparatus Trademarks by Filing Date
20172016201520142013201220112010200920082007200620052004200320022001200019991998199719961995199419931992199119901989198819871986198519841983198219811980197919781977197619751974197319721971197019691968196719661965196419631962196119601959195819571956195519541953195219511950194919481947194619451944194319421941194019391938193719361935193419331932193119301929192819271926192519241923192219211920191919181917191619151914191319111910190919081907190619051904190318971896Latest Medical apparatus Trademarks 






YOUASEXY

Adult sexual stimulation aids, namely, artificial penises,penis enlargers,vibrators,benwa balls,sexual massagers,massage…Owned by: SHENZHEN IBEL TECHNOLOGY CO., LTDSerial Number: 87538960











VAJASER

Lasers for medical purposes; Lasers for medical use; Lasers for surgical and medical use; Lasers for the cosmetic treatment…Owned by: Oppenheimer Plastic SurgerySerial Number: 87539009











DARIA L

Medical apparel, namely, women's garment for use in medical examination and treatmentOwned by: LUO YULANSerial Number: 87539064











DODIE

Bath lotion; Cleansing milk for toilet purposes; Cosmetic preparations for skin care; Cosmetics; Dentifrices; Fabric softeners…Owned by: LABORATOIRES POLIVESerial Number: 87539087











RETEMPOREL

Abdominal corsets; Abdominal pads; Abdominal belts; Arch supports for footwear; Baby bottles; Baby bottle nipples; Bed pans…Owned by: Shenzhen Kaijia Stores Co. Ltd.Serial Number: 87539143











BELLSING

Acoustic amplifiers; Acoustic baffles sold as a component of loudspeakers; Acoustic conduits; Acoustic coupling devices;…Owned by: Shenzhen Bellsing Acoustic Technology Company LimitedSerial Number: 87538889











TAIMU

Condoms; Dental mirrors; Ear plugs for medical purposes; Ear trumpets; Electric massage appliances, namely, electric vibrating…Owned by: Shenzhen Greenweed Technology Co., Ltd.Serial Number: 87538900











COOL HEAD

Portable fan for keeping the head of a wearer of a welding helmet or other head covering coolOwned by: Emery, Eric D.Serial Number: 87538702











THERAPALZ

Therapeutic stuffed animal with internal mechanical equipment for simulating heartbeats, vibrations, and subtle movements…Owned by: Kalensky, Fiona ESerial Number: 87538759











NEXGENSKIN

Microneedle dermal roller; facial washes; face masks; skin enhancementOwned by: Dygowski, DavidSerial Number: 87538762











Image Trademark

Air fragrancing preparations; Anti-aging creams; Anti-perspirants; Breath fresheners; Cosmetic preparations; Cosmetic preparations…Owned by: White Gold LLCSerial Number: 87538850











ABENB

Sex toys; Adult sexual stimulation aids, namely, anal beads, anal probes, artificial buttocks, artificial mouths, artificial…Owned by: ABENB LTDSerial Number: 87538601











BRITZGO

Hearing aids; Hearing aids for the deaf; Digital hearing aids; Electric hearing aids; Electrical hearing aids; Electrically…Owned by: ZiLong HeSerial Number: 87538636











OPTOVUE

Medical imaging apparatus; Medical imaging apparatus in the field of ophthalmology; Medical imaging apparatus incorporating…Owned by: Optovue, Inc.Serial Number: 87538451











EUREKA

Adult sexual stimulation aids, namely, artificial penises, dildos, penis enlargers, vibrators, benwa balls, artificial vaginas…Owned by: HanstineSerial Number: 87537748











VITA - PERFECT MATCH

GOODS RELATING TO DENTISTRY, NAMELY CHEMICALS FOR USE IN DENTISTRY, CHEMICALS AND SOLDERING AGENTS FOR USE IN DENTAL TECHNOLOGY…Owned by: VITA ZAHNFABRIK H. RAUTER GMBH & CO. KGSerial Number: 87537763











TRICOL BIOMEDICAL INC

Bandages, namely, bandages for skin wounds, bandages for internal wounds, surgical bandages for internal and external use…Owned by: Tricol Biomedical, Inc.Serial Number: 87538390











AQUALA

Surgical apparatus and instruments for medical, dental or veterinary use; Artificial limbs, eyes and teeth; Medical instruments…Owned by: KYOCERA CorporationSerial Number: 87537633











TRICOL

Bandages, namely, bandages for skin wounds, bandages for internal wounds, surgical bandages for internal and external use…Owned by: Tricol Biomedical, Inc.Serial Number: 87538421











NIPPONFLEX FIR POWER

Infrared radiator units for therapeutic purposes; Radiation therapy devices; Electromagnetic radiation or infrared radiation…Owned by: NIPPONFLEX LLC.Serial Number: 87537659










Today on Verdict



The Democrats’ Better Way: Positive Messaging or Pandering to Trump Voters Who Are Never Coming Back?



George Washington law professor and economist praises Democrats for coming up with a message that preserves the party’s commitment to social justice issues, rather than attempting to woo Trump voters by appealing to what Trump appealed to.





Ask a Lawyer







Question:




Add details
120



Additional Details: 




					    	1000
					    


Ask Question






Find a Lawyer
















Lawyers - Get Listed Now!

Get a free directory profile listing







 



            Justia Legal Resources
        



Find a Lawyer





Bankruptcy Lawyers
Business Lawyers
Criminal Lawyers
Employment Lawyers
Estate Planning Lawyers
Family Lawyers
Personal Injury Lawyers
More... 




Individuals





Bankruptcy
Criminal
Divorce
DUI
Estate Planning
Family Law
Personal Injury
More...




Business





Business Formation
Business Operations
Employment
Intellectual Property
International Trade
Real Estate
Tax Law
More... 




Law Students





Law Schools
Admissions
Financial Aid
Course Outlines
Law Journals
Blogs
Employment
More...




US Federal Law





US Constitution
US Code
Regulations
Supreme Court
Circuit Courts
District Courts
Dockets & Filings
More...




US State Law





State Constitutions
State Codes
State Case Law
California
Florida
New York
Texas
More... 




Other Databases





Legal Blogs
Legal Forms
GAO Reports
Product Recalls
Patents
Trademarks
Countries
More...




Legal Marketing





Websites
Blogs
Content
Social Media
Local Marketing
Paid Ads (CPC/PPC)
Lawyer Directory
More...












 
                    © 2017 Justia



Company
Terms of Service
Privacy Policy
Help
Marketing Solutions








