










 


    National Urgent Care Holdings, Inc. - Business Located in Alabama                             EntitySource    Home About us States FAQ Search Contact            National Urgent Care Holdings, Inc.       Home  ›    Alabama  ›   National Urgent Care Holdings, Inc.          Contact  1445 Ross Avenue Ste 1400 Dallas, Tx 75202     Description  National Urgent Care Holdings, Inc. is a Foreign Corporation, located in , and was formed on Jan 01, 1970. This file was obtained from the Secretary of State and has a file number of 031 - 153.This business was created 17,376 days ago in the SOS Office and the registered agent is 4-2-2012 that does business at C T Corporation System.After conducting a search for principals and owners of National Urgent Care Holdings, Inc., we were able to find 1 owner who's name is 4-2-2012 and has a title of Owner.  This file was last updated on May 16, 2013. Principals  4-2-2012Owner Registered Agent  4-2-2012 C T CORPORATION SYSTEM  Associated BusinessesROCK CONNECTIONS LLCThe Bouma CorporationProFinish Coatings, Inc.HEREF III LH Co-Investment Fund I GP, LLCSoutheast Clean Fuel CorporationNational Surgery Center Holdings, Inc.Exerceo, LLCValens Corpus Holdings, LLCKanaan Communications, LLCBrillient CorporationINTERSTATE DISTRIBUTION SERVICES INCORPORATEDPalmetto Oxygen, LLCRetail Inkjet Solutions, Inc.             Remove This Company from EntitySource.com   × Remove Options   To remove National Urgent Care Holdings, Inc. from this database please select an option below.    Option 1    Name Manual Removal   Requirements Under the Freedom of Information Act, we will remove data for Government Officials and Law Enforcement personnel accordingly. We will also remove data if other privacy concerns are met.   Instructions Email documents to info@entitysource.com for removal.   Time Frame 7-14 Days               Trademark Search for National Urgent Care Holdings, Inc.After performing a trademark search for National Urgent Care Holdings, Inc., we found 0 results.                

Bizapedia.com - Human Validation
















COMPANIESPEOPLEPRODUCTS/SERVICESTRADEMARKSADDRESSESPHONE BOOK




            Our system has detected a high number of page requests from your IP Address, please prove to us that you are a human to continue using our website.
        
























                            Please send me to the search subscription offer page after I successfully answer the word challenge.
                        









BIZAPEDIAPRO SEARCHPerform unlimited searches via ouradvanced search form withBizapedia Pro Search.FIND OUT MORE >BIZAPEDIAPRO DATABuild custom data listsfor one or many stateswith Bizapedia Pro Data.FIND OUT MORE >


Copyright © 2012-2017 · Bizapedia.com · All rights reserved.BlogPro SearchPro APIContact UsTerms of UsePrivacy PolicySitemapDesktop Version














Bizapedia.com - Human Validation
















COMPANIESPEOPLEPRODUCTS/SERVICESTRADEMARKSADDRESSESPHONE BOOK




            Our system has detected a high number of page requests from your IP Address, please prove to us that you are a human to continue using our website.
        
























                            Please send me to the search subscription offer page after I successfully answer the word challenge.
                        









BIZAPEDIAPRO SEARCHPerform unlimited searches via ouradvanced search form withBizapedia Pro Search.FIND OUT MORE >BIZAPEDIAPRO DATABuild custom data listsfor one or many stateswith Bizapedia Pro Data.FIND OUT MORE >


Copyright © 2012-2017 · Bizapedia.com · All rights reserved.BlogPro SearchPro APIContact UsTerms of UsePrivacy PolicySitemapDesktop Version

















Valens Corpus Holdings, LLC - Other Technology- Childs, Jr.  FormDs.com - SEC filings of fundraisings and investments in hedge funds, private equity firms, startups, and growing companies 











 FormDs.com 





 Newest
 Filter
 Local




 









Valens Corpus Holdings, LLC

      Industry: Other Technology
      (See others in industry)

Address:



    17 20 Th Street North, Suite 300  
    Birmingham, AL, 35203Phone: (205) 478-5691 




Filings



Date
FilingType
Reported Sold
Incremental Cash 
Type
Exemptions
Link to Raw Filing




	2016-10-21


New


$25,000


$25,000


Equity Only


06b


SEC link






Directors and Executives (Current and Past)



Name
Role



 James Wesley Childs, Jr. 
 Director 


 David Marshall 
 Director, Executive 


 Tanveer Patel 
 Director, Executive 
















LLC · Washington Corporation










Toggle navigation





DATAGOVUS





Business

California
Colorado
Connecticut
Florida
Iowa
Nevada
New York
Oregon
Texas
Washington

Berkeley
Chicago
Hartford
Kansas City
Las Vegas
Los Angeles
New York City
Palo Alto
Pasadena
Philadelphia
Portland
Providence
Sacramento
San Diego
San Francisco
Santa Monica
Washington DC



Employee

New Jersey
Washington
Broome County
Chicago
Charlotte
Los Angeles
Montgomery County
Nashville
Palo Alto
Philadelphia



New York

Corporation
Attorney



Los Angeles

Business
Foreclosure
Parcel
Employee
Property



Other

San Diego Property
Philadelphia Property
Washington Lawyer
Washington Health Care
Physician





Go








Find Corporation in Washington





Go



















			LLC · Washington Corporation





Washington Corporation




LLC
















LLC ·  Washington Corporation




UBI
Business Name
Address


604119606
Sheldon Family LLC
1001 4th Ave Ste 4200, Seattle, WA 98154


604098332
Olen Riley LLC
1412 112th Ave Ne Ste 200, Bellevue, WA 98004


604083493
Vancouver Quality Construction LLC
203 Sw 4th Ave, Battle Ground, WA 98604


604120848
Iv Homes LLC
4616 Ne 38th St, Vancouver, WA 98661


604142014
J & C Wilkerson, LLC
910 26th St, Anacortes, WA 98221


604055970
Greg's Flotation Services, LLC
14205 Se 36th St Ste 100, Bellevue, WA 98006


604078397
Liberty Farms, LLC
732 Broadway Ste 201, Tacoma, WA 98402


604093034
Lbb Wallingford LLC
West 505 Riverside Ave Ste 500, Spokane, WA 99201


604043795
Royal Pacific Apartments, LLC
29865 11th Ave Sw, Federal Way, WA 98023


604080156
Derr and Isbell Construction, LLC
711 Capitol Way S Ste 204, Olympia, WA 98501


604055527
Dlap LLC
4911 Wa-303, # 101, Bremerton, WA 98311


604060438
King Royal Carpets LLC
30420 Pacific Hwy S Unit 6, Federal Way, WA 98003


604060680
Sea Star Sailing LLC
3925 Ne 72nd Ave Ste 107-1, Vancouver, WA 98661


604119343
Lpl Consultation, LLC
400 Winslow Way Ne, Bainbridge Island, WA 98110


604120643
Lee Family Investments, LLC
112 W 11th St Ste 100, Vancouver, WA 98660


604118760
Keesha Does-it-all, LLC
2004 S Stirling Ave, Moses Lake, WA 98837


604112387
Hphillipsinvestments L.l.c.
4827 67th St Ne A203, Marysville, WA 98270


604088876
The W-t Group, LLC
300 Deschutes Way Sw Ste 304, Tumwater, WA 98501


604081578
Full Moon Bicycles LLC
5644 Ne Michaels Way, Poulsbo, WA 98370


604117618
Leggett Boys LLC
3936 E 15th Ave, Spokane, WA 99223


604102273
Window Wonders LLC
322 Melrose Dr, Camano Island, WA 98282


604106619
Sta Holdings, LLC
10746 Glen Acres Dr S, Seattle, WA 98168


604053494
Flwa Holdings LLC
6560 163rd Pl Se, Bellevue, WA 98006


604122312
Gbl Construction LLC
170 S Lincoln St Ste 150, Spokane, WA 99201


604043727
Monoxuko LLC
11611 113th Pl Ne, Kirkland, WA 98034


604123162
A1plumbing&sewer LLC
722 Dayton Ave, Vancouver, WA 98664


604052185
Jnd Electrical LLC
5337 Racca Dr Se, Lacey, WA 98513


604121202
A-1 Building Supply, LLC
16141 Cleveland St C109, Redmond, WA 98052


604130815
Bdr Kirkland Ix LLC
10900 Ne 4th St Ste 1850, Bellevue, WA 98004


604119336
Avodah Enterprises LLC
13414 Sw 220th, Vashon, WA 98070


604139219
Across From The Village LLC
101 Capitol Way N Ste 202, Olympia, WA 98501


604119556
Weddington House LLC
12715 Ne Bel Red Rd Ste 150, Bellevue, WA 98005


604117859
Cheryl's General Contracting LLC
7319 19th Ave Sw, Seattle, WA 98106


604057184
Launchfin LLC
1601 Kedlin Ln, Spokane, WA 99208


604120386
Eaglefreak LLC
6202 St Albion Way Apt C101, Mountlake Terrace, WA 98043


604071870
Jacroux LLC
14205 Se 36th St Ste 100, Bellevue, WA 98006


604085933
Centerpiece Homes LLC
821 Dock St Slip 2-7, Tacoma, WA 98402


604067741
Joy Royal Food Service LLC
12671 Se 60th St, Bellevue, WA 98006


604117432
Columbia North Plumbing LLC
1207 Se Rasmussen Blvd., St115, Battle Ground, WA 98604


604080796
Taisey Design & Construction LLC
3703 288th St Nw, Stanwood, WA 98292


604099726
West Coast Software LLC
3808 Tusayan Dr, Pasco, WA 99301


604084260
Adjuvant Consulting, LLC
4353 249th Ave Se, Issaquah, WA 98029


604103544
Sunset Lavender Farms LLC
35 Golden Hills Rd, Goldendale, WA 98620


604138420
Tzz Touring LLC
4025 21st Ave W, Seattle, WA 98199


604068108
B Cubed Holdings, LLC
14205 Se 36th St Ste 100, Bellevue, WA 98006


604100388
Sb Owners, LLC
1000 2nd Ave Ste 1770, Seattle, WA 98104


604134412
Distribution Network Associates, LLC
11400 Olympus Way Apt F204, Gig Harbor, WA 98332


604085749
The Stone Poulsbo, LLC
12884 Central Valley Rd Ne, Poulsbo, WA 98370


604084205
Elsie, LLC
22220 Ne 25th Way, Sammamish, WA 98074


604112128
Tumbleweird Publishing, L.l.c.
4311 Monterey Dr, Pasco, WA 99301


604069336
Lea Hill Adult Family Home LLC
10931 Se 304th St, Auburn, WA 98092


604117921
Flores Contracting LLC
803 Golden St, Oroville, WA 98844


604083721
Reecer Creek Water Right LLC
1890 Nelson Siding Rd, Cle Elum, WA 98922


604126340
Organized By Design LLC
6811 S 204th St Ste 395, Kent, WA 98032


604105164
Lonely Room Interactive, LLC
14205 Se 36th St Ste 100, Bellevue, WA 98006


604072911
Y & Ot LLC
3809 185th Pl Sw, Lynnwood, WA 98037


604106999
First Coast Southeast, LLC
711 Capitol Way S Ste 204, Olympia, WA 98501


604047750
Happy Food Mart, LLC
2115 116th St Ne, Tulalip, WA 98271


604034563
Internet Elephant LLC
1324 N 45th St Apt B, Seattle, WA 98103


604131806
Dckr, LLC
2907 Harris Pl S, Seattle, WA 98144


604066944
Btr Developers, LLC
618 W Riverside Ave Ste 300, Spokane, WA 99201


604118702
Strobl, Dnap A Crna L.l.c.
3925 Ne 72nd Ave #107-1, Vancouver, WA 98661


604126465
New Shield Siding LLC
4015 Eliza Ave Trlr 2a, Bellingham, WA 98226


604076184
Inputs LLC
2381 Main St Unit D107, Ferndale, WA 98248


604072481
Gee Incentive Holdings, LLC
601 W Riverside Ave Ste 1500, Spokane, WA 99201


604120889
Door 2 Door Home Inspections LLC
14123 Se 139th St, Renton, WA 98059


604082924
Marge Foods LLC
1730 31st Ave, Seattle, WA 98122


604073471
Verisea Trading, LLC
2340 130th Ave Ne #d202, Bellevue, WA 98005


604052706
Normandy Aircraft LLC
13326 Se 236th Pl, Kent, WA 98042


604051600
Gansu LLC
7125 Topeka Ln, Vancouver, WA 98664


604067993
Sunny Trans LLC
5110 Ne 129th Ave, Vancouver, WA 98682


604053585
Denise R. Groothuizen, LLC
710 Market St, Tacoma, WA 98402


604128100
Antilon Landing LLC
22309 Locust Way, Lynnwood, WA 98036


604038455
Car Buddy, LLC
14205 Se 36th St Ste 100-288, Bellevue, WA 98006


604062360
Howard Lieberman Self Directed, LLC
313 Slater St S, Kirkland, WA 98033


604066120
Palouse Empire Sales L.l.c.
310 N Beach, Palouse, WA 99161


604082796
Shiva Blu, LLC
14507 Yelm Hwy Se, Yelm, WA 98597


604086361
React Elite, LLC
2913 142nd Ave E Ste 108, Sumner, WA 98390


604078332
Hdr01, LLC
2204 Ekelman Rd, Moxee, WA 98936


604056638
Innobank LLC.
1700 Summit Ave Apt 401, Seattle, WA 98122


604090557
Bt&t LLC
1400 Lake Wa Blvd N # A402, Renton, WA 98056


604121173
Alex Cobb LLC
650 Bellevue Way Ne Unit 2503, Bellevue, WA 98004


604114935
Blondie & Brunette Events LLC
5315 Military Rd E Unit D, Tacoma, WA 98446


604129138
O-g Custom Trailer Services LLC
510 E Ballard Rd, Colbert, WA 99005


604115690
4241 LLC
3501 W Lawton Cir, Seattle, WA 98199


604118295
Little Blonde Boutique LLC
34712 56th Ct S, Auburn, WA 98001


604085798
Bluelark Group, LLC
938 110th Ave Ne Apt D510, Bellevue, WA 98004


604091038
1031 Xpress Meadows, LLC
110 110th Ave Ne Ste 550, Bellevue, WA 98004


604115924
Talia's, LLC
20160 105th Ave Se, Kent, WA 98031


604070134
Milestone Management (wa) - Maple, LLC
500 Broadway St Ste 120, Vancouver, WA 98660


604089368
Di Management Solutions, LLC
14205 Se 36th St Ste 100, Bellevue, WA 98006


604056039
Global Soul Yoga LLC
18260 42nd Ave S, Seatac, WA 98188


604050072
Prcp-everett II, LLC
711 Capitol Way S Ste 204, Olympia, WA 98501


604073004
Clark & Young Excavation, LLC
878 Wallula Ave, Walla Walla, WA 99362


604136036
Masha Shipping LLC
Ste 101 # 331 6855 W Clearwater Ave, Kennewick, WA 99336


604134033
Sehner Ventures LLC
10622 320th Ave Ne, Carnation, WA 98014


604128222
Jpba, LLC
3480 W Marginal Way Sw, Seattle, WA 98106


604060180
Mkm LLC
16810 108th Ave Se, Renton, WA 98055


604130703
Ikeda/vanderburg, LLC
925 4th Ave Ste 2900, Seattle, WA 98104


604120580
Second Hand Time Shop, LLC
21629 98th Ave W, Edmonds, WA 98020







Category · Washington Corporation





Category
Corporation


1.


							LLC						

572222
50.97%


2.


							REG						

479167
42.68%


3.


							LTD						

19137
1.70%


4.


							PRO						

17311
1.54%


5.


							PLC						

14072
1.25%


6.


							SOL						

4426
0.39%


7.


							PBC						

3990
0.36%


8.


							LLP						

3435
0.31%


9.


							MMC						

920
0.08%


10.


							MAS						

738
0.07%


























mnpcopm llc
603214714
classics and oddities longview wa 98632
elena fedoriak
s. madison services llc tacoma wa
lisa hallmon pacific seafoods
marylee bowles washington
jungle turx 35110 ne 119th ave la center wa 98629
mai lin properties vancouver wa
north central soccer omak
20809 253rd ave se maple valley wa 98038
16912 15th ave ne shoreline wa 98155
vizionfresh international
daren w dirkse washington
289 halliday rd
curiosity works llc
matt barnes cfa ryan ironvine
cr dexter station
triad frensen
lash & mee inc olympia wa
haak farm administration yakima wa
12804 sunny shores rdtulalip wa 98271-6025
mmc business solutions john udland
sunlight payments inc
inwoo lee attorney in wa state
cascadia exective services llc in renton phone number
matisa construction tukwila
sagemoor management washington
ht-seattle owner llc
aasve homes llc
seatac tax services llc

















Zip 98229 · Washington Corporation










Toggle navigation





DATAGOVUS





Business

California
Colorado
Connecticut
Florida
Iowa
Nevada
New York
Oregon
Texas
Washington

Berkeley
Chicago
Hartford
Kansas City
Las Vegas
Los Angeles
New York City
Palo Alto
Pasadena
Philadelphia
Portland
Providence
Sacramento
San Diego
San Francisco
Santa Monica
Washington DC



Employee

New Jersey
Washington
Broome County
Chicago
Charlotte
Los Angeles
Montgomery County
Nashville
Palo Alto
Philadelphia



New York

Corporation
Attorney



Los Angeles

Business
Foreclosure
Parcel
Employee
Property



Other

San Diego Property
Philadelphia Property
Washington Lawyer
Washington Health Care
Physician





Go








Find Corporation in Washington





Go



















			Zip 98229 · Washington Corporation
98229




Washington Corporation




 98229 
















Zip 98229 ·  Washington Corporation




UBI
Business Name
Address


604067853
Canusa Cine Inc.
2010 Prospect Way, Bellingham, WA 98229


604103823
Kulshan Physical Therapy, LLC
4220 Dumas Ave, Bellingham, WA 98229


604129711
Discount Auto Importers, Inc
1020 Geneva St, Bellingham, WA 98229


604111056
The Drew Nexus, Inc.
2219 Electric Ave, Bellingham, WA 98229


604133700
Builder Board, LLC
2213 37th St, Bellingham, WA 98229


604056293
Horizon Financial Group, Inc.
1234 Geneva Hills Rd, Bellingham, WA 98229


604114787
Dena Netherton, LLC
1996 N Mahonia Pl, Bellingham, WA 98229


604114007
Spartacus Husky LLC
3811 Consolidation Ave, Bellingham, WA 98229


604074761
Vwich Investments Inc
1377 N Parkstone Ct, Bellingham, WA 98229


604056888
Nanak Foods Incorporated
870 Democrat St, Bellingham, WA 98229


604104483
Huckhouse LLC
1 Lake Louise Dr Unit 44, Bellingham, WA 98229


604093157
Whatcom Wedding Professionals
63 Lake Samish Rd, Bellingham, WA 98229


604125110
Wine-down LLC
2515 Lake Whatcom Blvd, Bellingham, WA 98229


604117593
Iris Eye Studio, LLC
3 Kinglet Ct, Bellingham, WA 98229


604068508
5721 Henderson LLC
4182 Stoney Brook Ln, Bellingham, WA 98229


604077080
H&m Pnw Properties LLC
1313 Oriental Ave, Bellingham, WA 98229


604072352
Diamond Tattoo, LLC
2105 Queen St, Bellingham, WA 98229


604114371
Greywacke Publishing, LLC
8 Far Summit Pl, Bellingham, WA 98229


604132045
Topp Gunn Builders LLC
1114 34th St, Bellingham, WA 98229


604059325
Cktel Inc
781 Mahonia Dr, Bellingham, WA 98229


604078266
Jordan Feigal, Lmhc, Pllc
2304 Vining St, Bellingham, WA 98229


604081127
Sidana Holdings (usa) LLC
870 Democrat St, Bellingham, WA 98229


604087400
Lalaland Km, LLC
4824 Lookout Ave, Bellingham, WA 98229


604090865
Connect Northwest Physical Therapy and Wellness LLC
681 Old Samish Rd, Bellingham, WA 98229


604080553
Redbone Roasting, LLC
1714 Samish Way, Bellingham, WA 98229


604068659
Adp Real Estate Corp.
4128 Midwood Ln, Bellingham, WA 98229


604093323
Kingdom First LLC
1325 Lincoln St Ste 2, Bellingham, WA 98229


604064713
Helene and Co. LLC
1015 W Toledo St, Bellingham, WA 98229


604119106
Molly Lowney Real Estate, LLC
2 Marigold Dr Unit 22, Bellingham, WA 98229


604058883
Bellingham Human Rights Film Festival
218 Sea Pines Rd, Bellingham, WA 98229


604079582
Crazy Horse Properties, LLC
1776 Iowa St, Bellingham, WA 98229


604087571
Nature Preserved LLC
924 Queen St, Bellingham, WA 98229


604102149
Ose Properties LLC
1704 Iowa St, Bellingham, WA 98229


604121189
Varien LLC
3 Larkspur Ct, Bellingham, WA 98229


604119689
Cimply Consulting LLC
1525 Lakeway Pl, Bellingham, WA 98229


604083753
Cooper Carter LLC
1211 Creekwood Ln, Bellingham, WA 98229


604068390
Moderne Glas LLC
4101 Byron Ave, Bellingham, WA 98229


604136465
Northwest Therapeutic Hypnosis, LLC
29 Honeycomb Ln, Bellingham, WA 98229


604057298
Lost Lake, LLC
1617 Fairhaven Ave, Bellingham, WA 98229


604126907
Jaymie Johnston, LLC
1329 Lincoln St Ste 2, Bellingham, WA 98229


604096396
Custom Express Painting, LLC
211 Polo Park Dr, Bellingham, WA 98229


604057267
Decidedly Linen LLC
14 Yearling Pl, Bellingham, WA 98229


604094031
Gratitude Soap LLC
3309 Whatcom St, Bellingham, WA 98229


604081204
Delcan Holdings LLC
870 Democrat St, Bellingham, WA 98229


604071842
W.w. Everett Med Services, Pllc
1360 Chuckanut Dr, Bellingham, WA 98229


604100378
Lightedison, LLC
1320 Clearbrook Dr, Bellingham, WA 98229


604132198
Conflux Associates LLC
263 Chuckanut Point Rd, Bellingham, WA 98229


604054690
Melissa Mccreery, Phd LLC
3811 Canby Ct, Bellingham, WA 98229


604061014
Faris Consulting LLC
720 Cross St, Bellingham, WA 98229


604127232
David Lynne Nelson, LLC
1200 Chuckanut Crest Ln, Bellingham, WA 98229


604056052
Karleby Builders, Inc.
2117 Wildflower Way, Bellingham, WA 98229


604098078
Alpacaderm, LLC
1316 St Paul St, Bellingham, WA 98229


604093291
Quick Draw, LLC
1410 Alabama St, Bellingham, WA 98229


604070038
Full Moon Charters, LLC
2443 Valencia St, Bellingham, WA 98229


604100335
Terpene Transit LLC
2200 Pacific St, Bellingham, WA 98229


604067392
Captain Bellingham Inc.
737 Cedar Creek Ln, Bellingham, WA 98229


604129535
Orca Auto Sales, Inc.
1020 Geneva St, Bellingham, WA 98229


604071142
Ship Yard Cafe LLC
1028 38th St, Bellingham, WA 98229


604079353
Life Long Hospitality LLC
870 Democrat St, Bellingham, WA 98229


604049572
Aim High Content LLC.
159 Polo Park Dr, Bellingham, WA 98229


604138559
Innovationz LLC
23 Longshore Ln, Bellingham, WA 98229


604074778
Eartha Kittys LLC
1325 Lincoln St Ste 2, Bellingham, WA 98229


604071080
Cairn Bakery LLC
4663 Fremont St, Bellingham, WA 98229


604075729
Gopala 1000 LLC
1147 Nevada St, Bellingham, WA 98229


604064210
4824 Hbl LLC
808 36th St, Bellingham, WA 98229


604081495
Shuksan Velo Club
4418 Dove Ct, Bellingham, WA 98229


604121374
Bne Construction LLC
1371 Old Samish Rd, Bellingham, WA 98229


604058396
Somnium LLC
1862 Lake Louise Rd, Bellingham, WA 98229


604097553
Alpha Lux Security Services LLC
922 34th St, Bellingham, WA 98229


604124913
Jc Young, LLC
22 Southern Ct, Bellingham, WA 98229


604126364
Wheelhouse Distillery, LLC
8 Longshore Ln, Bellingham, WA 98229


604097401
Lynden Travel Company, LLC
3818 York St, Bellingham, WA 98229


604112336
Jwt Consultant and Fabrication LLC
8 Longshore Ln, Bellingham, WA 98229


604086586
Wenzel Homes, LLC
1326 Orleans St, Bellingham, WA 98229


604130827
West Coast Fight Club, LLC
2001 Ponderosa Ct, Bellingham, WA 98229


604087454
Ambk Development and Property Management LLC
3829 Fielding Ave, Bellingham, WA 98229


604068365
Let Me Shine Housekeeping Inc
1814 Texas St Apt 38, Bellingham, WA 98229


604133325
The G. Guidroz Family Lllp
1032 Kenoyer Dr, Bellingham, WA 98229


604090680
Mcmaster Accounting LLC
3636 Kansas St, Bellingham, WA 98229


604101152
Dpdrones LLC
940 Yew St, Bellingham, WA 98229


604090012
Aquarius Yacht Charters LLC
2365 Michigan St, Bellingham, WA 98229


604119871
Chazzzam Inc.
2427 Kentucky St, Bellingham, WA 98229


604076916
Baron Renovation L.l.c
7a Twin Flower Cir, Bellingham, WA 98229


604136334
Mix It Up Tasty, LLC
1051 Chuckanut Dr, Bellingham, WA 98229


604055296
Heavy Civil Consultants LLC
1928 Blakely Ct, Bellingham, WA 98229


604113183
Monkeytree LLC
246 Old Highway 99 N, Bellingham, WA 98229


604111344
Solutions 940, LLC
815 Spieden Pl, Bellingham, WA 98229


604109880
Cannasales Inc.
1611 Lincoln St Apt A, Bellingham, WA 98229


604105045
Kulshan Painting LLC
881 Bennett Rd, Bellingham, WA 98229


604069342
Lighthouse Occupational Therapy Services, LLC
906 38th St, Bellingham, WA 98229


604069456
Travis Black LLC
3921 Connelly Ave, Bellingham, WA 98229


604107447
Lightning Tree Designs, LLC
1113 W Racine St, Bellingham, WA 98229


604136780
Dove Cote Inc.
C/o Sos Office Solutions LLC 1704 Iowa St, Bellingham, WA 98229


604123883
Ann Wark Homes Inc.
1120 37th St, Bellingham, WA 98229


604076084
Marcon Inc.
131 Polo Park Dr, Bellingham, WA 98229


604101984
Vince Conte Tool Sales LLC
875 Palmer Rd, Bellingham, WA 98229


604129002
Thrust Beverages LLC
1611 Lincoln St Apt A, Bellingham, WA 98229


604055399
Shinobu LLC
2 Marigold Dr Unit 50, Bellingham, WA 98229


604134115
A+ Handy Inspections, LLC
1522 Fairview St, Bellingham, WA 98229


604131261
Joyner Construction LLC
1130 Puget St, Bellingham, WA 98229







Zip Code · Washington Corporation





Zip Code
City
Corporation


1.


							98501						


						Olympia					
58520
5.21%


2.


							98501						


						Tumwater					
30540
2.72%


3.


							98101						


						Seattle					
29835
2.66%


4.


							98004						


						Bellevue					
23237
2.07%


5.


							98104						


						Seattle					
22285
1.98%


6.


							99201						


						Spokane					
20590
1.83%


7.


							98006						


						Bellevue					
18113
1.61%


8.


							98033						


						Kirkland					
12002
1.07%


9.


							98225						


						Bellingham					
11841
1.05%


10.


							98052						


						Redmond					
10896
0.97%


11.


							98005						


						Bellevue					
10687
0.95%


12.


							98103						


						Seattle					
10510
0.94%


13.


							98121						


						Seattle					
8323
0.74%


14.


							98402						


						Tacoma					
8171
0.73%


15.


							98115						


						Seattle					
7942
0.71%


16.


							98661						


						Vancouver					
7562
0.67%


17.


							98034						


						Kirkland					
7505
0.67%


18.


							98040						


						Mercer Island					
7362
0.66%


19.


							98109						


						Seattle					
7341
0.65%


20.


							98003						


						Federal Way					
7158
0.64%





			Show More
		



						98226 (7028)
					



						98512 (6771)
					



						98122 (6727)
					



						98335 (6294)
					



						98801 (6251)
					



						98027 (6246)
					



						98502 (6207)
					



						99336 (6165)
					



						98110 (6152)
					



						98424 (6140)
					



						98072 (6070)
					



						98032 (5918)
					



						98119 (5902)
					



						98026 (5877)
					



						98201 (5874)
					



						98107 (5560)
					



						98660 (5522)
					



						98144 (5503)
					



						98102 (5447)
					



						98036 (5439)
					



						98118 (5421)
					



						98105 (5251)
					



						98125 (5234)
					



						98290 (5220)
					



						98020 (5132)
					



						98116 (5100)
					



						98682 (5044)
					



						98208 (4978)
					



						98007 (4928)
					



						98117 (4768)
					



						98662 (4746)
					



						98273 (4693)
					



						98370 (4581)
					



						98223 (4561)
					



						98023 (4548)
					



						99362 (4537)
					



						98499 (4482)
					



						98199 (4478)
					



						99301 (4438)
					



						98031 (4404)
					



						98112 (4371)
					



						98607 (4305)
					



						98604 (4134)
					



						98665 (4126)
					



						98632 (4107)
					



						98012 (4076)
					



						98684 (4032)
					



						98008 (3980)
					



						98037 (3934)
					



						99208 (3930)
					



						98011 (3874)
					



						99352 (3872)
					



						98021 (3861)
					



						98837 (3819)
					



						98002 (3800)
					



						98258 (3790)
					



						98683 (3742)
					



						98133 (3678)
					



						98902 (3661)
					



						98038 (3652)
					



						98058 (3647)
					



						98108 (3631)
					



						98092 (3617)
					



						98001 (3595)
					



						98382 (3576)
					



						98074 (3546)
					



						98270 (3541)
					



						98275 (3511)
					



						98272 (3478)
					



						98264 (3453)
					



						98366 (3441)
					



						98221 (3427)
					



						98409 (3414)
					



						98296 (3411)
					



						98685 (3396)
					



						98203 (3368)
					



						98012 (3366)
					



						98053 (3363)
					



						98373 (3215)
					



						98154 (3157)
					



						99223 (3131)
					



						98029 (3118)
					



						98075 (3108)
					



						98908 (3107)
					



						98901 (3101)
					



						99202 (3093)
					



						98059 (3089)
					



						98926 (3084)
					



						98056 (3067)
					



						98055 (3012)
					



						98229 (3003)
					



						98374 (2977)
					



						98362 (2915)
					



						98584 (2902)
					



						98030 (2891)
					



						98028 (2869)
					



						98368 (2863)
					



						98204 (2863)
					



						98198 (2836)
					



						99205 (2824)
					





























603214714
classics and oddities longview wa 98632
elena fedoriak
s. madison services llc tacoma wa
lisa hallmon pacific seafoods
marylee bowles washington
jungle turx 35110 ne 119th ave la center wa 98629
mai lin properties vancouver wa
north central soccer omak
20809 253rd ave se maple valley wa 98038
16912 15th ave ne shoreline wa 98155
vizionfresh international
daren w dirkse washington
289 halliday rd
curiosity works llc
matt barnes cfa ryan ironvine
cr dexter station
triad frensen
lash & mee inc olympia wa
haak farm administration yakima wa
12804 sunny shores rdtulalip wa 98271-6025
mmc business solutions john udland
sunlight payments inc
inwoo lee attorney in wa state
cascadia exective services llc in renton phone number
matisa construction tukwila
sagemoor management washington
ht-seattle owner llc
aasve homes llc
seatac tax services llc

















Corpus Valens, LLC. · 1617 Fairhaven Ave, Bellingham, WA 98229-9380










Toggle navigation





DATAGOVUS





Business

California
Colorado
Connecticut
Florida
Iowa
Nevada
New York
Oregon
Texas
Washington

Berkeley
Chicago
Hartford
Kansas City
Las Vegas
Los Angeles
New York City
Palo Alto
Pasadena
Philadelphia
Portland
Providence
Sacramento
San Diego
San Francisco
Santa Monica
Washington DC



Employee

New Jersey
Washington
Broome County
Chicago
Charlotte
Los Angeles
Montgomery County
Nashville
Palo Alto
Philadelphia



New York

Corporation
Attorney



Los Angeles

Business
Foreclosure
Parcel
Employee
Property



Other

San Diego Property
Philadelphia Property
Washington Lawyer
Washington Health Care
Physician





Go








Find Corporation in Washington





Go



















			Corpus Valens, LLC.
1617 Fairhaven Ave, Bellingham, WA 98229-9380




Washington Corporation




Bellingham




 98229 




LLC















CORPUS VALENS, LLC. is corporation
		registered with the Corporations Division of Office of the Secretary of State in Washington.
	The unified business identifier (UBI) is 603446668.
	The date of incorporation is 10/22/2014.
			The expiration date is 10/31/2017.
		The record status is Active. 
		The address is 1617 Fairhaven Ave, Bellingham, WA 98229-9380.
	The city is 
		Bellingham.
	The zip code is
		98229.
	



Corpus Valens, LLC. · 1617 Fairhaven Ave, Bellingham, WA 98229-9380




Unified Business Identifier (UBI)

		603446668		


Business Name

		CORPUS VALENS, LLC.		


Category

		LLC		


Type

		Profit		


State of Incorporation

		WA		


Incorporation Date

		10/22/2014		


Expiration Date

		10/31/2017		


Duration

		Perpetual		


Record Status

		Active		


Registered Agent

Scott Douglas1617 FAIRHAVEN AVEBELLINGHAMWA 982299380				







Officers · Corpus Valens, LLC.




Title
Name
Address


Governor
Scott Douglas









Zip 98229 ·  Washington Corporation




UBI
Business Name
Address


604067853
Canusa Cine Inc.
2010 Prospect Way, Bellingham, WA 98229


604103823
Kulshan Physical Therapy, LLC
4220 Dumas Ave, Bellingham, WA 98229


604129711
Discount Auto Importers, Inc
1020 Geneva St, Bellingham, WA 98229


604111056
The Drew Nexus, Inc.
2219 Electric Ave, Bellingham, WA 98229


604133700
Builder Board, LLC
2213 37th St, Bellingham, WA 98229


604056293
Horizon Financial Group, Inc.
1234 Geneva Hills Rd, Bellingham, WA 98229


604114787
Dena Netherton, LLC
1996 N Mahonia Pl, Bellingham, WA 98229


604114007
Spartacus Husky LLC
3811 Consolidation Ave, Bellingham, WA 98229


604074761
Vwich Investments Inc
1377 N Parkstone Ct, Bellingham, WA 98229


604056888
Nanak Foods Incorporated
870 Democrat St, Bellingham, WA 98229


604104483
Huckhouse LLC
1 Lake Louise Dr Unit 44, Bellingham, WA 98229


604093157
Whatcom Wedding Professionals
63 Lake Samish Rd, Bellingham, WA 98229


604125110
Wine-down LLC
2515 Lake Whatcom Blvd, Bellingham, WA 98229


604117593
Iris Eye Studio, LLC
3 Kinglet Ct, Bellingham, WA 98229


604068508
5721 Henderson LLC
4182 Stoney Brook Ln, Bellingham, WA 98229


604077080
H&m Pnw Properties LLC
1313 Oriental Ave, Bellingham, WA 98229


604072352
Diamond Tattoo, LLC
2105 Queen St, Bellingham, WA 98229


604114371
Greywacke Publishing, LLC
8 Far Summit Pl, Bellingham, WA 98229


604132045
Topp Gunn Builders LLC
1114 34th St, Bellingham, WA 98229


604059325
Cktel Inc
781 Mahonia Dr, Bellingham, WA 98229





























603214714
classics and oddities longview wa 98632
elena fedoriak
s. madison services llc tacoma wa
lisa hallmon pacific seafoods
marylee bowles washington
jungle turx 35110 ne 119th ave la center wa 98629
mai lin properties vancouver wa
north central soccer omak
20809 253rd ave se maple valley wa 98038
16912 15th ave ne shoreline wa 98155
vizionfresh international
daren w dirkse washington
289 halliday rd
curiosity works llc
matt barnes cfa ryan ironvine
cr dexter station
triad frensen
lash & mee inc olympia wa
haak farm administration yakima wa
12804 sunny shores rdtulalip wa 98271-6025
mmc business solutions john udland
sunlight payments inc
inwoo lee attorney in wa state
cascadia exective services llc in renton phone number
matisa construction tukwila
sagemoor management washington
ht-seattle owner llc
aasve homes llc
seatac tax services llc

















BELLINGHAM · Washington Corporation










Toggle navigation





DATAGOVUS





Business

California
Colorado
Connecticut
Florida
Iowa
Nevada
New York
Oregon
Texas
Washington

Berkeley
Chicago
Hartford
Kansas City
Las Vegas
Los Angeles
New York City
Palo Alto
Pasadena
Philadelphia
Portland
Providence
Sacramento
San Diego
San Francisco
Santa Monica
Washington DC



Employee

New Jersey
Washington
Broome County
Chicago
Charlotte
Los Angeles
Montgomery County
Nashville
Palo Alto
Philadelphia



New York

Corporation
Attorney



Los Angeles

Business
Foreclosure
Parcel
Employee
Property



Other

San Diego Property
Philadelphia Property
Washington Lawyer
Washington Health Care
Physician





Go








Find Corporation in Washington





Go



















			BELLINGHAM · Washington Corporation
BELLINGHAM, 




Washington Corporation




Bellingham
















Bellingham ·  Washington Corporation




UBI
Business Name
Address


604126465
New Shield Siding LLC
4015 Eliza Ave Trlr 2a, Bellingham, WA 98226


604063217
Jethro Senior Technology Ltd
4152 Meridian St Ste 105 # 602, Bellingham, WA 98226


604091621
Beer Bar LLC
3015 Peabody St, Bellingham, WA 98225


604140632
White Barn Ventures LLC
1700 D St, Bellingham, WA 98225


604112553
Pacific Northwest Cross Border Law, Pllc
1015 Railroad Ave Ste 101, Bellingham, WA 98225


604067853
Canusa Cine Inc.
2010 Prospect Way, Bellingham, WA 98229


604106799
All Around Septic, LLC
2728 Ontario St, Bellingham, WA 98226


604049958
Kewl Consulting, LLC
1500 Railroad Ave, Bellingham, WA 98225


604053270
Wonderscaping LLC
300 N Commercial St, Bellingham, WA 98225


604093150
Bakerview Redevelopment Partners Lllp
208 Unity St, Bellingham, WA 98225


604103823
Kulshan Physical Therapy, LLC
4220 Dumas Ave, Bellingham, WA 98229


604083765
Frontline Construction LLC
5100 Eagle Flyway, Bellingham, WA 98226


604056154
Brainduck LLC
300 N Commercial St, Bellingham, WA 98225


604133360
Largo Grande, L.l.c.
900 Dupont St, Bellingham, WA 98225


604134272
Ohana Coaching, LLC
1381 Northwood Ct, Bellingham, WA 98226


604053539
Pomeroy Family Holdings, L.l.c.
2200 Rimland Dr Ste 230, Bellingham, WA 98226


604129711
Discount Auto Importers, Inc
1020 Geneva St, Bellingham, WA 98229


604073687
4k Ventures, L.l.c.
2200 Rimland Dr Ste 230, Bellingham, WA 98226


604111056
The Drew Nexus, Inc.
2219 Electric Ave, Bellingham, WA 98229


604106669
Vape Doctor LLC
2914 Lorraine Ellis Ct, Bellingham, WA 98225


604115870
Fountain Parish
2808 Walnut St, Bellingham, WA 98225


604113186
Pippa Breakspear, Pllc
1106 Harris Ave Ste 204, Bellingham, WA 98225


604133700
Builder Board, LLC
2213 37th St, Bellingham, WA 98229


604113330
Skagit Self Storage, LLC
230 E Champion St, Bellingham, WA 98225


604074605
Evich Rentals, L.l.c.
2051 Northshore Rd, Bellingham, WA 98226


604091047
100% Possible LLC
616 N State St Apt 1, Bellingham, WA 98225


604110270
Dharco Clothing Inc.
300 N Commercial St, Bellingham, WA 98225


604057339
Buckboard Saloon LLC
1225 E Sunset Dr Ste 145, Bellingham, WA 98226


604053267
Bay Street Village LLC
247 S Forest St, Bellingham, WA 98225


604090655
Vagabond Events
929 N State St, Bellingham, WA 98225


604094779
Celp, LLC
2400 Meridian St Ste B, Bellingham, WA 98225


604056293
Horizon Financial Group, Inc.
1234 Geneva Hills Rd, Bellingham, WA 98229


604094563
June Road Cottages Condominium Owners' Association
900 Dupont St, Bellingham, WA 98225


604053192
Red Beard Construction, LLC
4850 Bristol Pl, Bellingham, WA 98226


604110151
Sak Entertainment Inc.
215 Flora St, Bellingham, WA 98225


604065814
Investing In Bellingham, LLC
2802 Northshore Rd, Bellingham, WA 98226


604138808
Fathom Marine Electric LLC
2923 St Paul St, Bellingham, WA 98226


604114787
Dena Netherton, LLC
1996 N Mahonia Pl, Bellingham, WA 98229


604061700
Pro Circuit Electrical Inc
547 E Smith Rd, Bellingham, WA 98226


604134187
Alaska Crab Company, LLC
3115 Alderwood Ave, Bellingham, WA 98225


604114007
Spartacus Husky LLC
3811 Consolidation Ave, Bellingham, WA 98229


604099152
Xtreme Express LLC
3815 Primrose Ln Apt 304, Bellingham, WA 98226


604074761
Vwich Investments Inc
1377 N Parkstone Ct, Bellingham, WA 98229


604056888
Nanak Foods Incorporated
870 Democrat St, Bellingham, WA 98229


604104483
Huckhouse LLC
1 Lake Louise Dr Unit 44, Bellingham, WA 98229


604115753
Bountiful Countryside Orchard LLC
1135 Ellis St, Bellingham, WA 98225


604087279
Computers 4 Kids - Bellingham
2004 James St, Bellingham, WA 98225


604093157
Whatcom Wedding Professionals
63 Lake Samish Rd, Bellingham, WA 98229


604125110
Wine-down LLC
2515 Lake Whatcom Blvd, Bellingham, WA 98229


604068548
Jennifer Tietz Ma, Lmhc, LLC
1116 Key St Ste 202, Bellingham, WA 98225


604101522
Usta Management Services, Inc
965 N Garden St, Bellingham, WA 98225


604117593
Iris Eye Studio, LLC
3 Kinglet Ct, Bellingham, WA 98229


604068508
5721 Henderson LLC
4182 Stoney Brook Ln, Bellingham, WA 98229


604141523
Future Capital LLC
3129 Eldridge Ave Apt 101, Bellingham, WA 98225


604091071
Bkt Atlanta, LLC
900 Dupont St, Bellingham, WA 98225


604077080
H&m Pnw Properties LLC
1313 Oriental Ave, Bellingham, WA 98229


604070927
Jcpt LLC
1135 Ellis St, Bellingham, WA 98225


604065446
Jgw Engineering PC
245 S Garden Ter, Bellingham, WA 98225


604073497
Land Green LLC
2200 Rimland Dr Ste 115, Bellingham, WA 98226


604122948
Cs Tower Company (u.s.a.) Inc.
2200 Rimland Dr Ste 115, Bellingham, WA 98226


604115292
Tabi, LLC
2786 Northshore Rd, Bellingham, WA 98226


604072352
Diamond Tattoo, LLC
2105 Queen St, Bellingham, WA 98229


604139906
360 Auto Detail Plus LLC
5250 Guide Meridian, Bellingham, WA 98226


604114371
Greywacke Publishing, LLC
8 Far Summit Pl, Bellingham, WA 98229


604100199
Spotswood Computer Cases, LLC
3028 Cedarwood Ave, Bellingham, WA 98225


604132045
Topp Gunn Builders LLC
1114 34th St, Bellingham, WA 98229


604072614
Imco Industrial LLC
1223 Commercial St, Bellingham, WA 98225


604067737
Skyridge Condominium Association
2200 Rimland Dr Ste 115, Bellingham, WA 98226


604087071
The Revenue Guru L.l.c.
5481 Guide Meridian, Bellingham, WA 98226


604059663
Legalities, PC
1313 E Maple St Ste 201-531, Bellingham, WA 98225


604070332
Raining Dandelions, LLC
4246 Spring Creek Ln, Bellingham, WA 98226


604127549
El Agave Fairhaven, Inc.
1155 N State St Ste 420, Bellingham, WA 98225


604073595
Cinch Construction LLC
597 Montgomery Rd, Bellingham, WA 98226


604140124
Colter Movement Associates LLC
1135 Ellis St, Bellingham, WA 98225


604118274
Arno-wa LLC
1223 Commercial St, Bellingham, WA 98225


604066451
Ninja Design Inc
485 31st St Bldg C, Bellingham, WA 98225


604111005
Weeny Bunz LLC
2315 Henry St, Bellingham, WA 98225


604059325
Cktel Inc
781 Mahonia Dr, Bellingham, WA 98229


604055356
Edison Fields, LLC
1950 Discovery Heights Dr, Bellingham, WA 98226


604105458
Rt 15 Storage Lp
2200 Rimland Dr Ste 115, Bellingham, WA 98226


604096756
Aether Auto Inc.
300 N Commercial St, Bellingham, WA 98225


604104933
Bluebird Therapy LLC
338 W King Tut Rd, Bellingham, WA 98226


604055152
E.j. Pomeroy, L.l.c.
2200 Rimland Dr Ste 230, Bellingham, WA 98226


604078266
Jordan Feigal, Lmhc, Pllc
2304 Vining St, Bellingham, WA 98229


604077331
Emerald City Cronics, LLC
19 Bellwether Way Ste 201, Bellingham, WA 98225


604081127
Sidana Holdings (usa) LLC
870 Democrat St, Bellingham, WA 98229


604048397
Eyeco Technology, LLC
230 E Champion St, Bellingham, WA 98225


604087400
Lalaland Km, LLC
4824 Lookout Ave, Bellingham, WA 98229


604139639
Melolife Bike Co., LLC
1313 E Maple St Ste 400, Bellingham, WA 98225


604119864
Baker Reef Nets, Inc.
1824 Northshore Dr, Bellingham, WA 98226


604090865
Connect Northwest Physical Therapy and Wellness LLC
681 Old Samish Rd, Bellingham, WA 98229


604080553
Redbone Roasting, LLC
1714 Samish Way, Bellingham, WA 98229


604111542
Visions Interior Design and Staging, LLC
1060 Lanham Ln, Bellingham, WA 98226


604113889
Alchemy Media LLC
215 South Garden, Bellingham, WA 98225


604135004
Third Street Blaine Condominium Association
900 Dupont St, Bellingham, WA 98225


604108229
F4e LLC
4655 E 19th Crst, Bellingham, WA 98226


604127017
Wildman Business Group, LLC
2830 E Sunset Dr, Bellingham, WA 98226


604105289
No-brainer, LLC
3214 Illinois Ln, Bellingham, WA 98226


604112309
Confident Canine Puppy Training, LLC
2201 Eldridge Ave, Bellingham, WA 98225


604099280
Mailx, LLC
116 Forest Ln, Bellingham, WA 98225







City · Washington Corporation





City
State
Corporation


1.


							SEATTLE						


						WA					
183025
16.30%


2.


							OLYMPIA						


						WA					
73630
6.56%


3.


							BELLEVUE						


						WA					
62171
5.54%


4.


							SPOKANE						


						WA					
49485
4.41%


5.


							VANCOUVER						


						WA					
46799
4.17%


6.


							TACOMA						


						WA					
38034
3.39%


7.


							TUMWATER						


						WA					
37399
3.33%


8.


							BELLINGHAM						


						WA					
22896
2.04%


9.


							KIRKLAND						


						WA					
20182
1.80%


10.


							EVERETT						


						WA					
18349
1.63%


11.


							KENT						


						WA					
16497
1.47%


12.


							RENTON						


						WA					
15524
1.38%


13.


							REDMOND						


						WA					
14785
1.32%


14.


							PUYALLUP						


						WA					
13102
1.17%


15.


							FEDERAL WAY						


						WA					
12509
1.11%


16.


							LYNNWOOD						


						WA					
12436
1.11%


17.


							BOTHELL						


						WA					
12099
1.08%


18.


							YAKIMA						


						WA					
11564
1.03%


19.


							AUBURN						


						WA					
11240
1.00%


20.


							EDMONDS						


						WA					
11073
0.99%





			Show More
		



						GIG HARBOR (9956)
					



						KENNEWICK (9436)
					



						ISSAQUAH (9432)
					



						SNOHOMISH (8891)
					



						WOODINVILLE (7932)
					



						MERCER ISLAND (7381)
					



						WENATCHEE (6957)
					



						SPOKANE VALLEY (6844)
					



						SAMMAMISH (6712)
					



						LAKEWOOD (6704)
					



						SHORELINE (6244)
					



						BAINBRIDGE ISLAND (6173)
					



						FIFE (6146)
					



						MOUNT VERNON (5991)
					



						BREMERTON (5971)
					



						PORT ORCHARD (5672)
					



						RICHLAND (5272)
					



						MARYSVILLE (5109)
					



						PASCO (4638)
					



						LACEY (4604)
					



						POULSBO (4600)
					



						ARLINGTON (4591)
					



						WALLA WALLA (4573)
					



						CAMAS (4323)
					



						BATTLE GROUND (4158)
					



						LONGVIEW (4122)
					



						UNIVERSITY PLACE (3986)
					



						MOSES LAKE (3843)
					



						LAKE STEVENS (3800)
					



						PORT ANGELES (3687)
					



						MAPLE VALLEY (3669)
					



						SEQUIM (3590)
					



						BURIEN (3550)
					



						MUKILTEO (3531)
					



						MONROE (3492)
					



						MILL CREEK (3465)
					



						LYNDEN (3463)
					



						ANACORTES (3440)
					



						TUKWILA (3172)
					



						ELLENSBURG (3095)
					



						DES MOINES (2969)
					



						SHELTON (2911)
					



						KENMORE (2896)
					



						PORT TOWNSEND (2879)
					



						ENUMCLAW (2824)
					



						SPANAWAY (2806)
					



						CHEHALIS (2797)
					



						OAK HARBOR (2792)
					



						SILVERDALE (2757)
					



						WASHOUGAL (2684)
					



						BONNEY LAKE (2633)
					



						STANWOOD (2594)
					



						RIDGEFIELD (2558)
					



						BLAINE (2557)
					



						FRIDAY HARBOR (2480)
					



						FERNDALE (2384)
					



						SUMNER (2363)
					



						VASHON (2263)
					



						MOUNTLAKE TERRACE (2195)
					



						CENTRALIA (2160)
					



						EAST WENATCHEE (2148)
					



						YELM (2145)
					



						ABERDEEN (2135)
					



						GRAHAM (2131)
					



						PULLMAN (2117)
					



						NORTH BEND (2022)
					



						SEATAC (2002)
					



						CAMANO ISLAND (1919)
					



						SNOQUALMIE (1918)
					



						NEWCASTLE (1809)
					



						SEDRO WOOLLEY (1806)
					



						BURLINGTON (1767)
					



						LIBERTY LAKE (1762)
					



						CLARKSTON (1607)
					



						COVINGTON (1593)
					



						KELSO (1581)
					



						LAKE FOREST PARK (1545)
					



						WOODLAND (1541)
					



						DUVALL (1540)
					



						BUCKLEY (1447)
					





























603214714
classics and oddities longview wa 98632
elena fedoriak
s. madison services llc tacoma wa
lisa hallmon pacific seafoods
marylee bowles washington
jungle turx 35110 ne 119th ave la center wa 98629
mai lin properties vancouver wa
north central soccer omak
20809 253rd ave se maple valley wa 98038
16912 15th ave ne shoreline wa 98155
vizionfresh international
daren w dirkse washington
289 halliday rd
curiosity works llc
matt barnes cfa ryan ironvine
cr dexter station
triad frensen
lash & mee inc olympia wa
haak farm administration yakima wa
12804 sunny shores rdtulalip wa 98271-6025
mmc business solutions john udland
sunlight payments inc
inwoo lee attorney in wa state
cascadia exective services llc in renton phone number
matisa construction tukwila
sagemoor management washington
ht-seattle owner llc
aasve homes llc
seatac tax services llc















Valens Corpus Holdings, LLC 

 































 




REGISTER
LOG IN









Companies Alabama












Valens Corpus Holdings, Llc 


Foreign Limited Liability Company


Exists


Not Available



 



 



 Valens Corpus Holdings, Llc  details
			
		
			
			
				
				
			




Title


Valens Corpus Holdings, Llc 





Type


Foreign Limited Liability Company





Status


Exists





Register Date


3-15-2012





Address


1500 1ST AVENUE NORTH  UNIT 22 BIRMINGHAM, AL 35203





City


Not Available





State


AL





Principal mailing address


1500 1st Avenue North  Unit 22 Birmingham, Al 35203





Place of formation


Delaware





Agent


Childs, James W Jr





Registered office street address


1819 5th Avenue N Birmingham, Al 35203





Dcouments


4-2-2012   Articles Of Formation   3 Pgs.





Registered office mailing address


1819 5th Avenue N Birmingham, Al 35203


















 
 Valens Corpus Holdings, Llc  Related Companies





Hangman's Farm Llc 
Domestic Limited Liability Company







View Details







Kent-bracewell Funeral Home, Inc. 
Domestic Corporation


CLAYTON




View Details







Mobile Home Liquidators, Inc. 
Domestic Corporation


TUSCALOOSA




View Details







A. Kenneth Suggs, D.m.d., P.c. 
Domestic Professional Corporation


ALEXANDER CITY




View Details







Tillman's Corner Imports, Inc. 
Domestic Corporation


MOBILE




View Details







Cobb Lane Fruit Basket, Inc. 
Domestic Corporation


BIRMINGHAM




View Details











 


Add Your Company
Add Your Company Profile for Free! Over 500.000 companies use alabamacompanieslist.com to promote their business.
UPLOAD COMPANY PROFILE 


Search for company
Search for business information that makes your day-to-day function easier.
SEARCH

  


 
Are you the owner of this company? 

							Register with us and update the informations for "Valens Corpus Holdings, Llc " or remove it altogether
						
CLAIM IT!








Our Expertise

Our strength is in combining data sources and creating links between them. We supplement, and link, the corporate ownership and contact information we receive from our IPs with our own research, and integrate our own M&A data, creating reciprocal links between deals and company financials.



Useful Links


Home
Find a company
Companies list




Recent Searches


KG AL Holdings, L.L.C. Pannonia Holdings, Llc  
#Company #Search 00:44 Jul 28

scott's J. Scott Andrews Properties, Inc.  
#Company #Search 23:03 Jul 28

Dilworth Dilworth Lumber Company, Inc.  
#Company #Search 19:50 Jul 27



Singn For news Letter

And keep informed





Sign Up





					2017 © alabamacompanieslist.com All Rights Reserved.
				
































    Company Profiles Located in Alabama                              EntitySource    Home About us States FAQ Search Contact         View Companies Located in Alabama! Click on a business name to view principals, members, contact information, and much more.     "2nd" Chance, Inc."447, LLC""4D Automation, Inc.""7K" Logging, Inc."7K" Logging, Inc."7K" Logging, Inc."7K" Logging, Inc."7K" Logging, Inc."7K" Logging, Inc."7K" Logging, Inc."7K" Logging, Inc."7K" Logging, Inc."7K" Logging, Inc."8" Point Hunting Club, Inc."A to Z, LLC""A" Mobile Home Transporters, Inc."A" Ms. Mary Taxi Service LLC"A" Plus Cleaning & Restoration, Inc."A" Plus Realty, L.L.C."A" xcellence Tutorial, LLC"adamgroup llc""AG-ANALYSIS, INC.""Alabama Fresh", Inc."All American" Smoothies LLC"All Seasons" Air Conditioning and Refrigeration Services, Inc."Always There" In-Home Care, Inc."B" Graphics, Inc."Big Bill's" Automotive Service Equipment, Inc., a close corporation"Big Bill's" Automotive Service Equipment, Inc., a close corporation"Big Bill's" Automotive Service Equipment, Inc., a close corporation"Big Bill's" Automotive Service Equipment, Inc., a close corporation"Big Bill's" Automotive Service Equipment, Inc., a close corporation"Big Bill's" Automotive Service Equipment, Inc., a close corporation"Big Bill's" Automotive Service Equipment, Inc., a close corporation"Big Bill's" Automotive Service Equipment, Inc., a close corporation"Big Bill's" Automotive Service Equipment, Inc., a close corporation"Big Bill's" Automotive Service Equipment, Inc., a close corporation"Big Bill's" Automotive Service Equipment, Inc., a close corporation"Bugs" Burger Bug Killers, Inc."BUZZ KILL, LLC""C" Shoppe Ceramics, Inc."CARES...UNLIMITED OUTREACH," Inc."Cry in the Temple" Ministries"Encore! Encore!", Inc."Encore! Encore!", Inc."Encore! Encore!", Inc."Encore! Encore!", Inc."Encore! Encore!", Inc."Encore! Encore!", Inc."Encore! Encore!", Inc."Encore! Encore!", Inc."Encore! Encore!", Inc."Encore! Encore!", Inc."ENDURANCE" Life Center Inc."Excellent" Cleaning Services, Inc."Exterminator" Charters Inc"Eyes" Drug Awareness and Human Services Association, Incorporated"Faith" Missionary Baptist Church"FBL INVESTMENTS, LLC""Friends of the Silas Library" of the Town of Silas"GARDBERGS FURNITURE, INC.""GEE" A/C, Inc."God's Kingdom Come Ministries" Economic Development, Inc."Green's Greens, Inc.""Harris Grocery," Inc."Historic" Southwest Decatur, Inc."HIT 'N' STIK" of America, Inc."How To" Publications, Inc."How To" Publications, Inc."How To" Publications, Inc."How To" Publications, Inc."How To" Publications, Inc."How To" Publications, Inc."How To" Publications, Inc."How To" Publications, Inc."How To" Publications, Inc."How To" Publications, Inc."Howlin Mad" Smith Detachment (#592) of the Marine Corps League"I Do" Weddings, Inc."I Will Never Use Tobacco" Inc."in Him Ministries""It Takes A Village", Inc."It's A Special Day" L.L.C."It's Not About Us" Ministries"JAI Incorporated""K" Shoppe, Inc., a close corporation"KATY-MACK" Foundation"KC" Restaurant Group, Inc."KC" Restaurant Group, Inc."KC" Restaurant Group, Inc."KC" Restaurant Group, Inc."KC" Restaurant Group, Inc."KC" Restaurant Group, Inc."KC" Restaurant Group, Inc."KC" Restaurant Group, Inc."KC" Restaurant Group, Inc."KC" Restaurant Group, Inc."KC" Restaurant Group, Inc."KELMORE DEVELOPMENT CORPORATION""L" Ditch Hunting Club, Inc."Little E" Enterprises, L.L.C."Look of Eagles" Enterprises, Inc., a close corporation"Ministerio Internacional Pacto de Dios""My Can Will Change A Life""Nob" Hill Hunting Club"Ole Sea Dawg, LLC""On Your Side" Handyman, LLC"OOO" Hunting Club, Inc."Paul R. Roberts II, Attorney at Law" LLC"PAW PAW" Trucking, Inc."PMA Express-Med, Inc.""Reality Street" Writers Foundation"REBECCA'S ESTHETICS," LLC"Robert D. Root Construction Company, Inc.""S & S" L.L.C."S" Club Alumni Association"Simply Lean" Training & Consulting L.L.C."SMITH'S HEATING & COOLING LLC""Still Smokin", Inc."Success 4 the Future" Charity Foundation 4 Kids Ages 3-18, Inc"Sunshine"-J.A.M., Inc."Swinging Doors, Inc.""TDX Holdings" Limited Liability Company"That Store, Inc.""The Bridge of Hope" Ministry"The Buck Stops Here" LLC."The Cave Ministries""The New Partridge Pines, LLC""The Pines" Convenience Group, Inc."The Sideliners" Enterprises, Inc., a close corporation"The Stake Source", LLC"The Word" Christian Faith Center"Thunder 1" Compliance Management, LLC"Tumpsie" Trione Catering, Inc."U" Star Video Productions, Inc."What A Dog Wants" LLC"Who's Looking", Inc."Winterthur" Swiss Insurance Company"Wired Beanz" CoffeeHouse Cafe', LLC"With A Vision" Evangelistic Ministries (W.A.V.E.)"With this Ring", LLC"Within Your Means" Resale Shop, Inc."Y-NOT" LLC"Y-Not", L.L.C."Z" ENTERPRISES, INC."Z" Vestingham Seven, Inc.# 1 Auto Glass, Inc.#1 All Out Bail Bonds, L.L.C.#1 Bail Bonding of Alabama, Inc.#1 Bail Bonding of Colbert County, Inc.#1 Bail Bonding of Cullman County, Inc.#1 Bail Bonding of Franklin County, Inc.#1 Bail Bonding of Jefferson County, Inc.#1 Bail Bonding of Lauderdale County, Inc.#1 Bail Bonding of Lawrence County, Inc.#1 Bail Bonding of Limestone County, Inc.#1 Bail Bonding of Madison County, Inc.#1 Bail Bonding of Marion County, Inc.#1 Bail Bonding of Morgan County, Inc.#1 Bail Bonding of Shelby County, Inc.#1 Bail Bonding of Tuscaloosa County, Inc.#1 Bail Bonding of Walker County, Inc.#1 Bail Bonding of Winston County, Inc.#1 Computers and Collectibles, Inc.#1 House and Rental, Inc.#1 Nails, LLC#1 Print Shop, Inc.#1 Sound, Detail & Collision, Inc.#52 RACING TEAM, Inc.#Betterliving, LLC$1 Jewelry ,Inc.$1 Jewelry Galore Franchise, Inc.$10 More or Less, Inc.$25 Current Owners, LLC$5 and $10 Shoe Outlet, Inc.$6 & $8 Fashions, Inc.$av Energy Corporation$mart Club LLC&Step L.L.C.'Ish/Esque Design, LLC'Lil' Kountry Sport N Grill, Inc.'N Shape 24/7, Inc.'N Vogue, Inc.'Paw'sitively Pet Sitting, LLC'pecheurs de lune' LLC'X R 'Cise Equipment Sales, Inc.(AJCM) Accepting Jesus Christ Ministry(Baylor and Edwards Consulting) BEC & Associates, Inc.(BSI, L.L.C.) Blue Sky Industries L.L.C.(CA) Starbase Corporation(CBG) Citizens for Better Government(FESCO) Fidelity Equity Services Corporation(G.G.A.L'S) Girls Getting A Life(GSSE) Gulf States Screening Equipment, LLC(JADA) Jarmon Lane African American Development Ass.(LFC) Litter-free-Communities(Lincoln Park) Resident Council of the Housing Authority of the City of Huntsville, Alabama(My) Goodness!, LLC(New York) Delta Resources, Inc.(North Carolina) Southeast Mortgage & Investment Corp.    12345678910111213>Last ›        

Valens Corpus Holdings, LLC Alabama - CHILDS, JAMES W JR - Business Profiles




















Business Profile

Document Delivery
API
About





 

 

 Companies
 Officers

 








Home  /  
Alabama
  /  
Valens Corpus Holdings, LLC





Account  


Login


Sign Up






Saved

0




Cart

0













Valens Corpus Holdings, LLC


 Alabama

 US-AL-031-222
 



 Active



Valens Corpus Holdings, LLC was formed on 2012-03-15 in Alabama by CHILDS, JAMES W JR located at 1500 1ST AVENUE NORTH UNIT 22, BIRMINGHAM, AL 35203. It is currently active.




Save Profile  










FORMATION DETAILS


Registration Number: 031-222
Type: Foreign Limited Liability Company
Status: Active
Date of Formation: 2012-03-15




LOCATIONS


A
Principal Address


1500 1ST AVENUE NORTH UNIT 22, BIRMINGHAM, AL 35203



B
Principal Mailing Address


1500 1ST AVENUE NORTH UNIT 22, BIRMINGHAM, AL 35203





OFFICERS




CHILDS, JAMES W JR
Registered Agent








RELATED COMPANIES



VALENS CORPUS HOLDINGS, LLC
(Delaware)


VALENS CORPUS HOLDINGS, LLC
(Delaware)





DID YOU KNOW?



In 2006, tourism accounted for $8.3 billion of income to the state of Alabama.

















Home
Document Delivery
API
About

© 2017, Business Profiles Inc.
Business Profile





USA
Europe
Asia & Pacific
Americas





Alabama


Alaska


Arizona


Arkansas


California




Colorado


Connecticut


Delaware


District of Columbia


Florida




Georgia


Hawaii


Idaho


Illinois


Indiana




Iowa


Kansas


Kentucky


Louisiana


Maine




Maryland


Massachusetts


Michigan


Minnesota


Mississippi




Missouri


Nevada


New Hampshire


New Jersey


New York




North Carolina


North Dakota


Ohio


Oklahoma


Oregon




Pennsylvania


Puerto Rico


South Carolina


South Dakota


Tennessee




Texas


Utah


Virginia


Washington


Wyoming






Croatia


Denmark


Estonia




Finland


France




Germany


Gibraltar




Ireland


Isle of Man




Luxembourg


Netherlands




Norway


Poland




Slovenia


Spain




Sweden


Switzerland




Turkey


United Kingdom






Australia




Hong Kong




India




New Zealand




Singapore




Thailand












Canada




Colombia




Dominican Republic




Jamaica




Jersey




Mexico




Nova Scotia




Panama




Quebec









    Company Profiles Located in Alabama | Page: 471400                              EntitySource    Home About us States FAQ Search Contact         View Companies Located in Alabama! Click on a business name to view principals, members, contact information, and much more.     Val-Chris, Inc.VAL-KIM, Inc.Val-Lan Investment Co., Inc.Val-Mar, Inc.Val-Pac Foods, Inc.Val-Tech Services CorporationVal-Tran, Inc.Val-U Distributors, Inc.Val-U-Tyme, Inc.Vala Sports, LLCValacal Company CorporationValaco, Inc.Valamour Homeowner's Association, Inc.Valamour, LLCValance Properties, LLCValarie Company, Inc.Valarie Lee, Inc.Valassis Data Management, Inc.Valassis Direct Mail, Inc.Valassis In-Store Marketing, Inc.Valcleaner Services LLCVALCO Dist. Co., LLCValco Mechanical, IncorporatedValco, Inc.Valcon, Inc.Valcorp, Inc.Valcourt Exterior Building Services of Florida, Limited Liability CompanyValdawood Service Corporation, Inc.Valde Muneris Enterprises, Inc.Valdezufre LLCValdosta Insurance Services, Inc.Valdosta Technical Systems, Inc.Valeant Pharmaceuticals North America LLCValena and Associates, Incorporated, a close corporationValence Communications Management, L.L.C.Valence Operating Company, Inc.Valence Seed, Inc.Valencia Charters LLCValencia Falls, LLCValencia McDonald, LLCValencia, LLCValenite Inc.Valens Corpus Holdings, LLCValent U.S.A. CorporationValente Title Group, LLCValenti Florida Management, Inc.Valenti Sales & Services, Inc.Valenti Timberland Properties, LLCValenti Trobec Chandler, Inc.Valentine Cleaning Services, Inc.Valentine Enterprises, Inc.Valentine Ventures, LLCValentine's Home Care, Inc.Valentino D.B. Mazzia, P.C.Valentino Ventures L.L.C.Valentis Ristorante, LLCValepro Limited Liability CompanyValera Pharmaceuticals, Inc.Valere, LLCValerie & Son Trucking, Inc., a close corporationValerie Banks Designs, Inc., a close corporationValerie Brown Law, LLCValerie D. Marshall, CPA, PCValerie Fraser Luesse, LLCValerie L. Goudie, P.C.Valerie M. Taylor, LLCValerie Moore FoundationVALERIUS COMMUNICATIONS, LLCValero Marketing and Supply Company, Inc.Valero Security Systems, Inc.Valero Terminaling and Distribution Company Inc.Valerus Leasing Company, LLCValerus Process & Tank, Inc.Valescent Health LLCValesco, Inc.Valet Boutique, LLCValet Community Outreach Services, Inc.Valet Garbage Service, LLCValet Waste Affiliates, Inc.Valet Waste Holdings, Inc.Valet Waste, Inc.Valforce, Inc.Valhalla 3, Inc.Valhalla Builders, L.L.C.Valhalla Cards & Comics Inc.Valhalla Erectors CorporationValhalla Farms, Inc.Valhalla Inc.Valhalla Memorial Gardens, Inc.Valhalla Memory Gardens and Funeral Home, Inc.Valhalla Motorwerks, LLCValhalla Promotions, Inc.Valhalla Property Owners AssociationValhermoso Baptist ChurchVali Air Controls of Alabama, Inc.Vali Air Controls, Inc.Valiant Companies, LLCValiant Door Company, Inc.Valiant Heating & Air, L.L.C.Valiant Insurance Agency, Inc.Valiant Insurance CompanyValiant International Inc.Valiant Products, Inc.VALIC Retirement Advisors, Inc.VALIC Retirement Services Company Corp.Valid Investment Plus LLCValid Products, Inc.Validata Computer and Research CorporationValidation Services, Inc.Validus Specialty, Inc.Validus Ventures, LLCValinda Freed and Associates, Inc.Valix Gold Club, Inc.Valk Manufacturing Company, Inc.Valkirk Woods, LLCValkyrie Capital LLCValkyrie Enterprises, Inc.Valkyrie Enterprises, Inc.Valkyrie Enterprises, Inc.Valkyrie Enterprises, Inc.Valkyrie Enterprises, Inc.Valkyrie Enterprises, Inc.Valkyrie Enterprises, Inc.Valkyrie Enterprises, Inc.Valkyrie Enterprises, Inc.Valkyrie Enterprises, Inc.Valkyrie Enterprises, LLCValkyrie International, Inc.Valkyrie's, Inc. a close corporationVALLABH INVESTMENT INCVallabh, Inc.Valladares Group, LLCValladares Wholesale and Produce, Inc.Vallarta Mexican Grill, LLCVallarta of Alabama, Inc.Vallas Realty, Inc.Vallas' Car Spa, Inc.Valle Mgt, Inc.Vallee Fuel Sales, Inc.Vallee Investments L.L.C.Vallen CorporationVallen Safety Supply Company, Inc.Valley Acceptance CorporationValley Aerobic and Fitness, L.L.C.Valley Aerobics and Fitness Club, Inc.Valley Ag Enterprises, L.L.C.Valley Agstrong, LLCValley Air & Hydraulics, Inc.Valley Air Supply, Inc.Valley Animal Hospital & Pet Resort S.E., P.C.Valley Apartments, Inc.Valley Apparel, Inc.Valley Appliance Holdings, LLCValley Appliances, Inc.Valley Appraisal Inc.Valley Appraisal Services, LLCValley Appraisals, Inc.Valley Arts and Entertainment, Inc.Valley Asphalt Maintenance Co.Valley Asset Management, Inc.Valley Associates of Florence, Inc.Valley Associates, Ltd.Valley Assorted Ent., Inc.Valley Athletic Club, Inc.Valley Auction and Sales, Inc.Valley Auto Auctions, L.L.C.Valley Auto Electric, Inc.Valley Auto Mart, Inc.Valley Auto Painting and Body Works, Inc.Valley Auto Sales, Inc.Valley Automotive & Tranmission Co., Inc.Valley Avenue Car Wash, Inc.Valley Avenue Drive-In Restaurant, LLCValley Avenue Plaza Associates, Ltd.Valley Avenue Properties, LLCValley Avenue Restaurants, Inc.Valley Bancshares, Inc.Valley Battery, Inc.Valley Bear Holdings, Inc.Valley Beauty Supply Inc.Valley Behavioral Services, P.C.Valley Bend Association, Inc.Valley Bend North, Inc.Valley Bend, Inc.Valley Bend, Inc.Valley Bowl, Inc.Valley Bowl, L.L.C.Valley Broadcasting, Inc.Valley Budweiser, Inc.Valley Building & Supply, Inc.Valley Building Services, Inc.Valley Business Services, Inc.Valley Business Solutions LLCValley Business Solutions, Inc.Valley Cabinet Doors, Inc.Valley Cable Systems, Inc.Valley Car Mart, Inc.Valley Car Wash, Inc.Valley Cardiology, P.C.Valley Carriage, LLC    ‹ First<2346234723482349235023512352235323542355235623572358235923602361236223632364236523662367236823692370>Last ›         















Cheniere Corpus Christi Holdings, LLC Credit Rating - Moody's






















































Yes
No





























About Moody'sCareersRegulatory AffairsTerms of UseContact UsAbout Moody'sCompany OverviewInvestor RelationsMedia RelationsCorporate Social ResponsibilityAlumni













GO






































There are too many sessions currently in use on this account















Log In




Cancel


































Research & Ratings

OverviewRatings NewsRating MethodologiesRatings DisclosuresRatings PerformanceRegulatory AffairsCode of Professional ConductSector in DepthLook Up a RatingFind an AnalystInteractive ChartsMarket SegmentCorporatesFinancial InstitutionsStructured FinanceManaged InvestmentsInfrastructure & Project FinanceSovereign & SupranationalSub-SovereignU.S. Public FinanceRegionNorth AmericaLatin America & CaribbeanEurope, Middle East & AfricaAsia PacificResearch TypeIssuer ResearchIndustry / Sector ResearchMethodologyCapital Markets ResearchDefault & Ratings AnalyticsEconomic ResearchData ReportsPolitical / Economic GroupEmerging MarketsEuropean UnionAsia-Pacific Economic Cooperation (APEC)Association of Southeast Asian Nations (ASEAN)Commonwealth of Independent States (CIS)EurozoneGulf Cooperation CouncilMercosurOrganisation for Economic Co-operation and Development  (OECD)Credit PolicyRating MethodologiesRequests for CommentThe Commercial GroupHow to Get RatedRatings DefinitionsRatings Policy & Approach



Products & Solutions

OverviewProducts Listing by A - ZMoody's AnalyticsMoody's Pricing & Valuations ToolsMoody's Advisory ServicesMoody's Economy.comMoody’s Training & CertificationSolutionsAsset and Liability Management SolutionsCredit Origination SolutionsCredit Risk SolutionsData SolutionsEconomic SolutionsInsurance SolutionsInvestment & Pensions SolutionsLearning Solutions and CertificationsPortfolio Management SolutionsRegulatory and Accounting SolutionsStructured Finance SolutionsAccess ProductsCredit Risk CalculatorCredit Transition ModelCredit TrendsCreditEdge®Default Recovery Database (DRD)Default Risk Service - StructuredFund MonitoringLossCalc™Market Implied Ratings (MIR®)Moody's Financial Metrics™Moody's Project Finance ScorecardMoody's Quantitative Ratings Estimator (QRATE)Municipal Financial Ratio AnalysisRatings InteractiveRiskCalc™



News & Events

OverviewRatings NewsEventsTraining EventsTopics





Log In
Register







            Log In 

            Please log in for full access to your permissions. Password is case sensitive.











                    User Name:





                    Password:









                Automatically log me in when I return





                Log In





                Forgot your Username or Password?




        Or Log In using:

























Please Note


We brought you to this page based on your search query. If this isn't what you are looking for, you can continue to Search Results for ""
















The maximum number of items you can export is 3,000.
  Please reduce your list by using the filtering tool to the left.









Close








































































Back to Previous Page



















Please Log In to access this content






Registered User


        Please log in for full access to your permissions. Password is case sensitive.








            User Name:





            Password:








            Automatically log me in when I return



            Log In





            Forgot your Username or Password?



        Or Log In using:
    







Not Registered Yet?

Register now to get FREE access to:
Issuer Ratings.
Ratings on over 170,000 corporate, government and structured finance securities.
Events Calendar.
Information about training seminars, briefings, and teleconferences.
Watchlists.
Listings of issuers under review for rating changes.
Rating Methodologies.
Descriptive frameworks underlying Moody's ratings.

 

Register Now

















Cheniere Corpus Christi Holdings, LLC



Moody's Org ID:824820037
Market Segment:Infrastructure & Project Finance
Industry:PROJECT FINANCE: OIL & GAS
Peer Group:Generic Project Finance
Domicile:UNITED STATES




Please Log In to view this content.



















                                    Research



                                    Ratings



                                    Family Tree



                                    Peer Group



                                    Market Signals

















    Issuer Research


    Industry Research


    Family Tree Research


    Methodology






Results 
        1 - 7
Of 
        7


 
        Page 
        
        1
Of 
        1 
        






                Filter By:
            


Document Type - All
Credit Opinion
Issuer Comment
Rating Action


Source - All
Moody's Investors Service







Date
    
    



Document Type
    



                        Title
                    

                        Source
                    




                    17 May 2017
                

                    Credit Opinion
                













                                    Cheniere Corpus Christi Holdings, LLC: Credit update following new sale





                    Moody's Investors Service
                



                    15 May 2017
                

                    Rating Action
                













                                    Moody's assigns Ba3 rating to Cheniere Corpus Christi senior secured bond offering





                    Moody's Investors Service
                



                    05 Dec 2016
                

                    Rating Action
                













                                    Moody's assigns Ba3 to Corpus Christi senior secured bonds and affirm ratings at Ba3; outlook stable





                    Moody's Investors Service
                



                    30 Sep 2016
                

                    Issuer Comment
                













                                    Cheniere Corpus Christi Holdings, LLC: Cheniere Energy’s offer to acquire shares of its affiliate is credit accretive





                    Moody's Investors Service
                



                    16 May 2016
                

                    Credit Opinion
                













                                    Cheniere Corpus Christi Holdings, LLC: Update Following Initial Ba3 Rating





                    Moody's Investors Service
                



                    13 May 2016
                

                    Issuer Comment
                













                                    Cheniere Corpus Christi Holdings, LLC: Upsizing of senior secured notes to $1.25 billion is credit neutral





                    Moody's Investors Service
                



                    10 May 2016
                

                    Rating Action
                













                                    Moody's assigns a Ba3 rating to Cheniere Corpus Christi Holding's proposed bond offering





                    Moody's Investors Service
                





Results 
        1 - 7
Of 
        7


 
        Page 
        
        1
Of 
        1 
        
















                6The rating history for this credit rating accurately reflects the current status of the (sf) indicator but, due to technical limitations, does not accurately reflect the (sf) indicator history. Please visit the Research tab to view the press release(s) announcing when the (sf) indicator was added or removed.


For credit ratings that are derived exclusively from an existing credit rating of a program, series, category/class of debt, support provider or primary rated entity, or that replace a previously assigned provisional rating at the same rating level, Moody’s publishes a rating announcement on that series, category/class of debt or program as a whole, on the support provider or primary rated entity, or on the provisional rating, but often does not publish a specific rating announcement on each subsequent bond or note for which the credit rating is derived from the existing credit rating. Rating announcements are usually press releases classified as Rating Actions on www.moodys.com. Please refer to the Research tab on the issuer/entity page for the rating announcement.
















Moody's Integrity Hotline
EU

001-800-506-1440
Japan

KDDI: 00-539-111 then 888-320-1668
NTT: 0034-811-001 then 888-320-1668
Outside of the EU and Japan

1-866-330-MDYS (6397)



Browse By
HomeResearch & RatingsProducts & SolutionsNews & EventsCareers


Contact Us
Help & SupportContact UsSubmit a Complaint


Terms & Conditions
Terms of UsePrivacy PolicyProprietary Rights





            © 2017 Moody's Investors Service, Inc., Moody’s Analytics, Inc. and/or their affiliates and licensors. All rights reserved.
        

           Regional Sites:
            
GlobalArgentinaAsiaAustraliaBoliviaBrazilCanadaCEEChinaCzech RepublicCISEMEAFranceGermanyIndonesiaIndiaItalyJapanKoreaMexicoMiddle EastPolandSouth AfricaSpainTurkeyTaiwanUruguay



























































































