




Varde Scratch & Dent Feeder REIT I-A, LLC - Pooled Investment Fund- Bauer  FormDs.com - SEC filings of fundraisings and investments in hedge funds, private equity firms, startups, and growing companies 











 FormDs.com 





 Newest
 Filter
 Local




 









Varde Scratch & Dent Feeder REIT I-A, LLC

      Industry: Pooled Investment Fund
      (See others in industry)

Address:



    901 Marquette Avenue S. Suite 3300 
    Minneapolis, MN, 55402Phone: 952-893-1554 




Filings



Date
FilingType
Reported Sold
Incremental Cash 
Type
Exemptions
Link to Raw Filing




	2016-12-22


New


Yet to Sell


$0


Other


06b 3C 3C.7


SEC link






Directors and Executives (Current and Past)



Name
Role



 Bradley P. Bauer 
 Executive 


 Ilfryn C. Carstairs 
 Executive 


 Ali M. Haroon 
 Executive 


 Jeremy D. Hedberg 
 Executive 


 George G. Hicks 
 Executive 


 Andrew P. Lenk 
 Executive 


 David A. Marple 
 Executive 


 Timothy J. Mooney 
 Executive 


 Giuseppe Naglieri 
 Executive 


 Rick J. Noel 
 Executive 


 Marcia L. Page 
 Executive 


 N/A The Varde Scratch And Dent Gp I A, Llc 
 Promoter 


 N/A Varde Management, L.P. 
 Executive 


 N/A Varde Partners, Inc. 
 Executive 


 N/A Varde Partners, L.P. 
 Executive 










 

Varde Scratch & Dent Feeder Reit Llc raised $125,000 on January 5th, 2015































Want to see more?Want to find out who got funded, and who’s funding the next big thing? in real time? all across the world? tailored to your specific areas of focus?100+ deals per dayGet access to the most exhaustive worldwide funding watch on the web!Comprehensive funding informationKnow about who invested in a company, which sites covered the event, the funding history, etc.Exclusive insightsView original analytics such as most dynamic industries, most active investors, and more!Stay aware!Get emailed when deals critical to your business happen. Filter by region, industry and topics of interest.As seen onHave a login?Sign inRegister now!It's free!Use your social accountOr fill in the quick form:Register nowpromise we won't spamSign invia your social account:via your existing WGF account:Remember meRegister, it's freeForgot your password?SIGN INForgot your password?Enter your e-mail and we will send you your new password.reset passwordThe world's largest funding base/deals/309643-varde-scratch-dent-feeder-reit-llcsection=deals&subsection=detail&id=309643  




			Search deals by company name, industry, location, investors...			
			




SEARCH


Varde Scratch & Dent Feeder Reit Llc raised $125,000 on January 5th, 2015.Get alertedif Varde Scratch & Dent Feeder Reit Llc gets funded!Amount:$125,000Company:Varde Scratch & Dent Feeder Reit LlcInvestors:-Industry:OtherCountry:State:City:United StatesMinnesotaMinneapolisKey people:Bradley Bauer (Executive Officer) Ilfryn Carstairs (Executive Officer) Ali Haroon (Executive Officer) Jeremy Hedberg (Executive Officer) George Hicks (Executive Officer) Andrew Lenk (Executive Officer) Rick Noel (Executive Officer) Marcia Page (Executive Officer)Data sources:www.sec.gov - D - Varde Scratch & Dent Feeder REIT, LLC (0001621711) (Filer)Description:Varde Scratch & Dent Feeder Reit Llc has secured a 130K funding. The date of the round is 2015, January 5th.Please note that all data is automatically extracted and errors can occur.The WhoGotFunded team has not necessarily reviewed the information in this page and has not determined if it is accurate and complete.Inaccurate Data? Help us improve WhoGotFunded: post a comment!



Varde Management, L.P.


















graypools
Sign in
Learn more







Varde Management, L.P.
Fund Manager






Institutional Investors

Fund Managers

Varde Management, L.P.





















Varde Management, L.P.
is  a Delaware Fund Manager located in Minneapolis,
Minnesota.  
 

It was registered on Friday, January 02, 2009.






901 Marquette Ave
Minneapolis,
Minnesota, 
55402 
United States
Phone: (952) 893-1554
http://www.varde.com



Retired Limited Partner
Gregory McMillan
Chief Operating Officer
Brendan Albee
Limited Partner
Ali Haroon
Limited Partner
Brian Schmidt
Limited Partner
Timothy Mooney
Limited Partner
Rick Noel
Chief Compliance Officer
Katie Kloster
Limited Partner
Marcia Page
Limited Partner
Giuseppe Naglieri
Limited Partner
Andrew Lenk
Chief Executive Officer
George Hicks
Retired Limited Partner
Jason Spaeth
General Counsel and Limited Partner
David Marple
Limited Partner
Bradley Bauer
Limited Partner
Jon Fox
Limited Partner
Jeremy Hedberg
Limited Partner
Ilfryn Carstairs
Chief Compliance Officer
Katie Kloster




Inception Date2009-01-02
JurisdictionDelaware
Updated2017-06-20 17:37:34.543570
As of Date2017-03-31
Latest Filing2017-05-12
SEC Number801-69821
CRD Number148949
Inception2009-01-02
Legal NameVarde Management, L.P.
NameVarde Management, L.P.
CIK0001559130
Legal Entity TypeLimited Partnership
Legal Entity IdentifierY8Q4DL57WLZZ2M8L0J36
EIN208368769











Holdings



Long Positions




Statements



Regulatory AUM


Employees






Plans



Welfare Plans: 4






Funds



Hedge Funds: 61









Long Positions: 2017-03-31

SecurityValue



ROYAL BK SCOTLAND GROUP PLC
14.95M


WESTERN COPPER & GOLD CORP
5.39M











04-17
03-17
10-16




Regulatory Assets Under Management
13.54B
13.54B
10.17B











04-17
03-17
10-16




Employees
249.00
249.00
217.00







Welfare Plans: 2017-03-31



Varde Employee Dental Plan
Minnesota


Varde Employee Health Plan
Minnesota


Varde Employee Ltd Plan
Minnesota


Varde Employee Life Insurance Plan
Minnesota






Hedge Funds: 2017-03-31



The VÄRDE Fund XI (Master), L.P.
Delaware


The VÄRDE Scratch and Dent Master, L.P.
Delaware


The VÄRDE Mortgage Fund II (Master), L.P.
Delaware


The VÄRDE Fund X (Master), L.P.
Delaware


VÄRDE Investment Partners (Offshore) Master, L.P.
Cayman Islands


The VÄRDE Fund VI, L.P.
Delaware


The VÄRDE Fund VIII, L.P.
Delaware


The VÄRDE Fund X(B), L.P.
Delaware


The VÄRDE Fund VI-A, L.P.
Delaware


The VÄRDE Fund XI (A), L.P.
Cayman Islands


The VÄRDE Fund XI (A) (Feeder), L.P.
Cayman Islands


The VÄRDE Fund XI (B) (Feeder), L.P.
Delaware


The Varde Fund XI (B-2) (Feeder), L.P.
Cayman Islands


The Varde Scratch and Dent Feeder Reit 1-A, LLC
Delaware


The VÄRDE Fund X(B) (Feeder), L.P.
Delaware


The VÄRDE Fund X(A) (Feeder), L.P.
Cayman Islands


The VÄRDE Fund X(A), L.P.
Cayman Islands


The VÄRDE Europe Mini-Master Vehicle (Offshore), L.P.
Cayman Islands


The VÄRDE Europe Fund, L.P.
Delaware


The VÄRDE Europe Fund (Offshore), L.P.
Cayman Islands


The Varde Scratch and Dent Offshore Feeder 1-A, L.P.
Cayman Islands


The VÄRDE Fund X(C), L.P.
Delaware


The VÄRDE Fund XI (B), L.P.
Delaware


The VÄRDE Fund VII-B, L.P.
Delaware


The Varde Fund XII (Master), L.P.
United States


The Varde Skyway Mini-Master Fund, L.P.
Cayman Islands


The VÄRDE Scratch and Dent Feeder, L.P.
Delaware


The Varde Skyway Fund (Offshore), L.P.
Cayman Islands


The VÄRDE Scratch and Dent Offshore Feeder, L.P.
Cayman Islands


The VÄRDE Fund VII-A, L.P.
Delaware


The VÄRDE Scratch and Dent Feeder Reit, LLC
Delaware


VÄRDE Credit Partners (Offshore), Ltd.
Cayman Islands


VÄRDE Investment Partners (Offshore), Ltd.
Cayman Islands


VÄRDE Credit Partners Mini-Master, L.P.
Cayman Islands


The Varde Skyway Fund, L.P.
Delaware


Sunvard LP
Delaware


CPSNL Scratch and Dent CAYMAN Feeder, Ltd.
Cayman Islands


The VÄRDE Fund, L.P.
Delaware


The PrivatvÄRDE Fund, L.P.
Delaware


The VÄRDE Fund (CAYMAN) Limited
Cayman Islands


The VÄRDE Fund VII, L.P.
Delaware


The VÄRDE Fund XI (C), L.P.
Delaware


Varde Co-Investment 2016A, L.P.
Cayman Islands


VÄRDE Investment Partners, L.P.
Delaware


The VÄRDE Europe Master Fund, L.P.
Cayman Islands


The VÄRDE Fund IX, L.P.
Delaware


The VÄRDE Fund IX-A, L.P.
Delaware


The Varde Fund XII (B), L.P.
Delaware


The VÄRDE Fund V, L.P.
Delaware


The VÄRDE Skyway Master Fund, L.P.
Cayman Islands


The VÄRDE Fund V-B, L.P.
Delaware


The Varde Fund XII (B) (Feeder), L.P.
United States


The Varde Skyway Opportunity Fund, L.P.
United States


The Varde Scratch and Dent Master 1-A, L.P.
Delaware


The Varde Scratch and Dent Feeder 1-A, L.P.
Delaware


The Varde Fund XII (A), L.P.
Cayman Islands


VÄRDE Credit Partners, L.P.
Delaware


VÄRDE Co-Investment 2015A, L.P.
Cayman Islands


The Varde Fund XII (A) (Feeder), L.P.
Cayman Islands


The Varde Fund XII (C), L.P.
Delaware


VÄRDE Credit Partners Master, L.P.
Cayman Islands
































About /
Entities /
Legal
© 2017 Graypools LLC









Varde Scratch & Dent Feeder I-A, L.P., BizPedia.xyz - We monitor changes in companies





















BizPedia.xyz  - We monitor changes in companies
 






Varde Scratch & Dent Feeder I-A, L.P.


FREE EMAIL WATCHDOG
Get free email notifications about news in Varde Scratch & Dent Feeder I-A, L.P..










The service is free and you can unsubscribe at any time.

General | People (15) | Filings (1) | Investment rounds (1)
CIK Number: 0001684340Varde Scratch & Dent Feeder I-A, L.P. is on the market less than 5 years.

Varde Scratch & Dent Feeder I-A, L.P. address901 MARQUETTE AVENUE S.SUITE 3300MINNEAPOLIS 55402Varde Scratch & Dent Feeder I-A, L.P. address901 Marquette Avenue S.Suite 3300Minneapolis 55402
Company jurisdiction
DELAWARE  
  Entity type
Limited Partnership 
Earliest known filing
September 2016
Latest known filing
September 2016




Company filings
SEC filings are a great source of information for companies including investments, company events, and all sorts of other information. 
Varde Scratch & Dent Feeder I-A, L.P. has 1 filings. View Varde Scratch & Dent Feeder I-A, L.P. filings.
Investment RoundsVarde Scratch & Dent Feeder I-A, L.P. recieved 1 investments.
PeopleWe have found 15 people related to Varde Scratch & Dent Feeder I-A, L.P..
Similar companiesVarden Pacific Opportunity Partners I LP, Varden Pacific Opportunity Offshore Fund I Ltd, Vardeman Ryan L., VARDEMAN PAUL E, VARDEMAN J REX, Vardell Thomas, Varde Skyway Opportunity Fund, L.P., Varde Skyway Master Fund, L.P., Varde Skyway Fund, L.P., Varde Skyway fund G.P., LLC, Varde Skyway Fund (Offshore), L.P., Varde Scratch & Dent Sub REIT LLC, Varde Scratch & Dent Master, L.P., Varde Scratch & Dent Feeder, L.P., Varde Scratch & Dent Feeder REIT, LLC, Varde Scratch & Dent Sub REIT I-A LLC, Varde Scratch & Dent Offshore Feeder I-A, L.P., Varde Scratch & Dent HoldCo LLC, Varde Scratch & Dent Feeder REIT I-A, LLC, VARDE PARTNERS LP                                       /ADV, VARDE PARTNERS LP, VARDE PARTNERS INC, Varde Mortgage Fund II, L.P., Varde Management, L.P., VARDE INVESTMENT PARTNERS LP, Varde Investment Partners G.P., LLC, Varde Investment Partners (Offshore) Master, L.P., VARDE INVESTMENT PARTNERS (OFFSHORE) LTD, Varde Fund XII UGP, LLC, Varde Fund XII G.P., L.P., Varde Fund XII (Master), L.P., Varde Fund XII (C), L.P., Varde Fund XII (B) (Feeder), L.P., Varde Fund XII (A) (Feeder), L.P., Varde Fund XI G.P., LLC, Varde Fund XI (Master), L.P., Varde Fund XI (C), L.P., Varde Fund XI (B-2) (Feeder), L.P., Varde Fund XI (B) (Feeder), L.P., Varde Fund XI (A) (Feeder), L.P., Varde Fund X (C), L.P., Varde Fund X (B) (Feeder), L.P., Varde Fund X (A) (Feeder), L.P., Varde Fund VI-A, L.P., VARDE FUND IX-A LP, VARDE FUND IX LP, VARDE FUND IV A LP, VARDE EUROPEAN REAL ESTATE FUND, L.P., VARDE EUROPEAN REAL ESTATE FEEDER FUND, L.P., Varde Europe Fund, L.P.














BizPedia.xyz collect news, financial information, SEC filings, stock information, contact information, personal information, information about investments, etc. about Varde Scratch & Dent Feeder I-A, L.P.. 







Business Directory of Delaware. Vardell Realty Investments LLC ...

































Business DirectoryInformation on every company and professional organization









        Find businesses
    



business name





city, state, or zip code




Search






















DelawareVAVardell Realty Investments LLC ...
 



Business Directory of Delaware. Vardell Realty Investments LLC ...







Vardell Realty Investments LLC
41 Park Ave, Rehoboth, DE 19971


Status:Inactive
Industry:Investor
Business Background Report





VARDE INVESTMENT PARTNERS G.P., LLC


Registration:Nov 28, 2001
State ID:3461640
Business type:Limited Liability Company (Llc)
Agent:National Registered Agents, Inc160 Greentree Dr Ste 101, Dover, DE 19904 (Physical)





THE VARDE SCRATCH AND DENT HOLDCO TRS LLC


Registration:Oct 14, 2014
State ID:5621013
Business type:Limited Liability Company (Llc)
Agent:National Registered Agents, Inc160 Greentree Dr Ste 101, Dover, DE 19904 (Physical)





VARDE PAVILION LLC


Registration:Dec 10, 1998
State ID:2977167
Business type:Limited Liability Company (Llc)
Agent:National Corporate Research, Ltd615 S. Dupont Hwy, Dover, DE 19901 (Physical)





THE VARDE SCRATCH AND DENT FEEDER REIT, LLC


Registration:Jul 15, 2014
State ID:5569109
Business type:Limited Liability Company (Llc)
Agent:National Registered Agents, Inc160 Greentree Dr Ste 101, Dover, DE 19904 (Physical)





THE VARDE SCRATCH AND DENT MASTER, L.P


Registration:Jun 4, 2014
State ID:5545095
Business type:Limited Partnership (Lp)
Agent:National Registered Agents, Inc160 Greentree Dr Ste 101, Dover, DE 19904 (Physical)





VARDE PARTNERS, L.P


Registration:May 16, 1994
State ID:2403084
Business type:Limited Partnership (Lp)
Agent:National Registered Agents, Inc160 Greentree Dr Ste 101, Dover, DE 19904 (Physical)





VARDE HOLDINGS LLC


Registration:Dec 6, 2013
State ID:5444992
Business type:Limited Liability Company (Llc)
Agent:National Registered Agents, Inc160 Greentree Dr Ste 101, Dover, DE 19904 (Physical)





VARDE MANAGEMENT, INC


Registration:Apr 28, 1994
State ID:2396563
Business type:Corporation
Agent:National Registered Agents, Inc160 Greentree Dr Ste 101, Dover, DE 19904 (Physical)





VARDE PARTNERS STRUCTURED PRODUCTS, LLC


Registration:Aug 5, 2011
State ID:5020775
Business type:Limited Liability Company (Llc)
Agent:National Registered Agents, Inc160 Greentree Dr Ste 101, Dover, DE 19904 (Physical)





VARDEN PACIFIC GENERAL PARTNER I LLC


Registration:Jan 11, 2010
State ID:4775553
Business type:Limited Liability Company (Llc)
Agent:Corporation Service Company2711 Centerville Rd             Suite 400, Wilmington, DE 19808 (Physical)





VARDE HOLDCO, LLC


Registration:Jul 30, 2013
State ID:5375482
Business type:Limited Liability Company (Llc)
Agent:National Registered Agents, Inc160 Greentree Dr Ste 101, Dover, DE 19904 (Physical)





VARDE INVESTMENT PARTNERS, L.P


Registration:Nov 28, 2001
State ID:3462095
Business type:Limited Partnership (Lp)
Agent:National Registered Agents, Inc160 Greentree Dr Ste 101, Dover, DE 19904 (Physical)





VARDE PARTNERS, INC


Registration:Dec 7, 1993
State ID:2362516
Business type:Corporation
Agent:National Registered Agents, Inc160 Greentree Dr Ste 101, Dover, DE 19904 (Physical)





VARDE PARTNERS MBS, LLC


Registration:Aug 5, 2011
State ID:5020780
Business type:Limited Liability Company (Llc)
Agent:National Registered Agents, Inc160 Greentree Dr Ste 101, Dover, DE 19904 (Physical)





Vardel Corporation
729 Philadelphia Pike, Wilmington, DE 19809


Industry:Eating Place
Doing business as:Mazella's Italian Restaurent
Phone:(302) 762-8722
Member:Domenico Mazzella (President)
Business Background Report























Business Directory of Delaware. Vardell Realty Investments LLC ...

































Business DirectoryInformation on every company and professional organization









        Find businesses
    



business name





city, state, or zip code




Search






















DelawareVAVardell Realty Investments LLC ...
 



Business Directory of Delaware. Vardell Realty Investments LLC ...







Vardell Realty Investments LLC
41 Park Ave, Rehoboth, DE 19971


Status:Inactive
Industry:Investor
Business Background Report





VARDE INVESTMENT PARTNERS G.P., LLC


Registration:Nov 28, 2001
State ID:3461640
Business type:Limited Liability Company (Llc)
Agent:National Registered Agents, Inc160 Greentree Dr Ste 101, Dover, DE 19904 (Physical)





THE VARDE SCRATCH AND DENT HOLDCO TRS LLC


Registration:Oct 14, 2014
State ID:5621013
Business type:Limited Liability Company (Llc)
Agent:National Registered Agents, Inc160 Greentree Dr Ste 101, Dover, DE 19904 (Physical)





VARDE PAVILION LLC


Registration:Dec 10, 1998
State ID:2977167
Business type:Limited Liability Company (Llc)
Agent:National Corporate Research, Ltd615 S. Dupont Hwy, Dover, DE 19901 (Physical)





THE VARDE SCRATCH AND DENT FEEDER REIT, LLC


Registration:Jul 15, 2014
State ID:5569109
Business type:Limited Liability Company (Llc)
Agent:National Registered Agents, Inc160 Greentree Dr Ste 101, Dover, DE 19904 (Physical)





THE VARDE SCRATCH AND DENT MASTER, L.P


Registration:Jun 4, 2014
State ID:5545095
Business type:Limited Partnership (Lp)
Agent:National Registered Agents, Inc160 Greentree Dr Ste 101, Dover, DE 19904 (Physical)





VARDE PARTNERS, L.P


Registration:May 16, 1994
State ID:2403084
Business type:Limited Partnership (Lp)
Agent:National Registered Agents, Inc160 Greentree Dr Ste 101, Dover, DE 19904 (Physical)





VARDE HOLDINGS LLC


Registration:Dec 6, 2013
State ID:5444992
Business type:Limited Liability Company (Llc)
Agent:National Registered Agents, Inc160 Greentree Dr Ste 101, Dover, DE 19904 (Physical)





VARDE MANAGEMENT, INC


Registration:Apr 28, 1994
State ID:2396563
Business type:Corporation
Agent:National Registered Agents, Inc160 Greentree Dr Ste 101, Dover, DE 19904 (Physical)





VARDE PARTNERS STRUCTURED PRODUCTS, LLC


Registration:Aug 5, 2011
State ID:5020775
Business type:Limited Liability Company (Llc)
Agent:National Registered Agents, Inc160 Greentree Dr Ste 101, Dover, DE 19904 (Physical)





VARDEN PACIFIC GENERAL PARTNER I LLC


Registration:Jan 11, 2010
State ID:4775553
Business type:Limited Liability Company (Llc)
Agent:Corporation Service Company2711 Centerville Rd             Suite 400, Wilmington, DE 19808 (Physical)





VARDE HOLDCO, LLC


Registration:Jul 30, 2013
State ID:5375482
Business type:Limited Liability Company (Llc)
Agent:National Registered Agents, Inc160 Greentree Dr Ste 101, Dover, DE 19904 (Physical)





VARDE INVESTMENT PARTNERS, L.P


Registration:Nov 28, 2001
State ID:3462095
Business type:Limited Partnership (Lp)
Agent:National Registered Agents, Inc160 Greentree Dr Ste 101, Dover, DE 19904 (Physical)





VARDE PARTNERS, INC


Registration:Dec 7, 1993
State ID:2362516
Business type:Corporation
Agent:National Registered Agents, Inc160 Greentree Dr Ste 101, Dover, DE 19904 (Physical)





VARDE PARTNERS MBS, LLC


Registration:Aug 5, 2011
State ID:5020780
Business type:Limited Liability Company (Llc)
Agent:National Registered Agents, Inc160 Greentree Dr Ste 101, Dover, DE 19904 (Physical)





Vardel Corporation
729 Philadelphia Pike, Wilmington, DE 19809


Industry:Eating Place
Doing business as:Mazella's Italian Restaurent
Phone:(302) 762-8722
Member:Domenico Mazzella (President)
Business Background Report























n/a  The Varde Scratch and Dent GP I-A, LLC - CEO, founder, businessman - profile

















directorpedia.net - List of CEOs, founders, board members and company directors











n/a  The Varde Scratch and Dent GP I-A, LLC
Check out list of companies and businesses related to n/a  The Varde Scratch and Dent GP I-A, LLC. Find out n/a  The Varde Scratch and Dent GP I-A, LLC address and contact details. View other people related to n/a  The Varde Scratch and Dent GP I-A, LLC - coworkers, colleagues, companions, etc.
Address:   

901 Marquette Avenue S. Suite 3300 Minneapolis 55402 MN




Companies related to n/a  The Varde Scratch and Dent GP I-A, LLC
CIKCompany NamePositionCompany Address0001684274Varde Scratch & Dent Feeder REIT I-A, LLC901 MARQUETTE AVENUE S. SUITE 3300 MINNEAPOLIS 554020001684340Varde Scratch & Dent Feeder I-A, L.P.901 MARQUETTE AVENUE S. SUITE 3300 MINNEAPOLIS 554020001684341Varde Scratch & Dent Offshore Feeder I-A, L.P.901 MARQUETTE AVENUE S. SUITE 3300 MINNEAPOLIS 55402




n/a  The Varde Scratch and Dent GP I-A, LLC on the Web
Persons related to n/a  The Varde Scratch and Dent GP I-A, LLC - Varde Scratch & Dent Feeder REIT I-A, LLCNamePositionCityHaroon  AliMinneapolisLenk  AndrewMinneapolisBauer  BradleyMinneapolisMarple  DavidMinneapolisHicks  GeorgeMinneapolisNaglieri  GiuseppeMinneapolisCarstairs  IlfrynMinneapolisHedberg  JeremyMinneapolisPage  MarciaMinneapolisn/a  The Varde Scratch and Dent GP I-A, LLCMinneapolisn/a  Varde Management, L.P.Minneapolisn/a  Varde Partners, Inc.Minneapolisn/a  Varde Partners, L.P.MinneapolisNoel  RickMinneapolisMooney  TimothyMinneapolisPersons related to n/a  The Varde Scratch and Dent GP I-A, LLC - Varde Scratch & Dent Feeder I-A, L.P.NamePositionCityHaroon  AliMinneapolisLenk  AndrewMinneapolisBauer  BradleyMinneapolisMarple  DavidMinneapolisHicks  GeorgeMinneapolisNaglieri  GiuseppeMinneapolisCarstairs  IlfrynMinneapolisHedberg  JeremyMinneapolisPage  MarciaMinneapolisn/a  The Varde Scratch and Dent GP I-A, LLCMinneapolisn/a  Varde Management, L.P.Minneapolisn/a  Varde Partners, Inc.Minneapolisn/a  Varde Partners, L.P.MinneapolisNoel  RickMinneapolisMooney  TimothyMinneapolisPersons related to n/a  The Varde Scratch and Dent GP I-A, LLC - Varde Scratch & Dent Offshore Feeder I-A, L.P.NamePositionCityHaroon  AliMinneapolisLenk  AndrewMinneapolisBauer  BradleyMinneapolisMarple  DavidMinneapolisHicks  GeorgeMinneapolisNaglieri  GiuseppeMinneapolisCarstairs  IlfrynMinneapolisHedberg  JeremyMinneapolisPage  MarciaMinneapolisn/a  The Varde Scratch and Dent GP I-A, LLCMinneapolisn/a  Varde Management, L.P.Minneapolisn/a  Varde Partners, Inc.Minneapolisn/a  Varde Partners, L.P.MinneapolisNoel  RickMinneapolisMooney  TimothyMinneapolis












 








n/a  Varde Partners, Inc. - CEO, founder, businessman - profile

















directorpedia.net - List of CEOs, founders, board members and company directors











n/a  Varde Partners, Inc.
Check out list of companies and businesses related to n/a  Varde Partners, Inc.. Find out n/a  Varde Partners, Inc. address and contact details. View other people related to n/a  Varde Partners, Inc. - coworkers, colleagues, companions, etc.
Address:   

901 Marquette Ave S. Suite 3300 Minneapolis 55402 MN




Companies related to n/a  Varde Partners, Inc.
CIKCompany NamePositionCompany Address0001684274Varde Scratch & Dent Feeder REIT I-A, LLC901 MARQUETTE AVENUE S. SUITE 3300 MINNEAPOLIS 554020001684340Varde Scratch & Dent Feeder I-A, L.P.901 MARQUETTE AVENUE S. SUITE 3300 MINNEAPOLIS 554020001692990Varde Scratch & Dent Sub REIT I-A LLC901 MARQUETTE AVENUE S., SUITE 3300  MINNEAPOLIS 554020001706312Varde Mortgage Fund II, L.P.901 MARQUETTE AVENUE S., SUITE 3300  MINNEAPOLIS 055402




n/a  Varde Partners, Inc. on the Web
Persons related to n/a  Varde Partners, Inc. - Varde Scratch & Dent Feeder REIT I-A, LLCNamePositionCityHaroon  AliMinneapolisLenk  AndrewMinneapolisBauer  BradleyMinneapolisMarple  DavidMinneapolisHicks  GeorgeMinneapolisNaglieri  GiuseppeMinneapolisCarstairs  IlfrynMinneapolisHedberg  JeremyMinneapolisPage  MarciaMinneapolisn/a  The Varde Scratch and Dent GP I-A, LLCMinneapolisn/a  Varde Management, L.P.Minneapolisn/a  Varde Partners, Inc.Minneapolisn/a  Varde Partners, L.P.MinneapolisNoel  RickMinneapolisMooney  TimothyMinneapolisPersons related to n/a  Varde Partners, Inc. - Varde Scratch & Dent Feeder I-A, L.P.NamePositionCityHaroon  AliMinneapolisLenk  AndrewMinneapolisBauer  BradleyMinneapolisMarple  DavidMinneapolisHicks  GeorgeMinneapolisNaglieri  GiuseppeMinneapolisCarstairs  IlfrynMinneapolisHedberg  JeremyMinneapolisPage  MarciaMinneapolisn/a  The Varde Scratch and Dent GP I-A, LLCMinneapolisn/a  Varde Management, L.P.Minneapolisn/a  Varde Partners, Inc.Minneapolisn/a  Varde Partners, L.P.MinneapolisNoel  RickMinneapolisMooney  TimothyMinneapolisPersons related to n/a  Varde Partners, Inc. - Varde Scratch & Dent Sub REIT I-A LLCNamePositionCityHaroon  AliMinneapolisLenk  AndrewMinneapolisBauer  BradleyMinneapolisMarple  DavidMinneapolisHicks  GeorgeMinneapolisNaglieri  GiuseppeMinneapolisCarstairs  IlfrynMinneapolisHedberg  JeremyMinneapolisPage  MarciaMinneapolisn/a  The Varde Scratch and Dent GP I-A, LLCMinneapolisn/a  The Varde Scratch and Dent Master I-A, L.P.Minneapolisn/a  Varde Partners, Inc.Minneapolisn/a  Varde Partners, L.P.MinneapolisNoel  RickMinneapolisMooney  TimothyMinneapolisPersons related to n/a  Varde Partners, Inc. - Varde Mortgage Fund II, L.P.NamePositionCityHaroon  AliMinneapolisLenk  AndrewMinneapolisBauer  BradleyMinneapolisSchmidt  BrianMinneapolisMarple  DavidMinneapolisHicks  GeorgeMinneapolisNaglieri  GiuseppeMinneapolisCarstairs  IlfrynMinneapolisHedberg  JeremyMinneapolisFox  JonMinneapolisPage  MarciaMinneapolisn/a  The Varde Mortgage Fund II GP, L.P.Minneapolisn/a  Varde Management, L.P.Minneapolisn/a  Varde Partners, Inc.MinneapolisNoel  RickMinneapolisMooney  TimothyMinneapolis












 








Delaware Business Directory Index. VA ABS LLC ...

































Business DirectoryInformation on every company and professional organization









        Find businesses
    



business name





city, state, or zip code




Search






















DelawareVA
 



Delaware Business Directory Index. VA ABS LLC ...








VA ABS LLC ...
VALERO MARKETING AND SUPPLY CO ...
VALRUGUES LLC ...
VANCOUVER EXTRUSION CO CO ...
VAPOR GALLERY ...















 






Varde Scratch & Dent Feeder REIT, LLC: Private Company Information - Bloomberg








































  





















































































July 29, 2017 12:12 AM ET

Company Overview of Varde Scratch & Dent Feeder REIT, LLC



Snapshot People




Company Overview



8500 Normandale Lake BoulevardSuite 1500Minneapolis, MN 55437United States



Phone: 952-893-1554








Key Executives for Varde Scratch & Dent Feeder REIT, LLC


Varde Scratch & Dent Feeder REIT, LLC does not have any Key Executives recorded. 





Similar Private Companies By Industry



Company Name
Region



 	Aryzta Us Holdings I Corp. United States 	Michael Anthony Hernandez, A Professional Corp United States !SOLUTIONS! Group United States "Atlantic Tele-Satellite, Inc. United States "D" Construction, Inc. United States




Recent Private Companies Transactions



TypeDate
Target



No transactions available in the past 12 months.




Request Profile Update

















 












The information and data displayed in this profile are created and managed by S&P Global Market Intelligence, a division of S&P Global. Bloomberg.com does not create or control the content. For inquiries, please contact S&P Global Market Intelligence directly by clicking 
	here.




Stock Quotes


Market data is delayed at least 15 minutes.







Company Lookup



Most Searched Private Companies



Company Name
Geographic Region



 Lawyers Committee for Civil Rights Under Law United States NYC2012, Inc. United States The Advertising Council, Inc. United States Bertelsmann AG Europe Rush University United States













Sponsored Financial Commentaries

Sponsored Links






Browse Companies
A
B
C
D
E
F
G
H
I
J
K
L
M
N
O
P
Q
R
S
T
U
V
W
X
Y
Z
 | 
0
1
2
3
4
5
6
7
8
9






Request Profile Update

						Only a company representative may request an update for the company profile. Documentation will be required.
					  
To contact Varde Scratch & Dent Feeder REIT, LLC, please visit --.  Company data is provided by S&P Global Market Intelligence.  Please use this form to report any data issues.
					  


Information Missing - Please enter your information in the following field(s): 




Company Name

Your Name*

Your E-Mail Address*

Your Phone Number*

Type of Data*


Overview
Executives
Key developments
Similar companies
Transactions


Update Needed*

All data changes require verification from public sources.  Please include the correct value or values and a source where we can verify.


Cancel


Submit






Your requested update has been submitted
Our data partners will research the update request and update the information on this page if necessary. Research and follow-up could take several weeks. If you have questions, you can contact them at bwwebmaster@businessweek.com.


Close




























Varde Scratch & Dent Feeder REIT, LLC: Board of Directors - Bloomberg






































  





















































































July 29, 2017 12:12 AM ET

Company Overview of Varde Scratch & Dent Feeder REIT, LLC



SnapshotPeople 




OverviewBoard MembersCommittees



Varde Scratch & Dent Feeder REIT, LLC INSIDERS ON Board Members
Name (Connections)RelationshipsTitleAgeThere is no Company Insiders data available.
Other Board Members on Board Members
Name (Connections)RelationshipsType of Board MembersPrimary CompanyAgeThere is no Other Board Members data available.
Request Profile Update

















 












The information and data displayed in this profile are created and managed by S&P Global Market Intelligence, a division of S&P Global. Bloomberg.com does not create or control the content. For inquiries, please contact S&P Global Market Intelligence directly by clicking 
	here.




Stock Quotes


Market data is delayed at least 15 minutes.







Company Lookup



Most Connected People on the Varde Scratch & Dent Feeder REIT, LLC BoardNameRelationshipsThere is no data available.










Sponsored Financial Commentaries

Sponsored Links






Browse Companies
A
B
C
D
E
F
G
H
I
J
K
L
M
N
O
P
Q
R
S
T
U
V
W
X
Y
Z
 | 
0
1
2
3
4
5
6
7
8
9






Request Profile Update

						Only a company representative may request an update for the company profile. Documentation will be required.
					  
To contact Varde Scratch & Dent Feeder REIT, LLC, please visit .  Company data is provided by S&P Global Market Intelligence.  Please use this form to report any data issues.
					  


Information Missing - Please enter your information in the following field(s): 




Company Name

Your Name*

Your E-Mail Address*

Your Phone Number*

Type of Data*


Overview
Executives
Key developments
Similar companies
Transactions


Update Needed*

All data changes require verification from public sources.  Please include the correct value or values and a source where we can verify.


Cancel


Submit






Your requested update has been submitted
Our data partners will research the update request and update the information on this page if necessary. Research and follow-up could take several weeks. If you have questions, you can contact them at bwwebmaster@businessweek.com.


Close




























Delaware Business Directory Index. 

































Business DirectoryInformation on every company and professional organization









        Find businesses
    



business name





city, state, or zip code




Search






















Delaware
 



Delaware Business Directory Index. 



Select First Letters of Business Name






A


AA 1 CO ...
AB 1 FINANCIAL LLC ...
AC 11 LLC ...
AD 01 INVEST CO ...
AE 400 EAST LLC ...
AF 2005 FAMILY TRUST ...
AG 101 NORTH FIRST21 WEST VAN BUREN LLC ...
AH 158 MADISON LLC ...
AI 14WALL CO ...
AJ 199 EXPORT CO ...
AK 1 CO ...
AL 1 MANAGEMENT LLC ...




AM ...
AN 1430 ASSOCIATES LLC ...
AO ACQUISITIONS LLC ...
AP 100 DUFFY LLC ...
AQ ACQUISITION CO ...
AR 17 STATE LLC ...
AS 1 CONSTRUCTION LLC ...
AT 2010 LLC ...
AU 17TH LLC ...
AV 10 LLC ...
AW ACQUISITION CO ...
AX 1600 STOUT LP ...




AY APARTMENTS LLC ...
AZ 1599 GARLAND LLC ...
A1 39 ANNUAL AGENT FEE GUARANTEED CO ...
A2 ACQUISITION CO ...
A3 ACQUISITION CO ...
A4 AIR LLC ...
A5 CO ...
A6 ALCHEMY LLC ...
A7 GLOBAL MANAGEMENT OPERATIONS LLC ...
A8 CO ...
A9 GRANDCHILDREN LLC ...









B


BA 1945 LLC ...
BB 19 LLC ...
BC 114 ACRES LLC ...
BD 2018 EAST 4TH LLC ...
BE 1 USA CO ...
BF 41 HOLDING LLC ...
BG 1 LLC ...
BH 1 CD LLC ...
BI ACQUISITION CO ...
BJ 21V LLC ...
BK 2 SI LLC ...
BL 1400 MADELINE DRIVE LLC ...
BM 1552 LLC ...




BN ACCOUNTING AND TAX SERVICES LLC ...
BO ALLEN ENTERPRISES LLC ...
BP ...
BQ ACQUISITION CO ...
BR 1 LLC ...
BS 2000WF2 125 FISHER STREET LLC ...
BT 1 ACQUISITION CO ...
BU FINANCIAL HOLDINGS LLC ...
BV 1 INVESTOR LP ...
BW 944 LLC ...
BX ACQUISITION CO ...
BY AMERICAN USA CO ...




BZ ACADEMY CO ...
B1 ACQUISITION CO ...
B2 ACQUISITION CO ...
B3 ACCESSORIES CO ...
B4 CARLTON CO ...
B5 BROKERAGE CO ...
B601 FOGGY BOTTOM LLC ...
B7 CO LLC ...
B8T CO ...
B9 CLEAN WATER SYSTEMS CO ...
B 8 EMEA HOLDINGS LLC ...
B&ASSOCIATES LLC ...









C


CA 10000 NCX LP ...
CB 1 VENTURES LLC ...
CC 2 TREE TENANT CO ...
CD 115 LP ...
CE ACQUISITION CO ...
CF 1107 LLC ...
CG 125 GREENWICH LLC ...
CH 1600 NY 6C 072 LLC ...
CI 07 LLC ...
CJ 747 AC LLC ...
CK 1 INVESTMENT GROUP LLC ...
CL 20 CO ...
CM 100 PROPERTIES LLC ...




CN ACQUISITION LLC ...
CO ...
CP 120 E STREET ROAD LLC ...
CQ 350 GRANITE LLC ...
CR 21 LLC ...
CS 1 CO ...
CT 1 ENTERTAINMENT LLC ...
CU ACQUISITION CO ...
CV 2 LLC ...
CW 2012 CO ...
CX 431 GLENNVILLE LLC ...
CY ACQUISITION CO ...
CZ ACQUISITION CO ...




C1 ACQUISITION CO ...
C2 8 OUTREACH MINISTRY CO ...
C3 23CAPITAL LLC ...
C4 ACTIVE MEDIA CO ...
C5 ACQUISITION CO ...
C6 CONSULTING ADVISORS CO ...
C7 BRANDS LLC ...
C8 HOLDING CO CO ...
C9 CO ...
C0L0RAD0 PR0PERTIES CO ...
C 12 EDITIONS CO ...
C&521 LINCOLN LLC ...









D


DA 13 HOLDINGS LLC ...
DB 10TH AND MARKET LLC ...
DC 100 M STREET LLC ...
DD 2010 FINANCE LLC ...
DE 12121 WILSHIRE GP LLC ...
DF 2 MEDIA 2 LLC ...
DG 1 ACQUISITION CO LLC ...
DH 13TH STREET INVESTORS LLC ...
DI 2 TECHNOLOGIES LLC ...
DJ 166 75 MEMBER LLC ...
DK 1191 OCEAN AVENUE LLC ...
DL ACQUISITION CO ...
DM ACQUISITION CO ...




DN 3 CO ...
DO ACQUISITION CO ...
DP 1 LLC ...
DQ AMERICAS CO ...
DR 1210 LLC ...
DS 164 LUDLOW LLC ...
DT 818 CO ...
DU ARTE DESIGN CO ...
DV 2001E LLC ...
DW 1 COURT LLC ...
DX ACQUISITION CO ...
DY AND FAMILY TRANSPORTATION ...
DZ 1957 LLC ...




D1 BELLE LLC ...
D2 ASSOCIATES CO ...
D3 CAPITAL CLUB I LLC ...
D4 ASV LLC ...
D5 ADVISORS LLC ...
D6 MASTER DEFEASANCE LLC ...
D7 CONSTRUCTION 101 LLC ...
D8 2010 CO ...
D9 DEFENDER CO ...
D08 MARIETTA OH LLC ...
D 2 CO ...
D&39 AMATO&LASPADA LLC ...









E


EA 1920 L STREET LLC ...
EB 1 CO ...
EC 2012 LLC ...
ED ACQUISITION CO ...
EE 1029 CENTRAL AVE HOLDING LLC ...
EF 3 NONOP INVESTMENTS LP ...
EG 1775 LLC ...
EH 105 WATER LLC ...
EI 2000COM LLC ...
EJ 92 LLC ...
EK 38TH AVENUE LLC ...
EL 2003 HOLDINGS CO ...
EM 1042 INVESTOR LLC ...




EN 18 INVESTMENTS LLC ...
EO 116 JOHN LLC ...
EP 048 LLC ...
EQ 3956 LLC ...
ER 15 CO ...
ES 276 LLC ...
ET 1 LLC ...
EU 1 MININT PUS LLC ...
EV ACQUISITIONS LLC ...
EW ACQUISITION CO ...
EX 100 DUFFY LLC ...
EY ANDES LLC ...




EZ 18 HOLDINGS LLC ...
E1 HOLDINGS LP ...
E2 ACQUISITION CO ...
E3 BIOFUELSMEAD HOLDING LLC ...
E4 CO ...
E5 GLOBAL INNOVATIONS CO ...
E6 LLC ...
E7TH TECHNOLOGIES LLC ...
E8 FEEHOLDER LLC ...
E9 GROUP LLC ...
E 1100 WARBURTON AVENUE MGMT LLC ...
E&ACQUISITION LLC ...









F


FA ACQUISITION CO ...
FB 1345 605 ACQUISITION LLC ...
FC 1212 QALICB LLC ...
FD ACQUISITION CO ...
FE 11TH STREET LLC ...
FF 1 CO ...
FG 18TH STREET LLC ...
FH ABQ LLC ...
FI ADVISORY SERVICES LLC ...
FJ 1VI LLC ...
FK AERO CO ...
FL 1013 FUND LLC ...
FM 1960 LAND CO ...




FN AMERICA LLC ...
FO 575 OFARRELL STREET PROPERTY LLC ...
FP 1211 CONNECTICUT AVENUE LLC ...
FQ ACQUISITION CO ...
FR 110 FIRST STREET LLC ...
FS 311 VENTURE LLC ...
FT ACQUISITION CO ...
FU BURG INTERNATIONAL HOLDING CO ...
FV 2012 LLC ...
FW 1422 LEONARD LLC ...
FX 300 AIRCRAFT LLC ...
FY 113115 MERCER LLC ...




FZ ASSOCIATES LLC ...
F1 AIR GROUP TWO LLC ...
F2 ADVISORS LLC ...
F3 CAPITAL MANAGEMENT LLC ...
F4 CO ...
F5 ADS LLC ...
F6 CO ...
F7 CF MEMBER LLC ...
F8 BLUELIGHT SPV LP ...
F9 173ODRE MEMBER LLC ...
F 1 HOLDINGCOM CO ...
F&ADVISORS LLC ...









G


GA 1359 BEAVER RUIN ROAD LLC ...
GB ACQUISITION CO ...
GC 105 RICHMOND LP ...
GD 22 W WASHINGTON LLC ...
GE 57TH STREET NORTH HOLDINGS LLC ...
GF 1350 I STREET LLC ...
GG ACQUISITION CO ...
GH 10 CAMPUS ASSOCIATES LLC ...
GI 2010 SPECIAL HOLDINGS LLC ...
GJ ACQUISITION CO ...
GK 18 MARSHALL STREET LLC ...
GL 2000 CO ...
GM 1 PARTNERS CO ...




GN ACQUISITION CO ...
GO 1 CO ...
GP 1 LLC ...
GQ 225 REIT LLC ...
GR 49 DYNAMITE LLC ...
GS 1 US CO ...
GT 1000 CO ...
GU CO ...
GV 17383 SUNSET INVESTOR LLC ...
GW 307 I CO ...
GX ACQUISITION SUB CO ...
GY ACQUISITION CO ...
GZ 10 UNP HOLDINGS LLC ...




G1 CAPITAL LLC ...
G2 ADVISORS LLC ...
G3 ADVISERS LLC ...
G4 2010 LLC ...
G5 CAPITAL INVESTMENTS LLC ...
G6 CANADA FRANCHISING PLEDGOR LLC ...
G7 CO ...
G8 112 FUND LLC ...
G9 HOLDINGS LLC ...
G01B US MANAGEMENT LLC ...
G 0 1BUS MANAGEMENT LLC ...
G&ASSOCIATES CO ...









H


HA 2003 CO ...
HB 1776 PEACHTREE LLC ...
HC 112 BARNUM ROAD JV LLC ...
HD 450 UNION LLC ...
HE 1948 LLC ...
HF 15 BROAD STREET MM LLC ...
HG 100 PLAZA LLC ...
HH 1101 AVENUE M LLC ...
HI 5 HOSPITALITY ...
HJ AMELIA LLC ...
HK 38TH STREET LLC ...
HL 1290 PARADISE CIRCLE US LP ...
HM 37TH STREET ASSOCIATES LLC ...




HN ACQ CO ...
HO ACQUISITION CO ...
HP ...
HQ AERO MANAGEMENT FL CO ...
HR 125 LLC ...
HS 1 LLC ...
HT 1999 INDIRECT INVESTMENTS LLC ...
HU 10 LLC ...
HV ACORDA LP ...
HW 200 WELSH LP ...
HX ACQUISITION CO ...
HY 38 LLC ...




HZ 2012 LLC ...
H1 CO ...
H2 17 INVESTOR GER LLC ...
H3 ADVERTISING LLC ...
H4 CAPITAL LP ...
H5 ASSET MANAGEMENT LLC ...
H600VM MANAGER CO ...
H86 INTERNATIONAL HOLDINGS LLC ...
H9 INTERACTIVE LLC ...
H0ME LLC ...
H 2 ASSET FUNDING 20141 LLC ...
H&ACQUISITION CO ...









I


IA 1DEBIT LLC ...
IB 23 CO ...
IC 10120 S RIVERSIDE LP ...
ID 24 PRODUCTION LLC ...
IE 10724 LLC ...
IF ANYONE THIRSTS CO ...
IG AGS LLC ...
IH 1 CO ...
II 55 WALL STREET CO ...
IJ FLORIDA LLC ...
IK AGENCY LLC ...
IL 2011 LLC ...
IM 60TH STREET HOLDINGS LLC ...




IN 2 SOLES ...
IO 44 LLC ...
IP 70 INDUSTRIAL CO ...
IQ 3D TELEVISION CO ...
IR 1986 FILM CO ...
IS 14 HOLDING CO CO ...
IT ACQUISITION CO ...
IU AIR SERVICE CO ...
IV ABRB REAL PROPERTIES LLC ...
IW ACQUISITION CO ...
IX 1372 HOLDINGS LP ...
IYA FOUNDATION CO ...
IZ ACQUISITION CO ...




I1 BIOMETRICS CO ...
I2 ACQUISITION CO ...
I3 AIRCRAFT HOLDINGS ONE LLC ...
I4 ACQUISITION CO ...
I5 DEVELOPMENT LLC ...
I6 LLC ...
I7 TECHNOLOGIES LLC ...
I80 VENTURES LLC ...
I90 EVENTS LLC ...
I01 LT PROPERTY LLC ...
I 10 AND 610 GP LLC ...
I&B HOME REMODELING ...









J


JA 55 RESTAURANT LLC ...
JB 1042 INVESTOR LLC ...
JC 288 LLC ...
JD 116 NORTH WOOD LLC ...
JE AC LLC ...
JF ACQUISITION CO ...
JG 2009 LLC ...
JH 113 114 115 116 LLC ...
JI ACQUISITION CO ...
JJ AB FUNDING CO ...
JK 1 LLC ...
JL 1 COURT LLC ...




JM 39E29 LLC ...
JN ASSET MANAGEMENT CO ...
JO 222 INVESTMENT LLC ...
JP 2004 LLC ...
JQ ADAMS PRODUCTIONS CO ...
JR 1 COURT LLC ...
JS ...
JT 2012 LLC ...
JU BE ARQ CO ...
JV 85 SERVICE CO LLC ...
JW 1 COURT LLC ...
JX CAPITAL MANAGEMENT LLC ...




JY 14 WILMINGTON AVE LLC ...
JZ ACCOUNTING SERVICES LLC ...
J1 FINANCIAL SERVICES LLC ...
J2 ACQUISITION II CO ...
J3 AIR INVESTMENTS LLC ...
J4 AVIATION CO ...
J5 CO ...
J7 CAPITAL MANAGEMENT LLC ...
J8 INDUSTRIES CO ...
J9 SHOPPE LLC ...
J 2 LLC ...
J&ABC INVESTMENTS LLC ...









K


KA 103 LLC ...
KB 16 LLC ...
KC 112TH STREET LLC ...
KD 2 LLC ...
KE 2900 MARKET ST GP LLC ...
KF 125TH ST LLC ...
KG 45TH STREET LLC ...
KH 55TH&5TH RETAIL TIC LLC ...
KI ACQUISITION CO ...
KJ ACQUISITION CO ...
KK ACQUISITION CO ...
KL 1333 CO ...
KM 1501 LLC ...




KN ALSIP LLC ...
KO ACQUISITION LLC ...
KP 6804 LLC ...
KQ CO ...
KR 555 MATHILDA LLC ...
KS 130 PRINCE LLC ...
KT 2500 LLC ...
KU AVIATION LLC ...
KV 1 ASSET MANAGEMENT LLC ...
KW 1 ACQUISITION CO LLC ...
KX ASSOCIATES CO ...
KY ADVISORS CO ...




KZ AIRCRAFT LLC ...
K1 CABLESYSTEMS CO ...
K2 ADVANCED MEDIA LLC ...
K3 ADVISORS LLC ...
K4 AND CO LLC ...
K5 COMMUNICATIONS LLC ...
K6 CO ...
K7 BIOSYSTEMS CO ...
K8 GROUP CO ...
K9 ACADEMY OF DELAWARE CO ...
K 1 PROPERTIES CO ...
K&ACCOUNT MANAGEMENT SERVICES LLC ...









L


LA 30 BROAD MANAGER LLC ...
LB 1055 WILSHIRE LLC ...
LC 01 CO ...
LD ACQUISITION 10 LLC ...
LE 5 STAGIONI USA LLC ...
LF 14TH STREET LLC ...
LG 11775 SPRINGFIELD SPRINGDALE LLC ...
LH 1440 LLC ...
LI 740 ACQUISITION LLC ...
LJ 1381 CO ...
LK 231 LASALLE INVESTORS LLC ...
LL 18 LLC ...
LM 2014 BP II SPE LLC ...




LN ACQUISITION CO ...
LO 1315 3RD LLC ...
LP 2 ACCEPTANCE CO ...
LQ ACQUISITION CO ...
LR 1031 LLC ...
LS 1 COMMUNICATIONS CO ...
LT 1429 FRONT ST LLC ...
LU ASSET MANAGEMENT LP ...
LV 218 NORTH RIDGE PARTNERS LP ...
LW 2014 DELAWARE TRUST LLC ...
LX CO ...
LY AMRUS INTERNATIONAL CO ...
LZ 1 CO ...




L1 AGROSCIENCES CO ...
L2 117 ST LLC ...
L3 ARMY SUSTAINMENT LLC ...
L4 FEEDER LLC ...
L5 AIRCRAFT SERVICES CO ...
L60 AVIATION LLC ...
L7 CONNECT CO ...
L8 INVESTMENTS LLC ...
L9 ASSET HOLDINGS LLC ...
L0 625 BROADWAY LLC ...
L 1 PRODUCTION LLC ...
L&&INVESTMENTS CO ...









M


MA 103 GLEBE ROAD LP ...
MB 276 LLC ...
MC 10 SSS INVESTOR LLC ...
MD 1899 PENN LLC ...
ME 653 LLC ...
MF 1 HOLDINGS LLC ...
MG 2 LLC ...
MH 1075 HOLDINGS LLC ...
MI 2009 CO ...
MJ 25 ENTERPRISES LLC ...
MK 10 CO ...
ML 1633 BROADWAY LLC ...
MM 100 BROADWAY II LLC ...




MN 1 POLITO LYNDHURST MT CO ...
MO 13190 SOUTH OUTER 40 ROAD LLC ...
MP 1 LLC ...
MQ ABSOLUTE RETURN STRATEGIES ASIA LLC ...
MR 181 HOLDINGS LLC ...
MS 10020 CO ...
MT 2002 STATUTORY TRUST ...
MU 68TH AND 8TH LLC ...
MV ACQUISITION CO ...
MW 100104 WEST 17TH STREET LLC ...
MX ACQUISITION CO ...
MY 1ST CAR LLC ...
MZ ASIA LLC ...




M1 BLAC NO1 CO ...
M2 1 LLC ...
M3 ACQUISITION CO ...
M4 CAPITAL LLC ...
M5 CALLFINITY CO ...
M6 COMMUNICATIONS LLC ...
M7 AEROSPACE GP LLC ...
M8 CO ...
M9360 WILSHIRE ASSOCIATES LLC ...
M0851 PRODUCTS&ARCHITECTURAL DESIGN CO ...
M 1 HOLDINGS LLC ...
M&ACCOUNTANCY AND TAXATION CO ...









N


NA ...
NB 180 EQUITY LLC ...
NC 102 ALHAMBRA LP ...
ND 09 LLC ...
NE 101 GEORGETOWN LLC PARNTERSHIP ...
NF 104 LAGUNA BEACH LP ...
NG 1635 MARKET STREET MEZZ LP ...
NH 2 HOLDINGS LLC ...
NI 801 KING STREET CO ...
NJ 101 HELDRICH LP ...
NK 80 MAIDEN HOLDINGS LLC ...
NL ACME TOOL CO ...
NM ACQUISITION CO ...




NN 29 WEST LLC ...
NO 1 CAR WASH CO ...
NP 117 CHARLESTOWN OF DOUGLASS HILLS APARTMENTS MEMBER LLC ...
NQ CABLES ...
NR 1372 FIRST AVENUE LLC ...
NS 1999 AMERICAN CO ...
NT 100 DIVISION LP ...
NU ACQUISITION CO LLC ...
NV 10 TECHNOLOGY DRIVE LLC ...
NW 100 BROADWAY LLC ...
NX 1 ACQUISITION CO ...
NY 1 CO ...




NZ ACQUISITION CO ...
N1 CAPITAL GROUP LLC ...
N2 BIOMEDICAL LLC ...
N3 308 SAHUARITA AZ LLC ...
N4 APPAREL LLC ...
N5 GROUP CO ...
N600HS CO ...
N7 SPG INVESTOR LLC ...
N8 DIGITAL CO ...
N9 IT SOLUTIONS LLC ...
N 1 MICROSYSTEMS CO ...
N&ADVISORS LLC ...









O


OA ACQUISITION CO ...
OB ACQUISITION CO ...
OC 117 CO ...
OD ARTWORKS LLC ...
OE AWF HOLDINGS LLC ...
OF AFRICAN DESCENT CO ...
OG ASSOCIATES LP ...
OH AA1 HOLDCO LLC ...
OI ACQUISITION CO ...
OJ CHARTERS CO ...
OK ACQUISITION CO CO ...
OL ACQUISITION CO ...




OM 120 LLC ...
ON 212THKENT INVESTORS LLC ...
OO ENTERPRISES CO ...
OP 100 DELAWANNA LLC ...
OQ ESSEX LLC ...
OR ACQUISITIONS II LLC ...
OS ACQUISITION CO ...
OT 32 HOLDING CO ...
OU BARKON GRUPP LLC ...
OV AVIATION CO ...
OW 1567 CALIFORNIA LLC ...




OX 1401 CO ...
OY ASSOCIATES LLC ...
OZ 2004 GP LLC ...
O1 COMMUNICATIONS CENTRAL LLC ...
O2 HOLDINGS LLC ...
O3 CAPITAL LLC ...
O4 INTERNATIONAL CO ...
O5M LLC ...
O6 TECHNOLOGY SERVICES LLC ...
O ACQUISITION CO ...
O&39 SULLIVAN INDUSTRIES CO ...









P


PA 11 FUND LP ...
PB 1001 LLC ...
PC 101 CO ...
PD ACC1 LLC ...
PE 1601 HOLDINGS GP LLC ...
PF 3 DELAWARE TRUST ...
PG 1110 VERMONT LLC ...
PH 163 WASHINGTON AVENUE LLC ...
PI 100 LLC ...
PJ ABRAMS LLC ...
PK 43RD STREET CO ...
PL 1301 CT LLC ...
PM 16 SN 1338 LLC ...




PN ACQUISITION CO ...
PO 10 LANIDEX OFFICE LLC ...
PP 31B LLC ...
PQ 17TH STREET CO ...
PR 1111 BRICKELL LLC ...
PS 1314 LLC ...
PT 308 RESTORATION PROJECT CO ...
PU CONSULTING CO ...
PV 531 LLC ...
PW 119 MEMBER LLC ...
PX ACQUISITION CO ...
PY CARMELI LLC ...




PZ 2600 VIRGINIA AVENUE LLC ...
P1 ACQUISITION CO ...
P2 5730 S 32ND STREET LLC ...
P3 14 HIGHWAY MOTEL LLC ...
P4 BPM LLC ...
P5 LLC ...
P6 2550 HUNTINGTON HOLDINGS LLC ...
P7 DERMODY HOLDINGS LLC ...
P80 GROUP FOUNDATION CO ...
P92 IT SOLUTIONS CO ...
P 16 INVESTMENT LLC ...
P&AC LLC ...









Q


QA ACQUISITION CO ...
QB 7815 CO ...
QC 369 LLC ...
QD ACQUIRING CO ...
QE CO ...
QF ACQUISITION CO ...
QG CATALYST FUND LP ...
QH ENTERTAINMENT HOLDING LLC ...
QI ANALYSIS CO ...
QJ AIR LLC ...
QK HOLDINGS CO ...
QL ANALYTICS LLC ...
QM 51 LLC ...




QN CO ...
QO ACQUISITION CO ...
QP ACQUISITION 2 CO ...
QQ 50TH STREET LLC ...
QR CODELAND LLC ...
QS ANALYTICS CO ...
QT ACQUISITION CO ...
QU EHC LLC ...
QV ACQUISITION CO ...
QW HOLDINGS LLC ...
QX FINANCIAL LLC ...
QY CONSULTING CO ...
QZ IV INVESTMENT PARTNERS LLC ...




Q1 AVIATION CO ...
Q2 ACQUISITION CO ...
Q3 ANALYTICS AND CONSULTING LLC ...
Q4 MANAGEMENT LLC ...
Q5 CO ...
Q6 FOUNDATION ...
Q737322 LLC ...
Q8 INTECH CO LLC ...
Q90 LP ...
Q0 ALASKA 3 CO ...
Q 1043 LISTENERS CLUB CO ...
Q&C LLC ...









R


RA 10 ROONEY CIRCLE LLC ...
RB 1 LLC ...
RC 1635 MARKET STREET LP ...
RD 58 LLC ...
RE 2009 LESSOR LLC ...
RF 2012 INVESTMENTS LLC ...
RG 100 WESTGATE LLC ...
RH 1080 AMSTERDAM LLC ...
RI 100 LLC ...
RJ ACQUISITION LLC ...
RK 150 HOLDINGS CO ...
RL 1 LLC ...
RM 126 LLC ...




RN 125 HOTEL CO LLC ...
RO AIR LLC ...
RP 1050 NW 14TH STREET LLC ...
RQ ENTERPRISES CO ...
RR 1 ASSOCIATION ...
RS 35 LLC ...
RT 1 INVESTMENTS LLC ...
RU CONNECT LLC ...
RV 604 LLC ...
RW 21V LLC ...
RX 2 OTC LLC ...
RY ACQUISITION CO I ...




RZ CO ...
R1 CO CO ...
R2 552 KILOA STREET KIHEI HI LLC ...
R3 ACQUISITION LLC ...
R4 ADTX ACQUISITION LLC ...
R5 CF LOAN FUNDING LLC ...
R6 BLOCKER III CO ...
R7 ASSET MANAGEMENT LLC ...
R8 AVIATION LLC ...
R911 TECHNOLOGIES CO ...
R 128 SPORTS CO ...
R&APPAREL CO ...









S


SA 0241 LLC ...
SB 12 CO ...
SC 102 POINSETTIA LP ...
SD 105 LLC ...
SE 104 ST SIMONS DEVELOPMENT LP ...
SF 1 EASTMONT LLC ...
SG 113 CO ...
SH 1 CO ...
SI ACQUISITION ASSOCIATES LP ...
SJ 20031 TRUST ...
SK 2009 LLC ...
SL 109 CO ...




SM ...
SN 158 PROPERTY LLC ...
SO 1501 LLC ...
SP 10 CO ...
SQ ACQUISITION CO LLC ...
SR 1 CONCEPTS LLC ...
SS 1 CO ...
ST 13 LP ...
SU ACQUISITION CO ...
SV 2007 FUND LLC ...
SW 1 LP ...
SX ADVISORS LLC ...




SY 1826 ENTERPRISES CO ...
SZ ACQUISITION CO ...
S1 AUDIO LLC ...
S2 ACQUISITION CO ...
S3 4 LLC ...
S4 CAPITAL LLC ...
S5 EXPORT CO ...
S6 HOLDINGS LLC ...
S7 ASSOCIATES LP ...
S8 COLLINS AVENUE LLC ...
S 2 G NETWORKS INTERNATIONAL CO ...
S&1345 BOYLSTON STREET LLC ...









T


TA 154156 NEWBURY STREET LP ...
TB ACCOUNT MANAGEMENT CO ...
TC 001 CO ...
TD ACCENTS LLC ...
TE 2 ENTERPRISES CO ...
TF 1111 MARCUS CO ...
TG 5440 OAKBROOK PARKWAY LLC ...
TH 1330 LLC ...
TI 2002 SPE LLC ...
TJ ACQUISITION LLC ...
TK ACQUISITION CO ...
TL 1940 LLC ...
TM 1500 LLC ...




TN 1 ACQUISITION CO ...
TO 1 CONCEPTS LLC ...
TP 35 LLC ...
TQ 11 LP ...
TR 1000 WILSHIRE LLC ...
TS 125 S WACKER HOLDINGS CO ...
TT 526 CO ...
TU ACQUISITIONCO LLC ...
TV 10 HOLDINGS LLC ...
TW 1 LLC ...
TX 77 BOOT RANCH CIRCLE LLC ...
TY AIR CO ...




TZ 2 LLC ...
T1 ACQUISITION CO ...
T2 5450 S INDIANA LLC ...
T3 ADVISORS CO ...
T4 ACQUISITION CO ...
T5 ATLANTA LLC ...
T6 ENTERPRISES LLC ...
T7 MEDIA NETWORK LLC ...
T8 ULYSSES SITE MANAGEMENT LLC ...
T9 ACQUISITION CO ...
T 1411 BROADWAY MM LLC ...
T&ASIA LLC ...









U


UA ...
UB ACQUISITION CO ...
UC ACQUISITION CO ...
UD CO CO ...
UE 195 NORTH BEDFORD ROAD LLC ...
UF 500 N MILWAUKEE LLC ...
UG 155 W18 LLC ...
UH ACQUISITION CO ...
UI ACQUISITION CO ...
UJ ELET LLC ...
UK ACQUISITION CO LLC ...
UL ACQUISITIONS LLC ...




UM ACQUISITION CO ...
UN AIR SERVICE CO UAS ...
UO ACQUISITION CO ...
UP 1997 TRUST FOR BNY ...
UQ CO ...
UR ACQUISITION CO ...
US 1 MARKETING CO ...
UT A310 CO ...
UU LLC ...
UV ACQUISITION CO ...
UW AL FOSTER FOR CHRIST CHURCH ...




UX MOBILE SOLUTIONS CO ...
UY AGRICULTURAL HOLDCO LLC ...
UZ ENGINEERED PRODUCTS CO ...
U1 HOLDING CO CO ...
U24NEWSCOM LLC ...
U3 ADVISORS CO ...
U4 SOLUTIONS USA LLC ...
U5 AVIATION LLC ...
U88INFO CO ...
U 13 DRAGWAY CO ...
U&B ENTERPRISES CO ...









V


VA ABS LLC ...
VB ASSET MANAGEMENT LLC ...
VC 15 CO ...
VD BERRYHILL INVESTMENTS LLC ...
VE ACQUISITION CO ...
VF 1781 SIDEWINDER LLC ...
VG 180 NORTH INVESTORS LLC ...
VH ACQUISITION CO ...
VI ACQUISITION CO ...
VJ 5100 FRANKLIN LLC ...
VK 52 LLC ...
VL ACQUISITION SUB CO ...
VM ACQUISITION CO ...




VN 500 FIRST GP LLC ...
VO ACQUISITION LLC ...
VP 101 LLC ...
VQ CO ...
VR 2008 ACQUISITION LLC ...
VS 125 LLC ...
VT 9537 LLC ...
VU BINH THAI ...
VV 10MHZ LP ...
VW ASSOCIATES LLC ...
VX ACQUISITION CO ...
VY CAPITAL FUND LP ...
VZ APOLLO LLC ...




V1 ANALYTICAL SOLUTIONS LLC ...
V2 ASSOCIATES LLC ...
V3 AMERICAN CO ...
V4 DEVELOPMENT LLC ...
V5 LLC ...
V6 GROUP LLC ...
V76 NUTRA PURE SYSTEMS LLC ...
V8 CONSULTING LLC ...
V93 NUTRITION LLC ...
V0012 LLC ...
V ACQUISITION CO ...
V&ATT IMPEX CO ...









W


WA 1 LLC ...
WB 100 CALIFORNIA LLC ...
WC 1 LP ...
WD 2 LLC ...
WE 100 LARRABEE ROAD HOLDINGS LLC ...
WF 1 EAST BROADWAY INVESTMENT FUND LLC ...
WG 101 MURRAY INTERNAL LLC ...
WH 1 INVESTMENTS LLC ...
WI 400 HOLDINGS LLC ...
WJ ACQUISITION CO ...
WK 29 CO ...
WL ACQUISITIONS LLC ...
WM 222 INVESTMENT LLC ...




WN ADVISORS LLC ...
WO ACQUISITION CO ...
WP 2012 SP LLC ...
WQ CONSULTING LLC ...
WR 20131 LOAN FUNDING LLC ...
WS 299 LEASEHOLD OWNER LLC ...
WT 15A LLC ...
WU AIR CO ...
WV ABRASIVE HOLDINGS CO ...
WW 2009 LP ...
WX CONSULTING LLC ...
WY ATLANTIS INVESTMENTS LP ...
WZ ASSOCIATES LLC ...




W1 CO ...
W2 ACQUISITION CO ...
W3 3939 N FIRST HOLDINGS LLC ...
W4 CAPITAL GROUP LLC ...
W5 EQUIPMENT LEASING TRUST ...
W6 HOLDINGS LLC ...
W7 MUSIC CO ...
W89 WIE HEALTHY PRODUCTS LLC ...
W9 0GD REAL ESTATE LP ...
W00F LLC ...
W 111TH PORTFOLIO II LLC ...
W&AVIATION GROUP LLC ...









X


XA MAISON CO ...
XB ACQUISITION CO ...
XC ACQUISITION CO ...
XD ENGINEERING PLC ...
XE ACQUISITION CO ...
XF HOLDING CO CO ...
XG HEALTH SOLUTIONS CO ...
XH LLC ...
XI CO ...
XJ ENTERPRISES LLC ...
XK ANADARKO 99B CO ...
XL 4 YOU LLC ...
XM 140 CO ...




XN CO CO ...
XO ASSOCIATES LLC ...
XP ENERGY SERVICES CO ...
XQRL CO ...
XR COMMUNICATIONS LLC ...
XS ACQUISITION CO ...
XT ASSET MANAGEMENT LLC ...
XU&WELLS GROUP CO ...
XV ACQUISITIONS LLC ...
XWARE SYSTEMS LLC ...
XX CAPITAL LLC ...
XY ACQUISITION CO ...




XZADTONICS CO ...
X1 LLC ...
X2 LLC ...
X3 CO LLC ...
X4 COMMUNICATIONS LLC ...
X5 CAPITAL LLC ...
X600 LLC ...
X7 ACQUISITION LLC ...
X8 LLC ...
X9 GOLD DEVELOPMENT CO ...
X 24 CO ...
X&G USA CO ...









Y


YA ACQUISITION CO ...
YB 1166 LLC ...
YC 607 LLC ...
YD INVESTMENTS LLC ...
YE CONSTRUCTION CO ...
YF ACQUISITION CO ...
YG 231 LASALLE INVESTORS LLC ...
YH AMUSEMENT PARKS CO ...
YI CO ...
YJ 555 GREENE LLC ...
YK BIOTECH CO ...




YL 155 LLC ...
YM BIOSCIENCES US OPERATIONS CO ...
YN CREATIVE GROUP LLC ...
YO 106 CO ...
YP ADVERTISING LP ...
YR CO ...
YS AMERICA CO ...
YT 150 ASSOCIATES LLC ...
YU CHIA CO LLC ...
YV MEDIA LLC ...
YW HOLDINGS LLC ...




YX GENOMICS HOLDING CO ...
YY ACQUISITION CO ...
YZ CAPITAL LLC ...
Y13 LLC ...
Y2 ACADEMY ...
Y3 INVESTORS TRUST ...
Y4 LLC ...
Y5 WORLD INTERNATIONAL LLC ...
Y6 MANAGER LLC ...
Y 2 INVESTMENT CO LC ...
Y&B ALIS CO ...









Z


ZA CARLTON LLC ...
ZB ASIA LLC ...
ZC CAPERS LLC ...
ZD ACQUISITIONS CO ...
ZE BELLO LLC ...
ZF ACQUISITION CO ...
ZG 1900 L STREET LLC ...
ZH CO ...
ZI CO ...
ZJ CO ...
ZK 2012 LLC ...
ZL CO CO ...




ZM 235 MAIN LLC ...
ZN COMMERCE CO ...
ZO LLC ...
ZP 3333 GEORGIA AVE LLC ...
ZQEDGE CO ...
ZR CAPITAL LLC ...
ZS ACQUISITION CO LLC ...
ZT 1045 UNION LLC ...
ZU CAPITAL MANAGEMENT LLC ...
ZV FINANCE LLC ...
ZW 1999 INTERMEDIARY CO ...
ZX AUTOMOBILE CO OF NORTH AMERICA CO ...




ZY CO ...
Z1 CO ...
Z2 CO ...
Z3 CAPITAL LLC ...
Z4 ENTERPRISES LLC ...
Z5 USA CO ...
Z7 HOLDINGS LLC ...
Z8 VILLA LLC ...
Z000 ENTERTAINMENT LLC ...
Z 1 HOLDINGS LLC ...
Z&ASSOCIATES LLC ...









1


1A ANSWERING SERVICE LLC ...
1B VENTURES LLC ...
1C BUSINESS SOLUTIONS CO ...
1D3D CO ...
1E CO ...
1FACT LLC ...
1G ENTERTAINMENT LLC ...
1HEARTART CO ...
1IMARKETING LLC ...
1JIU CO ...
1K FULTON MEZZ LLC ...
1L45 LLC ...




1M LLC ...
1NATIONCOM CO ...
1O1 LLC ...
1P CONSULTING LLC ...
1RHW LLC ...
1S2S CO ...
1TAG CO ...
1UP BROADBAND CO ...
1VIEW NETWORK CO ...
1WORLD CO ...
1X TECHNOLOGY CO ...
1YTB LLC ...




11 1 2 EAST 76TH STREET LLC ...
12 1 CO ...
13 1 2 SMITH WILSON EQUIPMENT LEASEBACKED SECURITIES LP ...
14 16 PLUS NORTHEAST PENNSYLVANIA PROPERTIES CO ...
15 8TH AVE LLC ...
16 BAKERS BAY MANAGER I LLC ...
17 BANK STREET LLC ...
18 AGGCA LLC ...
19 30 MODEL MANAGEMENT LLC ...
10 000 DEL CO ...
1 0 CAPITAL LLC ...
1&1 ADVERTISING SERVICES LLC ...









2


2A CO ...
2B AGILE LLC ...
2C CO ...
2D AUTOMOTIVE ENTERPRISES CO ...
2EM INVESTORS LLC ...
2FACE PRODUCTIONZ CO ...
2G CO ...
2H CREATIVE INTERNATIONAL LLC ...
2I CAPITAL LLC ...
2J ENERGY LLC ...
2K GAMES CO ...
2L DISTRIBUTION CO ...




2M CO ...
2N ENTERTAINMENT CO ...
2OAR LLC ...
2PATIENTLINKCOM CO ...
2QNET LLC ...
2R IMPORT EXPORT CO ...
2S MANAGEMENT LLC ...
2T CHEMICAL CO ...
2U CO ...
2VENTURE CO ...
2WD TM FUTURISTIC CO ...
2X CO ...




2YELLOWDOGSCOM CO ...
21 14TH STREET ONETHIRD LLC ...
22 22 DESIGN LLC ...
23 ARROW WOOD CO ...
24 30 CINEMA LLC ...
25 ASSOCIATES CO ...
26 27 LLC ...
27 141 MANAGER LLC ...
28 BAY RIDGE CC LLC ...
29 35 REALTY ASSOCIATES ...
20 20 ACADEMY LLC ...
2 000 MAIN ST CO ...









3


3A BUSINESS CONSULANTS LLC ...
3B BRAES BROWN BAGS ...
3C ALLIANCE LLP ...
3D 2DTV CO ...
3E CDN CO ...
3F CO ...
3G ASSOCIATES 210 LLC ...
3H AGENT SERVICES CO ...
3I CAPITAL PARTNERS LP ...
3J CO ...
3K ADVISORS LLC ...
3L CO ...
3M ...




3N COLUMBUS LLC ...
3OM REAL LLC ...
3P CO ...
3Q INNOVATION CO ...
3R ARTISTIC PRODUCTIONS CO ...
3S CAPITAL LLC ...
3T AND P CO ...
3U INVESTMENT AND CIVIL PLANNING CO ...
3V BIOSCIENCES CO ...
3W CO ...
3X CHARM LLC ...
3Y DEVELOPMENT CO ...
3Z INTERNATIONAL CO ...




31 32 LIC LLC ...
32 0 CO ...
33 21 LLC ...
34 BARNES ROAD LLC ...
35 ALBE DRIVE LLC ...
36 ACRE LLC ...
37 BBNJ LLC ...
38 57TH ST NY LENDER LLC ...
39 AARON ROAD LLC ...
30 30 DELAWARE CO ...
3 10 CO ...
3&3 INTERNATIONAL INSTITUTE CO ...









4


4A CAPITAL CO ...
4B CAPITAL PARTNERS LLC ...
4C 50 LLC ...
4D AEROSPORTS CO ...
4E CO ...
4F INVESTMENTS LLC ...
4G CO ...
4H ...
4I APPS SOLUTIONS LLC ...
4J LLC ...
4K CAPITAL LLC ...
4L HOLDINGS CO ...
4M ACQUISITION LLC ...




4N CAR CO ...
4OCEAN SYSTEMS LLC ...
4P CO ...
4QUEENS ENTERPRISES LLC ...
4R HEALTH CO ...
4S 37 38 LLC ...
4T ENTERPRISE LLC ...
4U CO ...
4VAP LP ...
4W FIBER ENGINEERING&SERVICES LLC ...
4X CONSTRUCTION GROUP LLC ...
4Y RESOURCES LLC ...
4ZAC CO ...




41 000 FEET LLC ...
42 9 BRF REALTY UPPER TIER LLC ...
43 AEROSPACE HOLDINGS LLC ...
44 AASHA HOSPITALITY ASSOCIATES LLC ...
45 10 19TH AVENUE ASTORIA LLC ...
46 10 LLC ...
47 1 2 STREET ENTERPRISES LLC ...
48 19TH 14212 LLC ...
49 1 2 FIRST AVENUE OWNER LLC ...
40 40 AC LLC ...
4 1 BROOKE CLUB DRIVE LLC ...
4&1 SIBLINGS PRODUCTIONS LLC ...









5


5A PLUS LLC ...
5B RACING TEAM LLC ...
5CHICKS LLC ...
5D AVIATION CO ...
5EP STUDIO CO ...
5FLATANDUP LLC ...
5G AFRICEL CO ...
5HB SOLUTIONS LLC ...
5IVE DEGREES LLC ...
5J EAST 54TH LLC ...
5K CO ...
5LBR LP ...




5M AND 3R INVESTMENT GROUP LLC ...
5N PLUS HOLDING US CO ...
5O9 CO ...
5P CO ...
5R LLC ...
5S ADVISOR HOLDINGS LLC ...
5T AVIATION LLC ...
5VECTORS CO ...
5WILDHORSES CO ...
5X 15 LLC ...
5Y SOLUTIONS LLC ...
51 ALDER STREET LLC ...




52 ASSOCIATES LP ...
53 BOERUM CO ...
54 41 STORAGE LLC ...
55 56 57 INSURANCE SERVICES CO ...
56 7TH AVENUE LLC ...
57 ASSOCIATES LLC ...
58 68 S SERVICE ROAD SPE LLC ...
59 AED LLC ...
50 301 UMSTC CO ...
5 000 HANDS CO ...
5&11 WEST 46TH OWNER LLC ...









6


6A WEST END HOLDINGS LLC ...
6BN CO ...
6C DOMINICAN LLC ...
6D AVIATION CO ...
6E32 FEE MANAGERS LLC ...
6FACES CO ...
6GEAR CO ...
6IX LLC ...
6JFLP CO ...
6L CAPITAL LLC ...




6M CO ...
6N PARTNERS 1988 LP ...
6ONE7 CAPITAL PARTNERS FUND LP ...
6P IMPORTS CO ...
6S CAPITAL LLC ...
6TH AVENUE LOFTS LLC ...
6WAVES LLC ...
6X TECHNOLOGIES CO ...
61 ASSOCIATES LP ...
62 COOPER SQUARE CONDOMINIUM CO ...




63 ASSOCIATES LP ...
64 CHAMBERLAIN STREET ASSOCIATES II LLC ...
65 BLACK HORSE PIKE BELLMAWR LLC ...
66 ACQUISITION CO ...
67 HUDSON STREET CO ...
68 CARMEN LLC ...
69 CO ...
60 ARCH ABSOLUTE RETURN FUND LP ...
6 5TH AVENUE LLC ...
6&8 FASHIONS CO ...









7


7A TRAVEL LLC ...
7B INVESTMENTS LLC ...
7C IMPORTEXPORT CO ...
7D INTERNATIONAL LLC ...
7EB2 LLC ...
7F APARTMENT LLC ...
7G NETWORK CO ...
7H LLC ...
7I GROUP LLC ...
7K BUS SALES CO ...
7L CAMP MACK LLC ...
7M CO ...




7NAMESCOM LLC ...
7OARS LLC ...
7P SOLUTIONS LLC ...
7QUAD ENERGY CO ...
7R FAMILY INVESTMENT LP ...
7S CO ...
7TEL USA CO ...
7UW CO ...
7VENTURES LLC ...
7W ENTERPRISES CO ...
7X HOLDINGS LLC ...
71 CANDLEWOOD ROAD LLC ...




72 BERRY STREET LLC ...
73 EAST LAKE STREET CAPITAL LLC ...
74 24998 LLC ...
75 75 HEDGE FUND LP ...
76 AND MADISON HOLDINGS LLC ...
77 ASSOCIATES CO ...
78 BUCHANAN STREET LLC ...
79 BRIGHTON 11TH STREET LLC ...
70 ADAM ST LLC ...
7 14 21 CO ...
7&40 MARKET CO ...









8


8ACL LLC ...
8B ACQUISITION CO ...
8CAPITAL TECHNOLOGY FUND LP ...
8G ADVISORS LLC ...
8HELL LLC ...
8IGHT CAPITAL ASSET MANAGEMENT LLC ...
8K MILES HEALTH CLOUD CO ...
8L CHECKER LLC ...
8M CO ...
8N CO ...




8RA CO ...
8SEVENTEEN ASSOCIATES LP ...
8T8 REAL ESTATE DEVELOPMENT LLC ...
8USS CORNERSTONE CO ...
8VA LLC ...
8WIRE CO ...
8X LLC ...
81 ENTERPRISES CO ...
82 83 JH LLC ...
83 DEL LLC ...




84 ASSOCIATES CO ...
85 BLUXOME PROPERTY OWNER LLC ...
86 22 HOLDING LLC ...
87 ACQUISITION CO ...
88 ACRES FOODS CO ...
89 ASSIGNCO LLC ...
80 20 CO ...
8 5 10 LLC ...
8&10 SOUTH NEW STREET LLC ...









9


9AISLE LLC ...
9B INVESTMENT LLC ...
9C REALTY ASSOCIATES LP ...
9D 1600 BROADWAY 115 LLC ...
9GAG NETWORK CO ...
9HC CONSULTING LLC ...
9L73 LAKESHORE ROAD CO ...
9MILE COHORT I LLC ...
9NYCOM CO ...




9OLD TOWNE PHYSICAL THERAPY ...
9R TEAM ...
9SLIDES CO ...
9TCUP LLC ...
9W CAPITAL MANAGEMENT GP LLC ...
9X19 LLC ...
91 92 LLC ...
92 BERRY STREET LLC ...
93 ALBE DRIVE LLC ...




94 COGGESHALL LLC ...
95 ARMSBY ROAD LLC ...
96 CHARLIE WHISKEY LLC ...
97 APC PAPER CO ...
98 CEDARWOOD LLC ...
99 AF PETALUMA LLC ...
90 ALBE DRIVE LLC ...
9 1 1 VOICE CO ...









0


0AY HEALTH MEDICAL CT ...
0CTOPUS CO ...
0I00 CO ...
0LEX GROUP LLC ...
0NE CO CO ...
0WAPCOM CO ...
0X00000001 LLC ...




01 CO ...
02 ENTERTAINMENT MARKETING TECHNOLOGIES CO ...
03 ACQUISITIONS LLC ...
04011410F LLC ...
05070710 GP LLC ...
060112 INVESTMENT HOLDINGS LLC ...




07 CONSULTING GROUP LLC ...
0800 MANAGEMENT CO ...
09 NATURAL PRODUCTS LLC ...
00 GO HERNDON LLC ...
0 CO ...
0&ASSOCIATES CO ...

















 




 

Varde Scratch & Dent Feeder Reit Llc - Funding history, company info, news ...































Want to see more?Want to find out who got funded, and who’s funding the next big thing? in real time? all across the world? tailored to your specific areas of focus?100+ deals per dayGet access to the most exhaustive worldwide funding watch on the web!Comprehensive funding informationKnow about who invested in a company, which sites covered the event, the funding history, etc.Exclusive insightsView original analytics such as most dynamic industries, most active investors, and more!Stay aware!Get emailed when deals critical to your business happen. Filter by region, industry and topics of interest.As seen onHave a login?Sign inRegister now!It's free!Use your social accountOr fill in the quick form:Register nowpromise we won't spamSign invia your social account:via your existing WGF account:Remember meRegister, it's freeForgot your password?SIGN INForgot your password?Enter your e-mail and we will send you your new password.reset passwordThe world's largest funding base/companies/181388-varde-scratch-dent-feeder-reit-llcsection=companies&subsection=detail&id=181388  




			Search deals by company name, industry, location, investors...			
			




SEARCH


Varde Scratch & Dent Feeder Reit LlcCompany DetailsGet alertedif Varde Scratch & Dent Feeder Reit Llc gets funded!Varde Scratch & Dent Feeder Reit LlcFunding history Key peopleCountry:State:City:United StatesMinnesotaMinneapolisIndustry:Other Funding history DateDeal sizeInvestors January 5th, 2015$125,000-View DealCreate alertManage your alerts in accountWant to know when Varde Scratch & Dent Feeder Reit Llc gets funded?Key peopleBradley BauerExecutive OfficerIlfryn CarstairsExecutive OfficerAli HaroonExecutive OfficerJeremy HedbergExecutive OfficerGeorge HicksExecutive OfficerAndrew LenkExecutive OfficerRick NoelExecutive OfficerMarcia PageExecutive OfficerPlease note that all data is automatically extracted and errors can occur.The WhoGotFunded team has not necessarily reviewed the information in this page and has not determined if it is accurate and complete.Inaccurate Data? Help us improve WhoGotFunded: post a comment!