










 







Versant Venture V AIV Feeder Holdings, L.P. - Pooled Investment Fund- Bolzon  FormDs.com - SEC filings of fundraisings and investments in hedge funds, private equity firms, startups, and growing companies 











 FormDs.com 





 Newest
 Filter
 Local




 









Versant Venture V AIV Feeder Holdings, L.P.

      Industry: Pooled Investment Fund
      (See others in industry)

Address:



    One Sansome Street, Suite 3630  
    San Francisco, CA, 94104Phone: (415) 801-8100 




Filings



Date
FilingType
Reported Sold
Incremental Cash 
Type
Exemptions
Link to Raw Filing




	2016-11-16


New


$5,342,623


$5,342,623


Other


06b 3C 3C.1 3C.7


SEC link






Directors and Executives (Current and Past)



Name
Role



 Bradley Bolzon 
 Director 


 Sam Colella 
 Director 


 William Link 
 Director 


 Kirk Nielsen 
 Director 


 Robin Praeger 
 Director 


 N/A N/A Versant Ventures V, Llc 
 Director 


 Thomas Woiwode 
 Director 












Bizapedia.com - Human Validation
















COMPANIESPEOPLEPRODUCTS/SERVICESTRADEMARKSADDRESSESPHONE BOOK




            Our system has detected a high number of page requests from your IP Address, please prove to us that you are a human to continue using our website.
        
























                            Please send me to the search subscription offer page after I successfully answer the word challenge.
                        









BIZAPEDIAPRO SEARCHPerform unlimited searches via ouradvanced search form withBizapedia Pro Search.FIND OUT MORE >BIZAPEDIAPRO DATABuild custom data listsfor one or many stateswith Bizapedia Pro Data.FIND OUT MORE >


Copyright © 2012-2017 · Bizapedia.com · All rights reserved.BlogPro SearchPro APIContact UsTerms of UsePrivacy PolicySitemapDesktop Version














Bizapedia.com - Human Validation
















COMPANIESPEOPLEPRODUCTS/SERVICESTRADEMARKSADDRESSESPHONE BOOK




            Our system has detected a high number of page requests from your IP Address, please prove to us that you are a human to continue using our website.
        
























                            Please send me to the search subscription offer page after I successfully answer the word challenge.
                        









BIZAPEDIAPRO SEARCHPerform unlimited searches via ouradvanced search form withBizapedia Pro Search.FIND OUT MORE >BIZAPEDIAPRO DATABuild custom data listsfor one or many stateswith Bizapedia Pro Data.FIND OUT MORE >


Copyright © 2012-2017 · Bizapedia.com · All rights reserved.BlogPro SearchPro APIContact UsTerms of UsePrivacy PolicySitemapDesktop Version














Versant Venture V AIV Feeder Holdings, L.P. - List of CEOs, founders and company directors

















directorpedia.net - List of CEOs, founders, board members and company directors











Versant Venture V AIV Feeder Holdings, L.P.
List of persons related to the company Versant Venture V AIV Feeder Holdings, L.P.. Find out list of CEOs, founders, board members, and company directors of Versant Venture V AIV Feeder Holdings, L.P..

CIK Number: 0001686810Company address: ONE SANSOME STREET, SUITE 3630  SAN FRANCISCO 94104Phone number: (415) 801-8100



People related to Versant Venture V AIV Feeder Holdings, L.P.
NamePositionStreetCityCountryBolzon  BradleyOne Sansome Street, Suite 3630 San FranciscoCANielsen  KirkOne Sansome Street, Suite 3630 San FranciscoCAN/A N/A Versant Ventures V, LLCOne Sansome Street, Suite 3630 San FranciscoCAPraeger  RobinOne Sansome Street, Suite 3630 San FranciscoCAColella  SamOne Sansome Street, Suite 3630 San FranciscoCAWoiwode  ThomasONE SANSOME STREET, SUITE 3630 SAN FRANCISCOCALink  WIlliamOne Sansome Street, Suite 3630 San FranciscoCA




Versant Venture V AIV Feeder Holdings, L.P. on the Web
Related companiesVERSANT AFFILIATES FUND I-A LP, VERSANT AFFILIATES FUND I-B LP, Versant Affiliates Fund V, L.P., VERSANT HOLDINGS INC, Versant Ophthalmic Affiliates I, L.P., VERSANT SIDE FUND I LP, Versant Side Fund II, LP, Versant Venture Capital V (Canada), LP, Versant Venture Capital V, L.P., Versant Venture Capital VI (Canada) LP, Versant Venture Capital VI, L.P., Versant Venture V AIV, L.P.












 













Browse Insiders by Name - V - Insider Transactions and Related Securities - InvestorPoint.com





















 
 

Login | Signup

 


















Home 
 Stocks 
 ETFs 
 Funds 
 News 
 IPOs 
 Markets 
 Market Movers 
 Rates 
 Futures 
 Forex 
 Calendars 











Get Quote



Advanced Lookup









Advertisements








 
Insider Transactions and Related Securities - V
 


A
B
C
D
E
F
G
H
I
J
K
L
M
N
O
P
Q
R
S
T
U
V
W
X
Y
Z



Insider Name
Count


V FOUNDATON FOR CANCER RESEARCH
1


V2 FCPR
1


VA PARTNERS LLC
6


VA TECH FOUNDATION
1


Vaaldiam Resources Ltd.
1


VACCARO, JAMES S.
1


VACCARO, SAN
2


VACCARO, STEPHEN J., JR.
1


VACCHIANO,THOMAS J., JR.
1


VACHON, ALAIN
2


Vachon, Eric
1


VACHON, JACQUES P
4


Vachon, Karine
1


VACZY, CATHERINE M.
1


VADAPALLI, ANAND
1


VADEN, DAVID
1


VADEN, DAVID (10B5-1)
1


VADNAIS, TOM
2


VAFIADES, MARIA
1


VAGELOS, P. ROY
1


VAGIM, JIM
1


VAGLE, ELIN
1


VAGLE, JOHN
1


VAGLE, MARIANNE
1


VAGUE, RICHARD W.
1


VAI KIT NELSON WONG CREDIT CARD DEPT
1


VAICKUS, ALEX
2


VAIL, CHARLES
1


VAIL, JAMES A.
1


Vaillancourt, Michel
1


VAILLANT, GERARD
1


VAILLAUD, MICHEL L.
1


VAISLEIB, VICTOR
1


VAISMAN, HERNAN
2


Vajda, John
1


VAJDA, JOHN J.
1


VAL ANTEZAK
1


VAL, TINA L.
2


VALAAS, JOHN R.
1


VALADE, GARY
1


VALAVANIS, SPERO W.
1


VALAZQUEZ, DAIVD M.
1


VALCKE, JAN E.
2


VALDES, ANGELA
1


VALDES, JORGE A.
2


VALDES, MAX O.
3


VALDEZ, BART KENNETH
4


VALDEZ, JEFFREY
1


VALDMAN, BERTRAND A
2


VALEIRAS, HORATIO
3


VALENCIA, RICARDO
1


VALENCIENNE, PINEAU DIDIER.
1


VALENTA, RONALD
1


VALENTE, J. P. LIVING TRUST
1


VALENTE, LOUIS P
3


VALENTI, SAMUEL III
1


VALENTINE, DAVID
1


VALENTINE, DEBRA A.
1


VALENTINE, DONALD T.
2


VALENTINE, H. BRIAN
1


VALENTINE, KAREN
1


VALENTINE, MICHAEL J.
1


Valentine, Peter
1


VALENTINE, VILIA
2


VALENTINO-CONGDON, T. SHERRI
1


VALENTIS INVESTORS LLC
1


VALENTYN, THOMAS E
1


VALENZUELA, GARY
1


VALENZUELA, SIEGBERT
1


VALENZUELA, STEVE
1


VALERIAS, CONNIE C.
1


VALERIUS, CONNIE C.
1


VALERO, DORON
3


VALETTE, JEAN-MICHEL
3


VALEUR-JENSEN, MARGARET E.
1


VALHALLA CAPITAL PARTNERS, LLC
1


VALHI, THMOTHY
1


VALIAVEEDAN, DAVID G.
2


VALINE, ROGER
2


VALITON, ROBERT JR.
1


VALKANOFF, DENNIS C
1


VALKENAAR, LEE
2


VALLADARES, JORGE
1


VALLE FAMILY TRUST
1


VALLEE FAMILY TRUST
1


VALLEE, RODOLPHE M
1


VALLEE, ROY
2


VALLEY NATIONAL HOLDINGS
1


VALLILLO, ANTHONY J.
2


VALLNER, JOSEPH J.
1


VALLONE, CAROL A.
1


VALLS, JUAN
1


VALNES, DEREK GENE
1


Valois, Paul Louis
1


VALUE FUND ADVISORS, LLC
1


VALUEACT CAPITAL MASTER FUND, LP
2


VALUEACT HOLDINGS, L.P.
12


VALUEACT SMALLCAP MANAGEMENT, L.P.
2


VALUEVEST HIGH CONCENTRATION MASTER FUND, LTD.
1


VALUTAS, CHARLES K.
2


VAMVAKAS, ELIAS
8


VAN
1


VAN ADZIN, ALEX A.
3


VAN ALEBEEK, HANS
1


VAN ALEBEEK, JOHONNES
1


VAN ALEN, WILLIAM L.JR
1


VAN ANDEL, CLARINUS
1


VAN ANTWERP, FRANCIS J., JR.
1


VAN AS, ANDRE MD, PHD
1


VAN AUKEN FAMILY TRUST
1


VAN AUKEN, WENDELL (TRUST)
2


VAN BEBBER, DAVID L.
1


VAN BENTHUYSEN, DENNIS
1


VAN BERKEL, JACOB
1


VAN BIENE, WOUTER
1


VAN BOCKERN, PAUL
1


VAN BOKHORST, WILLEM
1


VAN BOKKELEN, GIL
1


VAN BRAUMAN, MARTIN
1


VAN BRONKHORST, KORT
1


VAN BUREN, MARTIN
1


VAN BUSKIRK, ROBERT
1


VAN BYLEN, HANS
1


VAN CAMP, PETER
1


VAN CLEAVE, WILLIAM J.  (10B5-1)
1


VAN CUYLENBURG, PETER
1


VAN DE HEY, DAVID L.
2


VAN DE KAMP, ANDREA L.
1


VAN DE VEN, EVERT
2


VAN DE VEN, MICHAEL G.
1


van de Water, Frank
1


VAN DELFT, HANS A.
2


VAN DELL, WILLIAM RONALD
1


VAN DEN BERG, PIETER S
1


VAN DEN BOLD, MICHIEL C. (10B5-1)
1


Van Den Bussche, Brad
1


VAN DEN DOOL, GERRIT
2


VAN DEN HEUVEL, PETER
1


VAN DEN HOOFF, RENAAT
1


VAN DEN NIEUWENHOF, LAURENTIUS MARTINUS GERARDUS
1


VAN DEN, BOLD MIKE C
1


VAN DER COLFF, RASMUS
2


VAN DER DOES DE WILLEBOIS, JOOST
2


VAN DER HEUVEL, PETER
1


VAN DER KAAY, ERIK
4


VAN DER KAR, SCOTT
1


VAN DER MERWE, ROBERT P.
2


van der Plaat, Derek
1


Van der Put, Jan
2


VAN DER VELDE JOHANNES (HANS) I.
1


Van der Wee, Gregory
1


van der Welle, John Alexander
2


VAN DER WIEL, DONALD
1


VAN DER, VEGTE HENRI
1


VAN DEURSEN, HOLLY
3


VAN DICK, STEVEN M.
1


VAN DIEMEN, MICHAEL
4


VAN DIJK, ROBERT
1


VAN DOMMELEN, WILLEM
4


Van Doorne, Glenn Gilbert Henry
1


VAN DOREN, ANDREW J.
1


VAN DOREN, DIRK M
1


VAN DYKE, WILLIAM G.
1


VAN DYNE, BRUCE J. MD
1


VAN EEDEN, HENDRIK LODEWYK
1


VAN EENAEME, LUC
1


VAN ELK, MICHEL
4


VAN EPPS, WILLIAM
1


VAN EPS, PARKER WALTER
1


VAN ETTEN, FRANK
4


VAN EVERY, HELEN M. TRUST
2


VAN EVERY, S. LANCE.
1


VAN EVERY, SALEN LANCE
1


VAN FAASEN, WILLIAM C.
3


VAN FLEET RALPH BRUCE III
1


VAN GEMERT, LODEWIJK
2


VAN GORDER, JAN R.
2


VAN HANDEL, MICHAEL J.
3


VAN HANDEL, PETER
2


VAN HASSEL, GILBERT
2


VAN HEEK, CHRISTI
1


VAN HEEL, JOHN W.
1


Van Hemmen, Richard Douglas
2


VAN HEYNINGEN, KATHLEEN KITS
1


VAN HEYNINGEN, MARTIN KITS
3


VAN HOEK, ANDRE
1


VAN HORN, DAVID R
1


VAN HORN, JAMES R.
2


VAN HORN, JEFFREY BRIAN
1


VAN HORN, MICHAEL D.
1


VAN HORN, RICHARD A.
1


VAN HORNE, JAMES C.
1


VAN HOUWELING, DOUGLAS E.
1


VAN HUIZEN, GORDON ALAN
1


VAN HULST, JACK
1


VAN IERLAND, EDWIN
1


VAN INGEN, CHRIS
3


VAN JE, RONALD P.
1


VAN KIRK, FRANCIS J
1


VAN KIRK, JOHN H.
1


VAN KLEEF, WILLIAM T.
2


VAN LANSCHOT, MAES
4


VAN LEDE, CORNELIS J A
2


Van Leer, Michele
2


VAN LEEUWEN, THOMAS MELTON
1


VAN LINGEN, DENNIS
2


VAN LOAN, CHARLES C.
1


VAN LOAN, DAVID
1


VAN LOKEREN, MARY ANN
3


VAN LOUIE
1


VAN LUNSEN, GIL J.
1


VAN MAASDIJK, ROBERT HENRI CHARLES
1


VAN MARIS, VAN DYK PATRICK
1


VAN MIEGHEM, DENNIS P.
1


VAN MUYLEM, LUC
1


VAN NAARDEN, ROBERT
1


Van Nieuwenhuyse, Rick
2


VAN NOSTRAND, ROBERT L.
3


VAN NOY, DAVID E
1


VAN NOY, FREDRICK W.
2


VAN NOY, RICHARD G.
1


VAN OERS, FRANK
4


VAN OGTROP, VALERIE
2


VAN ONGEVALLE, ALAN
1


VAN OORDT, ROBERT F.W.
1


VAN OPPEN, PETER H.
1


VAN OSS, STEPHEN A.
2


VAN OSTENBRIDGE, CYNTHIA
1


VAN OVERBEEK, THOMAS
1


VAN PAASSCHEN, FRITS
4


VAN PAASSCHEN, FRITS D
3


VAN PLEW, DANIEL P
1


VAN REES, CORNELIUS S.
2


VAN REESEMA, NICKEL H.S.
1


VAN RICKENBACH, JUSEF
1


VAN RIJN, WILLEM
1


VAN RIPER, DANIEL S.
1


VAN RODEN, JOHN C., JR.
4


VAN ROIJEN, LAURA
1


VAN ROIJEN, ROBERT D. JR
1


VAN ROON, ARIE JAN
1


VAN SANT, R. WILLIAM
1


VAN SAUN, BRUCE W.
5


VAN SAUN, PIETER E.
1


VAN SCHOONENBERG, ROBERT G.
5


VAN SCHOOTEN, CORNELIS LEONARDUS
1


VAN SICKLE
1


VAN SILVER HOLDINGS LTD
2


VAN SOLKEMA, KEVIN
1


Van Staveren, Gregory Joseph
2


VAN STOLK, PETER
6


VAN SUMEREN MARK A.
3


VAN SUMEREN, MARK
1


VAN TASSEL, JOHN CHARLES
6


VAN TASSEL, STEVEN
2


VAN TETS, RIJNHARD.
1


VAN TREASE, SANDRA A.
2


VAN VALER, ROBERT A
1


VAN VALKENBURG, DAVID R.
1


VAN VEENDAAL, FRANK GRAT 2004
1


VAN VLECK, EMILY T.
1


VAN VLECK, HARRIET E.
1


VAN VLECK, ROY T.
1


VAN VLECK, TIELMAN T.
1


VAN VLEET, WILLIAM B. III
3


VAN VLIET, DAVID A.
1


VAN VLISSINGEN, J. A. FENTENER
2


VAN VOORHEES, ROGER
1


VAN WACHEM, LODEWIJK CHRISTAAN
2


VAN WAGENEN, PAUL G.
1


VAN WAGNER, ALAN
1


VAN WALSEM, HENDRIK JONAN
1


VAN WALSEM, JOHAN (10B5-1)
1


VAN WEELDEN, JAMES GILBERT
1


VAN WINKLE, HANS A.
2


van Winkoop, Anthony Robert
1


VAN WYHE, THOMAS L.
1


VAN ZEELAND, MICHAEL A
1


VAN ZEYL, CLEMENS.
1


VAN ZUPTHEN, STEVEN
1


VAN, DER EB HENRY G
1


VAN, KATHY JO
1


VAN, RONALD P. JR
1


VANARIA, RAYMOND
1


VANBEUREN, ARCHBOLD D.
1


VANCASTLE, ROBIN
2


VANCE, BRIAN L.
2


VANCE, BRUCE R.
1


VANCE, CHRISTOPHER H.
3


Vance, Frederick Earle
1


VANCE, J. THOMAS
1


VANCE, JACK O.
1


VANCE, JAMES MICHAEL
1


VANCE, JEFF
2


VANCE, JONATHON
1


VANCE, R. KEVIN
1


VANCE, ROBERT D.
1


VANDAELE, WALTER H.A.
1


VANDE STEEG, NICKOLAS
5


VANDEBROEK, SOPHIE V
1


VANDEMAN, GEORGE A.
2


Vanden Brink, Antonie
1


VANDEN HEUVEL, WILLIAM
1


VANDENBERG, BRIAN
2


VANDENBERG, ROGER A.
1


VANDENBERGH, ROBERT A.
2


VANDENBERGHE, DIRK
1


VANDENBERGHE, JAMES H.
1


VANDENBULCK, MANU
1


VANDENNOORT, HANS E
4


VANDER HUEVEL, PETER
1


VANDER MEY, JAMES E.
1


VANDER PLUYM, JOSEPH R.
2


VANDER VORST, PIETER A
1


VANDER, PLOEG DAVID
1


VANDERBILT UNIVERSITY
1


VANDERBOSCH, KAREN L
1


VANDERBRUG, GORDON J.
1


VANDERHOFF, ROBERT
1


VANDERHOFF, ROBERT E.
1


VANDERHOOF, MICHAEL D.
1


VANDERHORST, DAVID
2


VANDERLINDE, DAISY L.
1


VANDERMEULEN, KENDRA
1


VANDERPOOL, GERALD
1


VANDERSANDE, JOHN B.
1


VANDERSLICE, PETER
2


VANDERSNICK, ROGER RAY
1


VANDERTOGHT, ROB
1


VANDERVINNE, JERI L.
1


VANDERVOORT, ADAM C
2


VANDERVORST, PIETER
1


VANDERWIEL, SCOTT A
1


VANDERWOUDE,J STEPHEN
2


VANDERZANDEN, JAMES L.
1


VANDERZANDEN, ROBERT J.
1


VANDERZEL, JOHN
1


VANDERZWAAG, JOHN B
1


VANDERZYL, JOHN
1


VANDEUSEN, LOIS M.
1


VANDEVEN, EVERT
1


VANDEVERE, JAMES M.
1


VANDEWARKER, TERRY E
1


VANDEWATER, ERIC J.
1


VANDIVER, F. WILLIAM JR
1


VANDROMME, JEAN-PIERRE
1


VANEK, GREG
1


VANEKRIS, ANTHONIE C.
1


VANGUARD CHAR END PROG
1


VANGUNDY, KARI
1


VANHALL, THOMAS
1


VANHORN, JAMES
1


VANHOUTTE, PHILIP
1


VANHOWE, DAVID
1


VANHUSS, SUSIE H.
1


VANIMAN, VICKI J.
2


Vankoughnett, Ronald Earl
1


VANLANDINGHAM, DONALD W.
1


VANLENT, ANNE
2


VANLUVANEE, DONALD
2


VANMASSENHOVE, GARY C.
1


Vann, Ian
1


VANN, KYLE D.
2


VANNINI, JONATHAN
1


VANNOY, RICHARD G.
1


VANNUCCI, ROBERT A.
2


VANNUCCINI, ROBERT H
1


Vanry, Steven Edward
1


VANS PTE LTD
1


VANSCOTER, JOHN C.
1


VANSTRYDONCK, JOHN
1


VANTAGE AMERICAS INC
1


VANTAGE AMERICAS, INC.
1


VANTAGE HOLDING L.P.
1


VANTAGE INTERNATIONAL MANAGEMENT COMPANY
1


VANTAGEPOINT CDP PARTNERS LP
2


VANTRASE, KRISTINA
1


VANTREASE, SANDRA ANN
1


VANTZELFDE, NICHOLAS J
1


VANVOORHEES, ROGER
1


VANWAGENEN, KURT
1


VANWINKLE, JAMES R
1


VANWOERKOM, JACK A.
4


VANZILE, JOHN R
1


VANZURA, CEDRIC J.
1


VANZURA, RICK
1


VAP I LLC
1


VARAGNE, FRANCOIS
1


VARALLO, FRANK
1


Varas, Jorge Patricio
1


VARDON CAPITAL MANAGEMENT LLC
1


VARDON CONTINUUM INTERNATIONAL, LTD.
2


VARDY, PETER
2


VARELA BARRIOS ENRIQUE JAVIER
1


VARELA, SERGIO
2


VARELLO, PAUL J.
1


VARESCHI, WILLIAM J. JR
1


VARET, ELIZABETH R.
1


VARET, MICHAEL A.
1


VARGA, PAUL C.
2


VARGA, ZOLTAN
1


VARGAS, JOSE JR.
1


VARGAS, MAXIMO
2


VARGAS, TOMAS
1


VARGO, RONALD P.
1


VARIA, HITEN D.
2


VARIAN, JOHN
1


VARIOUS CITIGROUP GLOBAL MARKET INN T.A.
2


VARISANO, ALICE.
1


VARMA, GALE H.
1


VARMA, RISHI A
3


VARNADORE, B. WAYNE
1


VARNER, CHILTON D
1


VARNER, DONALD J.
1


VARNEY JOLENE L.
1


VARNEY, CHRISTINE A.
1


VARNEY, MARK A
1


VARON, LESLIE F.
1


VARS, GARY L.
1


VARSELL, LYNN
3


VARSHNEY, HARI
1


Varshney, Peeyush
4


VARTY, NIKHIL M.
1


VASALY, L. WILLIAM III
1


VASANIA, HOMIYAR
1


VASCONCELLOS, ANTHONY A.
1


VASEK, RICHARD G.
1


VASELLA, DANIEL
1


VASGUEZ, DARLENE ANDERSON
1


VASILKIOTI, FRANK MITROFAN
2


VASKE, LAWERENCE
1


VASQUEZ, GILBERT R.
1


VASSALLUZZO, JOSEPH
2


VASSALLUZZO, SCOTT J.
3


VASSEY, KENNETH T.
1


VASTARDIS, WILLIAM E.
1


Vatcher, Spencer Victor
1


VATERS, ROBERT S.
1


VATLAND, GLYNIS M.
1


VAUGH, RONALD H.
1


Vaughan, Benjamin Michael
1


VAUGHAN, CLEFTON D.
2


VAUGHAN, EUGENE H.
1


VAUGHAN, GREGORY
1


VAUGHAN, JEFFREY
1


VAUGHAN, JENNIFER
1


VAUGHAN, MARK
1


VAUGHAN, MICHAEL J.
2


VAUGHAN, R. DALE
1


VAUGHAN, RICHARD C.
2


VAUGHAN, SCOTT HENRY
3


VAUGHAN, STEPHEN C.
2


VAUGHAN, THERESE M.
2


VAUGHAN, WILLIAM STEARNS
1


VAUGHN, GREGORY R.
1


VAUGHN, JACK H.
1


VAUGHN, JERRY E.
1


VAUGHN, LUD W.
1


VAUGHN, MICHAEL E.
2


VAUGHN, MIMI ECKEL
2


VAUGHN, RAY D.
1


VAUGHN, RICHARD C.
1


VAUGHN, ROBERT C.
1


VAUGHN, RONALD H.
1


VAUGHN-FURLOW, REBECCA N
1


VAUGHT, JEFFRY L.
2


VAUGHT, KENNETH R.
1


VAULES, ROBB
2


VAVRA, ROBERT DALE
1


VAVRUSKA JEFFREY A
1


VAVRUSKA, JEFFREY
1


Vaz Neto, Adriano
1


VAZQUEZ, HECTOR J
1


VAZQUEZ, JAMIE L.
1


VAZQUEZ, MARIO
1


VAZQUEZ, MIGUEL
1


VAZQUEZ, RICHARD
1


VCFA GROWTH PARTNERS, LP
2


VCFA HOLDINGS III, LLC
1


VCM BETEILIGUNGSVERWALTUNG GMBH
2


VCM TREINHAND BELEILIGINGS
1


VCM TREUHAND BETEIL
1


VEA, MICHAEL T.
1


VEAL, JIMMY D.
1


VECCHIONE, KENNETH
2


VECELLIO, JAMES E.
1


VECELLIO, LEO A., JR.
1


VECSI, JAN MARTENS
1


VECTOR FUND MANAGEMENT LP
1


VECTOR GROUP LIMITED
1


VECTOR LATER STAGE EQUITY FUND LP
1


VECTOR LATER-STAGE EQUITY FUND II (QP) LP
1


VECTOR LATER-STAGE FUND II LP
1


VEENAN, GEORGE
1


VEF MANAGEMENT IV, LLC
1


VEGAS, DENNIS D.
2


VEGHTE, JAMES HOWELL.
2


VEGLIANTE, CAROLYN
1


VEILLETTE, ROBERT E.
3


VEILLEUX, EDWARD J.
1


VEIT, DAVID M.
1


Vejvoda, Josef
1


Vela Arellano, Luis Eduardo
2


VELA, SAN JUANITA, ROSARIO, G.
1


Velan, Peter
1


VELASCO GERMAN LARREA MOTA
1


VELASCO, GENARO LARREA MOTA
1


VELAZQUEZ, DAVID M.
1


VELLA, JAMES K.
1


VELLA, KIMBERLY D.
1


VELLAYAN, NINA K
1


VELLEQUETTE TRUST
1


VELLEQUETTE, DAVID
1


VELLI, JOSEPH M.
1


VELLIOS, THOMAS G.
1


VELLUTINI, DOLORES M.
1


VELO, KENNETH
1


VELOCITY INTERACTIVE MANAGEMENT, LLC
1


VELPURI, RAMARAO V.
1


Vels, Michael Harold
1


VELTKAMP, VICKI J.
1


VELTMAAT, HANS BERND
1


VEMALA, BADRI KUMAR
1


VENABLE, DONNA J.
1


VENABLES, THOMAS R
1


VENBERG, BRYAN
1


VENCAP 10US LIMITED
2


VENCAP 6 INVESTMENTS LIMITED
1


VENDITTI, ANTHONY
1


VENDRAMINI, MARCO
1


VENEGONI, JOHN V.
1


VENEMA, RAMON C,
1


VENEMA, RAMON C. H.
1


VENEZIA, MARK S.
1


Venier, David Robert Wilson
1


VENKAT, KRIS
1


VENKATARAMAN FAMILY TRUST
1


VENKATARAMAN, GANESH
2


VENKATASAMY, KRISHNAKUMAR
1


VENKATESAN, JAY
1


VENKATESH, GOPAL
1


VENKATESH, RAJA H.
1


VENNER CAPITAL SA
1


VENNERS, THEODORE
1


VENROCK ASSOCIATES II LP
1


VENROCK ASSOCIATES IV, L.P.
1


VENROCK ENTREPRENEURS FUND IV, L.P.
1


VENROCK MANAGEMENT IV, LLC
1


VENROCK MANAGEMENT LLC
1


VENROCK PARTNERS MANAGEMENT, LLC
1


VENROCK PARTNERS, L.P.
1


VENTEICHER, ROBERT
1


VENTEX ONE ASSET MANGEMENT INC.
2


VENTO, THOMAS A
1


VENTOLA, SABINO R
2


VENTOLA, VALERIE J
1


VENTRE, KATHLEEN
1


Ventresca, Anna
2


VENTRESCA, NICHOLAS
1


VENTRESS, PETER
1


VENTURA, JUSTIN L.
3


VENTURE FUND, L.P.
1


VENTURE INVESTMENT IV
1


VENTURE INVESTORS LLC
2


VENTURE INVESTORS MGMT CO LLC
1


VENTURE INVSTS ASSOC IV
1


VENTUREFULL INVESTMENTS LTD
1


VENTURELLI, LARRY M.
1


Ventures West Capital Limited
1


VENTURES WEST CAPITAL LTD
1


VENTURETEC INC
1


VENTURI I, LLC
1


VENTURION CAPITAL LLC
1


VENUTO, NICHOLAS J.
1


VEON, GREG
1


VER HAGEN, JAN K.
1


VERASUN ENERGY CORP
1


Verbiski, Christopher Lloyd
2


VERBRUGGE, JAMES A.
4


VERDAS CORP
1


VERDECANNA, FRANK
2


VERDECCHIA, A. J.
1


VERDECCHIO, ROBERT N.
1


Verderber, Joseph
1


VERDI, PAUL JR
1


VERDONCK, ROBERT F.
1


VERDONE, VINCENT J.
1


VERDOORN, RONALD
1


VERDUGO, GRETCHEN
1


VEREBELYI, ERNEST R.
1


VEREECKE, JEFFREY D.
1


VEREEN, WILLIAM JERRY
1


VEREKER, JOHN KCB
1


VERFUERTH, NEAL R.
1


VERFUERTH, PATRICIA A.
1


VERGARA, MICHAEL
1


Verge, Alexander G.
1


VERGIS, GEORGE J.
1


VERGUET, PATRICK B
1


VERHAGE, THOMAS R.
1


VERHEIJ, RICHARD H.
1


VERHOFF, DONALD H.
1


VERING, JOHN B.
1


VERISSIMO, MARC
1


VERITY, WILLIAM W.
1


VERLEYE, STEPHEN J.
1


VERMA, INDER M.
1


VERMA, SANJEEV
1


Vermani, Rakesh
2


VERMEIL, RICHARD A
1


Vermette, Pierre Ralph
1


VERMILLION, DENNIS P
1


VERMILYE, W. MOORHEAD
1


VERMYLEN, DAVID B.
2


VERMYLEN, PAUL A., JR.
1


VERNER, KATHLEEN M.
1


VERNER, KEVIN
1


VERNER, SCOTT
1


VERNET, JEAN B.
1


VERNEUILLE, JANET T.
1


VERNEY, JAMES C.
2


VERNHES, PAUL
1


VERNI, RALPH F.
4


VERNON, DAVID C.
1


VERNON, GARTH A.
1


Vernon, Gregg Kingsley
1


VERNON, THOMAS MARTIN., JR.
1


VERNON, W. ANTHONY
2


Vero Energy Inc.
1


VERO, RYAN T.
1


VERON INTERNATIONAL LTD
3


VERONNEAU, MARCEL
1


VERRASTER, JAMES V, III
1


VERRECCHIA, ALFRED J.
2


Verrico, Christopher
1


VERROCHI, MICHAEL J
1


VERSACE, ROBERTO
2


VERSANT VENTURE CAPITAL I LP
2


VERSANT VENTURE CAPITAL II, LP
1


Versatile Systems Inc.
1


VERSES, SOCRATES
1


Versfelt, John Anthony
2


VERSO PAPER MANAGEMENT LP
1


VERSTEGEN, MICHAEL T.
2


VERTEX TECHNOLOGY FUND III LTD
1


VERTICAL FUND I, LP
3


VERTICAL FUND II, L.P.
4


VERTICAL GROUP LP
1


VERVAIS, GREGORY J.
1


VERWAAYEN, BERNARDUS JOHANNES MARIA
1


VESCI, DENNIS J.
1


VESELKA, URSULA
1


VESEY STREET FUND II, LLC
2


VESEY, ANDREW
1


VESEY, JAMES M.
3


VESEY, MICHAEL
1


VESEY, MICHAEL T.
2


VESHECCO, GARY D.
1


VEST, CHRISTINA W.
1


VEST, DAVID.
2


VEST, EDWARD D.
2


VESTAL VENTURE CAPITAL
4


VESTAR AIV HOLDINGS A L.P.
1


VESTAR CAPITAL PARTNERS III LP
1


VESTAR CAPITAL PARTNERS IV LP
2


VESY, CHRISTA A
1


VETOR, DUKE D
1


VETTA, DAVID J.
2


VETTER, DAVID R.
2


VETTER, JAMES G., JR.
1


VETTERLEIN, CHARLES HALL JR
1


VETTICADEN, SANTOSH
2


VETTIER, JEAN-PAUL
1


VEURINK, GARY R.
1


VEZINA, ANN F.
1


VI SINTAINER, PAT
1


VIA, LUANN
1


VIAL, VICTOR (10B5-1)
2


VIALL, JOHN S.
2


VIANI, MICHAEL J.
1


VIANO, JANET M.
1


VIANO, LARRY A.
1


VIATER, CHARLES J.
1


VIAU, KIRK
1


VIAULT, RAYMOND G.
2


VICARI, DOUGLAS W.
1


VICE, NOLAN
1


VICENTINI, LUIS ENRIQUE
2


VICIC, JOSEPH J.
2


VICIS CAPITAL, LLC
1


VICK, DONALD E.JR
1


VICK, JOHN S.
1


VICK, JOSEPH T
1


VICK, KEVAN A.
1


VICKERS, NANCY J.
1


VICKERS, SAMUEL H.
1


VICKERS, STEPHEN GEOFFREY
1


VICKERSTAFF, LYNNE
1


VICKERY, E. MICHELE
1


VICKERY, ELIZABETH SUZANNE
1


VICKERY, MICHELE E.
1


VICTOR, MARY ANN
2


VICTOR, RONALD A.
1


VICTORA, FAYE L.
1


VICTORSON, ARTHUR F.
3


Victory Nickel Inc.
1


VICTORY, MICHAEL A.
1


VICUNA ADVISORS LLC
1


VIDA, JULIUS A.
2


VIDAL, REAGAN K.
3


VIDAL, RODOLFO LUIS
1


VIDAL, WILLIAM
1


VIDALIA NELA DE CASADO
1


VIDINLI, NEDRET E.
2


VIDOVICH, DAVID A
1


VIDOVICH, JOHN
1


VIEAU, DAVID P.
1


VIECHNICKI, WILLIAM
1


VIEFHUES, LUDGER H.
2


VIEIRA, ANGELINA M
1


VIEIRA, CAMILO P.
1


VIELEHR, BYRON C.
1


Viens, Francois
2


VIERA, RONALD
1


VIETH, CHARLES E.
2


VIETH, CHRISTOPHER W.
1


VIETH, WILLIAM E.
1


VIETHUES, LUDGER
1


VIETOR, KENNETH. IRA ETC COSTODION FBO
1


VIETOR, RICHARD R.
2


VIETS, HERMANN
1


VIETS, ROBERT O.
1


VIEWPOINT MHC
1


VIG, JOSEPH P.
2


VIGANO, PAUL R.
2


VIGGIANO,CHRISTOPHER A
1


VIGIL, BENJAMIN R.
1


VIGIL, DONNA
1


VIGIL, GLENN A
1


VIGLIOTTI, STEVEN R.
1


VIGLOTTI, ANN
1


VIGLOTTI, LOUIS
2


VIGLOTTI, LOUIS (10B5-1)
1


VIGLUCCI, NICOLE
1


VIGNESS, CHARLES
1


VIGUET, ROBERT
1


VIJ, SANDEEP S.
4


VIJAYARAGHAVAN, SPINVAS
1


VIJIL, JAVIER
1


VIJIL, JAVIER E.
1


VIKING FOUNDATION
1


VIKSE, GERALD
1


VILARDO, LINDA J.
4


VILCHUCK, MICHELLE C
1


VILGRAIN, JEAN-LOUIS
1


VILGRAIN, SEBASTIEN
1


VILGRAIN, STANISLAS
1


VILIMS, BRAD
1


VILLA CLARE PARTNERS, LP
1


VILLA, LINDA D.
1


VILLA, THOMAS PETER
1


VILLAMIL, FELIX M.
1


VILLANI, EDMOND D.
1


VILLANUEVA, DANIEL D.
1


VILLANUEVA, ROBERT
3


VILLAR, MARIO
1


VILLAREAL, RAMON
1


VILLARREAL, JOSE H.
1


VILLARREAL, LORA
2


VILLARREAL, MARIO
2


VILLASANA, GEORGE A.
1


VILLEGAS, CRISTIAN
1


Villegas, Juan Carlos
1


VILLENEUVE, ANDRE F. H.
1


VILLOO, JOHN
1


VILLOUTREIX, FREDERIC
1


VILSACK, ROBERT D.
2


VILSOET, RICHARD B
1


VILTAS, JOHN
1


VIMICRO  BEIJING  CORPORATION
1


VIMICRO SHANGHAI CORPORATION
3


VIMICRO SHENZHEN CORPORATION
1


VINA, CARLOS ANDRES
1


Vincelli, Mary
3


VINCENT, FRANCIS T., JR.
1


VINCENT, GEORGE A.
1


VINCENT, JAMES
1


VINCENT, JOHNNY K
2


VINCENT, L. KEITH.
1


VINCENT, PATRICIA K.
4


VINCENT, ROBERT M.
1


VINCENT, ROGER B.
4


VINCIGUERRA, BRUNO
1


VINCIQUERRA, ANTHONY J
1


Vinck, Dwayne Albert
1


VINCZE, CHRISTOPHER P.
1


VINECOMBE, NIGEL A.
1


VINES, T. LESLEY
1


VINIAR FAMILY LLC
1


VINING, PAUL H.
1


VINLAND INDUSTRIES LLC
1


VINNAKOTA, RAJIV
1


VINNEY, LES C.
2


VINOGRADOV, ALEXANDER
1


VINROOT, RICHARD A.
1


VINSON, CARROLL D.
1


VINSON, DAVID C.
1


VINSON, HARRY
2


VINSON, RICHARD P.
1


VINSON, STEVE R.
1


VINZANY, LARRY J., IRRV TR
1


VIOLA, DONN J.
1


VIOLETTE, BRET A.
1


VIOLETTE, GREG
1


VIPOND, J. ROBERT
1


VIPOND, MARK
3


VIPPERMAN, JOSEPH H.
1


VIRAG, RONALD W.
2


VIREN, DANIEL D.
1


VIRET, JEAN-FREDERIC.
1


VIRGIL PLACE(CHAR TR)
1


VIRGILIO, BENJAMIN J.
1


VIRGIN ENTERTAINMENT INVESTMENT HOLDINGS LTD.
1


VIRGINIA OPERA ASSOCIATION
1


VIRGINIA RETIREMENT SYS
2


VIRGINIA RETIREMENT SYSTEM
1


VIRGINIA RETIREMENT SYSTEMS
1


VIRGINIA SOCIAL VENTURES
1


VIRGINIA TECH FOUNDATION
2


VIRGINIA, WETHERELL
1


Virginillo, Cameron Bruce
1


VIRGOTECH LTD.
1


VIRGULAK, CHRISTOPHER F.
2


Virk, Parminder Singh
1


VIRK, PREETINDER S.
3


VIRMANI, PREM
2


VIRTUE, DOUGLAS A.
1


VIRTUE, ROBERT A.
1


Virvilis, Peter
1


VIS, ROHIT
1


VISCONTI, JOSEPH C.
1


VISHWANATH, VIJAY
1


VISINTAINER, PATRICK M
2


VISION 2005 INVESTMENT PARTNERS LP
1


VISION 2005 INVESTMENTS PARTNERS LP
1


VISION FEDERAL CREDIT UNION
1


VISION OPPORTUNITY MASTER FUND, LTD.
1


VISITALK CAPITAL CORPORATION
1


VISIUM ASSET MANAGEMENT, LP
3


VISIUM LONG BIAS OFFSHORE FUND, LTD
2


VISSER, DALE J.
1


VISSER, HENDRIKUS
1


VISSER, NENK
1


VISTA EQUITY PARTNERS FUND III GP, LLC
1


VISTA EQUITY PARTNERS FUND III LP
1


VISTAPRINT USA
1


VISUAL SCIENCES, INC.
1


VISWANATHAN, CHAND R.
1


VITALE, ALEX
2


VITALE, ALFRED
1


VITALE, MARIO
2


VITALONE, JOSEPH A.
1


VITEK, PAUL G.
2


VITELLE, RICHARD K.
1


VITELLI, MARK K.
2


VITELLI, MICHAEL A.
1


VITERISI, JOHN E.
2


VITITIE, WILLIAM P.
1


VITITOE, WILLIAM P.
3


Vitol Anker International B.V.
1


VITRANO, FRANK
2


VITTECOQ, GERARD R.
2


VITTERT, MARK
1


VITTO, VINCENT
1


Vitton, Michael
1


VITTOR, KENNETH M.
1


VITTORIA, JOSEPH V.
1


VITTORIO, MICHAEL N.
1


VITULI, ALAN
2


VITULLO, NICOLE
6


Vivash, John Alfred
1


VIVEKANAND, VIGNA
2


VIVENDI
2


VIVENDI UNIVERSAL S.A.
2


VIVIAN, ROBERT T.
1


VIVIANI, TANIOS
1


VIVIANO, JOSEPH P.
3


VIVIANO, PAUL S.
1


VIVIANO, SANDRA BROOSLIN
2


VIVO VENTURES FUND LP
1


VIVO VENTURES V AFFILIATES LP
1


VIVO VENTURES V, LLC
1


VIZARD, PAUL
1


VIZAS, CHRISTOPHER
1


VIZCARRONDO, JOSE R.
2


VJU, QIZHOU
1


Vladescu, Michael
1


VLAHCEVIC, CHRISTINE R
1


VLAHOS, WILLIAM
2


VLASIC FAL, LP
2


VLCEK, MARTHA
1


VLG INVESTMENTS LLC
1


VLGI 2006
1


VM INVESTORS, LLC
1


VOB JAIC VENTURE
1


VOBORIL, EDWARD F.
4


VODKER, DAVID
1


VOEGELE, BRIAN C.
1


VOELKEL, SHERRI
1


VOELKER, DANIEL S.
1


VOELKER, DAVID R.
1


VOELKER, RAYMOND M.
3


VOELPEL, DANIEL T.
2


VOETSCH, GREGORY C.
2


VOEVODSKY, MICHAEL
1


VOGEL, ANDREW ETHAN
1


VOGEL, CARL E.
8


VOGEL, CAROLYN R.
1


VOGEL, EMIL
1


VOGEL, GEORGE T.
1


VOGEL, JENNIFER L.
1


VOGEL, LAWRENCE P.
1


VOGEL, P. THOMAS
1


VOGEL, PAUL L.
2


VOGEL, RICHARD
2


VOGEL, TOM
1


VOGELS, ROBERT P
2


VOGELSANG, FRANZ-JOSEF
1


VOGELSTEIN, JOHN L
1


VOGELSTEIN, JOHN L  2007 CRUT
1


VOGELSTEIN, JOHN L., CRT NO 4
1


VOGES, WILLIAM J.
1


VOGT, CARL N.
1


VOGT, CARL W.
2


VOGT, ILENE M.
3


VOGT, ROCHUS E.
1


VOHRA, TAJINDER
2


VOIC, DANIEL
1


VOICU, GELU
1


VOIGHT, DAVID A.
1


VOIGT, DAVID L
1


VOIGT, RONALD M.
2


VOIGT, THOMAS A.
1


VOIGTLAENDER, CHRISTIAN
1


VOISIN, NANCY
1


VOISING, DONALD
1


VOJTA, GEORGE J.
1


VOJTICEK, JOHN W
1


VOLBERDING, MIKE
1


Volcko, Michael Dean
1


VOLD,  ROBERT J
1


VOLDSTAD, CONRAD P.
1


VOLGENAU, ERNST
1


VOLHERT, WIELAND
1


VOLK, DONALD F.
1


VOLK, JAMES J.
1


Volk, Peter Joseph
2


VOLK, STEPHEN R.
1


VOLKEMA, MICHAEL A.
4


VOLKER, JAMES J.
1


VOLKWEIN, EDWARD A.
2


VOLL, MARK
2


VOLLARO, JOHN D.
1


VOLLKOMMER, MICHAEL T.
1


VOLLMER, JOHN E. III
2


VOLLMER, JOHN III
1


VOLLMER, JON P.
1


VOLLOW RESOURCES II LLC
1


VOLLRATH, TERENCE D.
1


VOLPE, CHARLES J.
1


VOLPE, KENNETH Z.
2


VOLPE, MICHAEL A
1


VOLPE, RONALD P.
1


VOLPE, THOMAS
1


VOLPE, THOMAS S.
1


VOLPE, VINCENT R JR
3


VOLPI, MICHELANGELO A.
2


VOLPI, MICHELE
1


VOLTZ, DAVID L.
2


VOLZ, DAVID R. JR
2


VOLZ, KENNETH H.
1


VON ARX, SHARON LIVING TRUST
1


VON BEHREN, BEHREN
1


VON BERGEN, EDWARD P.
1


VON BOETTICHER, INGO
1


VON BRANCONI, CHRISTOF FRANZ SALVADOR
1


VON DER HEYDEN, KARL M.
3


VON DER PORTEN, ERIC P
1


VON DER SCHMIDT, MARGARET E.
2


VON DEYLEN, JEFFREY
2


von Einsiedel, Carl Alexander
2


VON EMSTER, KURT
1


VON ESTORFF, ERIC
1


VON FURSTENBERG, DIANE
3


VON GROLMAN, CHRISTOPH
1


VON HOENE, WILLIAM A., JR.
1


VON KAENEL, JAMI M.
1


VON KOELLER, KARSTEN
1


von Kursell, Andrew
1


VON LEHMAN, JOHN I.
1


VON MERING, FRITZ
2


VON METZSCH, ERNST
1


VON MORZE, HERWIG
1


VON PENTZ, MARKWART
1


VON PRONDZYNSKI, FERDINAND
2


VON PUSCH, RICK G.
2


VON ROSENBERG L., III. (10B5-1)
2


VON SCHACK, WESLEY W.
3


VON SCHIMMELMANN, WULF
1


VON SELDENECK, JUDITH M.
1


VON SIMSON, ERNEST
1


VON STEIN, THORSTEN
1


VON THAER, LEWIS
1


VON, GAL PETER
1


VON, REES, CORNELIUS S.
1


VONA, CARMINE
1


VONBERG, JOHN P.
2


VONDERAU, MARGARET
1


VONDERBRINK EDWARD
1


VONDERHEIDE, DEAN M.
1


VONDEYLEN, JEFFREY H.
1


VONK, ERIK
2


VOOGT (ADRIANUS).
1


VORHOFF, DAVID C
1


VORHOLT, JEFFREY J.
3


VORIS, JOHN E.
1


VORNADO REALTY LP
1


VORPAHL, LARRY L.
1


VORSHECK, ELIZABETH A
1


VORYS, HARRY C.
1


VOS, ARTHUR IV
1


VOSICKY, JOHN J.
2


VOSOTAS, PETER L.
2


VOSS, JAMES M.
2


VOSS, JAMES R.
2


VOSS, MICHAEL J
1


VOSS, THOMAS R.
1


VOSS, WILLIAM H.
3


VOSS, WILLIAM R.
1


VOSSMAN, THOMAS E.
1


VOTAW, EARL R.
1


VOYLES, JOEL E.
1


VOYZEY, JOHN NAVIN
1


VP COMPANY INVESTMENTS 2004 LLC
2


VP FUND INVESTMENTS 2004 LLC
1


VRABECK, KATHY P.
1


VRABELY, JON P.
2


VRBANAC, MICHAEL D
1


VRBAS, TRAVIS WADE
1


VREELAND, ROBERT M.
1


VREELAND, THOMAS
1


VREELAND, THOMAS (10B5-1)
1


VREN, DANIEL D.
1


VRIESENDORP, ALEXANDER
1


VRIJ, ROBERT
3


VRISAKIS, COSTA
1


VROMAN, KEN
2


VRUGGINK, ROBERT
2


Vrysen, John G.
3


V-SCIENCES INVESTMENTS PTE LTD
1


VU, TRONG
1


VUBAY FOUNDATION
1


VUCHETICH, M. KATHLEEN.
1


VUCINIC, THOMAS J.
2


Vucurevich, Darren
1


VUILLEUMYER, HERBERT
4


VUJOVICH, CHRISTINE M
1


VULCAN VENTURES, INC.
1


Vulimiri, Mohan Ramalingaswamy
1


VUMBACCO, JOSEPH V.
5


VUMBACO, JOSEPH V
1


VUONO, CARL E
3


VUOTO, ANTHONY
3


VUTURO, GEORGE J.
2


VYNER, STANLEY D.
3




Advertisements





 


 





Home 
			| Blog
			| Tags 
			| About Us 
			| Contact 
			| Terms of Service 
			| Privacy Policy




NYE - Equity | 
	NYE - ETF | 
	AMX - Equity | 
	AMX - ETF | 
	NSD - Equity | 
	NSD - ETF
NMF - ETF | 
	NMF - Money Market Fund | 
	NMF - Mutual Fund | 
	OTC - Equity | 
	OTO - Equity | 
	OTO - ETF | 
	OTO - Mutual Fund
CNQ - Equity | 
	CBO - Equity | 
	BDM - Equity | 
	TSX - Equity | 
	TSX - ETF | 
	TSX - Mutual Fund | 
	TSV - Equity | 
	TSV - Mutual Fund


Dow Jones Composite Index | 
	Dow Jones Industrial Avg | 
	Dow Jones Transportation Avg | 
	Dow Jones Utiliy Index | 
	NASDAQ 100
Russell 1000 | 
	Russell 2000 | 
	Russell 3000 | 
	Russell Microcap | 
	Russell Midcap | 
	S&P 500 | 
	S&P MidCap 400 | 
	S&P/TSX 60 | 
	S&P/TSX MidCap


Recently Added Symbols
	  Firms
	  Find Financial Advisors


Advisors by Name:
A
B
C
D
E
F
G
H
I
J
K
L
M
N
O
P
Q
R
S
T
U
V
W
X
Y
Z


RIAs by Name:
A
B
C
D
E
F
G
H
I
J
K
L
M
N
O
P
Q
R
S
T
U
V
W
X
Y
Z


Tags:
A
B
C
D
E
F
G
H
I
J
K
L
M
N
O
P
Q
R
S
T
U
V
W
X
Y
Z


Insiders:
A
B
C
D
E
F
G
H
I
J
K
L
M
N
O
P
Q
R
S
T
U
V
W
X
Y
Z


	Financial Market Data powered by QuoteMedia.com.  All rights reserved.  View the Terms of Use 
	NYSE/AMEX data delayed 20 minutes.  NASDAQ and other data delayed 15 minutes unless indicated. 
RT Realtime,
	EOD End Of Day,
	PD Previous Day.
	PW Previous Week.


	All information displayed and available herein is on an "as is", "as available" basis 
	and neither InvestorPoint.com nor any of its underlying service providers, information providers, 
	licensors, employees, distributors or agents make any representations as to the suitability of our 
	service or the materials for any purpose.  The information is not intended for trading purposes or 
	advice.  We specifically disclaim any representations or warranties, express or implied, including, 
	without limitation, any representations or warranties of merchantability or fitness for a particular 
	purpose.  InvestorPoint.com is not an investment adviser.  We do not: (a) give investment advice,  
	(b) advocate the purchase or sale of any security or investment and (c) provide, endorse or review any 
	information or data contained herein. We do not guarantee the accuracy of the information and data 
	supplied by information providers. We are not liable or responsible for the quality, accuracy or 
	reliability of this information. You should always seek the assistance of a professional for investment 
	advice.

Copyright © 2017 InvestorPoint.com All rights reserved.














































Massachusetts Institute of Technology 401k Rating by BrightScope































[[getSearchTypeDisplayName(searchType)]]


Advisor

Funds

Firms

401k Plans










































































Home>401K Directory>Massachusetts Institute of Technology






Massachusetts Institute of TechnologyForm 5500 Data




OverviewProvidersArticles & Questions









Share

Print


Massachusetts Institute of Technology
?



Mit Basic Retirement Plan


Massachusetts Institute Of Technology 403(B) Plan

Massachusetts Institute Of Technology 457(B) Plan

Massachusetts Institute Of Technology Supplemental 401(K) Plan


Form 5500 Data






OverviewProvidersArticles & Questions










Overview







Plan Rating




?


We currently do not have enough data to calculate a rating for this plan.















Plan Description
        
Mit Basic Retirement Plan is a defined contribution plan. Mit Basic Retirement Plan currently has over 26,300 active participants and over $3.3B in plan assets. 

        




Plan Details
        
Plan Details  Relevant details about the plan and the plan sponsor, including the address and industry of the plan sponsor and the size of the plan in assets and participants.
 Plan data accurate as of 12/31/2015Plan data has been audited by an Independent Qualified Public Accountant (IQPA).
Address
77 Massachusetts Avenue
Ne49-3142



Location
Cambridge
, MA

              
02139


Industry
Educational Services


Administrator
Glen Shor


Net Plan Assets
$3,290,000,000


Total Participants
26,000


Avg Account Balance
$290,000









Providers






Plan Service Providers




SERVICE
            
PROVIDER
            





Insurance Carrier


John Hancock




Auditor


PricewaterhouseCoopers LLP









Articles and Questions










Boeing Fee Settlement Highlights the High Bar for Large Plans

Boeing Offers a Near Perfect Retirement Plan ModelIn most respects Boeing’s retirement offering is a great model of how to run a large retirement plan. Participants in Boeing’s 401(k) plan are beneficiaries of a participant-friendly design with immediate access, automatic enrollment, immediate ves







InsightsSee more articles







A Guide To "File & Suspend"
by Evan M. Levine, ChFC







Will rolling over my 401(k) into an IRA result in higher investment returns?
by James Shagawat, MBA, CFP®, ChFC®







Risk Versus Return
by Angie Chapman CRPC®


*Articles are published by advisors without compensation






Why Do Investment Expenses Matter?
Ryan Alfred








Popular QuestionsSee more questions



I have 100% of my retirement money in a target date fund. Do you consider that diversified enough or not?

17 answers



17
answers




What is a ROTH IRA Tax Credit?

2 answers



2
answers




Am I saving enough for retirement?

8 answers



8
answers




Should I purchase an Annuity for my retirement?

5 answers



5
answers




How much money do I need to retire?

5 answers



5
answers









Have a question about retirement plans?
Our community of registered financial advisors are standing by to share their experience.Ask a question




















Company Info
            About Us

Newsroom

Careers

Contact

Blog





Explore
            401K Plan Ratings

Advisor Pages

Fund Pages

Financial Insights

FAQ





For Advisors
            Advisor Pages

Spyglass





For Enterprise
            Beacon





Social
            Facebook

Twitter

LinkedIn





Legal
            Privacy Policy

Terms of Use






Copyright © 2008-2017, BrightScope Inc. All Rights Reserved. Your use of this service is subject to ourTerms of UseandPrivacy Policy





Information is provided 'as is' and solely for informational purposes, not for investment purposes or advice.BrightScope is not a fiduciary under ERISA. BrightScope is not endorsed by or affiliated with FINRA.
        










BrightScope /
CIO /
FWW /
Global Custodian /
Investor Economics /
LiquidMetrix /
Market Metrics /
Matrix Solutions /
PLANADVISER /
Plan For Life /
PLANSPONSOR /
Simfund /
Strategic Insight /
The Trade

©2016 Strategic Insight Inc. All Rights Reserved. No Reproduction without Prior Authorizations











































Mit Basic Retirement Plan | 2011 Form 5500 Service Provider Information by BrightScope
























































[[getSearchTypeDisplayName(searchType)]]


Advisor

Funds

Firms

401k Plans









































































General Search










Advisors
Advisory Firms
Financial Q&A
401k Plans
Funds


Search










Home
      >  
    Mit Basic Retirement Plan  >  Form 5500
      >  
Service Providers
    




                        BrightScope Rating
                    



                        Form 5500 Data
                    



                        Plan Dashboard
                    




          
        
            
                Basic Info |
                Financials |
                Service Providers |
                Investments |
                Insurance Information

Form 5500 Year:

2015
2014
2013
2012
2011
2010
2009







 


Company:Massachusetts Institute of Technology

Plan:Mit Basic Retirement Plan




                Print Complete 5500
            














 
Form 5500 | Service Providers



Information on Persons Receiving Only Eligible Indirect Compensation


Person Or Organization Providing Disclosure


Acacia Venture Partners


Acacia Venture Partners Ii, L.P.


Acadian Intl Small Cap Long Short S


Adm Maculus Fund


Adm Maculus Fund Ii, L.P.


Ag Capital Recovery Partners Ii, L.


Ag Capital Recovery Partners IV (E)


Ag Capital Recovery Partners, L.P.


Ag Realty Fund IV


Ag Realty Fund V


Ag Super Fund, L.P.


Alcion Real Estate Partners Paralle


Altor Fund III (No. 1) Limited Part


Apax Europe IV - A, L.P.


Apax Europe V - A, L.P.


Apax Europe VI - A, L.P.


Apax Israel Ii, L.P.


Apax Uk VI - A, L.P.


Arch Venture Fund Iv, L.P.


Arch Venture Fund Iv-A, L.P.


Arch Venture Fund V, L.P.


Arisaig Asia Consumer Fund Limited


Arisaig Latin America Fund Limited


Bain Capital Fund Iv-B, L.P.


Bain Capital Venture Fund 2009, L.P


Baker Brothers Life Sciences, L.P.


Battery Ventures V, L.P.


Battery Ventures Vi, L.P.


Berkshire (Aiv Direct) Fund Vi, L.P


Berkshire Fund Iii, L.P.


Berkshire Fund Iv, L.P.


Berkshire Fund V, L.P.


Berkshire Fund VI (Os), L.P.


Berkshire Fund Vi, L.P.


Berkshire Fund VII (Os), L.P.


Berkshire Fund Vii, L.P.


Berkshire Fund Viii, L.P.


Brookside Cayman Pa Class 2-A


Bruckman, Rosser, Sherrill & Co. II


Candover 1997 Fund


Candover 2001 Fund


Candover 2005 Fund


Cardinal Partners 2000, L.P.


Carmel Partners Investment Fund III


Castanea Partners Fund Iii, L.P.


Castanea Partners III Coinvestment


Cedar Rock Capital Partners LLC


Centerbridge Credit Partners Te, L.


Centerbridge Special Credit Partner


Centerbridge Special Credit Partner


Centerbridge Special Credit Partner


Cerberus Institutional Partners


Cerberus Institutional Partners Ii,


Cerberus Institutional Partners, Lp


Cerberus Institutional Real Estate


Channel One Associates, L.P.


Chieftain Capital Management, Inc.


City of London Separate Account


Colony Investors Iv, L.P.


Colony Investors Vi, L.P.


Colony Korea Co-Investment Partners


Commonwealth Capital Ventures Iv, L


Comventures V, L.P.


Contrarian Capital Real Estate Fund


Convexity Capital Offshore L.P.


Convexity Capital Offshore Lp - Cla


Crow Family Holdings Realty Partner


Cvc Capital Partners Asia Pacific


Cvc Capital Partners Asia Pacific


Cvc European Equity Partners


Cvc European Equity Partners II


Cvc European Equity Partners III


Daily Eafe Non-Lending Index


Deccan Value Advisors Fund, Lp


Deccan Value Investors Bpi Fund L.P


Deerfield International Limited


Deerfield Pdi Financing, L.P.


Deerfield Private Design Fund Int'L


Deerfield Private Design Internatio


Deerfield Special Situations Fund I


Delphi Ventures Iii, L.P.


Delphi Ventures Iv, L.P.


Delphi Ventures V, L.P.


Delphi Ventures Vi, L.P.


Delphi Ventures Vii, L.P.


Delphi Ventures Viii, L.P.


Dra Growth & Income Fund Iii, LLC


Dra Growth & Income Fund Iv, LLC


Dra Growth & Income Fund V, LLC


Dra Growth & Income Fund Vi, LLC


Dra Growth and Income Fund Vii, LLC


East Peak Partners, L.P.


Eci 7


Eci 8


Encap Energy Capital Fund V


Encap Energy Capital Fund Vi, L.P.


Exxel Capital Partners 5.5, L.P.


Exxel Capital Partners V, L.P.


Exxel Capital Partners Vi, L.P.


Farallon Asia Special Situations, L


Farallon Capital Institutional Part


Fcp Investors V, L.P.


Fir Tree International Value Fund,


Fir Tree Mortgage Opportunity Fund,


Flexpoint Fund Ii, L.P.


Ford Financial Fund, L.P.


Forest Capital Partners


Fp Associates, L.P.


Fpa Global Opportunity Fund


Fpr Partners, Lp


Frazier Healthcare Vi, L.P.


General Catalyst Group V Supplement


General Catalyst Group V, L.P.


Ggc Opportunity Fund, L.P.


Gmo Emerging Markets Fund


Gmo Mean Reversion Fund (Offshore),


Gmo U.S. Tactical Opportunities Fun


Gmo Us Quality Equity Fund


Greenwood Investors Limited Partner


Gtcr Fund Vi, L.P.


Gtcr Fund VII - A, L.P.


Gtcr Fund Vii, L.P.


Harbourvest International Private E


Harbourvest International Private E


Harbourvest Int'L Private Equity II


Harbourvest Int'L Private Equity II


Hearthstone Separate Account


Hearthstone-Sep II Homebuilding Inv


Hermit Thrush, L.P.


Hmi Capital Partners, L.P.


Ichigo Japan Fund E


Ils Partners, L.P.


Imt Capital Fund Ii, L.P.


Imt Capital Fund, Lp


India Capital Fund Limited


Ing Realty Partners II


Institutional Venture Partners VI


Ishares Msci Eafe Index Fund (Efa)


Ishares Msci Emerging Markets Index


Ishares S&P 100 Index (Oef)


J.H. Whitney Iii, L.P.


J.H. Whitney Iv, L.P.


J.H. Whitney Vi, L.P.


Jbg Investment Fund VI LLC


Jbg Investment Fund Vii, LLC


Jbg Investment Fund Viii, L.L.C.


Jmb Group Trust V


Jog Limited Partnership No. III


Jw Childs Equity Partners Bermuda A


Jw Childs Equity Partners Ii, L.P.


Jw Childs Equity Partners Iii, L.P.


Kinderhook Partners, Lp


Kkr 1987 Fund


Kkr 1993 Fund


Kkr 1996 Fund (Overseas), Limited P


Kkr 1996 Fund L.P.


Kleiner Perkins Caufield & Byers Xi


Kleiner Perkins Caufield & Byers Xi


Kpcb Green Growth Fund, LLC


Lasalle Asia Opportunity Fund II L.


Lasalle Asia Recovery International


Lighthouse Capital Partners Vi, L.P


Lime Rock Partners Ii, L.P.


Lime Rock Partners Iv, L.P.


Lime Rock Partners V, L.P.


Littlejohn Fund Ii, L.P.


Littlejohn Fund Iii, L.P.


Littlejohn Fund IV Shipping Aiv, L.


Littlejohn Fund Iv, L.P.


Littlejohn Partners Iii, L.P.


Littlejohn Partners Iv, L.P.


Lm Investors, L.P.


Lone Star Europe Holdings (U.S.), L


Lone Star Fund IV


Lone Star Fund V


Lone Star Fund VI (Us), Lp


Lone Star Fund VII (U.S.), L.P.


Lone Star Real Estate Fund (Us), Lp


Lone Star Real Estate Fund II (U.S.


Lr 2 Aiv, L.P.


Lr 4 Aiv, L.P.


Lubert-Adler Real Estate Fund Vi, L


Ma Associates, L.P.


Madison Dearborn Capital Partners I


Madison Dearborn Capital Partners I


Madison Dearborn Capital Partners I


Madison Dearborn Capital Partners V


Madison Dearborn Capital Partners V


Madison Dearborn Capital Partners V


Madison Dearborn Capital Partners V


Magazine Associates, L.P.


Map 2009, L.P.


Matrix Endowment Fund (Overseas) Lt


Matrix Ix Inflection Blocker Aiv, L


Matrix Partners China I, L.P.


Matrix Partners China II Lp


Matrix Partners India I, LLC


Matrix Partners India Ii, LLC


Matrix Partners Ix Special Opportun


Matrix Partners Ix, L.P.


Matrix Partners Vi, L.P.


Matrix Partners Vii, L.P.


Matrix Partners Viii, L.P.


Mayfield Ix


Mayfield X


Mayfield X Annex


Mayfield Xi - Qualified


Mdcp III Global Investments, L.P.


Mdcp IV Global Investments, L.P.


Merlone Geier Partners Ix, L.P.


Merlone Geier Partners X, L.P.


Mezzanine Lending Assoc II


Mhr Institutional Partners


Morgenthaler Partners VI


Morgenthaler Partners VII


Morgenthaler Venture Partners V


National Capital Properties Iii, Lp


National Capital Properties Iv, Lp


National Capital Properties Trust I


Natural Gas Partners Vii, L.P.


Natural Gas Partners Viii, L.P.


New Mountain Guardian Aiv, L.P.


New Mountain Partners III (Aiv-A),


New Mountain Partners III (Tier 1),


New Mountain Partners III Cayman (A


New Mountain Partners Iii, L.P.


North Bridge Growth Equity I, L.P.


North Bridge Venture Partners 7, L.


Northaven Partners III


Oak Hill Capital Partners (Bermuda)


Oak Hill Capital Partners, L.P.


Ocm Opportunities Fund Iii, Lp


Ocm Opportunities Fund Iv, Lp


Ogf IV (Caymans 1), L.P.


Olympus Growth Fund III


Olympus Growth Fund IV


Oz Europe Overseas Fund, Ltd.


Oz Overseas Fund Ltd.


Pacific Equity Partners Fund Ii, L.


Pacific Equity Partners Fund Iii, L


Pacific Equity Partners Fund IV Lp


Pacific Equity Partners Supplementa


Pacific Equity Partners Supplementa


Pacven Walden Ventures Iii, L.P.


Pacven Walden Ventures Iv, L.P.


Pacven Walden Ventures V, L.P.


Pama Private Equity Limited Partner


Parvus European Opportunities Fund


Patron Capital L.P. I


Patron Capital L.P. II


Patron Capital L.P. III


Peabody Global Real Estate Ptrs, L.


Perry Partners International


Pomona Capital Iv, L.P.


Praedium Fund V, The


Praedium Fund Vi, The


Premium Point Separate Account


Prospect Harbor Credit Partners, L.


Publishing Associates, L.P.


Quad-C Partners V, L.P.


Quad-C Partners Vi, L.P.


Quad-C Partners Vii, L.P.


Realty Associates Fund V Corporatio


Realty Associates Fund VIII Corpora


Regiment Capital Special Situations


Riverside Fund Iv, L.P.


Rms Opportunity Fund I


Rockwood Capital Real Estate Partne


Rockwood Capital Real Estate Partne


Rockwood Capital Real Estate Partne


Rockwood Capital Real Estate Partne


Rockwood Capital Real Estate Partne


Rs Investments-Mit Separate Account


Sanderling V Strategic Exit Fund, L


Sanderling Venture Partners Iv, L.P


Sanderling Venture Partners V Co-In


Sanderling Venture Partners V, L.P.


Sanderling Venture Partners VI Co-I


Sanderling Venture Partners Vi, L.P


Sankaty Credit Opportunities (Offsh


Sankaty Credit Opportunities Fund,


Sankaty Credit Opportunities Ii, L.


Sankaty Credit Opportunities Iii, L


Sankaty Special Situations I, L.P.


Sequoia Capital 2010, Lp


Sequoia Capital China Growth 2010 F


Sequoia Capital China Growth Fund I


Sequoia Capital China I, L.P.


Sequoia Capital China Ii, L.P.


Sequoia Capital China Venture 2010


Sequoia Capital Franchise Fund


Sequoia Capital India Growth Fund I


Sequoia Capital India Growth Fund I


Sequoia Capital India Iii, L.P.


Sequoia Capital Israel Iii, L.P.


Sequoia Capital Ix


Sequoia Capital U.S. Growth Fund V,


Sequoia Capital U.S. Venture 2010 F


Sequoia Capital VIII


Sequoia Capital X


Sequoia Capital Xi


Sequoia Capital Xii


Sfc Energy Partners Fund Ii, L.P.


Sheridan Production Partners Ii-B,


Shorenstein Investment Partners, Ll


Sierra Ventures V


Sierra Ventures VI


Sierra Ventures VII


Sigma Partners 8, L.P.


Sisu Capital Private Equity Fund A,


Spdr S&P 500 Etf (Spy)


Spindrift Partners, L.P.


Spo Partners Ii, L.P.


Sri Nine Reit


Sri Reit, Inc.


Sri Ten Reit


Ssc Iii, L.P.


Steel Partners Japan Erisa Fund, Lt


Stockbridge Fund, L.P.


Stonebridge Equity Partners I, L.P.


Stonebridge Equity Partners Ii, L.P


Stonebridge Equity Partners Iii, L.


Strategic Hotel Cap Inc / Strategic


Terrebonne Partners, L.P.


The Children's Investment Fund


Tips 1 To 10 Year


Ucp III Co-Investments (F), L.P.


Unison Capital Partners III (F), L.


Us Treasuries Broad


Uspf Feeder, L.P. (Debt)


Uspf Feeder, L.P. (Equity)


Uspf III Leveraged Feeder, L.P. (De


Uspf III Leveraged Feeder, L.P. (Eq


Vanguard Msci Emerging Markets Etf


Vector Capital II International, L.


Vector Capital Ii, L.P.


Vector Capital III International, L


Vector Capital Iii, L.P.


Vector Capital IV International, L.


Vector Capital Iv, L.P.


Venture Capital Fund of New England


Versant Venture Capital I, Lp


Versant Venture Capital Ii, L.P.


Versant Venture Capital Iii, L.P.


Versant Venture Capital Iv, L.P.


Vip I A (Side Fund) L.P.


Vip I A L.P.


Watershed Capital Institutional Par


Westbrook Real Estate Fund Vi, Lp


Westbrook Real Estate Fund Vii, Lp


Westbrook Real Estate Fund Viii, Lp


Wexford Partners 10, L.P.


Wexford Partners 11, L.P.


Wexford Partners 9, L.P.


Wexford Partners V, Lp


Wexford Partners Vi, Lp


Wexford Partners Vii, Lp


Wexford Partners Viii, L.P.


Wexford-Mit Distressed, L.P.


Wexford-Mit Energy, L.P.


Whitehall Associates, L.P.


Whitney V, L.P.


Wellington Japan S.S. II Limited Pa


West Face Long Term Opportunities F





Information on Other Service Providers Receiving Direct or Indirect Compensation


Name
Nature of Service
Relationship to Plan Sponsor
Direct Compensation Paid by Plan
Indirect Compensation Paid by Plan
Total Compensation


Wellington Management Company
Investment management
Investment Manager
$436,460
$0
$436,460


City of London
Investment management
Investment Manager
$393,661
$0
$393,661


Benetemps
Other fees
Temporary Help
$325,145
$0
$325,145


Acs Hr Solutions
Other fees
Professional Fees
$320,045
$0
$320,045


Towers Watson
Actuarial
Actuary
$188,215
$0
$188,215


State Street Bank
Custodial (securities)
Custodian
$164,972
$0
$164,972


Groom Law
Legal
Attorney
$29,857
$0
$29,857


State Street Global Advisers
Investment management
Investment Management
$25,563
$0
$25,563


Burgiss Group
Consulting (general)
Consultant
$20,108
$0
$20,108


Kahn Litwin Renza & Co. Ltd
Consulting (general)
Consultant
$6,877
$0
$6,877


Pricewaterhousecoopers
Accounting (including auditing)
Accountants
$6,447
$0
$6,447


Total
$1,917,350
$0
$1,917,350





Indirect Compensation Details


Name
Source of Indirect Compensation*
Nature of Service
Description of Indirect Compensation
Indirect Compensation Paid by Plan


There are no service providers with indirect compensation listed for this plan.





Service Providers Who Fail or Refuse to Provide Information


Name
Nature of Service
Description of Information


There are no service providers who failed or refused to provider information.





Termination Information on Accountants and Enrolled Actuaries


Name
Position
Explanation


There is no termination information for this plan.





*As outlined by the Form 5500 Instructions for service providers with indirect compensation.





 








Company Info
            About Us

Newsroom

Careers

Contact

Blog





Explore
            401K Plan Ratings

Advisor Pages

Fund Pages

Financial Insights

FAQ





For Advisors
            Advisor Pages

Spyglass





For Enterprise
            Beacon





Social
            Facebook

Twitter

LinkedIn





Legal
            Privacy Policy

Terms of Use






Copyright © 2008-2017, BrightScope Inc. All Rights Reserved. Your use of this service is subject to ourTerms of UseandPrivacy Policy





Information is provided 'as is' and solely for informational purposes, not for investment purposes or advice.BrightScope is not a fiduciary under ERISA. BrightScope is not endorsed by or affiliated with FINRA.
        










BrightScope /
CIO /
FWW /
Global Custodian /
Investor Economics /
LiquidMetrix /
Market Metrics /
Matrix Solutions /
PLANADVISER /
Plan For Life /
PLANSPONSOR /
Simfund /
Strategic Insight /
The Trade

©2016 Strategic Insight Inc. All Rights Reserved. No Reproduction without Prior Authorizations























 

Fundings, investments, venture capital activity































Want to see more?Want to find out who got funded, and who’s funding the next big thing? in real time? all across the world? tailored to your specific areas of focus?100+ deals per dayGet access to the most exhaustive worldwide funding watch on the web!Comprehensive funding informationKnow about who invested in a company, which sites covered the event, the funding history, etc.Exclusive insightsView original analytics such as most dynamic industries, most active investors, and more!Stay aware!Get emailed when deals critical to your business happen. Filter by region, industry and topics of interest.As seen onHave a login?Sign inRegister now!It's free!Use your social accountOr fill in the quick form:Register nowpromise we won't spamSign invia your social account:via your existing WGF account:Remember meRegister, it's freeForgot your password?SIGN INForgot your password?Enter your e-mail and we will send you your new password.reset passwordThe world's largest funding base/companies/?letter=Tsection=companies&country=&letter=TCompaniesFilter byCompanies per pageAlphabetABCDEFGHIJKLMNOPQRSTUVWXYZspecial charsAll countriesAll industries100200300TT & E Investment Group LlcT & G Apothecary IncT Alliance One - Palm Springs LlcT Alliance Three - Sunnyvale LlcT Mills Holdings LlcT Nguyen Enterprise LlcT Rex Group IncT Rowe PriceT Rowe Price Innovation Fund LlcT Rowe Price Term Asset-backed Oppor...T Squared China Fund LlcT Stacy Value Fund I LpT Wall Residential/the West End LlcT Wall Residential/tribeca Village L...T Wall Residential/tribeca Village P...T Wall Residential/wingra Point LlcT Y P Restaurant Group IncT&c Associates Msv LlcT&d Solutions Holdings LlcT&h Capital LlcT&h Global Holdings LlcT&k Learning Centers #1 LlcT&t Dining Concepts LlcT'emogique IncT- Cubed Investments Cayman Fund LtdT-a Ii Texas Co-invest LpT-base LpT-bill Arbitrage Fund LpT-bird Partners LlcT-c 33 Arch Street LlcT-c 685 Third Avenue LlcT-c 888 Brannan Owner LlcT-c Foundry Square Ii Owner LlcT-c International Plaza Reit LlcT-c Las Vegas Retail Reit LlcT-c Midwest Reit LlcT-c Pearl Reit 2 LlcT-c Republic Square Reit LlcT-c U.s Super Regional Mall Fund LpT-cubed Investments LpT-mobile Us IncT-pro Solutions IncT-radius Holdings IncT-rex Group IncT-rex Oil IncT-vi Co-invest-a LpT.f Hudgins Holdings LlcT.h.e Medical IncT.i.a Fusion Fund LpT.i.g Of Texas IncT1visionsT2 Accredited Fund LpT2 Accredited Fund Lp Dba Kase FundT2 Asset Group LlcT2 Asset Opportunity Fund Ii LpT2 Asset Opportunity Fund Iii LpT2 Asset Opportunity Fund Iv LpT2 Associates Contrary #1 Pool LpT2 Associates Ff Fund LpT2 Biosystems IncT2 Healthcare LlcT2 Modus LlcT2 Opportunity Fund Ii (ai) LpT2 Opportunity Fund Ii LpT2 Opportunity Fund Iii (ai) LpT2 Opportunity Fund Iii LpT2 Opportunity Fund LlcT2 Qualified Fund L PT2 Qualified Fund Lp Dba Kase Qualif...T2 Spac Fund LpT2 Srei Fund Ca LlcT2 Strategic Real Estate Income Fund...T24 Income Fund LpT26 CorpT2p Company LtdT3 Emerging Manager Fund LlcT3 Growth Partners LlcT3 Motion IncT3 Select Fund LlcT3c IncT3d Therapeutics IncT3media IncT4 Holdings LlcT4 Spatial LlcT4analytics LlcT4v3 LlcT5 Data CentersT5@ Atlanta TrustT5@ Dallas TrustT5@ Los Angeles TrustTa A&p Vi Ecm Aiv LpTa A&p Vi Ecm Feeder LlcTa Ann HoldingsTa Ap Vi Am-a Aiv LpTa Ap Vi Am-b Feeder LpTa Ap Vi Fs-a Feeder LpTa Ap Vi Fs-b Feeder LpTa Ap Vi Nx Aiv LpTa Ap Vi Smm Aiv LpTa Ap Vi Smm Feeder Lp12345678...17...64Next 

Fundings, investments, venture capital activity































Want to see more?Want to find out who got funded, and who’s funding the next big thing? in real time? all across the world? tailored to your specific areas of focus?100+ deals per dayGet access to the most exhaustive worldwide funding watch on the web!Comprehensive funding informationKnow about who invested in a company, which sites covered the event, the funding history, etc.Exclusive insightsView original analytics such as most dynamic industries, most active investors, and more!Stay aware!Get emailed when deals critical to your business happen. Filter by region, industry and topics of interest.As seen onHave a login?Sign inRegister now!It's free!Use your social accountOr fill in the quick form:Register nowpromise we won't spamSign invia your social account:via your existing WGF account:Remember meRegister, it's freeForgot your password?SIGN INForgot your password?Enter your e-mail and we will send you your new password.reset passwordThe world's largest funding base/companies/?page=1198section=companies&country=&page=1198CompaniesFilter byCompanies per pageAlphabetABCDEFGHIJKLMNOPQRSTUVWXYZspecial charsAll countriesAll industries100200300WWoodson Capital Partners LpWoodsong Athens LlcWoodsong Property Renovation Partner...Woodspear Airwalk LlcWoodspear Florida Gardens LlcWoodspear Newport Heights LlcWoodspear Prairie Trail LlcWoodspear Regency LlcWoodspring Sponsor LlcWoodstock Holdings IncWoodward Co LlcWoodward Governor CoWoodward IncWoodway Beverage Partners LlcWoofbert IncWoofound IncWooga GmbhWool And The GangWooplrWooplr Technologies Pvt LtdWoops LlcWooptixWooster Capital LpWoot MathWootricWoovite LlcWoowa Brothers CorpWop Investors 2014-1 LpWoqu+comWorch Capital Partners LpWord & Music IncWord Capital Roots Fund LpWord Enterprises LtdWordlock IncWordnikWordplay Learning LlcWordpressWordrake Holdings LlcWordseries IncWordseye IncWordsmith Media IncWordster IncWordstreamWordwatch IncWork & Class LlcWork For Pie IncWork Here LlcWork Market IncWork N Gear IncWork Play Sleep IncWork Today IncWork Truck Solutions IncWork4Work4 LabsWorkableWorkable Technology LtdWorkangelWorkappsWorkatoWorkboard IncWorkday IncWorkers Diner IncWorkeyWorkface IncWorkfitWorkflex Solutions LlcWorkfolioWorkforce Financial IncWorkforce Investors LlcWorkforce Opportunity Fund I LpWorkforce Partners I LlcWorkforce Partners Ii LlcWorkforce Partners Iii LlcWorkforce Partners Iv LlcWorkforce Partners Vii LlcWorkforce Partners Viii LlcWorkforce Software Holdings LlcWorkforce Software IncWorkforce Software LlcWorkforceconnexion Recruiting Soluti...WorkfrontWorkfusionWorkhorse Fund LpWorkhorse Group IncWorkhorse Rail LlcWorkindiaWorkindia+inWorking Capital Partners LtdWorking Equity IncWorking Not Working IncWorking Wounded Warriors CorpWorkitWorkit HealthWorkiva LlcWorkjamWorkleWorkmarketWorkpopWorkrailsWorkrampPrevious1...1185...11951196119711981199120012011202...1211Next















Mit Basic Retirement Plan | 2015 Form 5500 by BrightScope































[[getSearchTypeDisplayName(searchType)]]


Advisor

Funds

Firms

401k Plans










































































Back to top



Home>401K Directory>Mit Basic Retirement Plan>Form 5500






Massachusetts Institute of TechnologyPlan Rating




OverviewFinancialsService ProvidersInvestmentsInsurance Information





FORM 5500 DATA




Mit Basic Retirement Plan

Print



Form 5500 Year:


2015


2015

2014

2013

2012

2011

2010

2009


Plan Rating







OverviewFinancialsService ProvidersInvestmentsInsurance Information
















Overview







Plan Information

Plan Year01/01/2015 — 12/31/2015

Date of Plan09/01/1926

Net Assets as of 12/31/2015
$3,290,288,926

Plan Number2

Plan Type

Single Employer








Is the plan collectively bargained?
No

Did the plan file for an extension of time or the DFVC Program?Yes

Plan Funding ArrangementInsurance




Trust


Plan Benefit ArrangementInsurance




Trust









Participant Information as of 12/31/2015

Active (Eligible) Participants11,154

Retired or separated participants receiving benefits4,754

Other retired or separated participants entitled to future benefits9,402

Subtotal25,310

Deceased participants whose beneficiaries are receiving or are entitled to receive benefits1,089

Total26,399

Total number of participants as of 01/01/201526,344

Number of participants with account balances0

Number of participants that terminated employment during the plan year with accrued benefits that were less than 100% vested591









Expenses

Total Benefit Payments$0

Corrective Distributions$0

Administrative Service Providers$0

Other Expenses$0

Total Expenses$0

Total Transfers$0















Sponsor Information

Address77 Massachusetts Avenue Ne49-3142

CityCambridge

StateMA

Zip02139

Telephone(617) 253-1336

EIN04-2103594

Industry Code611000

Named AdministratorGlen Shor


















Questions and Answers



Question
Answer
Amount


During the plan year did the employer fail to transmit to the plan any participant contributions within the time period described in 29 CFT 2510.3-102?

No
              




Were any loans by the plan or fixed income obligations due the plan in default as of the close of plan year or classified during the year as uncollectible? Disregard participant loans secured by participant's account balance.

No
              




Were any leases to which the plan was a party in default or classified during the year as uncollectible?

No
              




Were there any nonexempt transactions with any party-in-interest?

No
              




Was this plan covered by a fidelity bond?
Yes
              
$5,000,000
              


Did the plan have a loss, whether or not reimbursed by the plan's fidelity bond, that was caused by fraud or dishonesty?

No
              




Did the plan hold any assets whose current value was neither readily determinable on an established market nor set by an independent third party appraiser?
Yes
              
$2,628,695,012
              


Did the plan receive any noncash contributions whose value was neither readily determinable on an established market nor set by an independent third party appraiser?

No
              




Were all the plan assets either distributed to participants or beneficiaries, transferred to another plan, or brought under the control of the PBGC?

No
              



Has the plan failed to provide any benefit when due under the plan?

No
              




If this is an individual account plan, was there a blackout period?

No
              



If there was a blackout period, have you either provided the required notice or one of the exceptions to providing the notice applied under 29 CFR 2520.101-3?

No
              





















Service Providers







Persons Receiving Only Eligible Indirect Compensation

MIT

238 Plan Associates








Other Service Providers Receiving Direct or Indirect Compensation



Name
Nature of Service
Relationship to Plan Sponsor
Direct Compensation Paid by Plan
Indirect Compensation Paid by Plan
Total Compensation



Willis Towers Watson

Actuary
$2,030,516
$0
$2,030,516


State Street Bank

Custodian
$606,586
$0
$606,586


Pricewaterhouse Coopers

Accountant
$71,818
$0
$71,818


Groom Law

Attorney
$45,519
$0
$45,519


The Burgiss Group

Data Services
$14,666
$0
$14,666


Total
$2,769,105
$0
$2,769,105










Indirect Compensation




There are no service providers with indirect compensation listed for this plan.










Service Providers Who Fail or Refuse to Provide Information




There are no service providers who failed or refused to provide information.










Termination Information on Accountants and Enrolled Actuaries




There is no termination information for this plan.












Investments







Investments




No investments information available for this plan.













Insurance Information







Insurance Information




Insurance Carrier Summary

Persons Covered





John Hancock Life Insurance Company

0






EIN
01-0233346



Industry Code
65838



Contract Number
GAC 7 ASSN 0



Contract Year
01/01/2015 — 12/31/2015
                      



Value in General Account at Year End
$0



Value in Separate Accounts at Year End
$0



Insurance Fees and Commissions
$0



Persons Receiving Commissions and Fees
There are no brokers listed for this plan.




Allocated Funds







Type of Contract
Group Deferred Annuity



Basis of premium rates




Premiums paid to carrier
$15,360



Premiums due but unpaid at the end of the year
$0



If the carrier, service, or other organization incurred any specific costs in connection with the acquisition or retention of the contract or policy, enter amount
        
$0



Specify the nature of the costs








Unallocated Funds







Type of Contract
Unspecified
        



Balance at the end of the previous year
$0




Additions
$0






Contributions Deposited during the year
$0



Dividends and credits
$0



Interest credited during the year
$0



Transferred from separate account
$0



Other
$0






Total of Balance and Additions
$0




Deductions
$0






Disbursed from fund to pay benefits or purchase annuities during the year
$0



Administration charge made by carrier
$0



Transferred to Separate Account
$0



Other
$0






Balance at the end of the current year
$0



























Company Info
            About Us

Newsroom

Careers

Contact

Blog





Explore
            401K Plan Ratings

Advisor Pages

Fund Pages

Financial Insights

FAQ





For Advisors
            Advisor Pages

Spyglass





For Enterprise
            Beacon





Social
            Facebook

Twitter

LinkedIn





Legal
            Privacy Policy

Terms of Use






Copyright © 2008-2017, BrightScope Inc. All Rights Reserved. Your use of this service is subject to ourTerms of UseandPrivacy Policy





Information is provided 'as is' and solely for informational purposes, not for investment purposes or advice.BrightScope is not a fiduciary under ERISA. BrightScope is not endorsed by or affiliated with FINRA.
        










BrightScope /
CIO /
FWW /
Global Custodian /
Investor Economics /
LiquidMetrix /
Market Metrics /
Matrix Solutions /
PLANADVISER /
Plan For Life /
PLANSPONSOR /
Simfund /
Strategic Insight /
The Trade

©2016 Strategic Insight Inc. All Rights Reserved. No Reproduction without Prior Authorizations
































