

Bizapedia.com - Human Validation
















COMPANIESPEOPLEPRODUCTS/SERVICESTRADEMARKSADDRESSESPHONE BOOK




            Our system has detected a high number of page requests from your IP Address, please prove to us that you are a human to continue using our website.
        
























                            Please send me to the search subscription offer page after I successfully answer the word challenge.
                        









BIZAPEDIAPRO SEARCHPerform unlimited searches via ouradvanced search form withBizapedia Pro Search.FIND OUT MORE >BIZAPEDIAPRO DATABuild custom data listsfor one or many stateswith Bizapedia Pro Data.FIND OUT MORE >


Copyright © 2012-2017 · Bizapedia.com · All rights reserved.BlogPro SearchPro APIContact UsTerms of UsePrivacy PolicySitemapDesktop Version














Bizapedia.com - Human Validation
















COMPANIESPEOPLEPRODUCTS/SERVICESTRADEMARKSADDRESSESPHONE BOOK




            Our system has detected a high number of page requests from your IP Address, please prove to us that you are a human to continue using our website.
        
























                            Please send me to the search subscription offer page after I successfully answer the word challenge.
                        









BIZAPEDIAPRO SEARCHPerform unlimited searches via ouradvanced search form withBizapedia Pro Search.FIND OUT MORE >BIZAPEDIAPRO DATABuild custom data listsfor one or many stateswith Bizapedia Pro Data.FIND OUT MORE >


Copyright © 2012-2017 · Bizapedia.com · All rights reserved.BlogPro SearchPro APIContact UsTerms of UsePrivacy PolicySitemapDesktop Version














RV Components, Gas Appliances, Marine Products, Chassis Components, Seating Systems, Windows and Doors from Atwood Mobile






























Atwood Mobile








Appliances &Detectors

Air Conditioners
Fan-Tastic Vent
Furnaces
LP & CO Detectors
Ranges and Cooktops
Refrigerators
Water Heaters (Tank)
Water Heaters (On-Demand)



MarineProducts

Water Heaters


Contact
Jobs
FAQ
DOMETIC




 




















News, Events, & Announcements






Bringing All the Comforts of Home to the Great Outdoors!

										Atwood Mobile Products, LLC has been a world leader in designing, engineering and manufacturing appliances and hardware for the RV industry for over 30 years.  Whether it's our constant drive for innovation and improvement or our unwavering commitment to our customers it's no coincidence that Atwood Mobile Products, LLC has found itself an integral part of the RV industry for now and many years to come.
									





Creating Comfort for Boating Enthusiasts from Sea to Shining Sea 

										30 years of experience and expertise designing and engineering water heaters for the RV Industry has left Atwood Mobile Products a dominant market leader in RV appliance design.  Atwood Mobile Products has applied the same principles that made us successful in the RV Industry to a water heater designed specifically for the boating industry.  In doing so, our water heaters have become the standard in the boating industry.
									





If You Can Imagine It, We Can Create It.

										Our commitment to our customer base is to continue to improve our creative capacities and design capabilities by continually reinvesting in advanced production and service technologies - and providing cost-effective and innovative products that will help you grow and excel in an ever demanding market place.
									





Made in Indiana

										Purdue University's Manufacturing Extension Partnership thanks Atwood Mobile Products for participating in their Made in Indiana program.  The program highlights the contributions manufacturing makes to the state's economy and features companies like Atwood Mobile Products that are customer focused, forward thinking, continuously improving their productivity, and have a desire to grow, succeed, and compete locally and globally.  View Our Certificate






Industry Associations
Atwood Mobile Products is a proud, active member in these industry associations.  View Now
 
										
									




California Transparency in Supply Chains Act Disclosure Statement

Standard Purchase Order Terms

Standard Terms and Conditions of Sale



















Zip Code:   

 - OR - 

   
State
AL
AK
AZ
AR
CA
CO
CT
DE
DC
FL
GA
HI
ID
IL
IN
IA
KS
KY
LA
ME
MD
MA
MI
MN
MS
MO
MT
NE
NV
NH
NJ
NM
NY
NC
ND
OH
OK
OR
PA
RI
SC
SD
TN
TX
UT
VT
VA
WA
WV
WI
WY


Distance:   
5 Miles
15 Miles
25 Miles
50 Miles
100 Miles






 

 

View Canadian Service Centers
View Terms and Conditions
 







Login: 
                                

Password: 
                                







 
Apply Now to Become a Service Center		   
					    





							
							View Public Documents/Manuals









On Demand Water Heater Recall:Atwood Mobile Products, LLC Announces Product Recall of On Demand Water Heaters    Read more...
Atwood Acquires Aircommand AustraliaAtwood Mobile Products has closed on a transaction to acquire Aircommand, a privately held company headquartered in Adelaide, South Australia.    Read more...
Atwood Has Expansion Plans in IndianaAtwood Mobile Products plans to create 132 new jobs by 2015 and invest $5.9 Million in operations.    Read more...
Atwood Purchases Fan-Tastic Vent CompanyAtwood Mobile Products LLC reached an agreement to acquire the privately held Fan-Tastic Vent Company located in Imlay City, Michigan.  Fan-Tastic Vent is a market leader in 12-volt powered vents, selling primarily to the recreational vehicle market.    Read more...
Electric Heating Kit Information Notice:Atwood discourages the altering of any Atwood furnace to accommodate the use of a secondary heating system (ie. electric heating kit)...     Read more...
Dealer Information - Series 35 Range Safety Recall Notice (Login Required).
Recall Information - Series 8900-III AC Furnace












 





Products

Furnaces
Cooking Appliances
Water Heaters



Products

Seating
Chassis Components
Marine Products



Products

LP and CO Detectors



Company

Company Profile
Contact Us
Service Center Locator
Dealer Login



Contact Us

1120 N. Main St.
Elkhart, IN 46514
Ph: 800-546-8759 USA
800-825-4328 Canada & USA
      




			Copyright Atwood Mobile Products, 2012. All Rights Reserved.  Web Design by Net-Noggin.
		








Wedgewood Depositor III, LLC, BizPedia.xyz - We monitor changes in companies





















BizPedia.xyz  - We monitor changes in companies
 






Wedgewood Depositor III, LLC


FREE EMAIL WATCHDOG
Get free email notifications about news in Wedgewood Depositor III, LLC.










The service is free and you can unsubscribe at any time.

General | Filings (3)
CIK Number: 0001650721IRS Number: 474275734

Wedgewood Depositor III, LLC address2015 MANHATTAN BEACH BOULEVARDSUITE 100REDONDO BEACH 90278
Earliest known filing
August 2015
Latest known filing
February 2017




Company filings
SEC filings are a great source of information for companies including investments, company events, and all sorts of other information. 
Wedgewood Depositor III, LLC has 3 filings. View Wedgewood Depositor III, LLC filings.
Similar companiesWedgewood 118, LLC, WEDGEWOOD CAPITAL PARTNERS LP, Wedgewood Depositor II, LLC, Wedgewood Depositor IV, LLC, Wedgewood Depositor V, LLC, Wedgewood Depositor VI, LLC, Wedgewood Depositor VII, LLC, Wedgewood Holdings Inc., Wedgewood Hospitality Group, Inc., Wedgewood I, LLC, WEDGEWOOD INVESTMENT GROUP, INC., WEDGEWOOD INVESTORS INC /PA/, WEDGEWOOD PARTNERS INC, Wedgewood Partners LLC, WEDGEWOOD PARTNERS, INC., Wedgewood Properties, LLC














BizPedia.xyz collect news, financial information, SEC filings, stock information, contact information, personal information, information about investments, etc. about Wedgewood Depositor III, LLC. 







Wedgewood Depositor IV, LLC, BizPedia.xyz - We monitor changes in companies





















BizPedia.xyz  - We monitor changes in companies
 






Wedgewood Depositor IV, LLC


FREE EMAIL WATCHDOG
Get free email notifications about news in Wedgewood Depositor IV, LLC.










The service is free and you can unsubscribe at any time.

General | Filings (2)
CIK Number: 0001681705IRS Number: 812220068

Wedgewood Depositor IV, LLC address2015 MANHATTAN BEACH BOULEVARDSUITE 100REDONDO BEACH 90278
Earliest known filing
August 2016
Latest known filing
February 2017




Company filings
SEC filings are a great source of information for companies including investments, company events, and all sorts of other information. 
Wedgewood Depositor IV, LLC has 2 filings. View Wedgewood Depositor IV, LLC filings.
Similar companiesWedgewood Depositor VII, LLC, Wedgewood Depositor VI, LLC, Wedgewood Depositor V, LLC, Wedgewood Properties, LLC, Wedgewood Holdings Inc., Wedgewood Depositor III, LLC, Wedgewood 118, LLC, Wedgewood Depositor II, LLC, Wedgewood Hospitality Group, Inc., Wedgewood I, LLC, WEDGEWOOD INVESTMENT GROUP, INC., Wedgewood Partners LLC, WEDGEWOOD CAPITAL PARTNERS LP, WEDGEWOOD INVESTORS INC /PA/, WEDGEWOOD PARTNERS INC, WEDGEWOOD PARTNERS, INC.














BizPedia.xyz collect news, financial information, SEC filings, stock information, contact information, personal information, information about investments, etc. about Wedgewood Depositor IV, LLC. 







CS FUNDING DEPOSITOR VI LLC Credit report, products, contacts













 Florida






Search









    CS FUNDING DEPOSITOR VI LLC











Company number M06000001952
        

Status Inactive
        

FEI number 364583754
        

Company Type Foreign Limited Liability
        

Home State DE
        

Last activity date 3/7/2007
        

Date Of Incorporation 4/5/2006
        

Principal Address
            4445 WILLARD AVE., 12TH FLOOR, CHEVY CHASE, MD, 20815
            


Mailing Address 4445 WILLARD AVE., 12TH FLOOR, CHEVY CHASE, MD, 20815
        
CS FUNDING DEPOSITOR VI LLC Principals

Manager
                Capitalsource Finance Ii Inc
                 


Address
                4445 WILLARD AVE., 12TH FLOOR, CHEVY CHASE, MD, 20815
                 







Registered Agent

Agent Name X (c)
        

Agent Address
                X, X, FL, 33324
                

CS FUNDING DEPOSITOR VI LLC Events

1 LC WITHDRAWAL
            

filedDate 3/7/2007
            

Description
CS FUNDING DEPOSITOR VI LLC has been set up 4/5/2006 in state DE.  
The current status of the business is Inactive. The CS FUNDING DEPOSITOR VI LLC principal adress is 4445 WILLARD AVE., 12TH FLOOR, CHEVY CHASE, MD, 20815. 
Meanwhile you can send your letters to 4445 WILLARD AVE., 12TH FLOOR, CHEVY CHASE, MD, 20815. 
The company`s registered agent is X X, X, FL, 33324.  
The company`s management are Manager - Capitalsource Finance Ii Inc. The last significant event in the company history is LC WITHDRAWAL which is dated by 3/7/2007. This decision is take in action on unknown. 






Comprehensive Report about this company
        





(view sample)








Similar Companies
CS FUNDING II DEPOSITOR LLC
C & S FUNDING INC.
C/S FUNDING, INC.
C & S FUNDING & INVESTMENT CORPORATION
C'S FUN FOOD CONCESSIONS
C'S FUN FOOD CONCESSIONS UNLIMITED, INC.













G&I VI MALLARDS OF WEDGEWOOD LLC Credit report, products, contacts













 Florida






Search









    G&I VI MALLARDS OF WEDGEWOOD LLC











Company number M08000000650
        

Status Inactive
        

FEI number 261900829
        

Company Type Foreign Limited Liability
        

Home State DE
        

Last activity date 3/17/2015
        

Date Of Incorporation 2/7/2008
        

Principal Address
            C/O DRA ADVISORS LLC, 220 EAST 42ND STREET, 27TH FLOOR, NEW YORK, NY, 10017
            


Mailing Address C/O DRA ADVISORS LLC, 220 EAST 42ND STREET, 27TH FLOOR, NEW YORK, NY, 10017
        
G&I VI MALLARDS OF WEDGEWOOD LLC Fictitious Names

Active
MALLARDS OF WEDGEWOOD APARTMENTS

G&I VI MALLARDS OF WEDGEWOOD LLC Principals

M, G, R, M
                G I Vi Mezz Wrangler Llc
                 


Address
                220 EAST 42ND STREET, 27TH FLOOR, NEW YORK, NY, 10017
                 







Last Annual Reports

2014 2/20/2014
            

2014 2/20/2014
            

2013 2/15/2013
            
Registered Agent

Agent Name CORPORATION SERVICE COMPANY (c)
        

Agent Address
                1201 HAYS STREET, TALLAHASSEE, FL, 32301
                

G&I VI MALLARDS OF WEDGEWOOD LLC Events

1 REVOKED FOR         ANNUAL REPORT
            

filedDate 9/23/2011
            


2 REINSTATEMENT
            

filedDate 11/21/2011
            


3 LC WITHDRAWAL
            

filedDate 3/17/2015
            

Description
G&I VI MALLARDS OF WEDGEWOOD LLC has been set up 2/7/2008 in state DE.  
The current status of the business is Inactive. The G&I VI MALLARDS OF WEDGEWOOD LLC principal adress is C/O DRA ADVISORS LLC, 220 EAST 42ND STREET, 27TH FLOOR, NEW YORK, NY, 10017. 
Meanwhile you can send your letters to C/O DRA ADVISORS LLC, 220 EAST 42ND STREET, 27TH FLOOR, NEW YORK, NY, 10017. 
The company`s registered agent is CORPORATION SERVICE COMPANY 1201 HAYS STREET, TALLAHASSEE, FL, 32301.  
The company`s management are M, G, R, M - G I Vi Mezz Wrangler Llc. The last significant event in the company history is LC WITHDRAWAL which is dated by 3/17/2015. This decision is take in action on unknown.  The company annual reports filed on Annual reports – 2/20/2014.






Comprehensive Report about this company
        





(view sample)








Similar Companies
GIV IMESON, LLC
G&I VI MEZZ WRANGLER LLC
GIVIN 4 LIVIN INC.
GIVIN ALL WE GOT CHARITIES, LLC.
GIVIN ALL WE GOT PRODUCTIONS, INC.
GIVING A DOG A BONE, LLC

















List of Asset Backed Securities in DealView













Sign In
Request Access












Previous
1 2 3 4 5 6 7 8 9 10 11 12 13 14 15 16 17 18 19 20 21 22 23 24 25 26 27 28 29 30 31 32 33 34 35 36 37 38 39 40 41 42 43 44 45 46 47 48 49 50 51 52 53 54 55 56 57 58 59 60 61 62 63 64 65 66 67 68 69 70 71 72 73 74 75 76 77 78 79 80 81 82 83 84 85 86 87 88 89 90 91 92
Next


VR Global Partners LP - CDO
VS5-B Grantor Trust - ABS/MBS
VSD 2017-PLT1 - ABS/MBS
VSDTrust 2016-1 - ABS/MBS
VTTI Energy Partners LP - ABS
Vulcan (European Loan Conduit No. 28 ) Limited  - CMBS
VW CREDIT INC - ABS
VW VALT 2014-A SUBI - ABS/MBS
VW VOLT 2016-1 - ABS/MBS
VY Capital Management Co. Ltd. - ABS
VYTIMNS 1991-1-R - ABS/MBS
VYTIMNS 1991-1-S - ABS/MBS
VZ Repack Trust Class B-1 and B-2 Trust Certificates - CLO
VZ Texas Repack Trust Class B-1 and B-2 Certificates - CLO
W&DCAPITAL/CITI CSCPA FULL RECOURSE - ABS/MBS
W&DCAPITAL/CITI CSCPA TOP LOSS - ABS/MBS
WACHOVIA WACH - ABS
WACHOVIA WACH00-1 - ABS
WACHOVIA WACHNIM06-N1 - RMBS
WACHOVIA 2005-C21 - CMBS
Wachovia 2005-Whale 5 - CMBS
WACHOVIA 2005-WHALE 6 - CMBS
Wachovia 2006-Whale 7 - CMBS
Wachovia 2007 - Whale 8 - CMBS
Wachovia Arm Securitization 2005-A - ABS/MBS
Wachovia Asset Securitization Inc. 2003 - 1 - MBS
Wachovia Asset Securitization Issuance II, LLC - ABS
WACHOVIA ASSET SECURITIZATION ISSUANCE LLC - ABS
Wachovia Asset Securitization Issuance LLC, Series 2002-HE1 - ABS
Wachovia Asset Securitization Issuance LLC, Series 2002-HE2 - ABS
Wachovia Bank CMT Series 2003-C4 - CMBS
Wachovia Bank CMT Series 2003-C9 - CMBS
Wachovia Bank CMT Series 2004-C12 - CMBS
Wachovia Bank CMT Series 2004-C14 - CMBS
Wachovia Bank CMT Series 2005-C18 - CMBS
Wachovia Bank CMT Series 2005-C20 - CMBS
Wachovia Bank CMT Series 2006-C24 - CMBS
Wachovia Bank JPMorgan Chase Bank 2002 - WHALE 1 - CMBS
Wachovia CLO SPC , Ltd Kingsland V Gap Notes Series 1 - CDO
Wachovia CLO SPC Ltd Kingsland V - CDO
Wachovia CLO SPC, Limited (Repak for Jersey Street CLO) - CDO
Wachovia CRE CDO 2006-1A - CDO
Wachovia Education Loan Funding LLC - ABS
Wachovia Loan Trust 2005-SD1 - ABS/MBS
Wachovia Mortgage Loan Trust (WMLT) 2005 - B - MBS
Wachovia Mortgage Loan Trust, LLC - ABS
Wachovia Mortgage Pass-Through Certificates Series 34 Trust - CMBS
Wachovia Mortgage Pass-Through Certificates Series 35 Trust - CMBS
Wachovia Mortgage Pass-Through Certificates Series 33 Trust - CMBS
Wachovia Residual Interest Securitization, LLC - ABS
Wachovia Student Loan Trust 2005-1 - ABS/MBS
Wachovia Student Loan Trust 2006-1 - ABS/MBS
WADE G W & INC - TBC
WADSWORTH CDO LTD - CDO
WALKER & DUNLOP CAPITAL, LLC - ABS
Walker & Dunlop Commercial Property Funding I CB, LLC - ABS
Walker & Dunlop Commercial Property Funding I CS, LLC - ABS
Walker & Dunlop Commercial Property Funding I WF, LLC - ABS
WALKER & DUNLOP, LLC - ABS/MBS
Wall Street Access Asset Management, LLC - ABS
Walnust Street Issuer, LLC 2014 - 1
Tax Lien Service Group Walnut - Tax Lien
Walnut Grove Mortgage Loan Trust, Series 2003-A - MBS
Walnust Street Issuer, LLC Walnut Street Issuer, LLC 2014 - 1
Walnut Street Issuer, LLC 2014 - 1 - CMBS
LEHMAN BROTHERS INC. Walnut/Lehman Credit Lease - CMBS
Wachovia Auto Trust WALOT 2006-1 - ABS/MBS
Wachovia Auto Trust WALOT 2006-2 - ABS/MBS
Wachovia Auto Trust WALOT 2007-1 - ABS/MBS
Wachovia Auto Trust WALOT 2008-1 - ABS/MBS
Walter Capital REMIC Trust 2015-1 - ABS/MBS
Walton SCDO, Series 2003-1, Limited - ABS
WAMCO 2014-3Q7R - ABS/MBS
Washington Mutual (WAMU) WAMU 2001-1 - CMBS
Washington Mutual (WAMU) WAMU 2002-AR1 - ABS/MBS
Washington Mutual (WAMU) WAMU 2002-AR3 - ABS/MBS
Washington Mutual (WAMU) WAMU 2002-MS1 - ABS/MBS
Washington Mutual (WAMU) WAMU 2002-MS10 - ABS/MBS
Washington Mutual (WAMU) WAMU 2002-MS11 - ABS/MBS
Washington Mutual (WAMU) WAMU 2002-MS12 - ABS/MBS
Washington Mutual (WAMU) WAMU 2002-MS2 - ABS/MBS
Washington Mutual (WAMU) WAMU 2002-MS3 - ABS/MBS
Washington Mutual (WAMU) WAMU 2002-MS4 - ABS/MBS
Washington Mutual (WAMU) WAMU 2002-MS5 - ABS/MBS
Washington Mutual (WAMU) WAMU 2002-MS6 - ABS/MBS
Washington Mutual (WAMU) WAMU 2002-MS7 - ABS/MBS
Washington Mutual (WAMU) WAMU 2002-MS8 - ABS/MBS
Washington Mutual (WAMU) WAMU 2002-MS9 - ABS/MBS
Washington Mutual (WAMU) WAMU 2002-S5 - ABS/MBS
Washington Mutual (WAMU) WAMU 2002-S6 - ABS/MBS
Washington Mutual (WAMU) WAMU 2002-S8 - ABS/MBS
Washington Mutual (WAMU) WAMU 2003-AR1 - ABS/MBS
Washington Mutual (WAMU) WAMU 2003-AR2 - ABS/MBS
Washington Mutual (WAMU) WAMU 2003-AR3 - ABS/MBS
Washington Mutual (WAMU) WAMU 2003-AR4 - ABS/MBS
Washington Mutual (WAMU) WAMU 2003-C1 - CMBS
Washington Mutual (WAMU) WAMU 2003-MS1 - ABS/MBS
Washington Mutual (WAMU) WAMU 2003-MS2 - ABS/MBS
Washington Mutual (WAMU) WAMU 2003-MS3 - ABS/MBS
Washington Mutual (WAMU) WAMU 2003-MS4 - ABS/MBS
Washington Mutual (WAMU) WAMU 2003-MS5 - ABS/MBS
Washington Mutual (WAMU) WAMU 2003-MS6 - ABS/MBS
Washington Mutual (WAMU) WAMU 2003-MS7 - ABS/MBS
Washington Mutual (WAMU) WAMU 2003-MS8 - ABS/MBS
Washington Mutual (WAMU) WAMU 2003-MS9 - ABS/MBS
Washington Mutual (WAMU) WAMU 2003-S1 - ABS/MBS
Washington Mutual (WAMU) WAMU 2003-S10 - ABS/MBS
Washington Mutual (WAMU) WAMU 2003-S12 - ABS/MBS
Washington Mutual (WAMU) WAMU 2003-S13 - ABS/MBS
Washington Mutual (WAMU) WAMU 2003-S2 - ABS/MBS
Washington Mutual (WAMU) WAMU 2003-S3 - ABS/MBS
Washington Mutual (WAMU) WAMU 2003-S4 - ABS/MBS
Washington Mutual (WAMU) WAMU 2003-S5 - ABS/MBS
Washington Mutual (WAMU) WAMU 2003-S6 - ABS/MBS
Washington Mutual (WAMU) WAMU 2003-S8 - ABS/MBS
Washington Mutual (WAMU) WAMU 2003-XSF1 - ABS/MBS
Washington Mutual (WAMU) WAMU 2004-AR14 - ABS/MBS
Washington Mutual (WAMU) WAMU 2004-CB4 - ABS/MBS
Washington Mutual (WAMU) WAMU 2004-RA1 - ABS/MBS
Washington Mutual (WAMU) WAMU 2004-RA2 - ABS/MBS
Washington Mutual (WAMU) WAMU 2004-RA3 - ABS/MBS
Washington Mutual (WAMU) WAMU 2004-RA4 - ABS/MBS
Washington Mutual (WAMU) WAMU 2004-S2 - ABS/MBS
Washington Mutual (WAMU) WAMU 2004-S3 - ABS/MBS
Washington Mutual (WAMU) WAMU 2005-AR10 - ABS/MBS
Washington Mutual (WAMU) WAMU 2005-AR12 - ABS/MBS
Washington Mutual (WAMU) WAMU 2005-AR14 - ABS/MBS
Washington Mutual (WAMU) WAMU 2005-AR15 - ABS/MBS
Washington Mutual (WAMU) WAMU 2005-AR17 - ABS/MBS
Washington Mutual (WAMU) WAMU 2005-AR19 - ABS/MBS
Washington Mutual (WAMU) WAMU 2005-AR3 - ABS/MBS
Washington Mutual (WAMU) WAMU 2005-AR5 - ABS/MBS
Washington Mutual (WAMU) WAMU 2005-AR7 - ABS/MBS
Washington Mutual (WAMU) WAMU 2005-C1 - CMBS
Washington Mutual (WAMU) WAMU 2005-RA1 - ABS/MBS
Washington Mutual (WAMU) WAMU 2006-AR10 - ABS/MBS
Washington Mutual (WAMU) WAMU 2006-AR11 - ABS/MBS
Washington Mutual (WAMU) WAMU 2006-AR12 - ABS/MBS
Washington Mutual (WAMU) WAMU 2006-AR13 - ABS/MBS
Washington Mutual (WAMU) WAMU 2006-AR14 - ABS/MBS
Washington Mutual (WAMU) WAMU 2006-AR15 - ABS/MBS
Washington Mutual (WAMU) WAMU 2006-AR16 - ABS/MBS
Washington Mutual (WAMU) WAMU 2006-AR17 - ABS/MBS
Washington Mutual (WAMU) WAMU 2006-AR18 - ABS/MBS
Washington Mutual (WAMU) WAMU 2006-AR19 - ABS/MBS
Washington Mutual (WAMU) WAMU 2006-AR2 - ABS/MBS
Washington Mutual (WAMU) WAMU 2006-AR6 - ABS/MBS
Washington Mutual (WAMU) WAMU 2006-AR7 - ABS/MBS
Washington Mutual (WAMU) WAMU 2006-AR8 - ABS/MBS
Washington Mutual (WAMU) WAMU 2006-AR9 - ABS/MBS
Washington Mutual (WAMU) WAMU 2006-HE1 - ABS/MBS
Washington Mutual (WAMU) WAMU 2006-HE2 - ABS/MBS
Washington Mutual (WAMU) WAMU 2006-HE3 - ABS/MBS
Washington Mutual (WAMU) WAMU 2006-HE4 - ABS/MBS
Washington Mutual (WAMU) WAMU 2006-HE5 - ABS/MBS
Washington Mutual (WAMU) WAMU 2007-HE1 - ABS/MBS
Washington Mutual (WAMU) WAMU 2007-HE2 - ABS/MBS
Washington Mutual (WAMU) WAMU 2007-HY1 - ABS/MBS
Washington Mutual (WAMU) WAMU 2007-HY2 - ABS/MBS
Washington Mutual (WAMU) WAMU 2007-HY3 - ABS/MBS
Washington Mutual (WAMU) WAMU 2007-HY4 - ABS/MBS
Washington Mutual (WAMU) WAMU 2007-HY5 - ABS/MBS
Washington Mutual (WAMU) WAMU 2007-HY6 - ABS/MBS
Washington Mutual (WAMU) WAMU 2007-HY7 - ABS/MBS
Washington Mutual (WAMU) WAMU 2007-MF1 - ABS/MBS
Washington Mutual (WAMU) WAMU 2007-OA1 - ABS/MBS
Washington Mutual (WAMU) WAMU 2007-OA2 - ABS/MBS
Washington Mutual (WAMU) WAMU 2007-OA3 - ABS/MBS
Washington Mutual (WAMU) WAMU 2007-OA4 - ABS/MBS
Washington Mutual (WAMU) WAMU 2007-OA5 - ABS/MBS
Washington Mutual (WAMU) WAMU 2007-OA6 - ABS/MBS
Washington Mutual (WAMU) WAMU 2007-SL2 - ABS/MBS
Washington Mutual (WAMU) WAMU 2007-SL3 - CMBS
Washington Mutual (WAMU) WAMU 2008-SFR-2 - ABS/MBS
WaMu Asset Acceptance Corp. - ABS
Washington Mutual (WAMU) WAMU GT 2001-1 - CMBS
Wachovia Auto Trust WAOT 2004-A - ABS/MBS
Wachovia Auto Trust WAOT 2004-B - ABS/MBS
Wachovia Auto Trust WAOT 2005-A - ABS/MBS
Wachovia Auto Trust WAOT 2005-B - ABS/MBS
Wachovia Auto Trust WAOT 2006-A - ABS/MBS
Wachovia Auto Trust WAOT 2007-A - ABS/MBS
Wachovia Auto Trust WAOT 2008-A - ABS/MBS
Ward Ferry Management - ABS
Ward Ferry Management Ltd - ABS
Canyon CLO 2015-A, Ltd. Warehouse - CLO
Garrison Funding 2016-1 Ltd. Warehouse - CLO
Romark CLO - I Ltd Warehouse - CLO
Garrison Funding 2016-1 Ltd. Warehouse &amp; CLO - CLO
Garrison Funding 2016-1 Ltd. Warehouse 10/09/2015 - CLO
Warehouse Parent II - CDO
Warehouse Parent LTD
Warf 2012 - ABS/MBS
WARF 2012 LIMITED - ABS/MBS
Warren Averett Asset Management, LLC - TBC
Missouri Direct Deposit Program Warren Co. R-III
Missouri Direct Deposit Program Warrensburg R-VI
Missouri Direct Deposit Program Warsaw R-IX
Wartsila OYJ - ADR
Wasatch CLO, Limited - CLO
Washburn Financial Trust - CDO
Missouri Direct Deposit Program Washington
Washington Boulevard 2009-1 - CDO
Washington Mill CLO Ltd - CLO
Washington Mutual (WAMU) WAMU 2006-SL1 - CMBS
Washington Mutual Mortgage Pass-Through Certificates, Series 1997-1 - MBS
Washington Mutual Mortgage Pass-Through Certificates, Series 1999-WM4 - MBS
Washington Mutual Mortgage Pass-Through Certificates, Series 2001-AR5 - MBS
Washington Mutual Mortgage Pass-Through Certificates, Series 2002-AR17 - MBS
Washington Mutual Mortgage Pass-Through Certificates, Series 2002-S4 - MBS
Washington Mutual Mortgage Pass-Through Certificates, Series 2002-S7 - MBS
Washington Mutual Mortgage Pass-Through Certificates, Series 2004-RP1 - ABS
WASHINGTON MUTUAL MORTGAGE SECURITIES CORP - ABS
DLJ Mortgage Acceptance Corporation Washington Mutual Mortgage Securities Corporation Mortgage Pass-Through Certificates, Series 2000-1 - MBS
Washington Mutual WMALT 2007-OA1 - ABS/MBS
Washington Resources, LLC Education Loan Revenue Bonds
WASHINGTON TRUST BANK - ABS
HFA - WASHST WA State Hsg Finance Commission WASHST NIB SF WA State Housing Finance Commission 2009 Series A - ABS/MBS
HFA - WASHST WA State Hsg Finance Commission WASHST NIB SF WA State Housing Finance Commission 2009 Series B2 - ABS/MBS
Wachovia Asset Securitization Issuance (WASI) WASI 2006-HES1 - ABS/MBS
Wachovia Asset Securitization Issuance (WASI) WASI 2007-HE1 - ABS/MBS
Wachovia Asset Securitization Issuance (WASI) WASI 2007-HE2 - ABS/MBS
Wachovia Asset Securitization Issuance (WASI) WASI HELOC 2003-HE2 - ABS/MBS
Wachovia Asset Securitization Issuance (WASI) WASI HELOC 2003-HE3 - ABS/MBS
Wachovia Asset Securitization Issuance (WASI) WASI HELOC 2004-HE1 - ABS/MBS
Wachovia Asset Securitization Issuance (WASI) WASI HEMM 1 2004-1 - ABS/MBS
Wachovia Asset Securitization Issuance (WASI) WASI HEMM 1 2005-1 - ABS/MBS
Wachovia Asset Securitization Issuance (WASI) WASI HEMM 2 2004-2 - ABS/MBS
Watch Point Trust Co - TBC
Water Company Refund Contract Trust - ABS/MBS
Water Oak Advisors LLC - ABS
Waterfall Finance 10 Grantor Trust Series I - ABS/MBS
WATERFALL FINANCE 10, LLC - ABS
Waterfall SBA COOF Trust Series 2011-A - ABS/MBS
Waterfall Victoria Grantor Trust II Series G - ABS/MBS
Waterfall Victoria Master 2008-1 Series A - ABS/MBS
Waterfall Victoria Master 2008-1 Series B - ABS/MBS
Waterfall Victoria Master 2008-1, Series A - ABS/MBS
Waterfall Victoria Master 2008-1, Series B - ABS/MBS
Waterfall Victoria Master Fund, Ltd. - ABS
Waterfall Victoria Mortage Trust 2011 - SBC2 - CMBS
Waterfront CLO 2007-1 - CLO
Waterson Park - CLO
Waterton Funding Trust - CDO
Waterview 2007-1 Trust - RMBS
Greyrock CDO Ltd. Waterview 2007-1 Trust - CLO
Watford Asset Trust I - CDO
Wave SPC, Series 2007-1, LLC - CDO
Wave SPC, Series 2007-2, LLC - CDO
Wave SPC, Series 2007-3, LLC - CDO
Waveland 2008 - ALABAMA II - ABS
Waveland - ALABAMA - ABS
Waveland - COLORADO - ABS
Waveland - TEXAS - ABS
Waveland TEXAS II - ABS
Waveland-Ingots, Limited - CDO
Wayfarer CDO Limited 2006-1 - CDO
Wayland Investment Fund II, LCC - CDO
Waypoint #2 Aircraft Securitization 2014 - 2
Waypoint 2014 - 2
Waypoint Asset Co 8 Limited
Waypoint Asset Co 8 Limited 2016 - 1 - LEASE
Wayzata Funding LLC - CDO
Bayview WB3a Grantor Trust 2013-1 - ABS/MBS
Bayview WB3a GT 2013-1 - ABS/MBS
Bayview WB3a GT 2016-1 - ABS/MBS
Bayview WB3a REMIC Trust 2013-1 - ABS/MBS
Bayview WB3a RT 2013-1 - ABS/MBS
Bayview WB3b Acquisition Trust HD-1 - ABS/MBS
Bayview WB3b Acquisition Trust HD-2 - ABS/MBS
Bayview WB3b Grantor Trust 2013-1 - ABS/MBS
Bayview WB3b GT 2013-1 - ABS/MBS
Bayview WB3b REMIC Trust 2013-1 - ABS/MBS
Bayview WB3BGrantor Trust 2013-1 - ABS/MBS
Bayview WB4a Acquisition Trust HD-1 - ABS/MBS
Bayview WB4a Acquisition Trust HD-2 - ABS/MBS
Bayview WB4a GT 2014-1 - ABS/MBS
Bayview WB4a GT 2015-1 - ABS/MBS
Bayview WB4a GT 2015-2 - ABS/MBS
Bayview WB4a GT 2015-3 - ABS/MBS
Bayview WB4a GT 2016-1 - ABS/MBS
Bayview WB4a RT 2014-1 - ABS/MBS
Bayview WB4a RT 2014-2 - ABS/MBS
Bayview WB4a RT 2014-3 - ABS/MBS
Bayview WB4a RT 2015-1 - ABS/MBS
Bayview WB4a RT 2015-2 - ABS/MBS
Bayview WB4a RT 2015-3 - ABS/MBS
Bayview WB4a RT 2015-4 - ABS/MBS
Bayview WB4a RT 2016-1 - ABS/MBS
Bayview WB4a RT 2016-2 - ABS/MBS
Bayview WB4a RT 2016-3 - ABS/MBS
Bayview WB4a RT 2016-4 - ABS/MBS
Bayview WB4b Acquisition Trust HD-1 - ABS/MBS
Bayview WB4b Acquisition Trust HD-2 - ABS/MBS
Bayview WB4b GT 2014-1 - ABS/MBS
Bayview WB4b GT 2015-1 - ABS/MBS
Bayview WB4b GT 2015-2 - ABS/MBS
Bayview WB4b GT 2015-3 - ABS/MBS
Bayview WB4b GT 2016-1 - ABS/MBS
Bayview WB4b RT 2014-1 - ABS/MBS
Bayview WB4b RT 2014-2 - ABS/MBS
Bayview WB4b RT 2015-1 - ABS/MBS
Bayview WB4b RT 2015-2 - ABS/MBS
Bayview WB4b RT 2015-3 - ABS/MBS
Bayview WB4b RT 2015-4 - ABS/MBS
Bayview WB4b RT 2016-1 - ABS/MBS
Bayview WB4b RT 2016-2 - ABS/MBS
Bayview WB4b RT 2016-3 - ABS/MBS
Bayview WB4b RT 2016-4 - ABS/MBS
Bayview WB4b RT 2016-5 - ABS/MBS
Bayview WB4d Acquisition Trust HD-1 - ABS/MBS
Bayview WB4d Acquisition Trust HD-2 - ABS/MBS
Bayview WB4d GT 2014-1 - ABS/MBS
Bayview WB4d GT 2015-1 - ABS/MBS
Bayview WB4d GT 2015-2 - ABS/MBS
Bayview WB4d GT 2015-3 - ABS/MBS
Bayview WB4d GT 2016-1 - ABS/MBS
WB4d REMIC Trust 2015-4 - ABS/MBS
Bayview WB4d RT 2014-1 - ABS/MBS
Bayview WB4d RT 2014-2 - ABS/MBS
Bayview WB4d RT 2015-1 - ABS/MBS
Bayview WB4d RT 2015-2 - ABS/MBS
Bayview WB4d RT 2015-3 - ABS/MBS
Bayview WB4d RT 2015-4 - ABS/MBS
Bayview WB4d RT 2016-1 - ABS/MBS
Bayview WB4d RT 2016-2 - ABS/MBS
Bayview WB4d RT 2016-3 - ABS/MBS
Bayview WB4d RT 2016-4 - ABS/MBS
Bayview WB4d RT 2016-5 - ABS/MBS
WBI Investments WBI Tactical Dividend Income SMAORD - ADR - Fund
WACHOVIA BANK, NA WBNA-32 - CMBS
WCG Management, L.P. - ABS
WCM - WCM Emerging Markets ADR-only - ADR - Fund
WCM - WCM Focused Growth International ADR - ADR - Fund
WCMT 2015-SBC5 - ABS/MBS
WCO REO 2015-1 Pass -Through Trust - ABS/MBS
WCO Trust 2015-1 - ABS/MBS
WCP 2013-1 - ABS
WCP Warehouse - ABS
WELLS FARGO Dealer Floorplan Master Note Trust WCP Warehouse - ABS
HFA - WDCHFA District of Columbia HFA WDCHFA NIB MF District of Columbia HFA Series 2009A - ABS/MBS
HFA - WDCHFA District of Columbia HFA WDCHFA NIB SF District of Columbia HFA Series 2009A - ABS/MBS
WEALTH ENHANCEMENT ADVISORY SERVICES, LLC - TBC
WealthTrust Axiom LLC - TBC
WealthTrust Fairport, LLC - TBC
WealthTrust-Arizona, LLC - ABS
WEATHERLY ASSET MANAGEMENT L. P. - ABS
Missouri Direct Deposit Program Weaubleau R-III
Missouri Direct Deposit Program Webb City R-VII
Webster CDO I Ltd. - CDO
Missouri Direct Deposit Program Webster Groves
Webster Park CLO Ltd - CLO
WEDBUSH SECURITIES INC - ABS
WEDGE CAPITAL MANAGEMENT L L P/NC - ABS
Wedgewood Depositor II, LLC - ABS
Wedgewood Depositor III, LLC - ABS
Wedgewood Depositor IV, LLC - ABS
Wedgewood Depositor V, LLC - ABS
Wedgewood Depositor VI, LLC - ABS
Wedgewood Depositor VII, LLC - ABS
WEDGEWOOD INVESTORS INC /PA/ - ABS
WedgeWood Real Estate LLC 2016 - 1 - MBS
WEIBO Corp - ABS
Weiqiao Textile Co Ltd / ADR - ADR
Weir Group PLC/ADR - ADR
Welcome Break No 1 Limited - CDO
Welk Resort Group, Inc. - ABS
Welk Resorts 2013-A - ABS/MBS
Welk Resorts 2015-A - ABS/MBS
Welk Resorts 2017-A - ABS/MBS
Wellspring CDO WELL - CDO
WELLCOME TRUST LTD - ABS
Wellfleet CLO 2015-1 - CLO
Wellfleet CLO 2016-1, LTD - CDO
Wellfleet CLO 2016-2, LTD - CLO
Wellfleet CLO 2017-1, LTD. - CDO
Wellfleet CLO 2017-2, LTD Additional Warehouse - CLO
Wellfleet CLO 2017-2, LTD Warehouse - CLO
Wellington Shields Capital Management, LLC - ABS
Missouri Direct Deposit Program Wellington-Napoleon R-IX
Wells Capital Management MetWest Capital Global Intrinsic Eq - ADR - Fund
Wells Fargo 2002-1 - ABS/MBS
Wells Fargo 2002-1 ALT - ABS/MBS
Wells Fargo 2002-10 - ABS/MBS
Wells Fargo 2002-14 - ABS/MBS
Wells Fargo 2002-18 - ABS/MBS
Wells Fargo 2002-20 - ABS/MBS
Wells Fargo 2002-22 - ABS/MBS
Wells Fargo 2003-1 - ABS/MBS
Wells Fargo 2003-1 ALT - ABS/MBS
Wells Fargo 2003-10 - ABS/MBS
Wells Fargo 2003-11 - ABS/MBS
Wells Fargo 2003-12 - ABS/MBS
Wells Fargo 2003-13 - ABS/MBS
Wells Fargo 2003-14 - ABS/MBS
Wells Fargo 2003-15 - ABS/MBS
Wells Fargo 2003-16 - ABS/MBS
Wells Fargo 2003-17 - ABS/MBS
Wells Fargo 2003-18 - ABS/MBS
Wells Fargo 2003-19 - ABS/MBS
Wells Fargo 2003-2 - ABS/MBS
Wells Fargo 2003-3 - ABS/MBS
Wells Fargo 2003-4 - ABS/MBS
Wells Fargo 2003-5 - ABS/MBS
Wells Fargo 2003-6 - ABS/MBS
Wells Fargo 2003-7 - ABS/MBS
Wells Fargo 2003-8 - ABS/MBS
Wells Fargo 2003-9 - ABS/MBS
Wells Fargo 2003-A - ABS/MBS
Wells Fargo 2003-B - ABS/MBS
Wells Fargo 2003-C - ABS/MBS
Wells Fargo 2003-D - ABS/MBS
Wells Fargo 2003-E - ABS/MBS
Wells Fargo 2003-F - ABS/MBS
Wells Fargo 2003-G - ABS/MBS
Wells Fargo 2003-H - ABS/MBS
Wells Fargo 2003-I - ABS/MBS
Wells Fargo 2003-J - ABS/MBS
Wells Fargo 2003-K - ABS/MBS
Wells Fargo 2003-L - ABS/MBS
Wells Fargo 2003-M - ABS/MBS
Wells Fargo 2003-N - ABS/MBS
Wells Fargo 2003-O - ABS/MBS
Wells Fargo 2004-1 - ABS/MBS
Wells Fargo 2004-2 - ABS/MBS
Wells Fargo 2004-3 - ABS/MBS
Wells Fargo 2004-4 - ABS/MBS
Wells Fargo 2004-5 - ABS/MBS
Wells Fargo 2004-6 - ABS/MBS
Wells Fargo 2004-7 - ABS/MBS
Wells Fargo 2004-8 - ABS/MBS
Wells Fargo 2004-A - ABS/MBS
Wells Fargo 2004-AA - ABS/MBS
Wells Fargo 2004-B - ABS/MBS
Wells Fargo 2004-BB - ABS/MBS
Wells Fargo 2004-C - ABS/MBS
Wells Fargo 2004-CC - ABS/MBS
Wells Fargo 2004-D - ABS/MBS
Wells Fargo 2004-DD - ABS/MBS
Wells Fargo 2004-E - ABS/MBS
Wells Fargo 2004-EE - ABS/MBS
Wells Fargo 2004-F - ABS/MBS
Wells Fargo 2004-G - ABS/MBS
Wells Fargo 2004-H - ABS/MBS
Wells Fargo 2004-I - ABS/MBS
Wells Fargo 2004-J - ABS/MBS
Wells Fargo 2004-K - ABS/MBS
Wells Fargo 2004-L - ABS/MBS
Wells Fargo 2004-M - ABS/MBS
Wells Fargo 2004-N - ABS/MBS
Wells Fargo 2004-O - ABS/MBS
Wells Fargo 2004-P - ABS/MBS
Wells Fargo 2004-Q - ABS/MBS
Wells Fargo 2004-R - ABS/MBS
Wells Fargo 2004-S - ABS/MBS
Wells Fargo 2004-T - ABS/MBS
Wells Fargo 2004-U - ABS/MBS
Wells Fargo 2004-V - ABS/MBS
Wells Fargo 2004-W - ABS/MBS
Wells Fargo 2004-X - ABS/MBS
Wells Fargo 2004-Y - ABS/MBS
Wells Fargo 2004-Z - ABS/MBS
Wells Fargo 2005-1 - ABS/MBS
Wells Fargo 2005-1 ALT - ABS/MBS
Wells Fargo 2005-10 - ABS/MBS
Wells Fargo 2005-11 - ABS/MBS
Wells Fargo 2005-12 - ABS/MBS
Wells Fargo 2005-13 - ABS/MBS
Wells Fargo 2005-14 - ABS/MBS
Wells Fargo 2005-15 - ABS/MBS
Wells Fargo 2005-16 - ABS/MBS
Wells Fargo 2005-17 - ABS/MBS
Wells Fargo 2005-18 - ABS/MBS
Wells Fargo 2005-2 - ABS/MBS
Wells Fargo 2005-3 - ABS/MBS
Wells Fargo 2005-4 - ABS/MBS
Wells Fargo 2005-5 - ABS/MBS
Wells Fargo 2005-6 - ABS/MBS
Wells Fargo 2005-7 - ABS/MBS
Wells Fargo 2005-8 - ABS/MBS
Wells Fargo 2005-9 - ABS/MBS
Wells Fargo 2005-AR1 - ABS/MBS
Wells Fargo 2005-AR10 - ABS/MBS
Wells Fargo 2005-AR11 - ABS/MBS
Wells Fargo 2005-AR12 - ABS/MBS
Wells Fargo 2005-AR13 - ABS/MBS
Wells Fargo 2005-AR14 - ABS/MBS
Wells Fargo 2005-AR15 - ABS/MBS
Wells Fargo 2005-AR16 - ABS/MBS
Wells Fargo 2005-AR2 - ABS/MBS
Wells Fargo 2005-AR3 - ABS/MBS
Wells Fargo 2005-AR4 - ABS/MBS
Wells Fargo 2005-AR5 - ABS/MBS
Wells Fargo 2005-AR6 - ABS/MBS
Wells Fargo 2005-AR7 - ABS/MBS
Wells Fargo 2005-AR8 - ABS/MBS
Wells Fargo 2005-AR9 - ABS/MBS
Wells Fargo Advisors - Reinsurance Trust
Wells Fargo Advisors 2 - Reinsurance Trust
WELLS FARGO ASSET SECURITIES CORP - ABS


Previous
1 2 3 4 5 6 7 8 9 10 11 12 13 14 15 16 17 18 19 20 21 22 23 24 25 26 27 28 29 30 31 32 33 34 35 36 37 38 39 40 41 42 43 44 45 46 47 48 49 50 51 52 53 54 55 56 57 58 59 60 61 62 63 64 65 66 67 68 69 70 71 72 73 74 75 76 77 78 79 80 81 82 83 84 85 86 87 88 89 90 91 92
Next












