bizapediacom  human validation companiespeopleproductsservicestrademarksaddressesphone book our system has detected a high number of page requests from your ip address please prove to us that you are a human to continue using our website please send me to the search subscription offer page after i successfully answer the word challenge bizapediapro searchperform unlimited searches via ouradvanced search form withbizapedia pro searchfind out more bizapediapro databuild custom data listsfor one or many stateswith bizapedia pro datafind out more  copyright   · bizapediacom · all rights reservedblogpro searchpro apicontact usterms of useprivacy policysitemapdesktop version bizapediacom  human validation companiespeopleproductsservicestrademarksaddressesphone book our system has detected a high number of page requests from your ip address please prove to us that you are a human to continue using our website please send me to the search subscription offer page after i successfully answer the word challenge bizapediapro searchperform unlimited searches via ouradvanced search form withbizapedia pro searchfind out more bizapediapro databuild custom data listsfor one or many stateswith bizapedia pro datafind out more  copyright   · bizapediacom · all rights reservedblogpro searchpro apicontact usterms of useprivacy policysitemapdesktop version capitalspring graypools sign in learn more capitalspring fund manager institutional investors fund managers capitalspring capitalspring is a delaware fund manager located in new york new york it was registered on friday march    rd avenue new york new york  united states phone   httpwwwcapitalspringcom cochief executive officer management committee member christopher unrath general counsel  cco ta mckinney cochief executive officer management committee member richard fitzgerald chief financial officer christina houghton inception date jurisdictiondelaware updated  as of date latest filing sec number crd number inception legal namecsfc management company llc namecapitalspring legal entity typelimited liability company statements regulatory aum employees funds private equity funds     regulatory assets under management m m m    employees    private equity funds  franchise capital partners iii parallel lp cayman islands franchise capital partners iii lp delaware capitalspring direct lending partners parallel lp cayman islands capitalspring investment partners v parallel iii lp delaware franchise equity capital partners ii parallel lp delaware franchise capital partners iii us parallel lp delaware capitalspring investment partners v parallel lp delaware capitalspring direct lending partners us parallel ii lp delaware capitalspring investment partners v parallel ii lp cayman islands csfc financing i llc delaware capitalspring direct lending partners lp delaware capitalspring investment partners v lp delaware franchise equity capital partners ii lp delaware capitalspring direct lending partners us parallel lp delaware capitalspring sbic lp delaware capitalspring llc delaware about  entities  legal   graypools llc   capitalspring investment partners v lp  who is raising money  sec filings of fundraisings and investments in hedge funds startups and private equity companies who is raising money capitalspring investment partners v lp funding details capitalspring investment partners v lp industry pooled investment fundcik number irs number address co capitalspring llc  third avenue th floor new york phone number  latest news capitalspring investment partners v lp raised  from  investors on  capitalspring investment partners v lp filings datefiling typeofferedsoldremainingmin investmentinvest countexemption  exlusions amended form dindefiniteindefiniteb c csec filingthe amount in b is part of aggregate commitments made to this fund and the parallel funds equalling new form dindefiniteindefiniteb c csec filingthe amount in b is part of aggregate commitments made to this fund and the parallel funds equalling  capitalspring investment partners v lp raised  in total directors and executives of capitalspring investment partners v lp key people in capitalspring investment partners v lp pierrette bradshawchristina houghtonrichard fitzgerald csip v general partner llcta mckinney similar companiescapitalspring finance company llc capitalspring direct lending partners parallel lp capitalspring direct lending partners us parallel ii lp capitalspring direct lending partners us parallel lp capitalspring direct lending partners lp capitalspring investment partners v parallel ii lp capitalspring investment partners v parallel iii lp capitalspring investment partners v parallel lp last visited companies jewel qp fund lp kaplan acquisitions gp fund i lp lkcm investment partnership ii lp lkcm investment partnership lp lkcm technology partnership lp  whoisraisingmoneycom daily updated news about investment into startups hedge funds and private equity companies christina houghtons involvement in venture capital via capitalspring investment partners v parallel lp capitalspring investment partners v lp capitalspring investment partners v parallel ii lp capitalspring investment partners v parallel iii lp want to see morewant to find out who got funded and who’s funding the next big thing in real time all across the world tailored to your specific areas of focus deals per dayget access to the most exhaustive worldwide funding watch on the webcomprehensive funding informationknow about who invested in a company which sites covered the event the funding history etcexclusive insightsview original analytics such as most dynamic industries most active investors and morestay awareget emailed when deals critical to your business happen filter by region industry and topics of interestas seen onhave a loginsign inregister nowits freeuse your social accountor fill in the quick formregister nowpromise we wont spamsign invia your social accountvia your existing wgf accountremember meregister its freeforgot your passwordsign inforgot your passwordenter your email and we will send you your new passwordreset passwordthe worlds largest funding basepeoplechristinahoughtonsectionpeoplesubsectiondetailid search deals by company name industry location investors search christinahoughtonget alertedif christina houghton gets fundedchristina houghtoncapitalspring investment partners v parallel lp  executive officercapitalspring investment partners v lp  executive officercapitalspring investment partners v parallel ii lp  executive officercapitalspring investment partners v parallel iii lp  executive officerdeals involving christina houghton raised with capitalspring investment partners v parallel lp on april  raised with capitalspring investment partners v lp on april  raised with capitalspring investment partners v parallel ii lp on april  raised with capitalspring investment partners v parallel iii lp on april please note that all data is automatically extracted and errors can occurthe whogotfunded team has not necessarily reviewed the information in this page and has not determined if it is accurate and completesome of the profile information was collected using the crunchbase api for more details on the profile please check christina houghton on crunchbaseinaccurate data help us improve whogotfunded post a comment capitalspring investment partners v parallel lp  pooled investment fund bradshaw formdscom  sec filings of fundraisings and investments in hedge funds private equity firms startups and growing companies formdscom newest filter local capitalspring investment partners v parallel lp industry pooled investment fund see others in industry address co capitalspring llc  third avenue new york ny phone  filings date filingtype reported sold incremental cash type exemptions link to raw filing  amended   other b c c sec link  new   other b c c sec link directors and executives current and past name role pierrette bradshaw executive csip v general partner llc executive richard fitzgerald executive christina houghton executive ta mc kinney executive pierrette bradshaws involvement in venture capital via capitalspring direct lending partners lp capitalspring investment partners v parallel lp capitalspring investment partners v lp capitalspring investment partners v parallel ii lp capitalspring investment partners v parallel iii lp want to see morewant to find out who got funded and who’s funding the next big thing in real time all across the world tailored to your specific areas of focus deals per dayget access to the most exhaustive worldwide funding watch on the webcomprehensive funding informationknow about who invested in a company which sites covered the event the funding history etcexclusive insightsview original analytics such as most dynamic industries most active investors and morestay awareget emailed when deals critical to your business happen filter by region industry and topics of interestas seen onhave a loginsign inregister nowits freeuse your social accountor fill in the quick formregister nowpromise we wont spamsign invia your social accountvia your existing wgf accountremember meregister its freeforgot your passwordsign inforgot your passwordenter your email and we will send you your new passwordreset passwordthe worlds largest funding basepeoplepierrettebradshawsectionpeoplesubsectiondetailid search deals by company name industry location investors search pierrettebradshawget alertedif pierrette bradshaw gets fundedpierrette bradshawcapitalspring direct lending partners lp  executive officercapitalspring investment partners v parallel lp  executive officercapitalspring investment partners v lp  executive officercapitalspring investment partners v parallel ii lp  executive officercapitalspring investment partners v parallel iii lp  executive officerdeals involving pierrette bradshaw raised with capitalspring direct lending partners lp on january  raised with capitalspring direct lending partners lp on may  raised with capitalspring investment partners v parallel lp on april  raised with capitalspring investment partners v lp on april  raised with capitalspring investment partners v parallel ii lp on april  raised with capitalspring investment partners v parallel iii lp on april please note that all data is automatically extracted and errors can occurthe whogotfunded team has not necessarily reviewed the information in this page and has not determined if it is accurate and completesome of the profile information was collected using the crunchbase api for more details on the profile please check pierrette bradshaw on crunchbaseinaccurate data help us improve whogotfunded post a comment capital product partners lp bizpediaxyz  we monitor changes in companies bizpediaxyz  we monitor changes in companies capital product partners lp free email watchdog get free email notifications about news in capital product partners lp the service is free and you can unsubscribe at any time general  filings  industry deep sea foreign transportation of freight cik number  capital product partners lp address iassonos streetpiraeus  earliest known filing march  latest known filing july  company filings sec filings are a great source of information for companies including investments company events and all sorts of other information capital product partners lp has  filings view capital product partners lp filings similar companiescapital equity fund inc capital  estate management inc capital  services inc capital  counties properties plcadr capital  county insurance brokers ltd capital  credit international inc capital  pty ltd capital  inc capital  fund llc capital  aspen chase i llc capital  castle court llc capital  cove dove llc capital  fort providence llc capital  group llc capital  reserve at jewell park llc capital  rpmv llc capital  west th avenue llc capital access llc capital access ltd capital advance partners lp capital advantage inc capital adventure inc capital advisors acquisition corp capital advisors incok capital advisors llc capital advisors lp capital advisors protected equity fund llc capital advisors ltd llc capital advisory partners llc capital advisory partners llc capital alignment partners iii lp capital alliance advisors inc capital alliance group inc capital alliance institutional mortgage fund llc capital alliance private equity iv ltd capital ally investments ltd capital alternatives group llc capital analysts inc bd capital analysts llc capital analytics inc capital appreciation fundct capital appreciation partners lp capital appreciation partners lp capital appreciation plus l p i capital appreciation portfolio md capital appreciation variable accountma capital arc holdings llc capital art fund lp capital art inc capital asset advisors inc bizpediaxyz collect news financial information sec filings stock information contact information personal information information about investments etc about capital product partners lp capitalspring investment partners v parallel iii lp ·  third avenue new york new york  toggle navigation opendatany corporation attorney authority food inspection health facility public authority criminal justice agency fire department employee lobbyist school other child care farmers market food store lottery retailer real estate license liquor vehicle facility spill incident go find nys corporation go capitalspring investment partners v parallel iii lp third avenue new york new york  nys corporation delaware new york county new york  capitalspring investment partners v parallel iii lp is corporation filed with the new york state department of state nysdos the dos id is  the business entity is incorporated in new york county the entity type is foreign limited partnership the initial dos filing date is  the address is  third avenue new york new york  the city is new york new york the zip code is  the jurisdiction state or country is delaware capitalspring investment partners v parallel iii lp ·  third avenue new york new york  department of state dos id  current entity name capitalspring investment partners v parallel iii lp entity type foreign limited partnership county incorporated new york jurisdiction state or country delaware initial dos filing date  dos process address capitalspring investment partners v parallel iii lpattn general counsel third avenuenew yorknew york   rd ave new york ny  usa streetnumber  route rd avenue rd ave political manhattan locality new york administrativearealevel new york county administrativearealevel new york ny country united states us postalcode  types  premise latitude  longitude  latlng   placeid chijxqgverywokrsyyfulqww nearby nys corporation dos id business entity name address  ww operations inc  east th street new york new york   rockridge associates lp  east th street  th fl new york new york   casa and cucina inc  east th st new york new york   asj  llc  park avenue suite  new york new york    e llc  east th street new york new york   juicy cube inc  lexington avenue new york new york   amatitlan partners llc  third avenue new york new york   ve holdings llc  third avenue new york new york   ctbs everblue llc  lexington ave th flr new york new york   gotham occupational therapy consulting pc  east  street apt c new york new york   spear sports rehab llc  east th street suite  new york new york   tete rouge inc  e th street th floor new york new york   oso natural beverages llc  east th st th floor new york new york    unp c llc  third avenue new york new york   xhankx llc withers bergman llp  park avenue th floor new york new york   josh fayer art llc  east th street new york new york   faaks global inc  park avenue th floor new york new york    madison associates lp  east th st new york new york   the edward debono foundation of america inc  east th street new york new york   savoy enterprises inc  east th street th floor new york new york  www dcma two renaissance square  north central avenue suite   industrialrdcarlstadt nj racquet  tennis club park avenue new york ny  gambles auto carthage ny campos optical inc  regis drivestaten islandnew york  sapiroaliceit mail taco fun flushing ny menu salvatore vitiello nyc jd delaware · nys corporation toggle navigation opendatany corporation attorney authority food inspection health facility public authority criminal justice agency fire department employee lobbyist school other child care farmers market food store lottery retailer real estate license liquor vehicle facility spill incident go find nys corporation go delaware · nys corporation nys corporation delaware delaware · nys corporation dos id business entity name address  tbm llc  east rd street ste  new york new york   cos bar retail llc  eighth avenue new york new york   ri  th street llc  oceana drive east phd brooklyn new york   ri  th avenue llc  oceana drive east phd brooklyn new york   east  realty llc  broadway suite  brooklyn new york   rad technology medical systems llc  california street th floor san francisco california   vision capital ny inc  jericho tpke suite  jericho new york   trnk new york inc  state street albany new york   track  holdings llc  east th street th fl new york new york   applied research investments llc  cortland st th floor new york new york    west th street realty llc  lafayette street th fl new york new york   platos loft llc  madison ave th fl new york new york   turtle audio inc  dean st apt c brooklyn new york   decovo inc  eighth avenue new york new york    pa realty llc  broadway ste  brooklyn new york   genrock capital management lp  madison ave suite  new york new york   swto llc  eighth avenue new york new york   fritzen publishing llc  elm place albany new york   bm   holding company llc  avenue of the americas suite  new york new york   demetrix inc  east th street th fl new york new york   ardene usa inc  eighth avenue new york new york   faq app inc  e th street apt a new york new york   the estee lauder companies charitable foundation  state street albany new york   mott forever inc  allen street nd floor new york new york   ravle inc  madison street suite  syracuse new york   fc brands llc  w madison st ste  chicago illinois   chambers point gp llc  fifth avenue suite  new york new york   qpt th street owner llc  park avenue nd floor new yrok new york   chambers point capital lp  fifth avenue suite  new york new york   sagelink inc  west th street new york new york   prytime medical devices inc  n main street boerne texas    haven owner llc  w th street second floor new york new york   green deer holdings management llc one battery park plaza new york new york   qsemble ip llc  east th street apt b new york new york   apf  charlton owner gp llc  west th street th fl new york new york   qsemble capital management gp llc  east th street apt b new york new york   grove felix llc  eighth avenue new york new york   mainframe holdings llc one battery park plaza new york new york   green deer holdings llc one battery park plaza new york new york   mainframe holdings management llc one battery park plaza new york new york   chambers point fund i lp  fifth avenue suite  new york new york   n inc  bank street suite  white plains new york   pfs services llc  th avenue th floor new york new york    pearlkmm llc  eighth avenue new york new york   bockhaus llc  state street ste  office  albany new york   fam ventures inc  eighth avenue new york new york   participant channel llc  eighth avenue new york new york   verdant analytics llc  liberty street third floor new york new york   qsemble capital management lp  east th apt b new york new york   pineapple metrics inc  wolf road suite  albany new york   click notices inc  central avenue suite  albany new york   geostar worldwide llc  state street ste  office  albany new york   ensono lp  finley road downers grove illinois   naht strong families fund  limited partnership natl affordable housing trust  north bank drive ste  columbus ohio   chesapeake research review llc  columbia gateway dr suite  columbia maryland   ticp  new york inc  north mill street nyack new york   daroga power llc  w th street rd floor new york new york   aleph motion pictures llc  state street ste  office  albany new york   antibullying campaign corp  oakland avenue cedarhurst new york   chaverware llc  sixth avenue columbus georgia   nick graham clothing company llc  west th street th floor new york new york   bellami llc  w th street new york new york   consular outsourcing bls services inc  exchange place suite  new york new york   coatue ct xx llc  west th street th floor new york new york   discoverlist inc  jefferson ave apt a brooklyn new york   g greenwich properties llc  w palmetto park road suite  boca raton florida   cerberus nd private credit fund llc  eighth avenue new york new york   lgafuel llc  state street albany new york   spt prairie  walden ave llc  eighth avenue new york new york   gibe international inc  court st th fl brooklyn new york   adgenesis holdings llc  west th street mezzanine west new york new york   liberty services alliance inc  james street syracuse new york   migara ventures llc  highview drive huntington new york   cliff street partners llc  robert pitt drive suite  monsey new york   civilapp llc  s service road suite  melville new york   remedient llc  e st street apt r new york new york   mid atlantic foundation for asian artists inc  state street ste  office  albany new york   bayit yad llc  eighth avenue new york new york   cerberus nd credit manager llc  eighth avenue new york new york   soloh partners inc  west th street th floor new york new york   master clinicians llc  choir lane westbury new york   stayin trendy inc  half hollow rd dix hills new york   greystone development asset management corp  west th street th floor ny new york   bny investment management services llc  liberty street new york new york   canon general partner llc  wilshire boulevard th floor beverly hills california   gersh canon llc  wilshire boulevard th floor beverly hills california   fedex supply chain transportation management llc  eighth avenue new york new york   bhv entrepreneurship fund ii gp llc  n moore st nd floor new york new york   bhv entrepreneurship fund gp llc  n moore st nd floor new york new york   scout ventures fund iii gp llc  n moore st nd floor new york new york   canon media group lp  wilshire boulevard th floor beverly hills california   westbourne partners lp  eighth avenue th floor new york new york   bhv entrepreneurship fund ia lp  n moore st nd floor new york new york   fwa holding llc  washington avenue apartment b brooklyn new york   legacy energy solutions llc  berkshire valley road suite c oak ridge new jersey   the englishspeaking union of the united states buffalo branch llc  east th street new york new york   careit health llc  s hyde park blvd nd floor chicago illinois   little lentil llc  th avenue suite  brooklyn new york   plr analytics llc  east rd street  new york new york   arch underwriters inc  eighth avenue new york new york  jurisdiction · nys corporation jurisdiction corporations  new york    delaware    new jersey    california    pennsylvania    florida    connecticut    nevada    massachusetts    illinois    ohio    texas    maryland    georgia    virginia    michigan    north carolina    colorado    minnesota    cayman islands   show more missouri  district of columbia  washington  indiana  arizona  vermont  wisconsin  tennessee  wyoming  new hampshire  maine  utah  rhode island  oregon  canada  kentucky  louisiana  oklahoma  kansas  south carolina  alabama  iowa  nebraska  netherlands antilles  british virgin islands  arkansas  alaska  west virginia  idaho  ontario  united kingdom  mississippi  japan  new mexico  montana  panama  hawaii  all others  south dakota  england  bortesifireit mail www dcma two renaissance square  north central avenue suite   industrialrdcarlstadt nj racquet  tennis club park avenue new york ny  gambles auto carthage ny campos optical inc  regis drivestaten islandnew york  sapiroaliceit mail taco fun flushing ny menu salvatore vitiello nyc jd new york county · nys corporation toggle navigation opendatany corporation attorney authority food inspection health facility public authority criminal justice agency fire department employee lobbyist school other child care farmers market food store lottery retailer real estate license liquor vehicle facility spill incident go find nys corporation go new york county · nys corporation nys corporation new york county new york county · nys corporation new york  buffalo  white plains  long island city  lynbrook  east elmhurst  wilmington  glendale  elmira  new york city  greenwich  chicago  fort lee  washington  san francisco  miami  boca raton  east patchogue  englewood cliffs  mohegan lake  atlanta  edison  saint albans  dover  las vegas  beverly hills  lido beach  newark  westport  dallas  manhattan  princeton  baltimore  austin  nyc  seattle  miami beach  secaucus  wayne  santa monica                                                                                  new york county · nys corporation dos id business entity name address  the brown room llc  lakehurst rd browns mills new jersey   greenlight design  development corp po box  buffalo new york   made to you christian ambassadors inc  west th street p new york new york   the red room llc  north ave elizabeth new jersey   elizio group llc  th st nd flr east elmhurst new york   gnartrade llc  clinton street apt b new york new york   channel grocery corp  west  street new york new york   laurel usa inc  state st albany new york   tsais property  fifth llc  e nd street apt p new york new york   keillor group llc  broadway suite  new york new york   treadwell llc  franklin st fl  new york new york   khalsa  inc  th st s ozone park new york   royal prestige gold llc  post avenue ste  new york new york   blue heron global venture fund llc  wehrle drive suite   buffalo new york   newfield hldgs llc  madison avenue new york new york   mama pops llc  west th street new york new york   finmeta capital group llc  th street long island city new york   nex sef limited  eighth avenue new york new york   dpr construction iii inc  eighth avenue  th floor new york new york   tbm llc  east rd street ste  new york new york   ece studio of art llc b s archer ave chicago illinois   cos bar retail llc  eighth avenue new york new york   intueor consulting inc  irvine center dr ste  irvine california   en passant ltd  christopher street new york new york   sandradell inc  state street ste  office  albany new york   rad technology medical systems llc  california street th floor san francisco california   tps hospitality llc  mulberry street apt b new york new york   entertainment access llc  broadway th floor new york new york   phoenix psychological services pc  river road suite  edgewater new jersey   trnk new york inc  state street albany new york   applied research investments llc  cortland st th floor new york new york   pactum llc  east th street th fl new york new york   christmas jewell corporation  state street ste  office  albany new york   acre  jg llc  west water st elmira new york   function of beauty new york llc  broadway st floor new york new york   rule no  inc  east th street s new york new york   delusion trading inc  buckingham place lynbrook new york    west th street realty llc  lafayette street th fl new york new york   affine group inc  martine avenue white plains new york    street marini deli grocery inc a lexington ave new york new york   fsm inc  east broadway store b new york new york   mommy look alike by abigail bella llc  state street ste  office  albany new york   techcomm products llc  west th street th fl new york new york   platos loft llc  madison ave th fl new york new york   milk bottle limited partnership  broadway suite  new york new york   decovo inc  eighth avenue new york new york   chop studios inc  th avenue suite  brooklyn new york   three mile capital llc  park avenue a new york new york    saint johns hpg member ii llc  west nd street ste  new york new york   vitevity health pllc  bala plaza pl cywnwyd pennsylvania    street plaza corp  union turnpike  fresh meadows new york   energy efficient lighting design llc  w nd st l new york new york   papasilenus llc  e th st new york new york   j mueser ltd  christopher street new york new york   genrock capital management lp  madison ave suite  new york new york   swto llc  eighth avenue new york new york   asp photographers inc  wall street suite  new york new york   demetrix inc  east th street th fl new york new york    ave plaza  inc  union turnpike  fresh meadows new york   humansrus inc  state street ste  office  albany new york   faq app inc  e th street apt a new york new york   klc llc  east th st apt h brooklyn new york   petbnb llc  state street ste  office  albany new york   the estee lauder companies charitable foundation  state street albany new york   mott forever inc  allen street nd floor new york new york   villa transporter inc  w th st apt c new york new york    saint johns hpg partner ii llc  west nd street ste  new york new york   marion group entertainment limited liability company  west th street apt  new york new york   bua fitness inc  th avenue suite  brooklyn new york   unlock business solutions inc  south end avenue apt e new york new york    saint johns hpg investor ii llc  west nd street ste  new york new york   jv consultant llc  amsterdam ave main floor new york new york    saint johns hpg member llc  west nd street suite  new york new york    saint johns hpg partner llc  west nd street ste  new york new york   agci inc  bedford ave brooklyn new york   habitat specialty pharmacy inc  east th street suite d new york new york   dennison b  llc  state street ste  office  albany new york   fc brands llc  w madison st ste  chicago illinois   v consulting llc  west th street apt  new york new york   qpt th street owner llc  park avenue nd floor new yrok new york    saint johns hpg investor llc  west nd street suite  new york new york   jphda inc  w rd street th floor new york new york   la prestige inc  lexington avenue suite  new york new york   juicedelivery llc  east th street th fl new york new york   sagelink inc  west th street new york new york    st johns holdings llc  west nd street ste  new york new york   cca  st nicholas llc  east th street th floor new york new york   andrew dong learning llc  wehrle drive suite   buffalo new york   eliliana lora corp  nd ave apt b new york new york    west d llc  east nd street new york new york    haven owner llc  w th street second floor new york new york   blended black family llc  catherine slip apt b new york new york   explore  discover lic llc  broad street suite  new york new york   zeng law office pc  church street suite  new york new york   family care referral llc  avenue of the americas fl  new york new york   tkoworldwide inc  myrtle ave apt r glendale new york   green deer holdings management llc one battery park plaza new york new york    bedford street llc  bedford street new york new york   shai realty management inc  west th street apt f new york new york   qsemble ip llc  east th street apt b new york new york  county · nys corporation county corporations  new york county    kings county    nassau county    queens county    suffolk county    westchester county    bronx county    albany county    erie county    monroe county    rockland county    richmond county    orange county    onondaga county    dutchess county    saratoga county    ulster county    putnam county    oneida county    broome county   show more niagara  rensselaer  schenectady  sullivan  columbia  ontario  tompkins  chautauqua  warren  greene  jefferson  oswego  steuben  clinton  st lawrence  wayne  chemung  delaware  cayuga  madison  otsego  cattaraugus  washington  essex  livingston  genesee  herkimer  montgomery  fulton  chenango  franklin  cortland  tioga  allegany  wyoming  schoharie  seneca  orleans  lewis  yates  schuyler  hamilton   w th ste  ny www dcma two renaissance square  north central avenue suite   industrialrdcarlstadt nj racquet  tennis club park avenue new york ny  gambles auto carthage ny campos optical inc  regis drivestaten islandnew york  sapiroaliceit mail taco fun flushing ny menu salvatore vitiello nyc jd new york · nys corporation toggle navigation opendatany corporation attorney authority food inspection health facility public authority criminal justice agency fire department employee lobbyist school other child care farmers market food store lottery retailer real estate license liquor vehicle facility spill incident go find nys corporation go new york · nys corporation nys corporation new york new york · nys corporation                                                                                 new york · nys corporation dos id business entity name address  made to you christian ambassadors inc  west th street p new york new york   gnartrade llc  clinton street apt b new york new york   channel grocery corp  west  street new york new york   tsais property  fifth llc  e nd street apt p new york new york   keillor group llc  broadway suite  new york new york   treadwell llc  franklin st fl  new york new york   royal prestige gold llc  post avenue ste  new york new york   newfield hldgs llc  madison avenue new york new york   mama pops llc  west th street new york new york   nex sef limited  eighth avenue new york new york   dpr construction iii inc  eighth avenue  th floor new york new york   tbm llc  east rd street ste  new york new york   cos bar retail llc  eighth avenue new york new york   hainan airlines holding co ltd  eighth avenue new york new york   en passant ltd  christopher street new york new york   tps hospitality llc  mulberry street apt b new york new york   entertainment access llc  broadway th floor new york new york   track  holdings llc  east th street th fl new york new york   applied research investments llc  cortland st th floor new york new york   it came from the deep llc  saint marks place apt b new york new york   lifesaving cpr llc  wall street th floor new york new york   bathhouse construction llc  wooster street rd floor new york new york   pactum llc  east th street th fl new york new york   function of beauty new york llc  broadway st floor new york new york   rule no  inc  east th street s new york new york    west th street realty llc  lafayette street th fl new york new york   samaxny llc  times square new york new york    street marini deli grocery inc a lexington ave new york new york   fsm inc  east broadway store b new york new york   techcomm products llc  west th street th fl new york new york   panafrican management services llc  th avenue new york new york   platos loft llc  madison ave th fl new york new york   milk bottle limited partnership  broadway suite  new york new york   decovo inc  eighth avenue new york new york   three mile capital llc  park avenue a new york new york    saint johns hpg member ii llc  west nd street ste  new york new york   energy efficient lighting design llc  w nd st l new york new york   papasilenus llc  e th st new york new york   j mueser ltd  christopher street new york new york   genrock capital management lp  madison ave suite  new york new york   swto llc  eighth avenue new york new york   vip limo  concierge corp  maiden lane th floor new york new york   brooklyn hospitality group llc  maiden lane th floor new york new york   asp photographers inc  wall street suite  new york new york   bm   holding company llc  avenue of the americas suite  new york new york   demetrix inc  east th street th fl new york new york   ardene usa inc  eighth avenue new york new york   faq app inc  e th street apt a new york new york   mott forever inc  allen street nd floor new york new york   villa transporter inc  w th st apt c new york new york    saint johns hpg partner ii llc  west nd street ste  new york new york   marion group entertainment limited liability company  west th street apt  new york new york   unlock business solutions inc  south end avenue apt e new york new york    saint johns hpg investor ii llc  west nd street ste  new york new york   jv consultant llc  amsterdam ave main floor new york new york    saint johns hpg member llc  west nd street suite  new york new york    saint johns hpg partner llc  west nd street ste  new york new york   habitat specialty pharmacy inc  east th street suite d new york new york   chambers point gp llc  fifth avenue suite  new york new york   v consulting llc  west th street apt  new york new york   chambers point capital lp  fifth avenue suite  new york new york    saint johns hpg investor llc  west nd street suite  new york new york   jphda inc  w rd street th floor new york new york   la prestige inc  lexington avenue suite  new york new york   juicedelivery llc  east th street th fl new york new york   sagelink inc  west th street new york new york    st johns holdings llc  west nd street ste  new york new york   cca  st nicholas llc  east th street th floor new york new york   wilding real estate llc  broadway suite  new york new york   eliliana lora corp  nd ave apt b new york new york    west d llc  east nd street new york new york    haven owner llc  w th street second floor new york new york   brickell vinohrady llc  east th street apartment c new york new york   rr bistro bar  grill inc  broadway suite  new york new york   blended black family llc  catherine slip apt b new york new york   explore  discover lic llc  broad street suite  new york new york   zeng law office pc  church street suite  new york new york   family care referral llc  avenue of the americas fl  new york new york   green deer holdings management llc one battery park plaza new york new york    bedford street llc  bedford street new york new york   jacks cash  llc  broadway th floor new york new york   aa garage holdings llc  meast rd street th floor new york new york   shai realty management inc  west th street apt f new york new york   aa paymaster llc  east rd street th floor new york new york   qsemble ip llc  east th street apt b new york new york    bway apt  llc eleven times square room  new york new york   apf  charlton owner gp llc  west th street th fl new york new york   qsemble capital management gp llc  east th street apt b new york new york   shock time inc  ave of the americas th fl suite  new york new york   grove felix llc  eighth avenue new york new york   wild film llc  west th street apt b new york new york   alexa  llc  madison avewnue suite  new york new york    th ave ny llc  fdr drive suite l  new york new york   mainframe holdings llc one battery park plaza new york new york   oliverclarity inc  broadway ste  new york new york   angela llc  main street apt  new york new york   asiapacific research institute for strategy incorporated limited  w th street room  new york new york   vamos experience llc w nd st u new york new york   take me to church llc  broadway suite  new york new york   zenwatchco inc  rd ave nd fl suite  new york new york  city · nys corporation city state corporations  new york new york    brooklyn new york    albany new york    bronx new york    staten island new york    flushing new york    rochester new york    buffalo new york    great neck new york    white plains new york    astoria new york    jamaica new york    yonkers new york    syracuse new york    long island city new york    garden city new york    forest hills new york    new rochelle new york    melville new york    huntington new york   show more monsey  bayside  jackson heights  valley stream  woodside  scarsdale  hicksville  elmhurst  mineola  westbury  jericho  poughkeepsie  schenectady  monroe  syosset  corona  farmingdale  spring valley  williamsville  smithtown  plainview  richmond hill  hauppauge  new hyde park  rego park  new city  rockville centre  ridgewood  freeport  port washington  massapequa  commack  saratoga springs  manhasset  whitestone  binghamton  fresh meadows  pittsford  newburgh  floral park  queens village  ithaca  lindenhurst  hempstead  middletown  merrick  maspeth  mount vernon  east meadow  nyack  deer park  ronkonkoma  oceanside  bay shore  glen cove  ozone park  dix hills  bellmore  huntington station  long beach  woodbury  troy  clifton park  lynbrook  amherst  baldwin  southampton  east hampton  elmont  larchmont  suffern  mamaroneck  wantagh  kingston  uniondale  utica  college point  patchogue  cedarhurst  woodmere  roslyn  niagara falls  west babylon  levittown  latham  roslyn heights  rye  bohemia  webster  lake success  nanuet  bronxville  lawrence  middle village  brentwood  northport  ossining  east elmhurst  riverhead  amityville  medford  kew gardens  west hempstead  franklin square  east northport  fairport  liverpool  yorktown heights  mahopac  holbrook  harrison  bethpage  far rockaway  port chester  south ozone park  brewster  wilmington  west islip  tarrytown  orchard park  tonawanda  glendale  wappingers falls  goshen  carmel  babylon  armonk  warwick  sunnyside  woodhaven  hollis  cheektowaga  queens  lockport  ny  elmsford  los angeles  west seneca  peekskill  hamburg  central islip  rosedale  howard beach  new windsor  hampton bays  pleasantville  port jefferson  sayville  watertown  plattsburgh  hewlett  coram  auburn  carle place  hartsdale  seaford  little neck  rye brook  chappaqua  hopewell junction  queensbury  pearl river  katonah  oyster bay  copiague  sag harbor  hudson  mount kisco  kings park  elmira  victor  massapequa park  centereach  jamestown  shirley  batavia  new paltz  pelham  east islip  glen head  canandaigua  eastchester  purchase  east syracuse  stony brook  bellerose  selden  vestal  monticello  miller place  fishkill  briarcliff manor  mt vernon  douglaston  nesconset  ballston spa  bayshore  islip  north babylon  glens falls  rome  new york city  albertson  fayetteville  cortlandt manor  east setauket  north tonawanda  lancaster  oswego  beacon  williston park  baldwinsville  amsterdam  farmingville  east amherst  oakland gardens  pomona  greenwich  east aurora  manlius  penfield  springfield gardens  hawthorne  jersey city  locust valley  island park  endicott  rhinebeck  clarence  stony point  old westbury  bedford  delmar  cortland  stamford  dobbs ferry  manorville  new hartford  mt vernon  west nyack  saugerties  thornwood  chicago  rocky point  islandia  chester  holtsville  south richmond hill  grand island  rensselaer  briarwood  niskayuna  irvington  oneonta  depew  lake grove  tuckahoe  montauk  inwood  valhalla  st james  laurelton  center moriches  setauket  middle island  ardsley  east rockaway  bedford hills  bridgehampton  spencerport  bayport  cohoes  cambria heights  greenlawn  corning  geneva  congers  westhampton beach  pound ridge  skaneateles  bellport  highland  valley cottage  mattituck  roosevelt  north bellmore  kenmore  oakdale  cicero  st albans  centerport  montgomery  walden  olean  lake ronkonkoma  horseheads  wading river  sea cliff  sleepy hollow  newark  orangeburg  lake placid  malverne  red hook  south salem  woodstock  wallkill  pawling  southold  scotia  putnam valley  mastic  hyde park  riverdale  somers  fort lee  lake george  boston  washington  bayville  gloversville  port jervis  cold spring  johnson city  islip terrace  rockaway park  san francisco  brockport  miami  catskill  boca raton  mount sinai  hilton  chestnut ridge  fulton  east patchogue  mt kisco  pine bush  lakewood  loudonville  watervliet  crotononhudson  slingerlands  east greenbush  west harrison  millbrook  pleasant valley  cold spring harbor  blauvelt  hackensack  garden city park  north woodmere  east quogue  camillus  cazenovia  mechanicville  tappan  philadelphia  lagrangeville  north syracuse  amagansett  norwich  haverstraw  kings point  atlantic beach  highland mills  ballston lake  honeoye falls  ridge  old bethpage  east moriches  dewitt  englewood cliffs  mohegan lake  patterson  atlanta  shoreham  houston  elma  greenport  royalty travel maiden lane www dcma two renaissance square  north central avenue suite   industrialrdcarlstadt nj racquet  tennis club park avenue new york ny  gambles auto carthage ny campos optical inc  regis drivestaten islandnew york  sapiroaliceit mail taco fun flushing ny menu salvatore vitiello nyc jd zip  · nys corporation toggle navigation opendatany corporation attorney authority food inspection health facility public authority criminal justice agency fire department employee lobbyist school other child care farmers market food store lottery retailer real estate license liquor vehicle facility spill incident go find nys corporation go zip  · nys corporation nys corporation  zip  · nys corporation new york  zip  · nys corporation dos id business entity name address  genrock capital management lp  madison ave suite  new york new york   faq app inc  e th street apt a new york new york   dlv design llc  e rd street new york new york   neals yard dairy inc  madison avenue th floor new york new york   uncle biagio llc quality branded  third avenue th floor new york new york   peanut butter  kimchee llc quality branded  third avenue th floor new york new york   nap york technology llc  east th street th fl new york new york   nap york management llc  east th street th fl new york new york   a capital llc  madison avenue suite c new york new york   ccv capital partners llc  st ave apt p new york new york   catalysis partners corporation  east th street apt b new york new york   pace management service corporation  east th street p new york new york   antique lighting solutions llc  lexington avenue  floor new york new york   caroline verrone llc  st avenue apt p new york new york   artz cure sarcoma foundation inc  east nd street suite c new york new york   remarkable health solutions inc  madison avenue th floor new york new york   new top cleaners inc  st avenue new york new york   djsgp  llc  east nd street apt a new york new york   asrgp  llc  east nd street apt a new york new york   the living food co inc  third avenue th floor new york new york   marina properties llc  st ave ste  new york new york   davidson kempner special opportunities master fund iv di lp  madison avenue th floor new york new york   diagnostic ultrasound sales  services inc  madison avenue th fl new york new york   xin premier services llc  east nd st ste  new york new york   se bluestone and redstone inc  e  st street new york new york   zoran drakulic llc  east th street n new york new york   axinfra us ii partner llc  park avenue suite  new york new york   ny hk trading group inc  madison avenue suite  new york new york   neptune capital partners corp  third avenue new york new york   law office of david sorokoff llc  third avenue th floor new york new york   clear dental pllc  e th street ste  new york new york   fujka design llc  east th st apt c new york new york    th street llc  sutton place south f new york new york   aft share holdings llc  east th st rd floor new york new york   total wine solutions llc  east nd street apt j new york new york   zbsj realty llc  east rd street apt  new york new york   turnkey realty management three llc  east th street suite f new york new york   anything at all llc  e th street d new york new york    saint james place llc  lexington ave th fl new york new york   sigmaone capital llc  e th street new york new york   bamboo temple llc  park avenue th floor new york new york   metropolitan merchant capital advisers llc  east th street th floor new york new york   metropolitan merchant capital management llc  east th street th floor new york new york   law office of marcia b moulon pc  third avenue th floor new york new york   watch city ventures llc  w  street new york new york    east  llc  east th street new york new york   built for me inc  e th st th floor new york new york   connectien inc  east th st ste c new york new york   mkp select lp  lexington avenue th floor new york new york   fish two llc  third avenue th floor new york new york   octopus newsroom americas inc  madison avenue suite  new york new york   jawgp  llc  east rd street new york new york   swcgp  llc  east rd street new york new york    e nd street n llc  park avenue th floor new york new york   metropolitan merchant capital inc  east th street th fl new york new york    am llc  madison ave new york new york   teemu llc  madison avenue new york new york   davidson kempner longterm distressed opportunities fund iv lp  madison avenue th floor new york new york   aspire senior living llc  east th street th floor new york new york   musician indie coalition llc  madison avenue suite  new york new york    e th st llc  park avenue rd floor new york new york   goldsmith consultants llc  e th st apt m new york new york    pacific street owner llc  third ave ste d new york new york   unrefined llc  east th street suite  new york new york   atz holding inc  madison avenue th floor new york new york   spiral binding llc  madison avenue th floor new york new york   ophelia global trade inc  madison ave  st floor manhattan new york   gamboa  law pc  park avenue th floor new york new york   bre equities llc  park ave th fl apt  new york new york   davidson kempner longterm distressed opportunities gp iv llc  madison avenue th floor new york new york   bswp llc  third avenue floor  new york new york   abs westchester one llc  third avenue th fl new york new york    st andrews llc  third ave th fl new york new york    fifth ave garage llc goldfarb  fleece llp  lexington avenue new york new york   rd  llc  e th st new york new york   rd  llc  e th st new york new york   rd  llc  e th st new york new york   rd  llc  e th st new york new york   rd a llc  e th st new york new york   rd  llc  e th st new york new york   erka park llc withers bergman llp  park avenue th floor new york new york   lynstrumental entertainment inc  madison avenue suite  new york new york   the cassandra award foundation inc  east th street nd floor new york new york   eternal life biotechnology inc  th ave ste g new york new york    east th street associates lp  park avenue rd floor new york new york   thmnuju llc  e th st new york new york   polaris corporate risk management llc  east th street b new york new york   roman style pizza llc  madison avenue th floor new york new york   decorfin nyc inc  east th street new york new york   fundamental capital  llc  madison avenue suite  new york new york   naomi mansbach llc  e th street apt f new york new york   oriental glory inc  lexington ave ste  new york new york   ccsp summer broadway llc  east th street suite f new york new york   chatham holdings gnm new york llc  third avenue th floor new york new york   rosehill investors iii llc  madison avenue new york new york   aldo  west  inc  third avenue th floor new york new york   ruffinanyc llc  east th street new york new york   billie inc  east th street a new york new york   always dreaming llc  east th street apt c new york new york    grand ave inc  east rd street g new york new york  zip code · nys corporation zip code city corporations   albany     new york     brooklyn     new york     new york     new york     new york     new york     new york     new york     new york     brooklyn     brooklyn     new york     new york     flushing     brooklyn     great neck     brooklyn     garden city   show more                                                                                                                                                                                                                                                                                                                                                                                                                                                                                                                                                                                                                                                                                                                                                                                                                                                                                                                                                                                                                                                                                                                                                                                                         www dcma two renaissance square  north central avenue suite   industrialrdcarlstadt nj racquet  tennis club park avenue new york ny  gambles auto carthage ny campos optical inc  regis drivestaten islandnew york  sapiroaliceit mail taco fun flushing ny menu salvatore vitiello nyc jd microsoft personalized ad preferences to opt out of personalized ads in this browser your browser history must allow firstparty and thirdparty cookies and you must have your browsing experience set to not delete browsing history on exit instructions for enabling cookies and configuring your browsing history may be available in your browsers settings privacy or help documentation sign in hold on… we’re sorry but this didn’t work you can’t turn off personalized ads right now because your browser is currently blocking thirdparty cookies we can help you fix this issue let’s get started depending on what browser you use open options or settings make sure that thirdparty cookies are not blocked anymore to find out how search your browser’s help revisit httpchoicemicrosoftcomoptout and then on the “personalized ads in this browser” tile click off ext about our ads to create a more customized online experience some of the ads you may receive on microsoft websites and apps are tailored to your previous activities searches and site visits youre in control and heres where you can make the advertising choice thats right for you ext where can i learn more about advertising on microsoft websites and apps microsoft partners with oath appnexus and other third party service providers to help present customized content and display advertisements on msn outlookcom and other websites and apps microsoft also delivers search ads to bing and our search syndication partners learn more about microsoft’s privacy practices here you can learn more about interestbased ads from oath and appnexus in their privacy statements oath and appnexus what choices do i have about interestbased advertising on this page you can opt out of receiving interest based advertising from microsoft you can also opt out of receiving interestbased advertising from all selfregulatory members including microsoft oath appnexus and other third party ad networks at the following sites in the us digital advertising alliance daa in europe european interactive digital advertising alliance edaa in canada ad choices digital advertising alliance of canada daac you can control interestbased advertising in windows apps by turning off the advertising id in windows settings more choices do you want personalized ads from other companies questions if you have a privacy question or a question for the chief privacy officer of microsoft please contact us by using our web form we will respond to questions within  days ext personalized ads in this browser off optout is currently unavailable please try again later control the personalized ads setting for this web browser learn more if you want microsoft to show ads that might be relevant to you click on to show “generic” ads click off ext personalized ads wherever i use my microsoft account off sign in to change optout is currently unavailable please try again later control the personalized ads setting that applies when you are signed in on any computer or device with your microsoft account including windows windows phone xbox and other devices learn more if you want microsoft to show ads that might be relevant to you click on to show “generic” ads click off if you choose “generic” ads and use a browser your choice applies to everyone when using that browser as long as you do not clear your cookies ext personalized ads in windows in your windows settings you can turn off personalized ads that appear in apps on this device you’ll still see ads but they won’t be personalized anymore if you have windows  access the charms by touching or moving your pointer to the right edge of the screen click or tap settings and then click or tap change pc settings click or tap privacy and then turn off let apps use my advertising id for experiences across apps if you have windows  click or tap the start button click or tap settings click or tap privacy and then turn off let apps use my advertising id for experiences across apps if you have a windows mobile device go to settings tap on privacy tap on advertising id and then turn off let apps use my advertising id for experiences across apps if you want to turn off personalized ads from microsoft wherever you use your microsoft account including apps on windows windows phone xbox and other devices you can do so by selecting the microsoft account option above ext legal privacy  cookies   microsoft ld products  coupon code and up to  off printer ink  ld products we detected that your javascript seem to be disabled you must have javascript enabled in your browser to utilize the functionality of this website tax season sale  off ink and toner shop now quick reorder track order government my printers help  create account or sign in free shipping on all orders over † lifetime  satisfaction guarantee free shipping on orders over † low flat rate shipping  only  on orders under † multiple fulfillment centers  so you get your order faster orders placed before pm usually ship the same day †applies to orders delivered to the contiguous us close learn more reliability for a lifetime  all of our ld brand compatible ink and toner cartridges are backed by a lifetime guarantee verified excellence  our cartridges have been tested for performance quality and page yield so you know you are getting the absolute best product available your happiness matters  in the event that you are dissatisfied with your purchase simply let us know  well do our best to make it right close learn more special offers  items ink  toner office supplies paper cleaning  breakroom technology office furniture featured ink  toner brands all categories hp canon epson brother lexmark dell xerox samsung more ink  toner brands konica pitney bowes kyocera ricoh kodak sharp okidata toshiba panasonic refill kits featured office supply categories all categories writing  correction general supplies binders  accessories filing supplies envelopes  forms calendars  planners boards  easels desk organizers more office supply categories bags  travel accessories mailing  shipping storage  organizers tools  equipment cash handling labeling  labeling systems teaching  art featured paper categories all categories copy  multiuse paper notebooks pads  filler paper adhesive note pads photo paper brochure  specialty paper cards  stationary colored paper wide format paper featured cleaning  breakroom categories all categories cleaning supplies cleaning equipment breakroom supplies healthcare supplies safety  security facility supplies climate control featured technology categories all categories printers office machines  electronics power  backup network  cables d printing peripherals  memory drives  media shredders  accessories more technology categories audio video players computer accessories radio  mobile technology software  utilities cameras  scanners ink refill kits telephone  communication multimedia players displays  digital projectors featured office furnitures categories all categories furniture collections desks  tables chairs chair mats  accessories office decor  lighting armoires  bookcases filing storage  accessories carts  stands furniture accessories panel systems  accessories menu call reorder cart ink  toner office supplies hp canon epson brother lexmark dell xerox samsung okidata konica shop all printer brands office supplies paper cleaning technology office furniture ink  toner office supplies paper cleaning  breakroom technology office furniture my printers sign in track your order create account help special offers back general office supplies ink  toner hp canon epson brother lexmark dell xerox samsung okidata konica shop all printer brands  off ink  toner plus free shipping on all orders over  coupon code ldp applied expires  excludes oem items applies to orders delivered to the contiguous us scroll down for details find printer supplies fast easy  hassle free ink  toner finder select a printer brand select a printer brand top brands brother canon epson hewlett packard hp lexmark xerox all brands az acom amt amano astrojet birmy graphics brother bryce canon casio compaq computer language res copystar dec dataproducts dell dymo eicon laser electronic forms epson gestetner hasler hewlett packard hp ibm infoprint imagen imagistics interface systems kodak konicaminolta kyoceramita lanier lasermaster lexmark mimaki muratec mutoh nec nashuatec neopost newgen north atlantic oce okidata olivetti olympia panasonic pitney bowes primera printronix rena ricoh riso risograph roland samsung savin secap sharp sindoh star micronics tallygenicom tandem telenorma tenofax texas instruments toshiba xerox brother canon epson hewlett packard hp lexmark xerox acom amt amano astrojet birmy graphics brother bryce canon casio compaq computer language res copystar dec dataproducts dell dymo eicon laser electronic forms epson gestetner hasler hewlett packard hp ibm infoprint imagen imagistics interface systems kodak konicaminolta kyoceramita lanier lasermaster lexmark mimaki muratec mutoh nec nashuatec neopost newgen north atlantic oce okidata olivetti olympia panasonic pitney bowes primera printronix rena ricoh riso risograph roland samsung savin secap sharp sindoh star micronics tallygenicom tandem telenorma tenofax texas instruments toshiba xerox select a printerfamily select a printer family select a printer model select a printer model submit shop ink  toner from these top printer brands shop by printer brand hp hp officejet pro  hp officejet pro  hp envy  shop hp ink canon canon pixma mx canon pixma mg canon pixma mg shop canon ink epson epson workforce wf epson workforce wf epson workforce wf shop epson ink brother brother mfcjdw brother mfcjdw brother mfcjdw shop brother ink lexmark lexmark x lexmark prospect pro lexmark pro shop lexmark ink dell dell vw dell hcdw dell cw color shop dell ink xerox xerox phaser  xerox workcentre  xerox workcentre  shop xerox ink samsung samsung xpress cw samsung xpress mfw samsung xpress cfw shop samsung ink konicaminolta konica bizhub ce konica bizhub ce konica pagepro mf shop konica ink okidata okidata microline  turbo okidata mbw okidata oki mcw shop okidata ink shop all printer brands adding to cart added to cart add to get free shipping your order qualifies for free shipping price qty subtotal free shipping on orders over  to the contiguous us orders placed before pm pst typically ship the same day cart summary edit cart items in cart estimated shipping contiguous us ships same day coupon will be applied in shopping cart view cart continue shopping customers also bought other social login facebook sign in google sign in linkedin sign in quick reorder login  ld products we detected that your javascript seem to be disabled you must have javascript enabled in your browser to utilize the functionality of this website tax season sale  off ink and toner shop now quick reorder track order government my printers help  create account or sign in free shipping on all orders over † lifetime  satisfaction guarantee free shipping on orders over † low flat rate shipping  only  on orders under † multiple fulfillment centers  so you get your order faster orders placed before pm usually ship the same day †applies to orders delivered to the contiguous us close learn more reliability for a lifetime  all of our ld brand compatible ink and toner cartridges are backed by a lifetime guarantee verified excellence  our cartridges have been tested for performance quality and page yield so you know you are getting the absolute best product available your happiness matters  in the event that you are dissatisfied with your purchase simply let us know  well do our best to make it right close learn more special offers  items ink  toner office supplies paper cleaning  breakroom technology office furniture featured ink  toner brands all categories hp canon epson brother lexmark dell xerox samsung more ink  toner brands konica pitney bowes kyocera ricoh kodak sharp okidata toshiba panasonic refill kits featured office supply categories all categories writing  correction general supplies binders  accessories filing supplies envelopes  forms calendars  planners boards  easels desk organizers more office supply categories bags  travel accessories mailing  shipping storage  organizers tools  equipment cash handling labeling  labeling systems teaching  art featured paper categories all categories copy  multiuse paper notebooks pads  filler paper adhesive note pads photo paper brochure  specialty paper cards  stationary colored paper wide format paper featured cleaning  breakroom categories all categories cleaning supplies cleaning equipment breakroom supplies healthcare supplies safety  security facility supplies climate control featured technology categories all categories printers office machines  electronics power  backup network  cables d printing peripherals  memory drives  media shredders  accessories more technology categories audio video players computer accessories radio  mobile technology software  utilities cameras  scanners ink refill kits telephone  communication multimedia players displays  digital projectors featured office furnitures categories all categories furniture collections desks  tables chairs chair mats  accessories office decor  lighting armoires  bookcases filing storage  accessories carts  stands furniture accessories panel systems  accessories menu call reorder cart ink  toner office supplies hp canon epson brother lexmark dell xerox samsung okidata konica shop all printer brands office supplies paper cleaning technology office furniture ink  toner office supplies paper cleaning  breakroom technology office furniture my printers sign in track your order create account help special offers back general office supplies ink  toner hp canon epson brother lexmark dell xerox samsung okidata konica shop all printer brands adding to cart added to cart add to get free shipping your order qualifies for free shipping price qty subtotal free shipping on orders over  to the contiguous us orders placed before pm pst typically ship the same day cart summary edit cart items in cart estimated shipping contiguous us ships same day coupon will be applied in shopping cart view cart continue shopping customers also bought other social login facebook sign in google sign in linkedin sign in printer ink cartridges and toner cartridges  office supplies  ld products we detected that your javascript seem to be disabled you must have javascript enabled in your browser to utilize the functionality of this website tax season sale  off ink and toner shop now quick reorder track order government my printers help  create account or sign in free shipping on all orders over † lifetime  satisfaction guarantee free shipping on orders over † low flat rate shipping  only  on orders under † multiple fulfillment centers  so you get your order faster orders placed before pm usually ship the same day †applies to orders delivered to the contiguous us close learn more reliability for a lifetime  all of our ld brand compatible ink and toner cartridges are backed by a lifetime guarantee verified excellence  our cartridges have been tested for performance quality and page yield so you know you are getting the absolute best product available your happiness matters  in the event that you are dissatisfied with your purchase simply let us know  well do our best to make it right close learn more special offers  items ink  toner office supplies paper cleaning  breakroom technology office furniture featured ink  toner brands all categories hp canon epson brother lexmark dell xerox samsung more ink  toner brands konica pitney bowes kyocera ricoh kodak sharp okidata toshiba panasonic refill kits featured office supply categories all categories writing  correction general supplies binders  accessories filing supplies envelopes  forms calendars  planners boards  easels desk organizers more office supply categories bags  travel accessories mailing  shipping storage  organizers tools  equipment cash handling labeling  labeling systems teaching  art featured paper categories all categories copy  multiuse paper notebooks pads  filler paper adhesive note pads photo paper brochure  specialty paper cards  stationary colored paper wide format paper featured cleaning  breakroom categories all categories cleaning supplies cleaning equipment breakroom supplies healthcare supplies safety  security facility supplies climate control featured technology categories all categories printers office machines  electronics power  backup network  cables d printing peripherals  memory drives  media shredders  accessories more technology categories audio video players computer accessories radio  mobile technology software  utilities cameras  scanners ink refill kits telephone  communication multimedia players displays  digital projectors featured office furnitures categories all categories furniture collections desks  tables chairs chair mats  accessories office decor  lighting armoires  bookcases filing storage  accessories carts  stands furniture accessories panel systems  accessories menu call reorder cart ink  toner office supplies hp canon epson brother lexmark dell xerox samsung okidata konica shop all printer brands office supplies paper cleaning technology office furniture ink  toner office supplies paper cleaning  breakroom technology office furniture my printers sign in track your order create account help special offers back general office supplies ink  toner hp canon epson brother lexmark dell xerox samsung okidata konica shop all printer brands ink  toner finder find printer supplies fast easy  hassle free select a printer brand select a printer brand top brands brother canon epson hewlett packard hp lexmark xerox all brands az acom amt amano astrojet birmy graphics brother bryce canon casio compaq computer language res copystar dec dataproducts dell dymo eicon laser electronic forms epson gestetner hasler hewlett packard hp ibm infoprint imagen imagistics interface systems kodak konicaminolta kyoceramita lanier lasermaster lexmark mimaki muratec mutoh nec nashuatec neopost newgen north atlantic oce okidata olivetti olympia panasonic pitney bowes primera printronix rena ricoh riso risograph roland samsung savin secap sharp sindoh star micronics tallygenicom tandem telenorma tenofax texas instruments toshiba xerox brother canon epson hewlett packard hp lexmark xerox acom amt amano astrojet birmy graphics brother bryce canon casio compaq computer language res copystar dec dataproducts dell dymo eicon laser electronic forms epson gestetner hasler hewlett packard hp ibm infoprint imagen imagistics interface systems kodak konicaminolta kyoceramita lanier lasermaster lexmark mimaki muratec mutoh nec nashuatec neopost newgen north atlantic oce okidata olivetti olympia panasonic pitney bowes primera printronix rena ricoh riso risograph roland samsung savin secap sharp sindoh star micronics tallygenicom tandem telenorma tenofax texas instruments toshiba xerox select a printerfamily select a printer family select a printer model select a printer model submit printer ink  toner cartridges  office supplies recommended products ld multipurpose standard size paper   sheets per pack   sharpie permanent marker   pack   house of doolittle horizontal planner   sharpie major accent assorted highlighters   pack   rolodex mesh oval pencil cup   sparco standard staple   per box   business source round ring view binder   swingline all metal fullstrip desk stapler   pilot g retractable gel ink pen black   pack   verbatim gb  usb  flash drive   sparco straight scissors   postit adhesive note   per pack  yellow   bic mechanical pencil   pack   crayola colored pencils short  ct   per set   texas instruments tixa scientific calculator   crayola classic colors markers   per set   mead five star best backpack   ld mini office supply kit   elmers washable all purpose school glue sticks   per pack   kensington lightning charge  sync cable   shop ink  toner from these top printer brands shop by printer brand hp hp officejet pro  hp officejet pro  hp envy  shop hp ink canon canon pixma mx canon pixma mg canon pixma mg shop canon ink epson epson workforce wf epson workforce wf epson workforce wf shop epson ink brother brother mfcjdw brother mfcjdw brother mfcjdw shop brother ink lexmark lexmark x lexmark prospect pro lexmark pro shop lexmark ink dell dell vw dell hcdw dell cw color shop dell ink xerox xerox phaser  xerox workcentre  xerox workcentre  shop xerox ink samsung samsung xpress cw samsung xpress mfw samsung xpress cfw shop samsung ink konicaminolta konica bizhub ce konica bizhub ce konica pagepro mf shop konica ink okidata okidata microline  turbo okidata mbw okidata oki mcw shop okidata ink shop all printer brands this months features popular office supplies back to school headquarters sharpie supplies here at ld products award winning customer service live assistance on orders our awardwinning customer service team are knowledgeable personable and provide service with a smile discover the ld difference commitment to quality printing with a cartridge you can count on is important stateoftheart warehouses fast processing and shipping our automated fulfillment centers and dedicated warehouse staff work together to expedite the delivery of your order bizrate platinum award winner awarded to retailers for excellent online customer experience and service ld products is a leading provider of discount printer ink and office supplies at ld products you can count on low prices that dont include a sacrifice in quality lifetime guarantee same day shipping before pm pst awardwinning service free delivery on orders over † adding to cart added to cart add to get free shipping your order qualifies for free shipping price qty subtotal free shipping on orders over  to the contiguous us orders placed before pm pst typically ship the same day cart summary edit cart items in cart estimated shipping contiguous us ships same day coupon will be applied in shopping cart view cart continue shopping customers also bought other social login facebook sign in google sign in linkedin sign in ld products  coupon code and up to  off printer ink  ld products we detected that your javascript seem to be disabled you must have javascript enabled in your browser to utilize the functionality of this website tax season sale  off ink and toner shop now quick reorder track order government my printers help  create account or sign in free shipping on all orders over † lifetime  satisfaction guarantee free shipping on orders over † low flat rate shipping  only  on orders under † multiple fulfillment centers  so you get your order faster orders placed before pm usually ship the same day †applies to orders delivered to the contiguous us close learn more reliability for a lifetime  all of our ld brand compatible ink and toner cartridges are backed by a lifetime guarantee verified excellence  our cartridges have been tested for performance quality and page yield so you know you are getting the absolute best product available your happiness matters  in the event that you are dissatisfied with your purchase simply let us know  well do our best to make it right close learn more special offers  items ink  toner office supplies paper cleaning  breakroom technology office furniture featured ink  toner brands all categories hp canon epson brother lexmark dell xerox samsung more ink  toner brands konica pitney bowes kyocera ricoh kodak sharp okidata toshiba panasonic refill kits featured office supply categories all categories writing  correction general supplies binders  accessories filing supplies envelopes  forms calendars  planners boards  easels desk organizers more office supply categories bags  travel accessories mailing  shipping storage  organizers tools  equipment cash handling labeling  labeling systems teaching  art featured paper categories all categories copy  multiuse paper notebooks pads  filler paper adhesive note pads photo paper brochure  specialty paper cards  stationary colored paper wide format paper featured cleaning  breakroom categories all categories cleaning supplies cleaning equipment breakroom supplies healthcare supplies safety  security facility supplies climate control featured technology categories all categories printers office machines  electronics power  backup network  cables d printing peripherals  memory drives  media shredders  accessories more technology categories audio video players computer accessories radio  mobile technology software  utilities cameras  scanners ink refill kits telephone  communication multimedia players displays  digital projectors featured office furnitures categories all categories furniture collections desks  tables chairs chair mats  accessories office decor  lighting armoires  bookcases filing storage  accessories carts  stands furniture accessories panel systems  accessories menu call reorder cart ink  toner office supplies hp canon epson brother lexmark dell xerox samsung okidata konica shop all printer brands office supplies paper cleaning technology office furniture ink  toner office supplies paper cleaning  breakroom technology office furniture my printers sign in track your order create account help special offers back general office supplies ink  toner hp canon epson brother lexmark dell xerox samsung okidata konica shop all printer brands  off ink  toner plus free shipping on all orders over  coupon code ldp applied expires  excludes oem items applies to orders delivered to the contiguous us scroll down for details find printer supplies fast easy  hassle free ink  toner finder select a printer brand select a printer brand top brands brother canon epson hewlett packard hp lexmark xerox all brands az acom amt amano astrojet birmy graphics brother bryce canon casio compaq computer language res copystar dec dataproducts dell dymo eicon laser electronic forms epson gestetner hasler hewlett packard hp ibm infoprint imagen imagistics interface systems kodak konicaminolta kyoceramita lanier lasermaster lexmark mimaki muratec mutoh nec nashuatec neopost newgen north atlantic oce okidata olivetti olympia panasonic pitney bowes primera printronix rena ricoh riso risograph roland samsung savin secap sharp sindoh star micronics tallygenicom tandem telenorma tenofax texas instruments toshiba xerox brother canon epson hewlett packard hp lexmark xerox acom amt amano astrojet birmy graphics brother bryce canon casio compaq computer language res copystar dec dataproducts dell dymo eicon laser electronic forms epson gestetner hasler hewlett packard hp ibm infoprint imagen imagistics interface systems kodak konicaminolta kyoceramita lanier lasermaster lexmark mimaki muratec mutoh nec nashuatec neopost newgen north atlantic oce okidata olivetti olympia panasonic pitney bowes primera printronix rena ricoh riso risograph roland samsung savin secap sharp sindoh star micronics tallygenicom tandem telenorma tenofax texas instruments toshiba xerox select a printerfamily select a printer family select a printer model select a printer model submit shop ink  toner from these top printer brands shop by printer brand hp hp officejet pro  hp officejet pro  hp envy  shop hp ink canon canon pixma mx canon pixma mg canon pixma mg shop canon ink epson epson workforce wf epson workforce wf epson workforce wf shop epson ink brother brother mfcjdw brother mfcjdw brother mfcjdw shop brother ink lexmark lexmark x lexmark prospect pro lexmark pro shop lexmark ink dell dell vw dell hcdw dell cw color shop dell ink xerox xerox phaser  xerox workcentre  xerox workcentre  shop xerox ink samsung samsung xpress cw samsung xpress mfw samsung xpress cfw shop samsung ink konicaminolta konica bizhub ce konica bizhub ce konica pagepro mf shop konica ink okidata okidata microline  turbo okidata mbw okidata oki mcw shop okidata ink shop all printer brands adding to cart added to cart add to get free shipping your order qualifies for free shipping price qty subtotal free shipping on orders over  to the contiguous us orders placed before pm pst typically ship the same day cart summary edit cart items in cart estimated shipping contiguous us ships same day coupon will be applied in shopping cart view cart continue shopping customers also bought other social login facebook sign in google sign in linkedin sign in