facebook facebook   ？ facebook ？？：？，。english us한국어français francebahasa indonesiapolskiespañolportuguês brasildeutschitalianomessengerfacebook liteinstagramcookie facebook   cole john j jr top holdings whalewisdom search all search f filers only search sec filer search stocks only search mgmt inv cos only etfs only search active cole john j jr • moultrie ga how do i update this listing cole john j jr is based out of moultrie whalewisdom has at least  insider transactions form  in our database for cole john j jr summary dg insider form  create email alert × email notification log in or signup to see more advanced email alert options such as selecting any type of sec form multiple filers or classes of filers and much more or to simply have an email sent to you whenever we receive a new f filing from cole john j jr enter your email address below and choose submit your email cancel contact info cole john j jr  first st se moultrie ga     business phone  sec sic codestate commercial banks recent sec filings  filed on   filed on   filed on   filed on   filed on   filed on   filed on   filed on   filed on   filed on  schedule d and g events since  subscription required form   nonderivative insider transactions since  loading elevate your investments try it for free john e obrien jr robinson  cole llp john e obrien jr partner jobrienrccom boston office one boston place th floor boston ma    download vcard practice areas fire and explosionlitigationproduct liabilitylarge loss property subrogationbusiness litigationcontract litigation john e obrien jr partner overview biography john obrien serves as plaintiffs counsel to insurers property and casualty subrogation and other corporate clients high deductibleselfinsured entities in complex tort product liability and business litigation as well as in commercial landlordtenant litigation mr obrien also leads the investigation of large property damage incidents arising from fires explosions water damage water intrusion equipment failure construction defects and design and engineering failures mr obriens litigation experience includes private arbitrations for example arbitration forums inc jury trials in the massachusetts superior court and appeals before the massachusetts appeals court the massachusetts supreme judicial court and the united states court of appeals for the first circuit mr obriens subject matter experience includes electrical systems residential commercial and power transmission electronics sprinkler systems fire alarm systems roofing systems domestic and industrial plumbing systems hvac heating ventilation and air conditioning systems and municipal watersewer mains he has handled construction defect cases against architects engineers builders and subcontractors in addition he has handled product liability claims involving household appliances medical laboratory equipment and industrial equipment mr obrien also has experience in matters involving breach of contract breach of fiduciary duty conversion fraud and unfair trade practices education university of connecticut school of law jd with honors boston college bs business admissions commonwealth of massachusetts us court of appeals st circuit us district court district of massachusetts experience experience experience prosecuted insurance subrogation claim in connection with total destruction by fire of newly renovated luxury home litigation involved dispute about the extent of a general contractors liability for negligent conduct of a subcontractor prosecuted insurance subrogation claim against municipal utility contractor for failure of a inch water main that flooded two commercial buildings in the city of boston prosecuted insurance subrogation claim against excavation contractor in connection with the failure of a water supply pipe during site work operations at a construction project prosecuted claim for insurer and building owner from installer of fire alarm system after total destruction by fire of a warehouse appellate succeeded in defending district courts entry of preliminary injunction prohibiting payment of  million in settlement fund to corporate alter egos of judgment debtors that had been found liable to our clients judgment creditors for breach of contract conversion breach of fiduciary duty fraud and violation of mass gen laws c a other experiences prosecuted claim for commercial landlord against tenant for damage to building from tenants removal of fixtures at the end of the lease term prosecuted claim for insurer and hotel group in connection with massive water damage incident that interrupted the hotels operation during the height of the business season litigation involved complex engineering dispute about whether construction defects exacerbated the spread of water prosecuted claim for insurer and motor vehicle distributor for damage to newly imported cars caused by discharge of dust from a factory prosecuted claim for insurer and retail clothing company for damage to inventory and interruption of business activity caused by adjacent tenant professional associations professional associations american bar foundationfellow massachusetts bar association   present boston bar association   present american bar association   present national association of subrogation professionalsnew england chapter committee   present chair of new england chapter committee   present honors  awards honors  awards received special recognition and award at the national association of subrogation professionals annual conference in san diego california  for innovative new england chapter meeting held earlier in the year community involvement community involvement pan massachusetts challenge pmcvolunteer crew leader   present volunteer    news  press publications publications subrogation waiver applies after construction concludes published in massachusetts lawyers weekly quoted in article by eric t berkman  duty to report a fire published in subrogator springsummer  privacy concerns in property subrogation published in subrogator the article explores the role of subrogation professionals in preventing disclosure of personal andor confidential information of an insured to outside parties springsummer  presentations presentations proving general contractor liability for subcontractor negligence at national association of subrogation professionals annual conference in las vegas nevada encore presentation via webinar  hosted by the national association of subrogation professionals  waivers and disclaimers of liability at annual conference of the national association of subrogation professionals in orlando florida  disclaimers of liability at new england chapter meeting of the national association of subrogation professionals in quincy massachusetts  news rc in the news february   robinsoncole lawyers join annual walk to the hill » more info robinsoncole lawyers join annual walk to the hill katherine c bailey kendra l berardi lawrence p heffernan john e o’brien jr kathryn m rattigan and elizabeth k wright represented the firm when they walked with hundreds of lawyers to the massachusetts state house in the th annual walk to the hill for civil legal aid on january   at the state house participants urged lawmakers to protect state funding for civil legal aid many lowincome individuals need civil legal aid when they face various civil legal problems such as loss of housing domestic abuse access to veterans benefits unemployment appeals and wage and hour disputes by providing lawyers and legal advice to people living at or near the federal poverty level civil legal aid programs enhance the ability of clients to access justice and can serve as a powerful tool to combat poverty click here to view a photo of robinsoncole lawyers at the state housethe walk to the hill event was sponsored by the equal justice coalition the massachusetts bar association and the boston bar association february   despite blizzard boston lawyers participate in annual walk to the hill » more info despite blizzard boston lawyers participate in annual walk to the hill the blizzard did not stop over  lawyers from trudging through the snow in the annual walk to the hill for legal aid on january   the lawyers represent bar associations from across massachusetts in support of the equal justice coalition the sponsor of the walk to the hill participating from the boston office of robinsoncole were cocaptains carla m moynihan kendra l berardi and elizabeth k wright along with larry p heffernan and john e o’brien jr civil legal aid is the last resort for lowincome people when they face critical civil legal problems such as loss of housing domestic violence access to veterans benefits unemployment appeals and wage and hour disputes by providing lawyers and legal advice to people living at or near the federal poverty level civil legal aid programs enhance their clients ability to access justice and can serve as a powerful tool to combat poverty the walk to the hill means literally walking up beacon street to the capitol on beacon hill to urge state representatives and senators to preserve funding for legal aid programs july   attorneys author article on privacy concerns in property subrogation » more info attorneys author article on privacy concerns in property subrogation subrogation attorneys jason b curtin and john e o’brien jr coauthored the article “privacy concerns in property subrogation” published in the springsummer issue of subrogator magazine subrogator is published by the national association of subrogation professionals which is the premier industry organization comprised of the major insurance carriers throughout the us that pursue large loss property subrogation recovery the article explores the role of subrogation professionals in preventing disclosure of personal information of an insured to outside parties subrogation counsel melissa sullivan is on the editorial board of subrogator december   robinson  cole’s subrogation team attends annual conference » more info robinson  cole’s subrogation team attends annual conference five members of robinson  cole’s subrogation team attended the national association of subrogation professionals annual conference nasp in colorado springs colorado in november the subrogation team focuses on large loss property subrogation for insurance company clients nasp is the worlds largest insurance subrogation association the national program is a threeday educational seminar on various types of subrogation including property auto workers’ compensation and health the program also provides a management track through which subrogation groups from various insurance carriers discuss issues relating to maximizing subrogation recovery approximately  attendees participated in the  conference robinson  cole attorneys in attendance were gregory j ligelis joseph carey john e obrien jr robin p keller and melissa sullivan rc news releases december   robinson  cole elects four new partners and promotes six counsel » more info robinson  cole elects four new partners and promotes six counsel robinson  cole is pleased to announce the election of four new partners and the promotion of six new counsel the new partners are matthew j lawlor brian d nichols john e obrien jr and todd r regan the new counsel are adam anderson stephen o clancy dana m horton leigh k hughes benjamin c jensen and timothy c twardowski the promotions are effective january   i am thrilled to congratulate our new partners and counsel said john b lynch jr managing partner these accomplished lawyers from varied practice areas in our major markets all have demonstrated a deep knowledge of their respective legal fields and a strong commitment to delivering exceptional service and value to our clients their promotions position the firm to strengthen our client relationships even further and continue to enhance the depth of our practices view article dr john j cole jr md vccxxfavzrscaqdcsqsrcxdfte marketing automation for healthcare login to doctorcom email password dont have an account sign up now forgot your password reset it here request a free demo please enter a first name please enter a last name please enter a valid email address please enter a valid phone number submitting or call now   thank you were currently processing your request and well be in touch soon for a faster response please call us directly at  doctorcom profilepoints™ profilepoints™ measure the overall completeness of a providers profile including items like having a photo a biography insurance payment options etc a full breakdown of points can be seen by providers with doctorcom accounts when editing their profile on doctorcom by showing providers with higher profilepoints™ first we make it easier for you to quickly identify the most informative profiles on doctorcom home ca los alamitos dr john j cole jr md about profilepoints™  patient reviews rate provider view phone call now fax   dr john j cole jr md cardiologist heart specialist  general biography dr john j cole jr md is a cardiologist heart specialist  general practicing in los alamitos cahe has not yet shared a personalized biography with doctorcom are you dr john j cole jr md claim your  free profile to respond to patient reviews customize your profile improve your visibility to our millions of monthly users claim your profile main location  katella avenue suite los alamitos ca  summary locations accepted insurance services  fees reviews summary locations accepted insurance services  fees reviews provider training institutionfocusyearresidency  long beach mem medical center cardiovascular diseases long beach mem medical center internal medicinenot specified experience  accolades dr john j cole jr md has not yet specified details about his experience and accolades practice  hospital affiliations dr john j cole jr md has not yet indicated the hospitals that he is affiliated with specialties languages spokenenglishmedical specialtiescardiologist heart specialistaccepts new patients yes payment options payment details affiliated practices practice at  katella avenue suite   katella avenue suite  los alamitos ca  practice colleagues dr john cole md      cardiologist heart specialist open profile accepted insurance dr john j cole jr md has not yet specified the insurance plans he accepts  procedures  treatments offereddr john j cole jr md has not yet provided information about the medical procedures and treatments offered by his practicecommonly prescribed medicationsdr john j cole jr md has not yet listed the medications that he commonly prescribesbilling policies  payment optionsdr john j cole jr md has not yet added any information about his practices billing policies and payment options average rating write a review office  staff evaluation not rated ease of getting an appointment not rated courtesy of practice staff not rated office appearance  atmosphere not rated handling of billing matters not rated average wait time not rated doctors in  miles of new york ny  doctorcom vccxxfavzrscaqdcsqsrcxdfte marketing automation for healthcare login to doctorcom email password dont have an account sign up now forgot your password reset it here request a free demo please enter a first name please enter a last name please enter a valid email address please enter a valid phone number submitting or call now   thank you were currently processing your request and well be in touch soon for a faster response please call us directly at  doctorcom profilepoints™ profilepoints™ measure the overall completeness of a providers profile including items like having a photo a biography insurance payment options etc a full breakdown of points can be seen by providers with doctorcom accounts when editing their profile on doctorcom by showing providers with higher profilepoints™ first we make it easier for you to quickly identify the most informative profiles on doctorcom refine search specialty any specialty acupuncturist alternative medicineaddiction medicine specialistadolescent medicine specialistallergistimmunologistallergyclinical  laboratory immunologyanaplastologistanesthesiologistaddiction medicinecritical care medicinehospice  palliative medicinepain medicinepediatric anesthesiologistart therapistaudiologistassistive technology practitionerassistive technology supplierhearing aid fitterbariatrician weight loss specialistbariatric medicine bariatriciancardiologist heart specialistclinical cardiac electrophysiologycertified nurse midwifecertified respiratory therapist crtcritical careeducationalemergency caregeneral caregeriatric carehome healthneonatalpediatricspalliativehospicepatient transportpulmonary diagnosticspulmonary function technologypulmonary rehabilitationsnfsubacute carechiropractorindependent medical examinationinternistneurologynutritionoccupational medicineorthopedicpediatricradiologyrehabilitationsports medicinethermographyclinical  laboratory immunologistclinical neuropsychologistclinical nurse specialist cnsacute careadult healthchronic carecommunity healthpublic healthcritical care medicineemergencyethicsfamily healthgerontologyholistichome healthinformaticslongterm caremedicalsurgicalneonatalneuroscienceoccupational healthoncologyoncology pediatricspediatricsperinatalperioperativepsychmental healthpsychmental health adultpsychmental health child  adolescentpsychmental health child  familypsychmental health chronically illpsychmental health communitypsychmental health geropsychiatricrehabilitationschooltransplantationwomens healthclinical pharmacologistcolon  rectal surgeon proctologistcounseloraddiction  substance use disordermental healthpastoralprofessionalschoolcritical care specialistdoctor of critical care medicinedance therapistdentistcosmetic dentistdental public healthendodontics endodontistfamily and cosmetic dentistoral  maxillofacial radiologyoral  maxillofacial surgeryoral and maxillofacial pathologyorthodontics  dentofacial orthopedics orthodontistpediatric dentistperiodontal and implant surgery specialistperiodontics periodontistprimary dental careprosthodontics prosthodontistdenturist dentures specialistdermatologist skin specialistclinical  laboratory dermatological immunologycosmetic dermatologydermatopathologyhair loss and hair restoration expertmohsmicrographic surgerypediatric dermatologyprocedural dermatologistdevelopmental therapistdietary managerdietitianmetabolic nutritionpediatric nutritionrenal nutritionemergency doctoremergency medical services emshospice  palliative medicinemedical toxicologypediatric emergency medicinesports medicineundersea  hyperbaric medicineendocrinologist diabetes  hormones specialistfamily doctoraddiction medicineadolescent medicineadult medicinebariatric medicinegeriatric medicinehospice  palliative medicinemedical aestheticssports medicinegastroenterologist stomach  bowel specialistgeneral practice doctor general practitioneraesthetic medicinehair loss and hair restoration expertintegrative medicinegeriatric medicine doctorhearing instrument specialisthematology  oncology specialisthematologist bloodoncologist cancerhepatologist liver gallbladder  pancreashomeopath alternative medicinehospice  palliative medicine specialisthospice  palliative surgeonhospitalistindependent medical examinerinfectious disease specialistinternistaesthetic medicineinterventional cardiologistkinesiotherapistlegal medicine specialistlicensed physchiatric technician lptlicensed practical nurse lpnlicensed skin care specialistlicensed vocational nurse lvnmagnetic resonance imaging mri specialistmarriage  family therapistmassage therapistlicensed massage therapistmechanotherapistmedical geneticistclinical geneticsgenetic counselor msmedical geneticsmedical genetics phd medical geneticsmolecular genetic pathologymedical geneticist genetic  hereditary disease specialist clinical biochemical geneticsclinical cytogeneticsclinical molecular geneticsmusic therapistnaprapath alternative medicinenaturopath alternative medicinenephrologist kidney specialistneurological surgeonneurologistdiagnostic neuroimagingneurodevelopmental disabilitiesneuromuscular medicinepain medicinespecial qualifications in child neurologyvascular neurologyneuromusculoskeletal medicine specialistosteopathic manual manipulationsports medicinenuclear medicine specialistin vivo  in vitro nuclear medicinenuclear cardiologynuclear imaging  therapynurse anesthetistnurse practitioner npacute careadult healthcommunity healthcritical care medicinedermatologyfamilygerontologyneonatalneonatal critical careobstetrics  gynecologyoccupational healthpediatricspediatrics critical careperinatalprimary carepsychmental healthschoolwomens healthnutritionistobstetrician  gynecologist obgynbariatric medicinecritical care medicinegynecologic oncologygynecologyhospice  palliative medicineinfertility and cosmetic surgerymaternal  fetal medicineobstetricsreproductive endocrinologyoccupational therapist otdriving and community mobilityenvironmental modificationergonomicsfeeding eating  swallowinggerontologyhand specialisthuman factorslow visionmental healthneurorehabilitationpediatricsphysical rehabilitationophthalmologist eye doctoroptometrist eye  vision specialistcorneal and contact managementlow vision rehabilitationoccupational visionpediatricssports visionvision therapyorthopedic surgeonadult reconstructive orthopaedic surgeryfoot  ankle surgeryhand surgeryorthopaedic traumapediatric orthopaedic surgerysports medicinesurgery of the spineorthoticsprosthetics fitterorthotistother doctorsspecialistother healthcare professionalaestheticiandental hygienistotolaryngologist ear nose  throat  entfacial plastic  reconstructive surgeryfacial plastic surgeryhead  neck oncology surgerymicrovascular reconstructionotolaryngic allergyotology  neurotologypediatric otolaryngologysinussinus  skull base surgerysinus surgeryskull base surgerysleep  snoringsleep medicinethyroidparathyroidpain medicine specialistpathologistanatomic pathologyanatomic pathology  clinical pathologyblood banking  transfusion medicinechemical pathologyclinical pathologyclinical pathologylaboratory medicinecytopathologydermatopathologyforensic pathologyhematologyimmunopathologymedical microbiologymolecular genetic pathologyneuropathologypediatric pathologypediatrician kids  children specialistadolescent medicineclinical  laboratory immunologydevelopmental  behavioral pediatricshospice  palliative medicinemedical toxicologyneonatalperinatal medicineneurodevelopmental disabilitiespediatric allergy  immunologypediatric cardiologypediatric critical care medicinepediatric emergency medicinepediatric endocrinologypediatric gastroenterologypediatric hematologyoncologypediatric infectious diseasespediatric nephrologypediatric pulmonologypediatric rheumatologypediatric transplant hepatologysleep medicinesports medicinepharmacistpharmacist clinician phc clinical pharmacistpharmacist clinician phc clinical pharmacy specialistpharmacotherapistpharmacotherapyphlebologist vein specialistphysiatrist physical medicine  rehabilitationhospice and palliative medicineneuromuscular medicinepain medicinepediatric rehabilitation medicinespinal cord injury medicinesports medicinephysical therapist ptcardiopulmonaryclinical electrophysiologyergonomicsgeriatricshandhuman factorsneurologyorthopedicpediatricspelvic paindysfunctionsportsphysician assistant padermatologymedicalsurgicalplastic reconstructive and cosmetic surgeonhand surgery specialisthead and neck surgery specialistpodiatrist foot specialistfoot  ankle surgeryfoot surgerygeneral practicepodiatristprimary podiatric medicinepublic medicineradiologysports medicinepoetry therapistpreventive medicine specialistaerospace medicinemedical toxicologyoccupational medicinepreventive medicineoccupational environmental medicinepublic health  general preventive medicinesports medicineundersea and hyperbaric medicineprosthetistpsychiatristaddiction psychiatrychild  adolescent psychiatryforensic psychiatrygeriatric psychiatrypsychosomatic medicinepsychiatrist  neurologistaddiction medicinebariatric medicineclinical neurophysiologyhospice  palliative medicinesleep medicinesports medicinepsychoanalystpsychologistaddiction  substance use disordersadult development  agingclinicalclinical child  adolescentcognitive  behavioralcounselingeducationalexercise  sportsfamilyforensicgroup psychotherapyhealthhealth servicemedical prescribingmen  masculinitymental retardation  developmental disabilitiespsychoanalysispsychotherapyrehabilitationschoolwomenpulmonologist lung specialistradiologistbody imagingdiagnostic neuroimagingdiagnostic radiologydiagnostic ultrasoundhospice  palliative medicineneuroradiologynuclear radiologypediatric radiologyradiation oncologyradiological physicstherapeutic radiologyvascular  interventional radiologyrecreation therapistreflexologistregistered nurse rnaddiction  substance use disorderadministratorambulatory carecardiac rehabilitationcase managementcollege healthcommunity healthcontinence carecontinuing educationstaff developmentcritical care medicinediabetes educationemergencyenterostomal therapyflightgastroenterologygeneral practicegerontologyhemodialysishome healthhospiceinfection controlinfusion therapylactation consultantmaternal newbornmedicalsurgicalneonatal intensive careneonatal lowrisknephrologyneurosciencenmtnutrition supportobstetric highriskobstetric inpatientoccupational healthoncologyophthalmicorthopedicostomy careotorhinolaryngology  headneckpain managementpediatric oncologypediatricsperinatalperitoneal dialysisplastic surgerypsychmental healthpsychmental health adultpsychmental health child  adolescentregistered nurse first assistantrehabilitationreproductive endocrinologyinfertilityschoolurologywomens health care ambulatorywound carerehabilitation counselorassistive technology practitionerassistive technology supplierorientation and mobility training providerrespiratory therapistcritical careeducationalemergency caregeneral caregeriatric carehome healthneonatalpediatricspalliative  hospicepatient transportpulmonary diagnosticspulmonary function technologypulmonary rehabilitationsnfsubacute carerheumatologist joints  arthritis specialistsleep medicine specialistsocial workerclinicalschoolspeechlanguage pathologistsports medicine specialistantiaging and regenerative medicinestudentstudentsurgeoncosmetic surgeonoral  maxillofacial surgerypediatric surgerysurgery of the handsurgical critical caresurgical oncologytrauma surgeryvascular surgerythoracic surgeon cardiothoracic vascular surgeontransplant hepatologisttransplant surgeonurologistpediatric urology any specialty acupuncturist alternative medicineaddiction medicine specialistadolescent medicine specialistallergistimmunologistanaplastologistanesthesiologistart therapistaudiologistbariatrician weight loss specialistcardiologist heart specialistcertified nurse midwifecertified respiratory therapist crtchiropractorclinical  laboratory immunologistclinical neuropsychologistclinical nurse specialist cnsclinical pharmacologistcolon  rectal surgeon proctologistcounselorcritical care specialistdance therapistdentistdenturist dentures specialistdermatologist skin specialistdevelopmental therapistdietary managerdietitianemergency doctorendocrinologist diabetes  hormones specialistfamily doctorgastroenterologist stomach  bowel specialistgeneral practice doctor general practitionergeriatric medicine doctorhearing instrument specialisthematology  oncology specialisthepatologist liver gallbladder  pancreashomeopath alternative medicinehospice  palliative medicine specialisthospice  palliative surgeonhospitalistindependent medical examinerinfectious disease specialistinternistinterventional cardiologistkinesiotherapistlegal medicine specialistlicensed physchiatric technician lptlicensed practical nurse lpnlicensed skin care specialistlicensed vocational nurse lvnmagnetic resonance imaging mri specialistmarriage  family therapistmassage therapistmechanotherapistmedical geneticistmedical geneticist genetic  hereditary disease specialist music therapistnaprapath alternative medicinenaturopath alternative medicinenephrologist kidney specialistneurological surgeonneurologistneuromusculoskeletal medicine specialistnuclear medicine specialistnurse anesthetistnurse practitioner npnutritionistobstetrician  gynecologist obgynoccupational therapist otophthalmologist eye doctoroptometrist eye  vision specialistorthopedic surgeonorthoticsprosthetics fitterorthotistother doctorsother healthcare professionalotolaryngologist ear nose  throat  entpain medicine specialistpathologistpediatrician kids  children specialistpharmacistpharmacist clinician phc clinical pharmacistpharmacotherapistphlebologist vein specialistphysiatrist physical medicine  rehabilitationphysical therapist ptphysician assistant paplastic reconstructive and cosmetic surgeonpodiatrist foot specialistpoetry therapistpreventive medicine specialistprosthetistpsychiatristpsychiatrist  neurologistpsychoanalystpsychologistpulmonologist lung specialistradiologistrecreation therapistreflexologistregistered nurse rnrehabilitation counselorrespiratory therapistrheumatologist joints  arthritis specialistsleep medicine specialistsocial workerspeechlanguage pathologistsports medicine specialiststudentsurgeonthoracic surgeon cardiothoracic vascular surgeontransplant hepatologisttransplant surgeonurologist location insurance carrier any carrier loading insurance plan any plan loading search by name › new search provider practice optional location search by specialty › new search filter search radius  miles provider gender any gender only men only women languages spoken any language afrikaans albanian american sign language asl arabic armenian assyrian bosnian bulgarian burmese caldean cantonese chinese creole czech dutch english farsi filipino french fujianese german greek gujurati hebrew himachali hindi hindi urdu hmong hungarian indian indonesian italian japanese kannada konkani korean lingala lithuanian macedonian malay malayalam mandarin marathi norwegian pashto pashtu persian persian  farsi polish portuguese punjabi romanian russian shanghainese slovak spanish swahili swedish tagalog taiwanese tamil thai thai laotian toishanese tshiluba turkish turkishazeri ukrainian ukranian urdu vietnamese welsh yiddish profilepoints   min rating board certified online scheduling verified  of  matching providers in  miles of new york ny  robert m sorin dmd dentist sponsored avg rating  main location  madison avenue suite new york new york  highlights has online scheduling summary dr robert m sorin is a comprehensive aesthetic and restorative dentist serving the new york area for more than  years  read more  daniel drapacz dpm podiatrist foot specialist sponsored avg rating  main location  broadway suite new york new york  highlights has online scheduling summary dr daniel drapacz is a podiatrist serving the new york area for more than  years read more  arthur w perry md facs surgeon sponsored avg rating  main location  rte franklin park new jersey  highlights board certifiedhas online scheduling summary dr arthur w perry is a cosmetic surgeon serving the franklin park and manhattan areas for more than  years read more  lois a jackson dds dentist sponsored avg rating  main location  laguardia place lnew york new york  highlights has online scheduling summary dr lois a jackson is a pediatric dentist serving the new york and brooklyn areas for more than  years  read more  dr jose loor dpm facfaom podiatrist foot specialist sponsored avg rating  main location  bay pkwybrooklyn new york  highlights board certifiedaccepts insurance planshas online scheduling summary dr jose loor the owner and founder of de loor medical is one of new york city’s leading podiatrists read more  dr eric linden dmd msd dentist sponsored avg rating  main location  west end ave lnew york new york  summary dr eric linden is a periodontist serving the new york area for more than  years read more  aleksander s iofin dmd dentist sponsored avg rating  main location  rockefeller plaza suite new york new york  highlights has online scheduling summary dr aleksander s iofin is an endodontist serving the new york area for more than  years read morevccxxfavzrscaqdcsqsrcxdfte  jonathan roy dpm podiatrist foot specialist sponsored avg rating  main location  east nd streetnew york new york  highlights accepts insurance planshas online scheduling summary dr jonathan roy is a podiatrist serving the new york area for more than  years  read more  mark sharobeem dpm podiatrist foot specialist sponsored avg rating  main location  e nd stnew york new york  highlights accepts insurance planshas online scheduling summary dr mark sharobeem is a podiatrist serving the new york area for more than  years read more  adam silevitch dmd dentist sponsored avg rating  main location  laguardia place lnew york new york  highlights has online scheduling summary dr adam silevitch is a pediatric dentist serving the new york and brooklyn areas for more than  years read more  first  previous           next  last  doctors in california  doctorcom vccxxfavzrscaqdcsqsrcxdfte marketing automation for healthcare login to doctorcom email password dont have an account sign up now forgot your password reset it here request a free demo please enter a first name please enter a last name please enter a valid email address please enter a valid phone number submitting or call now   thank you were currently processing your request and well be in touch soon for a faster response please call us directly at  doctorcom profilepoints™ profilepoints™ measure the overall completeness of a providers profile including items like having a photo a biography insurance payment options etc a full breakdown of points can be seen by providers with doctorcom accounts when editing their profile on doctorcom by showing providers with higher profilepoints™ first we make it easier for you to quickly identify the most informative profiles on doctorcom find california doctors go to provider search use the links below to start your search doctorcom can help you find a doctor in california who is well matched to your needs and preferences we have detailed profile and thousands of user ratings and reviews for more than  million health care providers in the united states providers in california on doctorcom top  provider specialties in california counselor  providersdentist  providersmarriage  family therapist  providerssocial worker  providersinternist  providerspsychologist  providersfamily doctor  providerspharmacist  providersnurse practitioner np  providersphysical therapist pt  providers top  most popular insurances for california doctors bluecross blueshieldcignaaetnaunited health carehumana healthbmc healthnet planmultiplan phcscoventryhealth netmedicaid ﻿﻿aggregate statistics total number of california doctors and other providers on doctorcommost popular medical specialty of providers in californiacounselorcalifornia doctors have been practicing for an average of yearsaverage profilepoints™ score for providers in californiaaverage overall user rating for providers in california out of  california doctors by city acampo caacton caadelanto caadin caagoura hills caaguanga caahwahnee caalameda caalamo caalbany caalbion caalderpoint caalhambra caaliso viejo caalleghany caalpaugh caalpine caalta caaltadena caaltaville caalturas caalviso caamador city caamboy caamerican canyon caanaheim caanderson caangels camp caangelus oaks caangwin caannapolis caantelope caantioch caanza caapple valley caapplegate caaptos caarbuckle caarcadia caarcata caarmona caarnold caaromas caarroyo grande caartesia caartois caarvin caatascadero caatherton caatwater caatwood caauberry caauburn caavalon caavenal caavery caavila beach caazusa cabadger cabaker cabakersfield cabaldwin park caballico cabangor cabanning cabard cabarstow cabass lake cabayside cabeale afb cabeaumont cabeckwourth cabelden cabell cabell gardens cabella vista cabellflower cabelmont cabelvedere tiburon caben lomond cabenicia cabenton caberkeley caberry creek cabethel island cabeverly hills cabieber cabig bar cabig bear city cabig bear lake cabig bend cabig creek cabig oak flat cabig pine cabig sur cabiggs cabiola cabirds landing cabishop cablairsdengraeagle cablocksburg cabloomington cablue jay cablue lake cablythe cabodega cabodega bay cabodfish cabolinas cabonadelle ranchosmadera ranchos cabonita cabonsall caboonville caboron caborrego springs caboulder creek caboulevard caboyes hot springs cabradley cabrandeis cabranscomb cabrawley cabrea cabrentwood cabridgeport cabridgeville cabrisbane cabrookdale cabrooks cabrowns valley cabrownsville cabryn mawr cabuellton cabuena park caburbank caburlingame caburney caburnt ranch caburrel caburson cabutte city cabuttonwillow cabyron cacabazon cacalabasas cacalexico cacaliente cacalifornia city cacalifornia hot springs cacalimesa cacalipatria cacalistoga cacallahan cacalpella cacalpine cacamarillo cacambria cacameron park cacamino cacamp meeker cacamp nelson cacamp pendleton cacampbell cacampo cacampo seco cacamptonville cacanby cacanoga park cacantil cacantua creek cacanyon cacanyon country cacanyon dam cacanyon lake cacapay cacapistrano beach cacapitola cacardiff by the sea cacarlotta cacarlsbad cacarmel cacarmel by the sea cacarmel valley cacarmichael cacarnelian bay cacarpinteria cacarson cacaruthers cacasmalia cacaspar cacassel cacastaic cacastella cacastro valley cacastroville cacathedral city cacatheys valley cacayucos cacazadero cacedar glen cacedar ridge cacedarpines park cacedarville caceres cacerritos cachallenge cachatsworth cachester cachicago park cachico cachilcoot cachinese camp cachino cachino hills cachowchilla cachualar cachula vista cacima cacitrus heights cacity of industry caclaremont caclarksburg caclayton caclearlake caclearlake oaks caclearlake park caclements caclio caclipper mills cacloverdale caclovis cacoachella cacoalinga cacoarsegold cacobb cacoleville cacolfax cacoloma cacolton cacolumbia cacolusa cacomptche cacompton caconcord cacool cacopperopolis cacorcoran cacorning cacorona cacorona del mar cacoronado cacorte madera cacosta mesa cacotati cacottonwood cacoulterville cacourtland cacovelo cacovina cacoyote cacrescent city cacrescent mills cacressey cacrest park cacrestline cacreston cacrockett cacrows landing cacudahy caculver city cacupertino cacutler cacutten cacypress cadaggett cadaly city cadana point cadanville cadardanelle cadarwin cadavenport cadavis cadavis creek cadeath valley cadeer park cadel mar cadel rey cadelano cadelhi cadenair cadescanso cadesert center cadesert hot springs cadiablo cadiamond bar cadiamond springs cadillon beach cadinuba cadiscovery bay cadixon cadobbins cadodgertown cadorris cados palos cados rios cadouglas city cadouglas flat cadowney cadownieville cadoyle cadrytown caduarte cadublin caducor cadulzura caduncans mills cadunlap cadunnigan cadunsmuir cadurham cadutch flat caeagleville caearlimart caearp caeast irvine caecho lake caedison caedwards cael cajon cael centro cael cerrito cael dorado cael dorado hills cael granada cael monte cael nido cael portal cael segundo cael sobrante cael toro cael verano caeldridge caelk caelk creek caelk grove caelmira caelverta caemeryville caemigrant gap caempire caencinitas caencino caescalon caescondido caesparto caessex caetna caeureka caexeter cafair oaks cafairfax cafairfield cafall river mills cafallbrook cafarmersville cafarmington cafawnskin cafeather falls cafellows cafelton caferndale cafiddletown cafields landing cafillmore cafinley cafirebaugh cafish camp cafive points cafloriston caflournoy cafolsom cafontana cafoothill ranch caforbestown caforest falls caforest knolls caforest ranch caforesthill caforestville caforks of salmon cafort bidwell cafort bragg cafort dick cafort irwin cafort jones cafortuna cafountain valley cafowler cafrazier park cafreedom cafremont cafrench camp cafrench gulch cafresno cafriant cafullerton cafulton cagalt cagarberville cagarden grove cagarden valley cagardena cagasquet cagazelle cageorgetown cagerber cageyserville cagilroy caglen ellen caglencoe caglendale caglendora caglenhaven caglenn caglennville cagold run cagoleta cagonzales cagoodyears bar cagoshen cagranada hills cagrand terrace cagranite bay cagrass valley cagraton cagreen valley lake cagreenbrae cagreenfield cagreenview cagreenville cagreenwood cagrenada cagridley cagrimes cagrizzly flats cagroveland cagrover beach caguadalupe cagualala caguasti caguatay caguerneville caguinda cagustine cahacienda heights cahalf moon bay cahamilton city cahanford cahappy camp caharbor city caharmony cahat creek cahathaway pines cahawaiian gardens cahawthorne cahayfork cahayward cahealdsburg caheber cahelendale cahelm cahemet caherald cahercules caherlong cahermosa beach cahesperia cahickman cahidden valley lake cahighland cahilmar cahinkley cahollister cahollywood caholt caholtville caholy city cahomeland cahomewood cahoneydew cahood cahoopa cahopland cahornbrook cahornitos cahughson cahume cahuntington beach cahuntington park cahuron cahyampom cahydesville caidyllwild caigo caimperial caimperial beach caindependence caindian wells caindio cainglewood cainverness cainyokern caione cairvine caisleton caivanhoe cajackson cajacumba cajamestown cajamul cajanesville cajenner cajohannesburg cajolon cajoshua tree cajulian cajunction city cajune lake cakaweah cakeeler cakeene cakelseyville cakentfield cakenwood cakerman cakernville cakettleman city cakeyes caking city cakings beach cakings canyon national pk cakingsburg cakirkwood cakit carson caklamath caklamath river cakneeland caknights landing caknightsen cakorbel cakyburz cala canada flintridge cala crescenta cala grange cala habra cala honda cala jolla cala mesa cala mirada cala palma cala puente cala quinta cala verne caladera ranch calafayette calaguna calaguna beach calaguna hills calaguna niguel calaguna woods calagunitas calake arrowhead calake city calake elsinore calake forest calake hughes calake isabella calakehead calakeport calakeshore calakeside calakewood calamont calancaster calanders calarkspur calathrop calaton calawndale calaytonville cale grand calebec calee vining caleggett calemon cove calemon grove calemoore calewiston calikely calincoln calincoln acres calinden calindsay calitchfield calittle lake calittle river calittlerock calive oak calivermore calivingston callano calockeford calockwood calodi caloleta caloma linda caloma mar calomita calompoc calone pine calong barn calong beach calookout caloomis calos alamitos calos alamos calos altos calos angeles calos banos calos gatos calos molinos calos olivos calos osos calost hills calotus calower lake caloyalton calucerne calucerne valley caludlow calynwood calytle creek camacdoel camad river camadeline camadera camadison camagalia camalibu camammoth lakes camanchester camanhattan beach camanteca camanton camarch air reserve base camaricopa camarina camarina del rey camariposa camarkleeville camarshall camartell camartinez camarysville camather camaxwell camaywood camc farland camcarthur camcclellan camccloud camcfarland camckinleyville camckittrick cameadow valley cameadow vista camecca camendocino camendota camenifee camenlo park camentone camerced cameridian cami wuk village camiddletown camidpines camidway city camilford camill creek camill valley camillbrae camillville camilpitas camineral camira loma camiramonte camiranda camission hills camission viejo camoccasin camodesto camojave camokelumne hill camono hot springs camonrovia camontague camontara camontclair camonte rio camontebello camonterey camonterey park camontgomery creek camontrose camoorpark camoraga camoreno valley camorgan hill camorongo valley camorro bay camoss beach camoss landing camount aukum camount hamilton camount hermon camount laguna camount shasta camount wilson camountain center camountain pass camountain ranch camountain view camt baldy camurphys camurrieta camurrieta hot springs camyers flat canapa canational city canavarro caneedles canelson canevada city canew almaden canew cuyama canewark canewberry springs canewbury park canewcastle canewhall canewman canewport beach canewport coast canicasio canice canicolaus caniland canipomo canipton canorco canorden canorth fork canorth highlands canorth hills canorth hollywood canorth palm springs canorth san juan canorthridge canorwalk canovato canubieber canuevo cao neals caoak park caoak run caoak view caoakdale caoakhurst caoakland caoakley caoakville caobrien caoccidental caoceano caoceanside caocotillo caojai caolancha caold station caolema caolivehurst caolympic valley caontario caonyx caorange caorange cove caorangevale caorcutt caoregon house caorick caorinda caorland caorleans caoro grande caorosi caoroville caother caoxnard capacific grove capacific palisades capacifica capacoima capaicines capala capalermo capalm desert capalm springs capalmdale capalo alto capalo cedro capalo verde capalomar mountain capalos verdes peninsula capanorama city caparadise caparamount caparker dam caparkway caparlier capasadena capaskenta capaso robles capatterson capatton capauma valley capaynes creek capearblossom capebble beach capenn valley capenngrove capenryn caperris capescadero capetaluma capetrolia caphelan caphillipsville caphilo capico rivera capiedmont capiedra capiercy capilot hill capine grove capine mountain club capine valley capinecrest capinedale capinole capinon hills capioneer capioneertown capiru capismo beach capittsburg capixley caplacentia caplacerville caplanada caplatina caplaya del rey capleasant grove capleasant hill capleasanton caplymouth capoint arena capoint mugu nawc capoint reyes station capollock pines capomona capope valley caport costa caport hueneme caport hueneme cbc base caporter ranch caporterville caportola caportola valley caposey capotrero capotter valley capoway caprather caprinceton caproberta caquincy carackerby carail road flat caraisin city caramona caranchita carancho cordova carancho cucamonga carancho mirage carancho palos verdes carancho santa fe carancho santa margarita carandsburg caravendale caraymond cared bluff cared mountain caredcrest caredding caredlands caredondo beach caredway caredwood city caredwood estates caredwood valley careedley carepresa carescue careseda carialto carichgrove carichmond carichvale caridgecrest carimforest cario dell cario linda cario nido cario oso cario vista caripon cariver pines cariverbank cariverdale cariverside carobbins carocklin carodeo carohnert park carolling hills estates carosamond carosemead caroseville caross carough and ready caround mountain carowland heights carumsey carunning springs carutherford caryde casacramento casaint helena casalida casalinas casalton city casalyer casamoa casan andreas casan anselmo casan ardo casan bernardino casan bruno casan carlos casan clemente casan diego casan dimas casan fernando casan francisco casan gabriel casan geronimo casan gregorio casan jacinto casan joaquin casan jose casan juan bautista casan juan capistrano casan leandro casan lorenzo casan lucas casan luis obispo casan luis rey casan marcos casan marino casan martin casan mateo casan miguel casan pablo casan pedro casan quentin casan rafael casan ramon casan simeon casan ysidro casanger casanta ana casanta ana heights casanta barbara casanta clara casanta clarita casanta cruz casanta fe springs casanta margarita casanta maria casanta monica casanta paula casanta rita park casanta rosa casanta ynez casanta ysabel casantee casaratoga casausalito cascotia cascott bar cascotts valley caseal beach caseaside casebastopol caseeley caseiad valley caselma casequoia national park caseven trees cashafter cashandon cashasta cashasta lake cashaver lake casheep ranch casheridan casherman oaks cashingle springs cashingletown cashoshone casierra city casierra madre casierraville casignal hill casilverado casimi valley caskyforest casloughhouse casmartsville casmartville casmith river casnelling casoda springs casolana beach casoledad casolvang casomerset casomes bar casomis casonoma casonora casoquel casoulsbyville casouth dos palos casouth el monte casouth gate casouth lake tahoe casouth pasadena casouth san francisco caspreckels caspring valley caspringville casquaw valley castandard castandish castanford castanton castevenson ranch castevinson castewarts point castinson beach castirling city castockton castonyford castorrie castratford castrathmore castrawberry castrawberry valley castudio city casugarloaf casuisun city casultana casummerland casun city casun valley casunland casunnyvale casunol casunset beach casurfside casusanville casutter casutter creek casylmar cataft catahoe city catahoe vista catahoma catalmage catarzana cataylorsville catecate catecopa catehachapi catehama catemecula catemple city catempleton catermo caterra bella cathe sea ranch cathermal cathornton cathousand oaks cathousand palms cathree rivers catipton catollhouse catoluca lake catomales catopanga catopaz catorrance catrabuco canyon catracy catranquillity catraver catravis afb catres pinos catrinidad catrinity center catrona catruckee catujunga catulare catulelake catuolumne catupman caturlock catustin catwain catwain harte catwentynine palms catwin bridges catwin peaks caukiah caunion city cauniversal city caupland caupper lake cavacaville cavalencia cavallecito cavallejo cavalley center cavalley ford cavalley springs cavalley village cavalyermo cavan nuys cavenice caventura caverdugo city cavernalis cavictor cavictorville cavidal cavilla grande cavilla park cavina cavineburg cavinton cavisalia cavista cavolcano cawallace cawalnut cawalnut creek cawalnut grove cawarner springs cawasco cawashington cawaterford cawatsonville cawaukena caweaverville caweed caweimar caweldon cawendel caweott cawest covina cawest hills cawest hollywood cawest point cawest rancho dominguez cawest sacramento cawestlake village cawestley cawestminster cawestmorland cawestport cawestwood cawheatland cawhiskeytown cawhite water cawhitethorn cawhitewater cawhitmore cawhittier cawildomar cawilliams cawillits cawillow creek cawillowbrook cawillows cawilmington cawilseyville cawilton cawinchester cawindsor cawinnetka cawinterhaven cawinters cawinton cawishon cawitter springs cawofford heights cawoodacre cawoodbridge cawoodlake cawoodland cawoodland hills cawoodside cawoody cawrightwood cayermo cayettem cayolo cayorba linda cayorkville cayosemite national park cayountville cayreka cayuba city cayucaipa cayucca valley cazamora cazenia ca ﻿﻿ doctors in los alamitos ca  doctorcom vccxxfavzrscaqdcsqsrcxdfte marketing automation for healthcare login to doctorcom email password dont have an account sign up now forgot your password reset it here request a free demo please enter a first name please enter a last name please enter a valid email address please enter a valid phone number submitting or call now   thank you were currently processing your request and well be in touch soon for a faster response please call us directly at  doctorcom profilepoints™ profilepoints™ measure the overall completeness of a providers profile including items like having a photo a biography insurance payment options etc a full breakdown of points can be seen by providers with doctorcom accounts when editing their profile on doctorcom by showing providers with higher profilepoints™ first we make it easier for you to quickly identify the most informative profiles on doctorcom find los alamitos ca doctors go to provider search use the links below to start your search doctorcom can help you find a local physician or other licensed health provider in los alamitos ca who accepts your insurance and is bestsuited to meet your needs providers in los alamitos ca on doctorcom top  provider specialties in los alamitos ca dentist  providersmarriage  family therapist  providerspsychologist  providersinternist  providersphysical therapist pt  providersfamily doctor  providersother doctors  providerschiropractor  providerssurgeon  providerscounselor  providers top  most popular insurances for los alamitos ca doctors bluecross blueshieldcignaaetnahumana healthhealth netunited health carebmc healthnet planmultiplan phcscoventrypacificare ﻿﻿aggregate statistics total number of los alamitos ca doctors and other providers on doctorcommost popular medical specialty of providers in los alamitos cadentistlos alamitos ca doctors have been practicing for an average of yearsaverage profilepoints™ score for providers in los alamitos caaverage overall user rating for providers in los alamitos ca out of  los alamitos ca doctors by zip code  ﻿﻿ john j pendergast jr  ∼   chapman cole  gleason funeral homes john j pendergast jr  chapman cole  gleason funeral homes funeral homes  cremation services family owned and operated since  search servicesobituaries locations bridgewater east bridgewater falmouth west falmouth marstons mills marthas vineyard mashpee wareham services and obituaries preplanning medicaid spend down common questions services preplanning articles guaranteed pricing preplanning fundamentals talking about preplanning about us resources products local resources grief support contact us john j pendergast jr  ∼  sign guestbook view guestbook print john j pendergast jr prominent businessman and civic leader centerville ma – john jack j pendergast jr  of centerville passed peacefully on monday april   with his wife ann shirley by his side  he was born on july   the eldest son of sylvia johnson and john j pendergast sr throughout jack’s youth he worked in the family businesses as beach and parking attendant at jack’s beach night clerk at trades winds inn and sales associate at cape cod package store inc while making time to share his passion for boating fishing water skiing and swimming with others he graduated from barnstable high school in  and furthered his studies at nichols college  in  jack entered the us coast guard where he continued to service others and stay connected to the sea  he received a national defense service medal and was honorably discharged in  jack began his business career as an independent insurance agent in   in  he expanded into real estate by incorporating john j pendergast jr real estate co he achieved emeritus status after  years as a member of the national association of realtor as well as cape cod  islands association of realtors cciaor he was always a man of integrity with a strong work ethic  in  he became manager of cape cod package store inc then transitioned to owner in   jack grew the business and established himself as an alcohol beverage industry leader serving as past president and board member on the massachusetts package store association he embraced technology which allowed him to grow his business and lead others he developed long lasting relationships with sales persons industry leaders and employees and to many he was best known as “mr p” as a community leader he was actively involved with the centerville civic association centerville board of trade and barnstable youth advisory council establishing the first “cops in shops” in the town of barnstable  he advocated for public safety by supporting youth groups and activities like ‘celebration’ which is an alcohol and drug free post prom party for graduating seniors he graciously donated funds and his time to support various church and community events such as echo centerville home week th of july parades and centerville christmas stroll cape cod symphony orchestra and bso pops by the sea the pendergast’s were one of the founding families of our lady of victory church in  as a devoted parishioner he was a faithful navigator of the knights of columbus a treasurer  years of st vincent de paul society and a th degree knight of the equestrian order of the holy sepulchre of jerusalem  his core beliefs were based on charity unity fraternity and patriotism  jack married ann shirley in  and they shared  glorious years of marriage they enjoyed a full life together raising their family traveling as a couple as well as with family and friends hosting celebrations for family relatives and employees he was often found pulling pranks on friends accompanied by his contagious boisterous laugh he was a kid at heart with boundless energy and love for others he enjoyed time with family skiing swimming golfing  fishing apple picking sending roses on valentine’s day and cheering for his children and grandchildren at sporting events as a member of the hyannisport golf club for  years he enjoyed golf as well as many social events with fellow members and family  jack was an avid sports fan and took great pleasure in tailgating with family and friends at new england patriots and red sox games he lived life to the fullest despite his long time battle with skin cancer his motto was “we will rise above this” and when asked how he was doing he would answer “never better”  despite life’s challenges he gained strength and support from his family friends olv cancer support group and sphonc support for people with oral head and neck cancer he was a fighter to the end “the man with the plan” always with integrity and optimism jack was predeceased by his parents sylvia johnson and john j pendergast sr his brother peter m pendergast and by his first wife lorraine langhirt mother of john j pendergast iii jack is survived by his beloved wife of  years ann shirley degianton children john j pendergast iii danette atsalis silas terri anne p haidinger and bob and andrea l pendergast fiance steve  grandchildren john nikolas kristina and andrew atsalis and jacqueline maria gregory and michael haidinger   visiting hours will be held on monday may st from   pm at our lady of victory church  s main st centerville  a funeral mass will be celebrated on tuesday may nd at  am at our lady of victory church  burial will follow at st francis cemetery  pine street centerville in lieu of flowers memorial donations may be made to our lady of victory st vincent de paul society  south main street centerville ma  or saint john paul ii high school in memory of john j pendergast jr scholarship  high school road hyannis ma            grateful thanks to memorial sloan kettering massachusetts general hospital vna cape cod and hope health for years of compassionate medical care share visitation monday may    pm   pm our lady of victory address  directions funeral tuesday may     am our lady of victory address  directions burialinterment tuesday may   st francis xavier cemetery address  directions donations in lieu of flowers memorial donations may be made to our lady of victory st vincent de paul society  south main street centerville ma  or to saint john paul ii high school in memory of john j pendergast jr scholarship  high school road hyannis ma     john j pendergast jr  ∼  name email city  state comment do you need help in writing your guestbook entry try writing about one of these topics what characteristic did you love most about the person what was your relationship with himher do you have a tasteful story about himher that exemplifies the qualities of the person what one word would you use to describe the person when was the first time you met himher did you share in a special event with himher did you know this guestbook entry will be printed and given to the family as a cherished keepsake your words will be held closely by the family and their gratitude for the time spent writing will be boundless contact  news  sitemap  privacy copyright   chapman cole  gleason funeral homeswebsite by hss  powerflite john j cole jr  executive bio compensation history and contacts  equilar atlas   log in  sign up x   as featured in john j cole jr dir executive vice president and chief operating officer cashier southwest georgia bank at southwest georgia financial corp view full profile are you john j cole jr claim your profile   sign up for equilar atlas and view john j cole jrs full profile with equilar atlas you can identify corporate executives in john j cole jrs network and community follow changes in john j cole jrs employment and moneyinmotion connect with john j cole jr through your network of contacts john j cole jrs executive work history current dir executive vice president and chief operating officer cashier southwest georgia bank southwest georgia financial corp past to view john j cole jrs complete executive work history sign up now age      sign up for equilar atlas and view john j cole jrs full profile by accessing equilar atlas you can view bios network salary and wealth events of industryleading executives like john j cole jr more specifically youll be able to identify corporate executives in john j cole jrs network and community follow changes in john j cole jrs employment and moneyinmotion connect with john j cole jr through your network of conections view full profile   search for over  executive profiles bio example john j cole jr john j cole jrs connections  sign up now to view john j cole jrs  connections » jeffery e hanson executive vice president and chief banking officer southwest georgia financial corp j david dyer former vice president mortgage loan originator southwest georgia financial corp johnny r slocumb board member southwest georgia financial corp richard l moss board member southwest georgia financial corp roy h reeves chairman southwest georgia financial corp george d drew dir chief executive officer and president southwest georgia financial corp marcus r wells board member southwest georgia financial corp charles r lemons former president and chief executive officer empire financial services southwest georgia financial corp m lane wear board member southwest georgia financial corp john h clark evp  chief technology officer finisar corporation popular profiles sign up now to view more executive profiles » thomas j lynch executive chairman te connectivity ltd john j kita evp and cfo a o smith elon r musk ceo and chairman tesla david j oconnor president and ceo the madison square garden company claiborne p deming chairman of the board murphy oil corporation × claim your profile coming soon interested in updating your biography and work history were working on making it happen well email you when this feature is available please enter valid email address done thank you for your interest ok browse executive profiles  a  b  c  d  e  f  g  h  i  j  k  l  m  n  o  p  q  r  s  t  u  v  w  x  y  z equilar homepage equilar atlas equilar insight equilar boardedge equilar engage research services knowledge network about us login �  equilar all rights reserved privacy policy  marshall street redwood city ca   phone    fax   best lawyers in new england  by best lawyers  issuu issuu company logo issuu explore categories arts  entertainment style  fashion home  garden business travel education see all categories collections top picks generators hygge feminism zines makers find more plans  pricing community help  support about issuu publisher plans close categories arts  entertainment style  fashion home  garden business travel education see all categories collections top picks generators hygge feminism zines makers find more plans  pricing community help  support about issuu sign up sign in sign in infosavelikesharedownloadmorebest lawyers in new england   published on apr    find the best lawyers in boston and beyond for bestlawyersfollowread moreread moresimilar topopular nowjust for yougo explore