robert cushing  worldpac inc  zoominfocom bizapediacom  human validation companiespeopleproductsservicestrademarksaddressesphone book our system has detected a high number of page requests from your ip address please prove to us that you are a human to continue using our website please send me to the search subscription offer page after i successfully answer the word challenge bizapediapro searchperform unlimited searches via ouradvanced search form withbizapedia pro searchfind out more bizapediapro databuild custom data listsfor one or many stateswith bizapedia pro datafind out more  copyright   · bizapediacom · all rights reservedblogpro searchpro apicontact usterms of useprivacy policysitemapdesktop version robert b cushing executive profile  biography  bloomberg july    am et specialty retail company overview of advance auto parts inc snapshotpeople  overviewboard memberscommittees executive profile robert b cushing executive vp of professional  president of worldpac advance auto parts incagetotal calculated compensationthis person is connected to  board members in  different organizations across  different industriesas of fiscal year  background mr robert b cushing also known as bob serves as the chief executive officer and president of worldpac inc at advance auto parts inc and has been its executive vice president of professional since august  mr cushing serves as executive vice president of sales and operations for united states and canada of worldwide parts and accessories corporation mr cushing served as vice president sales for east coast of worldwide parts  accessories corp corporate headquarters  airport roadroanoke virginia united statesphone fax  board members memberships there is no board members memberships data available education there is no education data available other affiliations worldpac inc annual compensation salarytotal annual compensation stocks options restricted stock awardsall other compensationtotal value of optionstotal number of options total compensation total annual cash compensationtotal short term compensationother long term compensationtotal calculated compensation request profile update   the information and data displayed in this profile are created and managed by sp global market intelligence a division of sp global bloombergcom does not create or control the content for inquiries please contact sp global market intelligence directly by clicking here stock quotes market data is delayed at least  minutes company lookup competitor compensationnamepositioncompanycompensationwilliam c rhodes iiichairman chief executive officer and presidentautozone incmgerry p smith ceo  directoroffice depot incbryan b deboer chief executive officer president and directorlithia motors inckb scott smith cofounder chief executive officer president and directorsonic automotive incmdominick p zarcone president ceo  directorlkq corporationkcompensation as of fiscal year  sponsored financial commentaries sponsored links browse companies a b c d e f g h i j k l m n o p q r s t u v w x y z              request profile update only a company representative may request an update for the company profile documentation will be required to contact advance auto parts inc please visit  company data is provided by sp global market intelligence please use this form to report any data issues information missing  please enter your information in the following fields company name your name your email address your phone number type of data overview executives key developments similar companies transactions update needed all data changes require verification from public sources please include the correct value or values and a source where we can verify cancel submit your requested update has been submitted our data partners will research the update request and update the information on this page if necessary research and followup could take several weeks if you have questions you can contact them at bwwebmasterbusinessweekcom close robert b cushing dds pa credit report products contacts florida search robert b cushing dds pa company number  status active fei number  company type domestic for profit home state fl last activity date  date of incorporation  principal address  west th street suite  hialeah fl  mailing address  west th street suite  hialeah fl  robert b cushing dds pa principals president director cushing robert b address  west th st  hialeah fl last annual reports       registered agent agent name cushingrobert b c agent address  west th street hialeah fl  robert b cushing dds pa events  admin dissolution for annual report fileddate   reinstatement fileddate  description robert b cushing dds pa has been set up  in state fl the current status of the business is active the robert b cushing dds pa principal adress is  west th street suite  hialeah fl  meanwhile you can send your letters to  west th street suite  hialeah fl  the companys registered agent is cushingrobert b  west th street hialeah fl  the companys management are president director  cushing robert b the last significant event in the company history is reinstatement which is dated by  this decision is take in action on unknown the company annual reports filed on annual reports –  comprehensive report about this company view sample similar companies robert b david phd and judith m mcbride phd pa robert b davis dds p a robert b davis family partners ltd robert b deacon jr pllc robert b dees inc robert b dees inc number  robert b kurtz  cushing ia  company information products resources my account talk to a db advisor  business directory ia cushing general farms primarily crop general farms primarily crop robert b kurtz r robert b kurtz claim this business  th st cushing ia  get directions business info founded  incorporated annual revenue  employee count  industries general farms primarily crop contacts robert kurtz contact business your email address subject message send message company summary it employs  employees and is generating approximately  in annual revenue verified status unverified address unverified last verified  phone unverified payment method unverified view full report similar businesses nearby our similar businesses nearby shows similar businesses in their industry and region based on information found in their dun  bradstreet credibility review profile competitive landscape our competitive landscape shows how this business compares to similar businesses in their industry and region based on information found in their dun  bradstreet credibility review profile payments accepted no data hours sunday   monday   tuesday   wednesday   thursday   friday   saturday   r view additional data select from over  networks below to view available data about this business if this data is unavailable or inaccurate and you own or represent this business click here for more information on how you may be able to correct it credibility review google facebookcom yellowbookcom bingcom yellowpagescom merchantcircle tele atlas tomtom twittercom aol mapquest yahoo local applesiri groupon hotfrogcom comcastnet search reachlocal admedia dealsplus shoptopiacom alteryx dogtime media kslcom sirtune americantownscom driverside kudzucom specialsagentcom answerscom egood lawinfocom spotlikescom anywhocom egumball likenesscom spotzot eservicelog mapmyrun technocom apartmentguidecom ezlocalcom eztousecom teleroute aroundmecom metropolistcom therapistscom atlanta newhomes findlawcom time out new york avantar findthebestcom mojopagescom bb yellowpages fivestar software mycitywaycom tripadvisor bckyrdcom giftcardscom mycouponscom beachcaliforniacom golocalcom mymovecom upmesocialcom belo goodinfo newsgazette nokia usdirectorycom carscom nomao centzycom hibu openlistcom chacha search homeplatecom ownlocalcom visikard challamacom homestore patchcom voltari citybot pelopidas vouchd classifiedads hostway placeiq walkscorecom cloudmade hoodoyou planetdiscovercom weddingwirecom powerprofiles where inc contractorscom igolocalcom radiate media wikiocity couponmap indeedcom wimgocom crowdspot innova electronics intellistrand realtorcom datasphere inthemocom replycom yellowbotcom jiwire rocket fuel yellowpagecitycom dmvorg justclicklocalcom dirxion keencom zidstercom photos business credit report receive a onetime comprehensive credit report on this company get full credit report facebook twitter yelp call  to speak with a db advisor today customer resources products education center business articles  insights glossary contact us customer support communication preferences search for db duns our company about us company history business credit history careers press releases news success stories hoovers our network partners affiliates blog access to capital entrepreneurial initiative db international supplieredge site links business directory site map pipeda privacy policy website terms of service product license agreement  dun  bradstreet inc  all rights reserved robert b cushing  hialeah  fl  company information products resources my account talk to a db advisor  business directory fl hialeah offices and clinics of dentists dental surgeon robert b cushing r robert b cushing claim this business  w th st ste  hialeah fl  get directions   business info founded  incorporated annual revenue  employee count  industries dental surgeon contacts robert cushing dds contact business your email address subject message send message company summary since  robert b cushing has been providing dental surgeon from hialeah verified status unverified address unverified last verified  phone unverified payment method unverified view full report similar businesses nearby our similar businesses nearby shows similar businesses in their industry and region based on information found in their dun  bradstreet credibility review profile competitive landscape our competitive landscape shows how this business compares to similar businesses in their industry and region based on information found in their dun  bradstreet credibility review profile payments accepted no data hours sunday   monday   tuesday   wednesday   thursday   friday   saturday   r view additional data select from over  networks below to view available data about this business if this data is unavailable or inaccurate and you own or represent this business click here for more information on how you may be able to correct it credibility review google facebookcom yellowbookcom bingcom yellowpagescom merchantcircle tele atlas tomtom twittercom aol mapquest yahoo local applesiri groupon hotfrogcom comcastnet search reachlocal admedia dealsplus shoptopiacom alteryx dogtime media kslcom sirtune americantownscom driverside kudzucom specialsagentcom answerscom egood lawinfocom spotlikescom anywhocom egumball likenesscom spotzot eservicelog mapmyrun technocom apartmentguidecom ezlocalcom eztousecom teleroute aroundmecom metropolistcom therapistscom atlanta newhomes findlawcom time out new york avantar findthebestcom mojopagescom bb yellowpages fivestar software mycitywaycom tripadvisor bckyrdcom giftcardscom mycouponscom beachcaliforniacom golocalcom mymovecom upmesocialcom belo goodinfo newsgazette nokia usdirectorycom carscom nomao centzycom hibu openlistcom chacha search homeplatecom ownlocalcom visikard challamacom homestore patchcom voltari citybot pelopidas vouchd classifiedads hostway placeiq walkscorecom cloudmade hoodoyou planetdiscovercom weddingwirecom powerprofiles where inc contractorscom igolocalcom radiate media wikiocity couponmap indeedcom wimgocom crowdspot innova electronics intellistrand realtorcom datasphere inthemocom replycom yellowbotcom jiwire rocket fuel yellowpagecitycom dmvorg justclicklocalcom dirxion keencom zidstercom photos business credit report receive a onetime comprehensive credit report on this company get full credit report facebook twitter yelp call  to speak with a db advisor today customer resources products education center business articles  insights glossary contact us customer support communication preferences search for db duns our company about us company history business credit history careers press releases news success stories hoovers our network partners affiliates blog access to capital entrepreneurial initiative db international supplieredge site links business directory site map pipeda privacy policy website terms of service product license agreement  dun  bradstreet inc  all rights reserved cushing robert b dds in hialeah florida with reviews  ypcomstart your search by typing in the business name below what do you want to find wheremy current locationsearchhomehialeah flcushing robert b ddshialeah fl cushing robert b ddsabout search resultsabout search resultsyp  the real yellow pagessm  helps you find the right local businesses to meet your specific needs search results are sorted by a combination of factors to give you a set of choices in response to your search criteria these factors are similar to those you might use to determine which business to select from a local yellow pages directory including proximity to where you are searching expertise in the specific services or products you need and comprehensive business information to help evaluate a businesss suitability for you “preferred” listings or those with featured website buttons indicate yp advertisers who directly provide information about their businesses to help consumers make more informed buying decisions yp advertisers receive higher placement in the default ordering of search results and may appear in sponsored listings on the top side or bottom of the search results pagesortdefaultdefaultdistanceratingname a  zsponsored linksadd to mybookremove from mybookadded to your health collectionerror when adding to health collectionthis business was removed from the health collection oneill robert b md w th ave ste hialeah fl  physicians  surgeonsservicesadd to mybookremove from mybookadded to your health collectionerror when adding to health collectionthis business was removed from the health collectionpreferred contrucci robert b do pa pines blvdpembroke pines fl  physicians  surgeonswebsitedirectionsservicesmore infofrom business dr rober contrucci is an ear nose and throat surgeon we offer evaluation and treatment for the following coblation for nasal airway obstruction balloon sinupl…add to mybookremove from mybookadded to your health collectionerror when adding to health collectionthis business was removed from the health collection donoway robert b md hollywood blvd ste hollywood fl  physicians  surgeonsadd to mybookremove from mybookadded to your health collectionerror when adding to health collectionthis business was removed from the health collection donoway robert b md s ocean drhollywood fl  physicians  surgeonswebsiteadd to mybookremove from mybookadded to your health collectionerror when adding to health collectionthis business was removed from the health collection contrucci robert b do washington sthollywood fl  physicians  surgeonsadd to mybookremove from mybookadded to your health collectionerror when adding to health collectionthis business was removed from the health collection bell robert b md se th stfort lauderdale fl  physicians  surgeonsadd to mybookremove from mybookadded to your health collectionerror when adding to health collectionthis business was removed from the health collection robert b smith md pa e commercial blvdoakland park fl  physicians  surgeonsservicesadd to mybookremove from mybookadded to your health collectionerror when adding to health collectionthis business was removed from the health collection dr robert b stanton dmd  closed n federal hwy ste hfort lauderdale fl  dentistsdental hygienistswebsitethank you dr robert stanton easily the best dental experience in fort lauderdale dr stanton and his staff were so nice he genuinely cares abou…businesses in related categories to dentistsadd to mybookremove from mybookadded to your services collectionerror when adding to services collectionthis business was removed from the services collectionpreferred hair transplant institute of miami ponce de leon blvdcoral gables fl  hair replacementphysicians  surgeonswebsitedirectionsmore infofrom business the hair transplant institute of miami specializes in hair transplant surgery for men and women our institute is led by dr paul rose and dr bernard nusbaum ea…add to mybookremove from mybookadded to your health collectionerror when adding to health collectionthis business was removed from the health collectionpreferred berman chiropractic center ne rd stnorth miami beach fl  chiropractors  chiropractic serviceswebsitedirectionsservicesmore infofrom business berman chiropractic center is dedicated to helping people regain and maintain control of their health through a holistic approach dr berman along with our team w…add to mybookremove from mybookadded to your services collectionerror when adding to services collectionthis business was removed from the services collectionpreferred mrs a marion palm  tarot s dixie hwymiami fl  palmistsamusement places  arcadeswebsitedirectionsmore infovisit our websitemrsamarioncomfrom business mrs marion has a sterling reputation for being the real deal she has discriminating and affluent client le who come back to her repeatedly because of the serv…add to mybookremove from mybookadded to your services collectionerror when adding to services collectionthis business was removed from the services collection wendschuh peter h phd md pa sw nd plsouth miami fl  physicians  surgeonsskin carewebsitedirectionsservicesmore infomake an appointmentfrom business we are a general dermatology office providing diagnosis and treatment of diseases of the skin hair and nails we use modern technology along with traditional der…add to mybookremove from mybookadded to your services collectionerror when adding to services collectionthis business was removed from the services collectionpreferred friedman  friedman pa s douglas rd ste coral gables fl  medical malpractice attorneyswebsitecouponsse habla espanolyp addirectionsmore infono fee or cost if no recoverythe firm of friedman and friedman pa did an excellent job on my caseadd to mybookremove from mybookadded to your health collectionerror when adding to health collectionthis business was removed from the health collectionpreferred dr hector wiltz jr md nw st avehomestead fl  skin carephysicians  surgeonswebsitedirectionsservicesmore infoadd to mybookremove from mybookadded to your health collectionerror when adding to health collectionthis business was removed from the health collectionpreferred colorectal surgery  aesthetics institute s ocean dr ste hollywood fl  physicians  surgeonswebsiteservices offereddirectionsvideomore infofrom business dont suffer with hemorrhoids when there is a simple cure the procedure is quick and is done in my office this saves all hospital expenses it takes a few minu…add to mybookremove from mybookadded to your health collectionerror when adding to health collectionthis business was removed from the health collectionpreferred miami beach pediatrics ctr for integrative med arthur godfrey rd ste miami beach fl  physicians  surgeonsclinicswebsitedirectionsmore infofrom business practicing a holistic approach specializing in pediatrics homeopathy naet acupressure holistic nutrition functional massage for kids and much moreadd to mybookremove from mybookadded to your health collectionerror when adding to health collectionthis business was removed from the health collectionpreferred walder diane md kane concoursebay harbor islands fl  cosmetic serviceswebsitedirectionsservicesmore infomake an appointmentadd to mybookremove from mybookadded to your health collectionerror when adding to health collectionthis business was removed from the health collectionpreferred gmp medical w th avehialeah fl  physicians  surgeonsclinicswebsitesee our servicesvirtual tourdirectionsmore infoshe take you time to listen my concerns about my health i feel very confident about your diagnosticadd to mybookremove from mybookadded to your health collectionerror when adding to health collectionthis business was removed from the health collectionpreferred charles edward hoffler mdserving the hialeah area sports medicine  injuries treatmentwebsitemore infofrom business c edward hoffler phd md is a board certified orthopedic surgeon specializing in the hand and upper extremity he received his orthopedic training at emory u…add to mybookremove from mybookadded to your health collectionerror when adding to health collectionthis business was removed from the health collection hershman medical center sw th stmiami fl  clinicsphysicians  surgeonswebsitedirectionsservicesmore infovisit our websitehershmanmdcomadd to mybookremove from mybookadded to your health collectionerror when adding to health collectionthis business was removed from the health collectionpreferred a gyn diagnostics center e th st suite hialeah fl  physicians  surgeonsabortion serviceswebsitevirtual tourdirectionsmore infoadd to mybookremove from mybookadded to your health collectionerror when adding to health collectionthis business was removed from the health collectionpreferred laser spine instituteserving the hialeah area physicians  surgeonswebsitelocal listingsvideomore infoadd to mybookremove from mybookadded to your health collectionerror when adding to health collectionthis business was removed from the health collectionpreferred aventura family health center ne th avenorth miami beach fl  medical clinicswebsitecouponsmake an appointmentdirectionsservicesmore infouninsured patients welcomed we offer feeforservice office visits starting at only from business our office is a recognized patientcentered medical home pcmh featuring a fully integrated electronic medical record including smart decision support tools to a…add to mybookremove from mybookadded to your health collectionerror when adding to health collectionthis business was removed from the health collectionpreferred the hand institute sw th avemiami fl  physicians  surgeonswebsitedirectionsservicesmore infofrom business some of the treatment services hand therapy provides evaluations and assessment customized splint fabrication post operative care for traumatic and elective p…add to mybookremove from mybookadded to your health collectionerror when adding to health collectionthis business was removed from the health collectionpreferred oleary dennis j do fccp facoi ne miami gardens dr ste miami fl  physicians  surgeonswebsitedirectionsservicesmore infocalled dr o learys office to place a new patient appointment for my dad he was in a rehabilitation center receiving physical therapy because he s…add to mybookremove from mybookadded to your health collectionerror when adding to health collectionthis business was removed from the health collectionpreferred south florida ent associates s miami avemiami fl  hearing aids  assistive deviceswebsitedirectionsmore infoadd to mybookremove from mybookadded to your health collectionerror when adding to health collectionthis business was removed from the health collection eduardo montesgarcia s miami avemiami fl  physicians  surgeons urologydirectionsmore infoadd to mybookremove from mybookadded to your health collectionerror when adding to health collectionthis business was removed from the health collectionpreferred childrens urology associatesbbb rating a sw th ctmiami fl  physicians  surgeonswebsitedirectionsservicesmore infoadd to mybookremove from mybookadded to your health collectionerror when adding to health collectionthis business was removed from the health collection lopezguerrero rene md faap nw th stmiami fl  physicians  surgeons pediatricsdirectionsmore infoadd to mybookremove from mybookadded to your health collectionerror when adding to health collectionthis business was removed from the health collectionpreferred new beginnings healthcare for women sw nd st ste palmetto bay fl  physicians  surgeonswebsitecouponsservices offeredvirtual tourdirectionsmore infovisit our websitedrbradleyobgyncomwwwnbhcforwomentcomfrom business obgynsponsored linksmap viewsponsoredadvanced center for cosmetic  implant dentistry sw th ave ste  miami fl  websitecouponsdirectionsmore infodr peggy alvarezpenabad dds ponce de leon blvd ste  coral gables fl  websitecouponsvirtual tourdirectionsmore infohialeah dental specialty associates w th st hialeah fl  comprehensive specialty carewebsitevirtual tourdirectionsmore inforodriguezfeo carlos j sw th st ste  miami fl  implants impacted teeth facial injuries  morewebsiteyp addirectionsmore infocogan michael l dds n bayshore dr miami fl  contact us for informationwebsitedirectionsmore infogreat expressions dental centers north dade nw th ave miami gardens fl  websitedirectionsmore infourreafeldsberg helena dds mds sheridan st ste e hollywood fl  websitedirectionsmore infogalloway dental care sw th ave miami fl  websitedirectionsmore infosofi dental care  orthodontics washington ave ste  miami beach fl  websitecouponsdirectionsmore infogalloway dental care sw th ave ste  miami fl  websitedirectionsmore infowarren david dds sw th st miami fl  websitedirectionsmore infolarry wilner dds hollywood blvd hollywood fl  websitecouponsdirectionsmore infocorbo anthony g dds kane concourse bay harbor islands fl  websitedirectionsmore infoinfinity dental associates s douglas rd coral gables fl  websitemake an appointmentdirectionsmore infogreat expressions dental centers dadeland n kendall dr ste  miami fl  websitedirectionsmore infoabadin jose r biltmore way coral gables fl  websitedirectionsmore infogreat expressions dental centers calle ochodontics sw th st miami fl  websitedirectionsmore infoweissman steven d dmd pa kane concourse bay harbor islands fl  directionsmore infosofi dental care  orthodontics washington ave ste  miami beach fl  complete dental care  orthodonticswebsitecouponsservices offeredvirtual tourdirectionsmore infomiami smile dental s dixie hwy ste  miami fl  websiteservices offeredyp addirectionsmore infoamores dental care pa s dixie hwy miami fl  websitedirectionsmore infofalls dental care group sw th st miami fl  welcome to our familydirectionsmore infoinfinity dental associates s douglas rd coral gables fl  websitemake an appointmentvirtual tourdirectionsmore inforojas raiko dmd sw th ave miami fl  smile that matterwebsitedirectionsmore infogreat expressions dental centers the gables sw nd ave miami fl  websitedirectionsmore infodr peggy alvarezpenabad dds ponce de leon blvd ste  coral gables fl  websitecouponsvirtual tourdirectionsmore infoastoria dental ne th ave north miami beach fl  websitecouponscontact usdirectionsvideomore infogreat expressions dental centers aventura biscayne blvd ste  miami fl other locations » websitedirectionsmore infogina marcus dmd pa s douglas rd ste  coral gables fl  directionsmore infogreat expressions dental centers ives dairy ives dairy rd ste  miami fl  websitedirectionsmore infodidnt find what you were looking formagnifying glass we just redesigned ypcom do you like it× likenot a fan× thank youfeedback