qualcomms board of directors appoints raymond dittamore to board  qualcomm press releasepress releasesqualcomms board of directors appoints raymond dittamore to board déc san diegoqualcomm products mentioned within this press release are offered by qualcomm technologies inc andor its subsidiariessan diego  december    qualcomm incorporated nasdaq qcom today announced that its board of directors elected to appoint mr raymond v dittamore to the board dittamore will fill the vacancy on the board created by mr neil kadishas resignation earlier this year his term as a member of the board of directors continues until the shareholder election in  we are pleased to welcome ray as a member of qualcomms board of directors said dr irwin m jacobs chairman and ceo of qualcomm his long career with ernstyoung extensive accounting background and many community activities should make him a valuable addition to our board dittamore brings a wealth of experience in accounting to the board he retired in june  from ernstyoung llp after  years including  years as managing partner of the san diego office and four years as managing partner of the brussels office dittamore currently serves on the board of directors of invitrogen corporation genprobe incorporated and applied molecular evolution dittamore holds a bachelor of science degree from san diego state university qualcomm incorporated wwwqualcommcom is a leader in developing and delivering innovative digital wireless communications products and services based on the companys code division multiple access cdma digital technology headquartered in san diego calif qualcomm is included in thesp index and traded on the nasdaq stock market® under the ticker symbol qcom except for the historical information contained herein this news release contains forwardlooking statements that are subject to risks and uncertainties including the companys ability to successfully design and have manufactured significant quantities of cdma components on a timely and profitable basis the extent and speed to which cdma is deployed change in economic conditions of the various markets the company serves as well as the other risks detailed from time to time in the companys sec reports including the report on form k for the year ended september   and most recent form q  qcom raymond v dittamore insider trades for qualcomm inc bulletin investor alert new york markets close in market snapshot winners and losers expand keep open close expand keep open close expand keep open close expand keep open close expand keep open close qualcomm inc nasdaq qcom go set alerts find a broker join td ameritrade market index overview profile news charts financials historical quotes analyst estimates options sec filings insiders marketstatecountryus qualcomm inc market open  real time quotes jul    pm qcom quoteszigmancomposite   change   volume volume m real time quotes quoteszigmancomposite previous close     change   day low day high    week low  week high   insider activity individual raymond v dittamore mr raymond v dittamore is independent director at qualcomm inc he is on the board of directors at qualcomm inc and connect mr dittamore was previously employed as independent director by life technologies corp and managing partner by ernst  young llp he also served on the board at digirad corp genprobe inc and invitrogen corp he received his undergraduate degree from san diego state university transactions date shares transaction value     disposition at  per share      disposition at  per share      derivativenonderivative trans at  per share      derivativenonderivative trans at  per share      disposition at  per share      derivativenonderivative trans at  per share      disposition at  per share      derivativenonderivative trans at  per share      disposition at  per share      derivativenonderivative trans at  per share      derivativenonderivative trans at  per share      derivativenonderivative trans at  per share      disposition at  per share      derivativenonderivative trans at  per share  copyright  factset research systems inc all rights reserved source factset fundamentals officers and executives dr paul e jacobs executive chairman mr derek k aberle president mr steven m mollenkopf chief executive officer  director mr george s davis cfo principal accounting officer  executive vp dr james h thompson chief technology officer mr brian modoff executive vice presidentstrategy  ventures mr sunil lalvani vice president mr michael finley vice presidentworldwide carrier relations mr raj talluri senior vice presidentproduct management mr rafael steinhauser senior vice president mr alexander rogers evp  presidentqualcomm technology licensing mr richard f grannis treasurer  senior vice president ms christie thoene headpublic relations ms emily kilpatrick corporate communications contact ms amy berguson directorinvestor relations mr john t sinnott vice presidentinvestor relations ms michelle m sterling executive vice presidenthuman resources mr donald j rosenberg secretary executive vp  general counsel mr jeffrey william henderson independent director mr thomas w horton lead independent director ms ann m livermore independent director mr anthony james vinciquerra independent director mr mark d mclaughlin independent director mr harish manwani independent director ms barbara t alexander stiles independent director mr clark t randt independent director dr francisco ros independent director trending tickers quoteszigmancomposite vuzi quoteszigmancomposite jcp quoteszigmancomposite nugt quoteszigmancomposite jnug quoteszigmancomposite tlt x powered by log in  pm edt july   marketstatecountryus new york open marketstatecountryuk london closed marketstatecountryjp tokyo closed marketstatecountryus   marketstatecountryuk   marketstatecountryjp   view all latest news newslatest poil prices drop toward session lows but gold trades near the days highs p white house press secretary sean spicer resigns reports new york times pjeff bezos’s first instagram post ‘rocket factory coming soon’ pgold prices climb toward intraday highs on comex paugust gold up  or  to oz pthe cracked benchmark why some investors want a new standard for bonds pwti oil prices drop to intraday lows on nymex psept wti oil down  or  to bbl psean spicer quits as white house press secretary over scaramucci hire reports say pa new puppy cafe in nyc leads the pack of petfriendly eateries pge’s stock tumbles as outgoing ceo immelt ends reign with dim outlook pthese tips can help advisers attract — and keep — high net worth clients phow trump’s ‘greatest tax cut in history’ may impact you in one simple calculator pweekend roundup companies that may cut dividends  faang stocks and market bubbles  enjoy london on the cheap pwhite house press secretary sean spicer resigns reports pif you care about the planet don’t buy so much pthe reason jack bogle doesn’t fly first class says everything about his investing legacy avornado realty trust stock price target cut to  from  at morgan stanley aair france’s new millennial airline may be less annoying than it sounds amicrosoft stock price target raised to  from  at ubs loading more headlines dow quoteszigmanrealtime    nasdaq quoteszigmanrealtime    sp  quoteszigmanrealtime    kiosk   the retirementors retirement advice from our industry experts our team of financial professionals can help you plan and save for retirement then live well in it congakioskretirementorshtml    alerts congakioskalertshtml    virtual stock exchange our free stockmarket game • trade your virtual portfolio in real time • talk strategies in group discussions • find or create a game that suits you • use our learning center to improve congakioskgameshtml    location scouts housingmarket insights from our realty pros plus the latest data from realtorcom on  home markets across the us • see our complete real estate site congakioskrealestatehtml    lazy portfolios set it and forget it check out the returns on our  lazy portfolios that are made up of lowcost buyandhold index funds • how to create your own lazy portfolio congakiosklazyportfoliohtml  marketwatchcom site index topics help feedback newsroom roster media archive premium products mobile company info code of conduct corrections advertising media kit advertise locally reprints  licensing broker center your ad choices follow marketwatch rss podcasts wsjcom barrons online bigcharts virtual stock exchange financial news london wsjcom small business realtorcom mansion global copyright   marketwatch inc all rights reserved by using this site you agree to the terms of service privacy policy and cookie policy intraday data provided by six financial information and subject to terms of use historical and current endofday data provided by six financial information all quotes are in local exchange time realtime last sale data for us stock quotes reflect trades reported through nasdaq only intraday data delayed at least  minutes or per exchange requirements marketwatch top stories link to marketwatchs slice  raymond v dittamore  executive bio compensation history and contacts  equilar atlas   log in  sign up x   as featured in raymond v dittamore board member at obalon therapeutics view full profile are you raymond v dittamore claim your profile   sign up for equilar atlas and view raymond v dittamores full profile with equilar atlas you can identify corporate executives in raymond v dittamores network and community follow changes in raymond v dittamores employment and moneyinmotion connect with raymond v dittamore through your network of contacts raymond v dittamores executive work history current board member obalon therapeutics past to view raymond v dittamores complete executive work history sign up now education bs san diego state university age      raymond v dittamores biography raymond dittamore has served as a member of our board since march  mr dittamore retired in june  as a partner of ernst  young llp an international public accounting firm after  years of service mr dittamore served on the board of directors of qualcomm incorporated a semiconductor and telecommunications equipment company from december  to march  mr dittamore previously served on the boards of directors of life technologies corporation genprobe incorporation and digirad corporation mr dittamore holds a bs degree in accounting from san diego state university our board believes that mr dittamores extensive aud  read more raymond dittamore has served as a member of our board since march  mr dittamore retired in june  as a partner of ernst  young llp an international public accounting firm after  years of service mr dittamore served on the board of directors of qualcomm incorporated a semiconductor and telecommunications equipment company from december  to march  mr dittamore previously served on the boards of directors of life technologies corporation genprobe incorporation and digirad corporation mr dittamore holds a bs degree in accounting from san diego state university our board believes that mr dittamores extensive auditing and accounting experience as well as his industry knowledge qualifies him to serve on our board source obalon therapeutics on    sign up for equilar atlas and view raymond v dittamores full profile by accessing equilar atlas you can view bios network salary and wealth events of industryleading executives like raymond v dittamore more specifically youll be able to identify corporate executives in raymond v dittamores network and community follow changes in raymond v dittamores employment and moneyinmotion connect with raymond v dittamore through your network of conections view full profile   search for over  executive profiles bio example raymond v dittamore raymond v dittamores connections  sign up now to view raymond v dittamores  connections » lyle j arnold chief scientific officer and senior vice president research and development biocept venkata s renduchintala group president client and internet of things businesses and systems architecture acting head client computing group intel corporation cristiano r amon executive vice president qualcomm technologies inc and copresident qct qualcomm susan hockfield board member general electric company george s davis executive vice president chief financial officer and principal accounting officer qualcomm ronald a matricaria former chairman of the board st jude medical inc mark p stevenson executive vice president and chief operating officer thermo fisher scientific inc per a peterson former executive committee member johnson  johnson douglas reed former board member tetralogic pharmaceuticals corporation david f hoffmeister board member celanese popular profiles sign up now to view more executive profiles » john j kita evp and cfo a o smith elon r musk ceo and chairman tesla thomas j lynch executive chairman te connectivity ltd jan koum board member facebook inc robert d perlmutter senior evp and coo the macerich company × claim your profile coming soon interested in updating your biography and work history were working on making it happen well email you when this feature is available please enter valid email address done thank you for your interest ok browse executive profiles  a  b  c  d  e  f  g  h  i  j  k  l  m  n  o  p  q  r  s  t  u  v  w  x  y  z equilar homepage equilar atlas equilar insight equilar boardedge equilar engage research services knowledge network about us login �  equilar all rights reserved privacy policy  marshall street redwood city ca   phone    fax   raymond v dittamore executive profile  biography  bloomberg july    pm et healthcare equipment and supplies company overview of obalon therapeutics inc snapshotpeople  overviewboard memberscommittees executive profile raymond v dittamore director obalon therapeutics incagetotal calculated compensationthis person is connected to  board members in  different organizations across  different industriessee board relationships background mr raymond v dittamore also known as ray served as an audit partner of ernst  young llp until june  mr dittamore has over three decades of public accounting experience primarily served companies in the life sciences industry he has over  years of service with ernst  young including  years as the managing partner of its san diego office he served as collaborative editor for annual biotechnology report of ernst  young he founded biocom san diego  he has been a director of applied molecular evolution inc since september  he served as an independent director of qualcomm incorporated since december  until march   he served as director at life technologies corporation formerly invitrogen corp since july  he served as presiding director at qualcomm incorporated he has been a director at obalon therapeutics inc since march  he served as a director of digirad corporation from march  to march   he served as a director of genprobe inc from august  to september  his practice in san diego focused on companies in the life sciences industry mr dittamore holds a bs degree in accounting in  from san diego state universityread full background corporate headquarters  avenida encinascarlsbad california united statesphone fax  board members memberships presentdirectorlife technologies corporationpresentdirectorapplied molecular evolution incpresentdirectorobalon therapeutics inc education bs san diego state university other affiliations digirad corporationlife technologies corporationqualcomm incorporatedapplied molecular evolution incgenprobe incorporatedsan diego state university annual compensation there is no annual compensation data available stocks options there is no stock options data available total compensation total annual cash compensationtotal calculated compensation request profile update   the information and data displayed in this profile are created and managed by sp global market intelligence a division of sp global bloombergcom does not create or control the content for inquiries please contact sp global market intelligence directly by clicking here stock quotes market data is delayed at least  minutes company lookup competitor compensationnamepositioncompanycompensationamit d munshi president ceo  directorarena pharmaceuticals inckseth h z fischer chief executive officer and directorvivus inckmichael a narachi ms mbapresident chief executive officer  directororexigen therapeutics inckdan w gladney chairman chief executive officer and presidententeromedics incktodd newton chief executive officer  directorapollo endosurgery inckcompensation as of fiscal year  sponsored financial commentaries sponsored links browse companies a b c d e f g h i j k l m n o p q r s t u v w x y z              request profile update only a company representative may request an update for the company profile documentation will be required to contact obalon therapeutics inc please visit  company data is provided by sp global market intelligence please use this form to report any data issues information missing  please enter your information in the following fields company name your name your email address your phone number type of data overview executives key developments similar companies transactions update needed all data changes require verification from public sources please include the correct value or values and a source where we can verify cancel submit your requested update has been submitted our data partners will research the update request and update the information on this page if necessary research and followup could take several weeks if you have questions you can contact them at bwwebmasterbusinessweekcom close raymond v dittamore  ceo founder businessman  profile directorpedianet  list of ceos founders board members and company directors raymond v dittamore check out list of companies and businesses related to raymond v dittamore find out raymond v dittamore address and contact details view other people related to raymond v dittamore  coworkers colleagues companions etc address  stowe drive poway  ca companies related to raymond v dittamore cikcompany namepositioncompany addressdigirad corpdirector  industrial court suwanee  raymond v dittamore on the web persons related to raymond v dittamore  digirad corpnamepositioncitydimitrios angelisdirector njherbert j belluccisan diegostephen l bollingersan diegodiana m bowdensan diegogerhard f burbachpowaygerhard f burbachpresident and ceo powaygerhard f burbachdirector powaymark casnerceo and president powaymark casnerpres ceo and pres of dis powayjohn m climacodirector madison heightsjohn m climacodirector suwaneetodd p clydesan diegotodd p clydechief financial officer powaytodd p clydechief executive officer powayrichard l conwellsr vp  technology san diegorichard l conwellvp adv rsrch  dev and bus dev powayrichard l conwellsenior vp of technology powaymichael a cunniondirector suwaneemichael a cunniondirector suwaneeraymond v dittamoredirector san diegoraymond v dittamoredirector powayraymond v dittamoredirector powaypaul j earlyvp corporate radiation safety san diegopaul j earlyvpcrp radiation safety officr powaypaul j earlyvp corp radiation safety powayjeffrey e eberweindirector powayjeffrey e eberweindirector suwaneejeffrey e eberweindirector suwaneecharles m gillmandirector tulsacharles m gillmandirector powaycharles m gillmandirector suwaneesarah l hanssensvp commercial ops  bus dev powayjames b hawkinsdirector powayjames b hawkinsdirector suwaneearmando jacksonsvp of product sales powaymichael j keenanpresident digirad imaging sol powayjeffry r keyeschief financial officer powayjeffry r keyeschief financial officer suwaneekingsbury associates lp owner san diegokingsbury associates lp owner san diegofreire limavp  clinical operations tampafreire limavp clinical operations powayfreire limavp clinical operations powayfreire limapowayvirgil lottpresident diagnostic imaging powayvirgil lottpresident diagnostic imaging suwaneelloyd h malchowdirector powaysteven c mendelldirector powaymerrill lynch  co incnew yorkmerrill lynch  co incnew yorkmatthew g molchanpresident and ceo powaymatthew g molchanpresident and ceo suwaneer king nelsonirviner king nelsondirector cupertinor king nelsondirector newport beachr king nelsondirector powayr king nelsondirector powaykenneth e olsonsan diegokenneth e olsondirector powaykenneth e olsondirector powayvera p pardeesan diegovera p pardeevp general counsel  sec powayvera p pardeevpgeneral counsel  secretary powaydouglas md reeddirector deerfielddouglas md reeddirector deerfielddouglas md reeddirector powayjohn w saywarddirector powayjohn w saywarddirector san diegojohn w saywarddirector powayjohn w saywarddirector suwaneemarc shapirosr vp human resources powaydavid m sheehanpresident and ceo san diegomartin b shirleypresident  dis san diegomartin b shirleynational vp of sales powaymartin b shirleysvp sales  marketing suwaneerichard b slanskychief financial officer powaysorrento associates incsan diegosorrento associates inc owner san diegosorrento growth incsan diegosorrento growth inc owner san diegopeter sullivansenior vp of operations powaypeter sullivanpresident of products powayvector fund management ii llcdeerfieldvector fund management ii llc owner deerfieldvector fund management lp owner deerfieldraymond william vogelceo of dms health technologies suwaneerandy weatherheadsvp of sales marketing powaytimothy j wollaegerdirector san diegotimothy j wollaegerdirector san diego catimothy j wollaegerdirector poway   raymond v dittamore  ernst  young us llp  business profiles business profile document delivery api about      companies  officers home     washington      ernst  young us llp      raymond v dittamore account   login sign up saved  cart  raymond v dittamore  washington  uswa   raymond v dittamore is the partner of ernst  young us llp registered in washington save profile   details name raymond v dittamore office held partner locations a address address on file other officers for this company jane i blodgett registered agent c micahel abdalian partner c chester abell jr partner ernest c achtien partner thomas l adams partner george edgar adkins jr partner nathan adler partner patrick h admire partner arthur m aguinek partner philip m ahern partner robert a ahrens partner junichi akiyama partner robert m albertelli jr partner david e alexander partner w don alexander partner joseph j alfirevic partner celeste v allen partner elaine t allen partner robert m allen partner robert c allen partner stephen e almassy partner j turner almond jr partner clinton a alston partner willard h altman jr partner thomas a alto partner nancy a altobello partner danny l andersen partner anthony k anderson partner craig a anderson partner jeffrey s anderson partner richard j anderson partner sarah j anderson partner stephen c anderson partner robert f anderson ii partner john r andrews partner james b anglim partner randall c anstine partner arthur f anton partner ronald m aoki partner paul e arbogast partner alex t arcady partner l patrick arceneaux partner royce s armstrong partner richard l arnett partner takashi asayama partner james v aselta partner samuel astrof partner ernest f aud jr partner delbert l auxier jr partner john c avallon partner moses awe partner john g baab partner james b bachmann partner paul t bader partner donald l bailey partner john a bailey partner mark a bainbridge partner gerard c bajada partner charles e baker partner gary h baldaeus partner dee j balle jr partner robert j ballweg jr partner stephen a baloga partner dennis r baltzley partner john s banker jr partner steven j banks partner patrick m barberich partner david k barger partner richard m barger partner william f baridon partner norman a barker partner joseph p barr partner william j barrett partner joseph a barsalona partner mark s bartlett partner thomas e barton partner gary t basil partner stephen g bassett partner michael k baty partner carl e baucum partner john a bauermartinez partner gary j baumann partner r eric baumgarten jr partner bruce m baylson partner edward b beanland partner michael f bearer partner b michael becker partner bryan a becker partner robert a bedingfield partner gregory s bednar partner larry bedrosian partner jack h behrens partner william c beisswanger partner alan d bell partner samuel p bell jr partner john a belli partner steven e belous partner gary l belske partner roy m benignus partner norbert a bennett partner p norman bennett partner charles a benson partner william j bergold partner frank a bernatowicz partner kenneth r bernstein partner george a berry jr partner mark m besca partner david m betsill partner james a betts partner brian s bianco partner paul j biehl partner richard d birk partner gary r birkenbeuel partner robert a birrell partner michael j bishko partner john w bittner jr partner roger w bjorkquist partner donald a blackwell partner thomas m blake partner jacob m blank partner dion e bledsoe partner steven h block partner stephen c blowers partner william m blume jr partner john f blust partner dwight r bly partner richard s bobrow partner h douglas bogart partner james c boland partner jeffrey p bolson partner david g bonagura partner david m bonner partner james j bonsall jr partner jay m bornstein partner mark a borsos partner james n bosserman partner billy j bostick partner allen a boston partner bruce a bouchard partner david t boule partner w james bowling partner martin j bowne partner david e boyle partner james r bradow partner francis j brady partner leslie l brandon partner kenneth a bransom partner herbert s braun partner richard w braun partner neil e bray partner paul j brazda partner paul c bremer partner richard a brent partner richard l brezovec partner louis r brill partner elliott h brilliant partner raymond j broek partner paul a brook partner michael j brosnan partner leyton b broughton partner david a brown partner kenneth c brown partner michael l brown partner robert j brown partner richard g brown jr partner espey t browning jr partner keith l brownlie partner thomas w bruett partner robert j bruns partner janet m brutschea partner charles a bryan partner h houston bryan partner stephen buckley jr partner charles o buckner partner g lawrence buhl partner steven e buller partner terry a buller partner bruce e bulloch partner anthony burke partner kenneth m burke partner james j burns partner keith r burns partner james f burton partner randolph e buseman partner charlene k butler partner t randall cain partner john p calcutt partner kirk k calhoun partner zan f calhoun partner anthony a callander partner robert c caller partner peter t cangany jr partner robert a cantor partner peter t capobianco partner john g d carden partner john j carelli partner peter s carlsen partner carol ann carlson partner f jan carnevale partner william j carpenter partner michael d carr partner charles carroll partner james w carter partner richard cartoon partner howard l carver partner charles d carver jr partner f thomas casey partner timothy r cash partner donald j caste partner felix r castillo partner dwight w catherwood partner joseph j cegala partner richard t celiberti partner robert a center partner dominick c cerbone partner anthony j cerce partner charles r chamblee partner guy d chapdelaine partner mark s chapin partner jonathan c chapman partner laurence n charney partner c frank chauvin jr partner kenneth p cherrstrom partner sharda cherwoo partner jeffrey chin partner clyde m chrisman partner david m christens partner carl h christensen partner david t christensen partner charles m chubb jr partner william h church partner michael c clark partner john b clarke partner leland j cleland partner william c coe jr partner gerald d cohen partner steven r cohn partner gary g cole partner william e cole jr partner eugene p collatz partner kenneth w colwell partner james b conley partner james p conley partner j douglas s connon partner denis s conroy partner francis a contino partner michael h convissar partner james c cook partner w hunter cook partner douglas l cooper partner keith e cooper partner robert h cooper partner ronald s cooper partner william k copier partner john j cordio partner richard d corn partner john j costello partner edmund coulson partner harvey l coustan partner alexander l cover partner david j cox partner james a cox partner john b crane partner mark g crane partner stephen p crane partner robert r crawford partner john w creamer partner jim m cross ii partner john f crowley partner john w cullins partner michael j culotta partner john w curran partner david w currie partner bruce w currier partner john f curtis partner michael r curtis partner roland o curtola jr partner michael j cussen partner albert j dalo partner jo m dancik partner b gary dando partner richard l dandurand partner thomas w danielson partner angelo p danna partner donald e danner partner steven m danowitz partner lynn j darby partner larry e darst partner larry a davenport partner james l davey partner james h david partner james r davidson partner larry d davidson partner jerry a davis partner richard r de fronzo partner timothy l de leo partner charles de lone iii partner anthony j de luca partner joseph a de splinter partner susan d de vore partner deborah de witt partner g hilton dean partner robert a del genio partner robert der partner david l des pain partner douglas l deslattes partner peter f desmond partner blake e devitt partner louis a di berardino partner salvatore p di franco partner michael s di lillo partner robert l di loreto partner james s di stasio partner lawrence h diamond partner thomas a diasio partner ronald c diegelman partner gary m dixon partner richard j dobkin partner daniel j dolan partner peter g dolbee jr partner gregory m dold partner marcela e donadio partner scott a donaldson partner richard c dougherty partner thomas a dougherty partner james j doyle partner michael j doyle partner arlyn j dozeman partner thomas j driscoll partner arthur g drucker partner william c drummond partner richard w dugan partner roger f dunbar partner david e duprey partner robert e duquette partner lee j dutra partner george j duva partner william m duvall partner jeffrey h dworken partner william a earon partner wayne r ebersberger partner donald n ecker partner anastasia economos partner john b edwards jr partner james o eide partner michael c eisenband partner margie a eisenstat partner robert j elam partner earl j elbert partner darrell l ellingson partner richard p elliott partner jeffrey f ellis partner robert m ellis partner william e ellis partner frank m ellmer partner mitchell p ellner partner edward t ellopoulos partner donald c ellwood partner keith b elmer partner robert a elya partner michael b embree partner robert c emde partner michael p emmert partner donald j ercole partner gregory k ericksen partner john a erickson partner michael l evans partner eugene c ezell partner thomas e fahey partner james j fanning partner neil h fanoe partner scott farb partner c paul faux partner john a felker partner jerry a felts partner alfred b fernandes jr partner michael l ferrante partner gerald l ferrari partner john f ferraro partner tikhon y ferris partner louis h feuerstein partner bernard a finkelstein partner robert m finlayson partner andrew w finley partner stephen g finn partner edward l finn iii partner a thomas finnell jr partner harvey b fireman partner robert l fischer partner john j fitzpatrick partner michael j fitzpatrick partner cecil e flamer partner edward w flanagan partner martin j flashner partner kevin m fleming partner randy g fletchall partner theodore j flocco jr partner charles r flood partner paul f flynn partner curt w fochtmann partner gerard j foley partner timothy j foley partner brian r ford partner alan l forman partner stephen b forman partner matthew e forstenhausler partner wayne f forster partner danny c fort partner robert r fournier partner david m fouts partner dean g fowler partner richard p fox partner edward fraioli partner thomas d franklin partner barry a franzen partner charles e frayer partner michael s fredlender partner dan c freeman partner john r french partner daniel l frick partner richard l frick partner ronald e frieden partner susan a frieden partner michael e friedman partner lester s fry jr partner melvin l fultz partner claude e fusco partner john t gaffney jr partner richard c gallagher partner dennis p garabedian partner harry l gardner partner karen c gardner partner daniel r garner partner robert j garner partner ronald g garrick partner eileen e garvey partner joseph m gatto partner stephen p gatto partner jonathan v gaule partner john t gawaluck partner charles t gebbia partner w kent geer ii partner douglas g geib ii partner james l george partner peter c gerali partner james r gerding partner vincent l germanese partner david gerson partner jeffrey a gerstner partner richard e gesinger partner richard h gesseck partner harvey s gettleson partner john b gianola partner william f gibbons partner michael m gibson partner michael d giese partner geoffrey m gilbert partner tery s gilbert partner robert a gilchrist partner t stephen gillespie partner michael j gillmore partner john f gilwee partner nicholas p giordano partner harvey j gitel partner alan m gittelson partner robert giusti partner james c godbout partner allan m goddard partner daniel k goldberg partner jerry t golden partner peter h goldfarb partner jerome l goldman partner marvin a goldman partner errol g golub partner karen m golz partner geoffrey p gooch partner gary g goode partner arthur i gordon partner frank j gori partner george j gorman partner jerry gorman partner samuel f gorman partner james d gottfried partner john b grace partner philip c grad partner james j grady partner john c graff partner john m graham partner joseph f grainger partner lawrence j grajewski partner dale j granacki partner leslie s granow partner hugh m grant partner christopher j grasher partner paul a grater partner michael m gray partner peter c gray partner michele greco partner janet m green partner david l greenwell partner michael f gries partner swinton a griffith iii partner timothy t griffy partner michael grobstein partner diann d gross partner robert l guido partner john w gunn partner philip j gunn partner william j guska partner james l gustavson partner donald l gutman partner richard v haar partner gerard c haas partner steven w hackett partner frank a hahn partner andrew j hajducky iii partner dennis j haley partner john k haley partner hugh r hall partner frank h hall iii partner ronald p hallagan partner scott k halliday partner philip halper partner rand b hammond partner david a hampshire partner randall c hampton partner dwight l hanger partner michael s hanley partner timothy r hannon partner richard a hanus partner larry j hardy partner terry d hardy partner lee e harkleroad iii partner carl d harnick partner james f hart partner joseph j hart jr partner charles d harvell partner marcus d harwood partner james a hassett partner w edward hastings partner james a hatch partner robert c hausen partner charles j hauser partner mark d hauser partner james m havel partner h richard haverstick jr partner daniel f hayes partner larry j haynes partner jay w heck partner richard l heidebrink partner stephen j heil partner david h hemmerling partner thomas c henderson partner stephen c henley partner robert e henley jr partner michael a henning partner paul j heran partner robert k herdman partner kenneth r herlin partner lawrence h herlong partner delbert m herman partner diane p herndon partner bradley e herrmann partner michael a herzog partner david d hickox partner a steve hidalgo partner timothy j higgins partner michael s hildreth partner scott b hill partner john s hills partner aaron hipscher partner daria s hodapp partner donald r hofflander partner stephan p hoffman partner patrick d hogan partner j roger holbrook partner l ward holdridge partner rodger l holley partner peter m holloway partner david l holman partner christopher m holmes partner david n holtze partner james k holtzman partner stephen o hook partner jeffrey r hoops partner stephen m hoover partner patrick t hopkins partner teresa a hopp partner geoffrey v hopper partner barry r horek partner t richard horn jr partner f james horne partner harris m horowitz partner joe c horton partner alan e horwitz partner g thomas hough partner venable m houts jr partner thomas n howard partner peter w howe partner stephen r howe jr partner c kenneth howery partner n douglas hoy jr partner thomas m hudgins partner david w hughes partner h stephen hurst partner fredrick g hutchison jr partner paul j huth partner richard j hymer partner michael j inserra partner michio ishii partner gary l iverson partner james v ivy partner jim s ivy partner guy c jackson partner alan m jacobs partner p roger jahncke partner steven g james partner susan m james partner michael d jancik partner dennis p jancsy partner ray p jefferies partner edwin t jeffery partner ralph f jenkins iii partner andrew p jennings jr partner william k jensen partner david w jessen partner oscar j jimenez partner ronald j johansson partner gregory w johns partner craig s johnson partner douglas w johnson partner edward t johnson partner gary d johnson partner james l johnson partner roger a johnson partner wallace r johnson iii partner r horace johnson jr partner j randall johnston partner james w johnston partner clifford r jones partner david e jones partner richard e jones partner richard w jones partner thomas l jones partner michael s joseph partner jay c juliussen partner james r justice partner aaron s kaiser partner william j kane partner lawrence s kaplan partner john s karls partner stephen d karpf partner mark r kaspar partner jan g kasun partner steven m kates partner william i katz partner john e katzenmeyer partner jeffrey a kaufman partner richard j kaufman partner ronald u kaufman partner david j kautter partner daniel g kaye partner gary r keiser partner michael s kelley partner alan l keltner partner robert e kempenich partner william t kennedy partner michael d kenney partner robert m kenost partner mark r kercher partner thomas a kern partner donald a key partner thomas j kichler partner edward j kilbane jr partner john j kilkeary partner william l kimsey partner david l king partner douglas r king partner legrand c kirby iii partner olivia a kirk partner john m kiss partner nicholas kissel partner deborah j kissire partner william g kistner partner h dale kitchens partner thomas f kivell partner richard h klein partner robert b klein partner warren e klein partner george e klenovich partner alan l kline partner bruce e klingshirn partner peter m kloet partner martin knee partner leslie w knight jr partner joseph m knott partner thomas p knudsen partner herbert e knutson partner anthony j kolasa partner stephen j konenkamp partner william r konrad partner n robert kopecko jr partner paul koreneff partner bryan j kornreich partner timothy m kosiek partner geoffrey c koslov partner thomas g kouri partner charles r kowal partner ronald j kozich partner f gordon kraft partner raymond j kraft jr partner lewis kramer partner raymond e kramer partner richard f kraner partner barry f kroeger partner terrence p krupczak partner adrian f kruse partner niki l krutop partner john l kuhlman jr partner gerald j kuhn partner steven j kuzma partner paul s la fata partner gerald t la flamme partner donald r labrie partner abdul s lakhani partner antonio m laliberte partner ira j lamel partner thomas b lammert partner james p lamphron partner mike f lampley partner j talbot land partner wayne c landes partner allan r landon partner douglas e langenfeld partner robert a langer partner thomas m lankford partner john e lanman partner william v lapham partner richard g larsen partner timothy a larson partner philip a laskawy partner steven l laskey partner bruce n lassman partner thomas j latkovic partner thomas j laubenthal partner emanuel a lauria jr partner douglas laux partner robert w law partner james m lawlor partner william t lawrence partner charles t lawson partner spiro c lazarakis partner scott t leahy partner b carl lee partner jerry d lee partner nadine gordon lee partner kenneth b lee jr partner david w leeds partner kevin leifer partner steven j leifer partner joseph m lemaire partner richard n lemieny partner richard n lemieux partner charles a lenns partner daniel g lentz partner bernard leone partner herbert j lerner partner howard a levenson partner gary d levinbook partner alan b levine partner jay j levine partner robert s levine partner deborah j levinson partner howard l levy partner j kenyon lewis partner peter d licare partner g michael licastro partner brian p liddy partner dayton g lierley partner alan p lilholt partner richard b linklater partner robert h linn partner william j lipton partner john m little partner wallace a little partner bradley w livengood partner ronald i lobel partner richard w loehr partner joseph j lombardi partner theodore w long jr partner peter look partner daniel j love partner g william luallen partner alphonse s lucarelli partner albert d lucas partner michael a lucki partner michael g lutze partner robert w lynch partner john v lyngaas partner theodore j maag partner w barry mabry partner john f mac donald partner kevin m mac kenzie partner james r mach partner stephen c mack partner alexander h mackintosh partner james g maguire partner john j mahoney jr partner john f majors partner kenneth j malek partner sharon d maloney partner christopher d mandaleris partner jerry a mannen partner mark j manoff partner ronald j manse partner bruce j mantia partner edward r marcum partner norman marcus partner ronald d marcuson partner peter k markell partner john c markelonis partner kenneth e markley partner lester a marks partner william h marquard partner richard l marrapese partner valerie d marshall partner brian w marsharll partner charles r martin partner gregory a martin partner james f martin partner nigel j martin partner stephen c martin partner harold j masor partner douglas p mastrangeli partner melvyn t masuda partner kanji matsushita partner beverly k matthews partner vance k maultsby jr partner thomas p maurer partner michael g maxey partner paul m mayfield partner carl m mayhall partner william j mc cabe partner johnny w mc caleb partner teresa j mc canlies partner john p mc cann partner bryant m mc carthy partner david n mc clung partner matthew l mc coll partner robert t mc cormack partner william j mc cormick jr partner a michael mc cracken partner john w mc cullough partner c brent mc curdy partner thomas j mc cutcheon partner stephen e mc daniel partner william t mc dermott partner clinton d mc donnough partner m ray mc gowen partner john r mc grath partner neal t mc grath partner thomas p mc grath partner robert d mc ilhattan partner l jay mc intosh partner donald h mc iver jr partner michael v mc kay partner mark w mc keehan partner herbert w mc lachlan partner robert g mc lendon partner james h mc lennan partner eugene f mc mahon partner michael j mc millan partner william j mc namara partner michael p mc sherry partner john p mc tigue partner thomas e meckley partner valerie v meddaugh partner paul v meighan partner richard mejia jr partner martin r melone partner danny mendelson partner matthew a mendrygal partner allen j merkley partner charles m merriman partner lanier merritt partner barry b mevorach partner michael l meyer partner robert l meyer partner ronald l meyers partner gene e michaelson partner paul w middeke partner thomas l milan partner james b milholland partner david j milkosky partner brian j miller partner bruce a miller partner douglas s miller partner fredric r miller partner harold r miller partner james a miller partner john andrew miller partner richard l miller partner don p millican partner steven r mills partner william b milstead partner patrick f minan partner larry c mingledorff partner eric c minotti partner donald t misheff partner lucien p mistrot jr partner james k mitchell partner thomas j mitchell partner ray m moberg partner harvey b mogenson partner stephen a mohorich partner v sue molina partner anthony j mondoro jr partner robert s monitello partner daniel d montgomery partner j leo montgomery partner stephen n montgomery partner edward p montgomery jr partner candileigh k monzo partner bill m mooningham partner bobby r moore partner donald l moore partner lisa m mooring partner raymond glen moreau partner herbert a morey partner jack r morris partner michael f morrissey partner theodore c mortenson partner james l morton partner david l moskol partner findlay m most partner ronald t mott partner james w mottern partner vincent a moulton partner kurt h mueller partner gerald t mugnolo partner michael r mulhausen partner james p mulhern partner michael f mullen partner john h munz partner michael c murphy partner william b murphy partner john j murphy jr partner david h murray partner michael j murray partner daniel j murrin partner thomas p murry partner richard c muse partner martin nachimson partner stephen r nadeau partner george m neas partner donald l neebes partner charles j neff jr partner stephen j negrotti partner mark c nelson partner roger r nelson partner stephen t nelson partner robert g neubert partner j edd new partner danny r newcomb partner larry e newman partner mark s nexsen partner jay d nibbe partner warren r nicholson partner john f nicolai partner richard j nicoletti partner harold l nidetz partner allan m nieder partner barbara l nielsen partner richard j nigon partner richard d nijoka partner martin nissenbaum partner kevin j nixon partner j wayne norsworthy partner ernest j novak jr partner thomas c novosel partner dennis j nowak partner peter s nurczynski partner thomas r odonnell partner michael d odrobinak partner douglas h obenshain partner steven d oesterle partner barry j okoskin partner raymond a olczak partner jack h oldham partner david t olman partner james a olson partner steven c olson partner john h opdycke partner terry h orlansky partner robert r owen partner william m owens partner terrence r ozan partner alton d page partner harice r page partner andrew d painter partner william b palm partner l randall palmer partner terryl m palmer partner peter c palsen partner kenneth e papp partner michael j parma partner stephen m paroby partner richard e parrott partner norman l pasas partner james a patranzino partner george f patterson jr partner james c patton partner robert c patton partner alan g paulus partner kathleen m pawlus partner david b pearson partner mark w pearson partner paul m pearson partner james a pease partner john peck partner john g peetz jr partner eric r pelander partner james j pelletier partner daniel r pereira partner jaime pereira partner wendy s perez partner max periman partner john r perkinson partner stanley r perla partner james r peters partner douglas scott peterson partner kenneth w peterson partner timothy m peterson partner george e peterson iii partner warren w petraglia partner ronald p pettirossi partner j douglas phillips jr partner james s c phlegar jr partner christine m piatt partner robert b pickering partner craig f pickett partner james e pierce partner martin a pierce partner randall h pierce partner clifford l pike partner sidney l pilson partner john r pipski partner edwin j pisani partner donald a pizer partner ronald j piziali partner john c plavan partner kerry l plutte partner michael c poland partner dennis m polizzi partner larry j pollard partner gerard b pompan partner david g pope partner james a pope jr partner theodore r popp partner james j powell partner michael f prendergast partner joel press partner david f price partner gregory s price partner kevin i price partner donald v proper partner louis a pugliese partner dennis r purdum partner w james quigley jr partner mark a quinn partner barbara j raasch partner howard a rabinowitz partner marc a rabinowitz partner francis s radford partner milan m radonich partner john p rafferty partner michael p rafferty partner emil j ragones partner david m rainey partner l joan g rall partner richard d rathburn partner charles w rayburn partner john j reck partner brenda b rector partner david a reed partner daniel r reese partner george e reese partner conlyn w regester jr partner robert j reh partner kevin b reilly partner dale a reiss partner kenneth m reiss partner john d relic partner charles j reynolds partner carl a rhodes partner david a ricchuito partner terrence p riccio partner donald r richards partner joseph v richards jr partner timothy n richie partner thomas h richter partner charles a rider partner d joe rigsby partner robert j riley partner brian e ring partner michael a ritter partner isadore rivas partner michael a rizzo partner joseph g robbins jr partner kenneth l robin partner don a robins partner barry e robinson partner jack c robinson partner kirk n robinson partner anthony m robustelli jr partner paul v roddy partner jack r rodman partner lawrence d rodriguez partner peter rodriguez jr partner david e rogers partner w keith rollins partner kelly a rose partner howard s rosell partner gregory r ross partner james l ross partner stanley ross partner james e rossini partner charles n roth partner howard s roth partner frederick w round partner phillip g royalty partner william m ruddy partner russ j rudish partner paul l ruflin partner thomas h ryan partner james e ryan jr partner robert j sabo partner paul h sallwasser partner jane o salter partner donald b saltz partner william h sample partner michael r sanders partner steve w sanders partner john r sanderson partner peter r santori partner luigi c sasso partner david g sawaya partner michael f scarlett partner louis j scerra partner dean i schaffer partner glen a schaffert partner richard l schecter partner barry d schehr partner robert a schintzius partner george c schleier partner thomas schnellenberger partner thomas e schoenbaechier partner henry t schreyer jr partner joseph c schubert partner steven a schumm partner peter m schwab partner robert s scolnick partner thomas g scott partner christopher e scudellari partner robert m seaman partner james e searing partner james e searson partner lloyd d seese partner bryan k segedi partner john a seifarth partner larry m seigel partner robert j selder partner stephen m seliskar partner robert j sepe partner dennis serlen partner william r seto partner mark v sever partner christopher c seyfarth partner david f shanahan partner laura k shanley partner michael f shanley partner f richard shapiro partner robert h sharpenberg partner jack r shaw partner ben h shawler partner robert d shay partner john m shay jr partner howard l shearon partner matthew d shedd partner richard j shelton jr partner phillip l shemanski partner ronald b shepard partner steven h shepsman partner stephanie m shern partner lawrence r sherry partner robert h shope partner thomas j shortway partner porter r shults jr partner hyman shwiel partner john m sieber partner mary ann sigler partner ronald h silver partner joseph a silvoso ii partner charles e simon partner kenneth a simon partner roger n simpson partner tony w simpson partner judson m sinclair partner mark j sivin partner john o skelton partner thomas j skiba partner dan e slagle partner stanley d sleight partner john r smidt partner anthony w smith partner daniel c smith partner donald f smith partner gerald w smith partner jack h smith partner john e smith partner kevin m smith partner paul d smith partner raymond l smith partner travis e smith partner h raymond smith jr partner robert j snyder partner albert a snyder jr partner gary m soffer partner brian s soiref partner john f solan jr partner gregory j soukup partner john j southwick jr partner kris m spain partner william spang partner cheryl f sparkes partner douglas m sparks partner w randolph spears partner john n spencer jr partner nicholas t spina jr partner stephen h staelin partner thomas g stafford partner thomas h stagg partner ronald w stahlschmidt partner john c staley partner stephen t starbuck partner robert j starkman partner lawrence m statsky partner thomas e stazyk partner joseph n steakley partner s douglas steele partner robert w stein partner mark a stephens partner david w stettler partner martin d stevenson partner frederick r stewart partner dale e stitt partner scott a stoll partner theodore b stone partner michael g strachan partner gregory j stratis partner norman n strauss partner kirk d strawser partner robert g streit partner chris c stroup partner bruce w stump partner ralph a subbiondo partner bruce d sullivan partner mark l sullivan partner harold w sullivan jr partner gary v sutton partner l greg swan partner charles r swanson partner donald h sweeney partner robert w swegle jr partner donn a szaro partner ralph j takala partner darrell j tamosuinas partner elliot i tannenbaum partner philip m tatarowicz partner jane l taylor partner thomas w taylor partner william b taylor partner willis g telljohann partner robert h temkin partner irving j thau partner john a theis partner robert h thibault partner paul d thodeson partner c lee thomas partner james n thomas partner n scott thomas partner jerome w thomasson partner darryl l thorvilson partner john f tierney partner joseph w tillett jr partner john f tinsley partner william r titera partner james j tobin partner stephen m todd partner howard s todo partner laurence j tomsyck partner merlin c tousant partner john r towie jr partner kenneth h townsend ii partner james c tracy partner kenneth l tracy partner daniel l trampush partner michael w trapp partner kenneth l treece partner richard j treinen partner cheryl l troiano partner ben g troxler partner robert b tschudy partner george h tucker iii partner arthur f tully partner james s turley partner michael r turner partner philip m uhrhan partner robert j untracht partner miguel a valdes partner gretchen l valentine partner diana c vallis partner kenneth l vander wal partner john m varvaris partner guy a vasconcellos partner salvatore c vaudo jr partner michael e ventling partner joseph v vicidomino partner dennis vick partner michael a view partner janice i vincent partner john p vodenicker jr partner thomas d vogelsinger partner christopher d votta partner jeffrey j vrabel partner richard j wall partner george h wallace partner james d wallace partner amy wallman partner anthony j walters partner richard b walworth partner dennis j wander partner david p ward partner forrest leon ward partner mark r ward partner robert h warshauer partner william r wasco partner william h washecka partner linda b watson partner jonathan g weaver partner jeffrey l webb partner jay weber partner joseph v weber partner bernard r wedge jr partner jacob weichholz partner allan d weingarten partner wayne l welge partner john t wells jr partner mark k wennell partner james b werle partner jack h werner partner marvin wertheimer partner gary t wescombe partner richard b western partner arthur p weston partner mark h weston partner david a wheat partner timothy k whetsell partner charles k white partner randall j wichinski partner william j wieners partner kenneth j wilchfort partner john a wilgers partner michael j wilk partner bradley d williams partner donald a williams partner james a williams partner jeffrey p williams partner mark r williams partner robert j williams partner edward j williams jr partner james m williams jr partner david e willman partner ruth wilmer partner gerald b wilson partner gregory s wilson partner rex l wilson partner ronald a j wilson partner jack b wilson jr partner richard b wimmer partner robert h wingels partner robert b wingerter jr partner jaclyn a winship partner james c winter partner alvin l winterroth partner john r wise partner walter g wohigemuth partner eric m wolf partner benji h wolken partner gregory e wolski partner scott a woltemath partner richard j wood partner stuart g woodhouse partner leroy w woody partner frederick e wooldridge partner mark wovansiker partner r logan wray partner charles r wright partner jeffrey j wright partner john c wright partner major d wright jr partner herbert l wullschleger partner paul c wurst partner franklin wyman iii partner christine m yamamoto partner john j yeager partner john e yeager partner mark j yost partner michael j zarra partner ira l zecher partner steven m zelin partner gary a zell partner daniel r zeman partner john j zenga partner henry g zigtema partner richard h zucca partner home document delivery api about   business profiles inc business profile usa europe asia  pacific americas alabama alaska arizona arkansas california colorado connecticut delaware district of columbia florida georgia hawaii idaho illinois indiana iowa kansas kentucky louisiana maine maryland massachusetts michigan minnesota mississippi missouri nevada new hampshire new jersey new york north carolina north dakota ohio oklahoma oregon pennsylvania puerto rico south carolina south dakota tennessee texas utah virginia washington wyoming croatia denmark estonia finland france germany gibraltar ireland isle of man luxembourg netherlands norway poland slovenia spain sweden switzerland turkey united kingdom australia hong kong india new zealand singapore thailand canada colombia dominican republic jamaica jersey mexico nova scotia panama quebec raymond dittamore  united states  decypha sign in  welcome guest regions gcc  levant  mena  north africa gcc bahrain  kuwait  oman  qatar  saudi arabia  united arab emirates levant iraq  jordan  lebanon  palestine north africa egypt  libya  morocco  tunisia others iran  turkey  united kingdom  united states advanced search news markets companies research funds fixed income money markets commodities fx economics analysis more sign in membership customize your decypha logout welcome decypha alerts home people profiles people profile raymond dittamore profile full name raymond dittamore country united states biography raymond v dittamore has served as a director of the company since december  mr dittamore retired in june  as a partner of ernst  young llp designations date designation entity entity description country  life technologies corp    qualcomm inc company in semiconductors  semiconductor equipment united states check all the  individuals in united states check the list request a trial title select mr mrs ms miss dr prof first name last name job title select asset managers corporate banks investment managers wealth managers consultants  advisors legal practioners academics hedge funds private equity analysts traders equity research analysts phone company email country select afganistan albania algeria american samoa andorra angola anguilla antarctica antigua and barbuda argentina armenia aruba australia austria azerbaijan bahamas bahrain bangladesh barbados belarus belgium belize benin bermuda bhutan bolivia bosnia and herzegovina botswana bouvet island brazil british indian ocean territory brunei bulgaria burkina faso burundi cambodia cameroon canada cape verde cayman islands central african republic chad chile china christmas island cocos keeling islands colombia comoros congo cook islands costa rica cote divoire ivory coast croatia hrvatska cuba curacao cyprus czech republic czechoslovakia former denmark djibouti dominica dominican republic east timor ecuador egypt el salvador equatorial guinea eritrea estonia ethiopia falkland islands malvinas faroe islands fiji finland france france metropolitan french guiana french polynesia french southern territories gabon gambia georgia germany ghana gibraltar greece greenland grenada guadeloupe guam guatemala guernsey guinea guineabissau guyana haiti heard and mcdonald islands honduras hong kong hungary iceland india indonesia iran iraq ireland isle of man israel italy jamaica japan jersey jordan kazakhstan kenya kiribati kuwait kyrgyzstan laos latvia lebanon lesotho liberia libya liechtenstein lithuania luxembourg macau macedonia madagascar malawi malaysia maldives mali malta marshall islands martinique mauritania mauritius mayotte mexico micronesia moldova monaco mongolia montenegro montserrat morocco mozambique myanmar namibia nauru nepal netherlands netherlands antilles neutral zone new caledonia new zealand aotearoa nicaragua niger nigeria niue norfolk island north korea northern mariana islands norway oman pakistan palau palestine panama papua new guinea paraguay peru philippines pitcairn poland portugal puerto rico qatar reunion romania russia rwanda s georgia and s sandwich isls saint kitts and nevis saint lucia saint vincent and the grenadines samoa san marino sao tome and principe saudi arabia senegal serbia seychelles sierra leone singapore slovak republic slovenia solomon islands somalia south africa south korea south sudan spain sri lanka st helena st pierre and miquelon sudan suriname svalbard and jan mayen islands swaziland sweden switzerland syria taiwan tajikistan tanzania thailand togo tokelau tonga trinidad and tobago tunisia turkey turkmenistan turks and caicos islands tuvalu us minor outlying islands ussr former uganda ukraine united arab emirates united kingdom united states uruguay uzbekistan vanuatu vatican city state holy see venezuela vietnam virgin islands british virgin islands us wallis and futuna islands western sahara yemen yugoslavia zaire zambia zimbabwe comments required fields   submit already registered login attempt was not successful please try again username email password enter characters   login forget your password by job title asset managers  corporate banks  investment managers  wealth managers  consultants  advisors  legal practitioners  academics  hedge funds  private equity analysts  traders  equity research analysts by scope equity  fixed income  funds  excel  analytical tools  markets  prices  money market  news  industry  ipos  mergers  acquisitions  commodities  economics covered countries and exchanges add your company   add yourself   terms and conditions   privacy policy   about directfn copyright  directfn all rights reserved data not available login login attempt was not successful please try again username email password enter characters forget your password back to top support  feedback ask for free trial request a trial title mr mrs ms miss dr prof first name last name email phone promo code country select afganistan albania algeria american samoa andorra angola anguilla antarctica antigua and barbuda argentina armenia aruba australia austria azerbaijan bahamas bahrain bangladesh barbados belarus belgium belize benin bermuda bhutan bolivia bosnia and herzegovina botswana bouvet island brazil british indian ocean territory brunei bulgaria burkina faso burundi cambodia cameroon canada cape verde cayman islands central african republic chad chile china christmas island cocos keeling islands colombia comoros congo cook islands costa rica cote divoire ivory coast croatia hrvatska cuba curacao cyprus czech republic czechoslovakia former denmark djibouti dominica dominican republic east timor ecuador egypt el salvador equatorial guinea eritrea estonia ethiopia falkland islands malvinas faroe islands fiji finland france france metropolitan french guiana french polynesia french southern territories gabon gambia georgia germany ghana gibraltar greece greenland grenada guadeloupe guam guatemala guernsey guinea guineabissau guyana haiti heard and mcdonald islands honduras hong kong hungary iceland india indonesia iran iraq ireland isle of man israel italy jamaica japan jersey jordan kazakhstan kenya kiribati kuwait kyrgyzstan laos latvia lebanon lesotho liberia libya liechtenstein lithuania luxembourg macau macedonia madagascar malawi malaysia maldives mali malta marshall islands martinique mauritania mauritius mayotte mexico micronesia moldova monaco mongolia montenegro montserrat morocco mozambique myanmar namibia nauru nepal netherlands netherlands antilles neutral zone new caledonia new zealand aotearoa nicaragua niger nigeria niue norfolk island north korea northern mariana islands norway oman pakistan palau palestine panama papua new guinea paraguay peru philippines pitcairn poland portugal puerto rico qatar reunion romania russia rwanda s georgia and s sandwich isls saint kitts and nevis saint lucia saint vincent and the grenadines samoa san marino sao tome and principe saudi arabia senegal serbia seychelles sierra leone singapore slovak republic slovenia solomon islands somalia south africa south korea south sudan spain sri lanka st helena st pierre and miquelon sudan suriname svalbard and jan mayen islands swaziland sweden switzerland syria taiwan tajikistan tanzania thailand togo tokelau tonga trinidad and tobago tunisia turkey turkmenistan turks and caicos islands tuvalu us minor outlying islands ussr former uganda ukraine united arab emirates united kingdom united states uruguay uzbekistan vanuatu vatican city state holy see venezuela vietnam virgin islands british virgin islands us wallis and futuna islands western sahara yemen yugoslavia zaire zambia zimbabwe company job title select academics asset managers consultants  advisors corporate banks equity research analysts hedge funds investment managers legal practioners private equity analysts traders wealth managers comments required fields   submit contact us hello please use the below form for product support  feedback name   email  phone number   preferred contact method  email phone technical support x     slhopsdirectfnnet your account manager is   get a decypha membership to view this content get a decypha membership get the membership of decypha premium package to access more exciting features including advanced analytical tools and the pro  package pro  is designed keeping active investors in mind and offers a flexible framework to view information and do analysis the way you desire all you need to access these valuable features is to click on the get a membership button and submit your details to our sales team upgrade your membership account is not entitled to view this information please contact your account manager to upgrade your membership email  supportdecyphacom register to view this content decypha free registration register free with decypha and get access to realtime price information and many other features including technical scanner fundamental screener etc just click the registration button submit your details and get registered for free