people directory  last names  falk contact login home people alphabetically f falk people directory with over  names please select a first name a falk aaron falk abigail falk abram falk adam falk adrienne falk aimee falk al falk alan falk albert falk alex falk alexander falk alfred falk alice falk alicia falk alison falk allan falk allen falk allison falk alten falk alvin falk amalee falk amanda falk amber falk amelia falk andrea falk andrew falk andy falk angela falk angie falk anita falk ann falk anna falk anne falk annely falk annette falk annie falk anthony falk april falk ard falk ardis falk ariana falk arli falk arnold falk arthur falk artur falk ashley falk audrey falk august falk aurby falk autumn falk b falk barb falk barbara falk barri falk barry falk beatrice falk becky falk belinda falk ben falk benjamin falk bernard falk bernice falk beth falk betty falk beverly falk bill falk bob falk bobbi falk boland falk bonnie falk bonta falk borin falk brad falk bradley falk brandel falk brandi falk brandon falk brandy falk brenda falk brett falk brian falk bridget falk brooke falk bruce falk bryan falk burton falk byron falk cajetan falk candace falk candy falk carey falk carl falk carla falk carlsen falk carmen falk carol falk carole falk caroline falk carolyn falk carrera falk carrie falk cary falk catherine falk cathy falk chad falk charlene falk charles falk charless falk charmaine falk chas falk chauntell falk cheri falk cheryl falk chris falk christelle falk christian falk christie falk christina falk christine falk christopher falk chuck falk cindy falk civia falk claire falk clara falk claudia falk claudine falk clement falk clifford falk clinton falk colleen falk colleena falk colvin falk connie falk conrad falk constance falk coral falk corey falk cori falk courtney falk craig falk creech falk crystal falk curt falk cynthia falk d falk dale falk dan falk dana falk daniel falk danielle falk danny falk darin falk darlene falk darrell falk darren falk daryl falk dave falk dawn falk dawne falk dean falk debbey falk debbie falk debby falk deborah falk debra falk dee falk delores falk deloros falk denette falk denise falk dennis falk derek falk devin falk diana falk diane falk dick falk dikla falk dimitri falk dobbins falk dolores falk don falk donald falk donna falk dora falk doreen falk doris falk dorissa falk dorothy falk doug falk douglas falk dreda falk duane falk dulane falk duren falk dustin falk e falk earl falk early falk ed falk edith falk edna falk edward falk edwin falk eileen falk elaine falk elayne falk elazar falk eldon falk eleanor falk elena falk elisa falk ella falk ellen falk elliot falk elsbeth falk elyse falk emily falk erica falk erik falk erika falk erin falk erling falk ernest falk ernie falk eskel falk esther falk ethan falk ethel falk eugene falk eva falk evelyn falk f falk faith falk felicia falk florence falk floyd falk frances falk francien falk francis falk frank falk fred falk frederick falk frieda falk g falk gail falk gale falk galen falk gary falk gayle falk gene falk genevieve falk geo falk geoffrey falk george falk gerald falk geraldine falk gerda falk gilbert falk gina falk giza falk gladys falk glen falk glenna falk gloria falk grace falk gregory falk greta falk gretchen falk h falk hank falk harold falk harry falk heath falk heather falk heidi falk helen falk helene falk helga falk helmut falk herbert falk herman falk hillar falk holly falk hope falk hugh falk i falk ian falk ida falk idaclara falk ignac falk ileen falk ilene falk ilona falk ina falk inez falk ingrid falk inna falk iolanda falk ione falk ira falk irene falk iris falk irma falk irvin falk irving falk irwin falk isaac falk isabel falk isabell falk isabella falk isabelle falk isaiah falk isidore falk israel falk itzel falk iva falk ivan falk ivar falk iven falk ivone falk ivy falk jack falk jackie falk jacob falk jacqueline falk jacquelyn falk jake falk jamie falk jan falk jane falk janet falk janice falk janis falk jared falk jarlath falk jarrod falk jason falk jay falk jean falk jeannette falk jeff falk jeffery falk jeffrey falk jen falk jenifer falk jennifer falk jenny falk jeremy falk jeri falk jernice falk jerome falk jerri falk jerry falk jesse falk jessica falk jill falk jim falk jimmie falk joan falk joann falk joanna falk joanne falk jodi falk jody falk joe falk joel falk joey falk johnathan falk johnetta falk jon falk jonathan falk jordan falk joseph falk josephine falk josh falk joshua falk joy falk joyce falk jr falk judith falk judy falk julia falk julian falk julie falk june falk justin falk k falk kaen falk kalsang falk kaoru falk karen falk kari falk karl falk katherine falk katherline falk kathleen falk kathryn falk kathy falk katie falk katrina falk kay falk keith falk kelley falk kelli falk kellie falk kelly falk ken falk kenneth falk kenton falk kerri falk kerry falk kevin falk kim falk kimberly falk kirk falk kris falk krista falk kristen falk kristi falk kristie falk kristin falk kristina falk kristjan falk kristy falk kyle falk kyleanne falk lacey falk laine falk lana falk lanette falk larraine falk larry falk laura falk laurel falk lauren falk laurence falk laurie falk laurinda falk laverne falk lawrence falk leah falk lee falk leeray falk leila falk leo falk leon falk leona falk leonard falk leora falk leroy falk lesli falk leslie falk lettye falk lewis falk lila falk lillian falk linda falk lindsay falk lindsey falk linnea falk lisa falk liz falk lloyd falk lois falk lon falk lonnie falk lora falk loren falk loretta falk lori falk lorraine falk louis falk louisa falk louise falk lowell falk luanne falk lucinda falk lucy falk luke falk luzie falk lydia falk lyle falk lyn falk lynn falk lynne falk m falk madeline falk mairlyn falk malery falk mandy falk manske falk marc falk marceia falk marcia falk margaret falk margery falk margie falk maria falk marian falk marianne falk marie falk marilyn falk marion falk marjorie falk mark falk marlene falk marni falk marsha falk marshall falk martha falk martin falk marty falk marvin falk maryann falk marylou falk matheson falk matt falk matthew falk maureen falk maurice falk maxine falk mayer falk maynard falk megan falk melanie falk melissa falk melma falk melody falk melvin falk merrill falk michele falk michelle falk mike falk milton falk mindy falk miriam falk molly falk monica falk montha falk morgan falk mowry falk myron falk n falk nancy falk naola falk naomi falk nathan falk neal falk nelda falk nerieda falk nicholas falk nick falk nicole falk nina falk noah falk norma falk norman falk o falk olaf falk olga falk olin falk olive falk oliver falk olivia falk olympia falk omar falk oneita falk opal falk oren falk orren falk orrin falk orville falk osalyn falk oscar falk otto falk owen falk p falk pam falk pamela falk panzer falk pat falk patrica falk patricia falk patrick falk paul falk paula falk peggy falk pelley falk penny falk peter falk petra falk philip falk phillip falk phyllis falk rachel falk rachelle falk ralph falk randl falk randy falk ray falk raymond falk rebecca falk rebekah falk reen falk refoel falk renee falk rewis falk rhoda falk rhonda falk rich falk rick falk rita falk ritchie falk rob falk roberta falk robin falk robt falk rochelle falk rodger falk rodney falk roger falk roland falk rolf falk ron falk ronald falk rosalie falk rose falk ross falk roy falk rufus falk russell falk ruth falk ruvin falk ryan falk rysa falk s falk saini falk sally falk sam falk samantha falk samuel falk sandee falk sandra falk sandy falk sara falk sarah falk sarajo falk schelby falk scott falk sean falk seymour falk shane falk shannon falk shanon falk sharon falk shaun falk shauna falk shawn falk shelby falk sheldon falk shelly falk sheri falk sherri falk sherry falk sheryl falk shirley falk shoshana falk sid falk sig falk sigo falk spencer falk stacey falk stacy falk stan falk stanley falk stefanie falk stella falk stephanie falk stephen falk steve falk steven falk stuart falk susan falk susie falk suzanna falk suzanne falk sydney falk tamara falk tamey falk tami falk tamie falk tammy falk tamona falk tanja falk tara falk taylor falk ted falk teresa falk terrell falk terri falk terry falk tessa falk theodore falk theresa falk thom falk thomas falk tibey falk tiffany falk tim falk timothy falk tina falk toby falk todd falk tom falk tommy falk toni falk tony falk tonya falk tracy falk travis falk tricia falk trina falk troy falk tyler falk v falk valerie falk vanessa falk vera falk vern falk veronica falk vicki falk vickie falk vicky falk victor falk victoria falk vincent falk violet falk virgil falk virginia falk vivian falk volkmar falk w falk wade falk walter falk wanda falk warren falk wayne falk wearl falk wendell falk wendy falk werner falk wesley falk wicca falk wilbert falk wilbur falk williams falk willie falk wilma falk wm falk y falk yasmine falk yehoshua falk yerachmiel falk yigal falk yin falk yitzchok falk yolanda falk yosef falk young falk yuvett falk yvonne falk z falk zach falk zachary falk zack falk zada falk zaydell falk zeliha falk zena falk ziporah falk zoe falk zorka falk zuly falk      total records available tweet testimonials read testimonials from real customers who already used our services read more webmasters earn  commission on every sale you drive to our website weekly payouts read more mobile version visit us from your smart phone anywhere you are read more recent lookups check out the most recent reverse phone lookups on peoplebynamecom read more home mobile version phone directory people directory remove information terms of service privacy policy affiliate program about us member login frequently asked questions contact us testimonials careers product  services volume discounts site map  peoplebyname all rights reserved  falk products in joliet il   nicholson st joliet il  back to previousfalk productsfreeproducts  servicesadjustments batteries buy parts chrome classic cylinder heads fittings glass installations mirrors molding new parts polishes reproductio moreadjustments batteries buy parts chrome classic cylinder heads fittings glass installations mirrors molding new parts polishes reproduction parts security shocks window tint windshields lessbrands zigen camaro chevrolet corvette dual flexalite nova more zigen camaro chevrolet corvette dual flexalite nova lessin business since more lesswebsiteview menu more detailsthe person icon employee image indicates that the reviewer is an employee of dex media inc dex media operates and sells advertising on superpagescom the views expressed in reviews are the opinion of each respective reviewer and do not necessarily reflect the view of dex mediadata provided by one or more of the following dex media acxiom infogroup yext pingup microsoft personalized ad preferences to opt out of personalized ads in this browser your browser history must allow firstparty and thirdparty cookies and you must have your browsing experience set to not delete browsing history on exit instructions for enabling cookies and configuring your browsing history may be available in your browsers settings privacy or help documentation sign in hold on… we’re sorry but this didn’t work you can’t turn off personalized ads right now because your browser is currently blocking thirdparty cookies we can help you fix this issue let’s get started depending on what browser you use open options or settings make sure that thirdparty cookies are not blocked anymore to find out how search your browser’s help revisit httpchoicemicrosoftcomoptout and then on the “personalized ads in this browser” tile click off ext about our ads to create a more customized online experience some of the ads you may receive on microsoft websites and apps are tailored to your previous activities searches and site visits youre in control and heres where you can make the advertising choice thats right for you ext where can i learn more about advertising on microsoft websites and apps microsoft partners with oath appnexus and other third party service providers to help present customized content and display advertisements on msn outlookcom and other websites and apps microsoft also delivers search ads to bing and our search syndication partners learn more about microsoft’s privacy practices here you can learn more about interestbased ads from oath and appnexus in their privacy statements oath and appnexus what choices do i have about interestbased advertising on this page you can opt out of receiving interest based advertising from microsoft you can also opt out of receiving interestbased advertising from all selfregulatory members including microsoft oath appnexus and other third party ad networks at the following sites in the us digital advertising alliance daa in europe european interactive digital advertising alliance edaa in canada ad choices digital advertising alliance of canada daac you can control interestbased advertising in windows apps by turning off the advertising id in windows settings more choices do you want personalized ads from other companies questions if you have a privacy question or a question for the chief privacy officer of microsoft please contact us by using our web form we will respond to questions within  days ext personalized ads in this browser off optout is currently unavailable please try again later control the personalized ads setting for this web browser learn more if you want microsoft to show ads that might be relevant to you click on to show “generic” ads click off ext personalized ads wherever i use my microsoft account off sign in to change optout is currently unavailable please try again later control the personalized ads setting that applies when you are signed in on any computer or device with your microsoft account including windows windows phone xbox and other devices learn more if you want microsoft to show ads that might be relevant to you click on to show “generic” ads click off if you choose “generic” ads and use a browser your choice applies to everyone when using that browser as long as you do not clear your cookies ext personalized ads in windows in your windows settings you can turn off personalized ads that appear in apps on this device you’ll still see ads but they won’t be personalized anymore if you have windows  access the charms by touching or moving your pointer to the right edge of the screen click or tap settings and then click or tap change pc settings click or tap privacy and then turn off let apps use my advertising id for experiences across apps if you have windows  click or tap the start button click or tap settings click or tap privacy and then turn off let apps use my advertising id for experiences across apps if you have a windows mobile device go to settings tap on privacy tap on advertising id and then turn off let apps use my advertising id for experiences across apps if you want to turn off personalized ads from microsoft wherever you use your microsoft account including apps on windows windows phone xbox and other devices you can do so by selecting the microsoft account option above ext legal privacy  cookies   microsoft designs by lucinda skip to navigation skip to content lucinda twitter facebook rss feed  the fundraising factory login view cart contact blog about fundraising shop home shop domestic violence pins a fundraising pack of domestic violence ribbon pins a fundraising pack of domestic violence ribbon pins price   select options skin tones mix of all skin tones caucasian african american please add  gift boxes classic mix of colors  patterns   no thanks quantity join the battle to stop domestic violence with lucindas unique ribbon pins  our awareness ribbon pins are used by hospitals shelters and other nonprofits dedicated to helping women in need  the purple ribbon also represents cancer survivor awareness a fundraising pack of  purple ribbon pins is   the women will come in an assortment of shapes sizes and outfits if you like this product maybe youd also like a fundraising pack of women pins search products shop categories angel pinsautism awareness breast cancerchristmas cross pinsdiscounted fundraising packs discounted individual pinsdomestic violence pinsfish pins flower pinsfundraising packsgift boxesheart pinshouse pinsinspirational window pinskwanzaa pinslucinda picks lucinda picks lucindas picksmore lucinda picksnature pinspeopleread pinsvintage house pinswomen pinsyogi pins account information log in cart contact us designs by lucinda po box  south portland maine  toll free   email add to address book site home shop fundraising about blog contact shop policies returns faqs terms of use privacy policy wrapflex couplings elastomeric couplings  couplings  rexnord menu settings search couplings elastomeric couplings wrapflex couplings wrapflex couplings request information rexnord wrapflex elastomeric couplings are non lubricated materialflexing couplings which are used in a variety of applications in many industries they have excellent vibration dampening capability and highmisalignment capacity providing extended life to connected equipment the couplings offer a replaceinplace design for quick installation and replacement   features  benefits polyurethane element provides excellent wear and chemical resistance offers an operating temperature range of  to  f  to  c patented hub and flex element design ensure long life  sizes atex certified up to  inlb  nm torque capacity up to  inches  mm bore capacity up to  rpm closecoupled and spacer designs available to accommodate shaft spacing productsparts  kits componentsdd drawings  modelsproduct supportproducts catalog all falk wrapflex elastomeric coupling products can be viewed in our comprehensive catalog catalog falk wrapflex elastomeric couplingsparts  kits components​​ parts  kits elastomeric capscrew  guard kits covers view parts  kits components elastomeric elements  hubs view components dd drawings  models wrapflex r couplings view cad models › wrapflex r half spacer couplings view cad models › wrapflex r full spacer couplings view cad models › product support contact wrapflex couplings support north america rexnord  outside north america     contact us › the rexnord technical services team is available to lead the specifications process based on your design parameters and an analysis of your application when a unique situation confronts you rexnord is there to provide the right solutions with locations around the world rexnord provides experienced application and postsales support no matter where you are documentation falk wrapflex couplings failure analysis  article  english  imperial   kb falk wrapflex elastomeric couplings part number guide  brochure  english  imperialmetric   kb falk couplings all types install and removal of interference fit hubs  manual  english  imperial   kb falk couplings  manual  english  imperial   kb falk couplings alignment using a dial indicator  manual  english  imperial   kb balanced couplings installation  manual  english  imperial   kb falk wrapflex type r size  elastomeric couplings  manual  english  imperial   kb falk wrapflex type r   sizes  elastomeric couplings  manual  english  imperialmetric   kb falk wrapflex type r sizes  elastomeric couplings for hub with qd bushing  manual  english  imperialmetric   kb elastomeric couplings viva couplings wrapflex couplings omega couplings home sign inregister news  events contact blog x products  services products aerospace products bearings conveying solutions couplings gear industrial chain pt drive components iiot technology solutions services testing  product development power transmission services custom gears  drives brands industry solutions support resources process  motion control bearing interchange guide documentation dd cad drawings pt training total cost of ownership falk nomenclature quality assurance dirxn™ sign inregister why choose wrapflex elastomeric couplings extended life reduce operating thrusts on seals and bearings download the details › delayed  minutes   rexnord corporation all rights reserved privacy statement terms of use feedback x lucinda falk  ceo founder businessman  profile directorpedianet  list of ceos founders board members and company directors lucinda falk check out list of companies and businesses related to lucinda falk find out lucinda falk address and contact details view other people related to lucinda falk  coworkers colleagues companions etc address  overlook drive greenwich  ct companies related to lucinda falk cikcompany namepositioncompany addresshyatt hotels corp south wacker drive th floor chicago  lucinda falk on the web persons related to lucinda falk  hyatt hotels corpnamepositioncityfd  nassaufd nassaufd  nassau aanp trustnassau aanp trust nassaufdd nassaufdr nassau trust fd nassau trust dnassau trust d nassau trust rnassau trust r nassau trust aanpnassau trust aanp nassau trust abnassau trust ab nassau trust adnassau trust ad nassau trust ajnassau trust aj nassau trust alushtanassau trust alushta nassau trust asnassau trust as nassau trust banana bnassau trust banana b nassau trust dsnassau trust ds nassau trust evpatorianassau trust evpatoria nassau trust fdanassau trust fda nassau trust fdjnassau trust fdj nassau trust fdmnassau trust fdm nassau trust festus bahamasnassau trust festus bahamas nassau trust francisnassau trust francis nassau trust izyumnassau trust izyum nassau trust jaybird bnassau trust jaybird b nassau trust jon jacob bnassau trust jon jacob b nassau trust jvnassau trust jv nassau trust ladini bnassau trust ladini b nassau trust locustnassau trust locust nassau trust nikopolnassau trust nikopol nassau trust rapnnassau trust rapn nassau trust sangdunassau trust sangdu nassau trust scorpion nassaunassau trust scorpion nassau nassau trust thpnassau trust thp nassau trust tvnassau trust tv nassau trust vered islandnassau trust vered island nassau trust wjgpnassau trust wjgp nassau trust zap bnassau trust zap b nassau trust rsp fairfield trust houston trust co ltahouston n purpose trustnassau gp llc houstonanp trust mchicagoanp trust m chicagoanp trust mchicagoanp trust m chicagoanp trust mchicagoanp trust m chicagoanp trust thomas mchicagoanp trust thomas m chicagoanp trust mchicagoanp trust m chicagoanp trust   james owner chicagoanp trust   james owner chicagoanp trust   james owner chicagoanp trust mchicagoanp trust m chicagoanp trust m chicagoanp trust   james owner chicagoanp trust chicagoanp trust mchicagoanp trust m chicagoanp trust pennychicagoanp trust penny mchicagoanp trust penny m chicagoanp trust pennychicagoanp trust penny mchicagoanp trust penny m chicagoanp trust chicagoanp trust mchicagoanp trust m chicagoanp trust mchicagoanp trust m chicagoanp trust pennychicagoanp trust penny mchicagoanp trust penny m chicagoanp trust pennychicagoanp trust penny mchicagoanp trust penny m chicagoanp trust gigi mchicagoanp trust gigi m chicagoanp trust mchicagoanp trust m chicagoanp trust mchicagoanp trust m chicagoaberdeen trustwashington trust  houstondhabi investment authority abu owner abu dhabiacps  eci mirror trust hartfordacps  lasalle mirror trust hartfordalushta trust nassauaman trust  nassauaman trust  nassauanacortes trustwashington trust  houstonpritzker family foundation anthonylos angelesbernard w aronsondirector chicagoas  n trustnassauautonomy trust  a houstonautonomy trust  b houstonavignon trust houstonavignon trust  houstonpaul ballewdirector sterlingbanana b trust nassaubanana trust houstonmaryam banikarimsee remarks mcleanmaryam banikarimglobal chief marketing officer chicagobelleview trust or  mchicagobelleview trust or  m chicagobellingham trustwashington trust  houstonbkmp h co lp houstonblaine trustwashington trust  houstonbly trust or  mchicagobly trust or  m chicagobombay hotel corpgeorge town grand caymanbotticelli trust houstonbotticelli trust houstonbotticelli trust  houstonburlington trustoregon trust  houstoncanyonville trust or  mchicagocanyonville trust or  m chicagocarver trustoregon trust  houstonchehalis trustwashington trust  houstoncheyenne trust nassuachiloquin trust  oregon trust  chicagochuckanut trustwashington trust  houstoncibc trust co bahamas ltdnassaucibc trust co bahamas ltd as trustee of njp   trust nassaucibc trust co bahamas ltd as trustee of settlement tfd nassauclyfford trust houstonclyfford trust houstonclyfford trust  houstoncoburg trust  oregon trust  chicagococo trust houstoncondon trust  oregon trust  chicagocpc incnassaudalai trust  a houstondalai trust  b houstondalai trust  c houstondalai trust  d houstondayton trust  oregon trust  chicagodgc germanium trust sioux fallsdgc germanium trust  sioux fallsdillard trust  oregon trust  chicagodjps  eci mirror trust hartforddjps  lasalle mirror trust hartfordcharles e dobrusinchicagodon family trust adam houstondon family trust noah houstondon family trust samuel houstondon family trust cindy houstondon family trust cindy houstondon family trust jay houstondon family trust jay houstondon family trust jon houstondon family trust jon houstondon family trust nancy houstondon family trust nancyhoustondon family trust nancy houstondon family trust zachary houstondon family trust zacharyhoustondon family trust zachary houstondon family trust allisonhartforddon family trust danahartforddon family trust juliahartforddon family trust theodorehartforddon family trust rachel houstondon family trust roland houstondon family trust rosemary houstondon gc trust mchicagodon gc trust m chicagodon gc trust mchicagodon gc trust m chicagodon gc trust  owner chicagodon gc trust chicagodon gc trust mchicagodon gc trust m chicagodon gc trust m chicagodon nicholas trust houstondon nicholas trust  houstondon trust mchicagodon trust m chicagodonald pritzker traubert gst trustchicagods  n trustnassaudundee trust  oregon trust  chicagodunes trust  oregon trust  chicagodurham  trust sioux fallsdurham trust  a sioux fallsdurham trust  b sioux fallseci qsst trust mchicagoeci qsst trust m chicagoeci qsst trust mchicagoeci qsst trust m chicagoeci qsst trust mchicagoeci qsst trust m chicagoeci trust a  houstoneci trust  julianorth haveneci trust n  houstoneci trust  theodorenorth havenmarshall e eisenbergchicagoelmira trust  oregon trust  chicagoelsinore trust nassauevpatoria trust nassauflp trust chicagoflp trust chicagolucinda falkgreenwichfeatherman h co lp houstonfeatherman trust houstonfeatherman trust houstonjane e feererchicagofestus  lasalle trust houstonfestus bahamas trust nassaufestusblodgett trust  houstonfestus brightwood trust  houstonfestus eci trust  houstonfestus gunnwash  trust  houstonfestus pinnacle trust  houstonfestus pyramidwash  trust  houstonfestusra gc trust houstonfestus toutlewash  trust houstnoh charles floydsee remarks chicagoh charles floydsee remarks chicagoflp hhc llcchicagoflp hhc llc chicagoflp hhc llcchicagoflp hhc llc chicagofrancis trust nassaurichard a friedmandirector new yorkrichard a friedmandirector new yorkpeter fultonsee remarks chicagogm hhc llc chicagogm hhc llc chicagogm hhc llc chicagogalispell trust wa  mchicagogalispell trust wa  m chicagogallium trust  a sioux fallsgallium trust  b sioux fallsgallium trust  c sioux fallsgallium trust  d sioux fallsghhc llcchicagoghhc llc chicagogoldman sachs  cogoldman sachs  conew yorkgoldman sachs  co new yorkgoldman sachs group inc goldman sachs group inc owner new yorkgoldman sachs group inc owner new yorksachs management gp gmbh goldmansachs management gp gmbh goldmannew yorksachs management gp gmbh goldmanfrankfurt am main sachs management gp gmbh goldmangermanysachs management gp gmbh goldmanfrankfurt am mainpatrick j grismersee remarks louisvillegs advisors vi llcnew yorkgs advisors vi llcnew yorkgs capital partners vi fund lpnew yorkgs capital partners vi fund lpnew yorkgs capital partners vi gmbh  co kgnew yorkgs capital partners vi gmbh  co kgnew yorkgs capital partners vi offshore fund lpnew yorkgs capital partners vi offshore fund lpnew yorkgs capital partners vi parallel lpnew yorkgs capital partners vi parallel lpnew yorkgs sunray holdings parallel subco llcnew yorkgs sunray holdings parallel subco llcnew yorkgs sunray holdings parallel subco llcnew yorkgs sunray holdings subco i llc owner new yorkgs sunray holdings subco i llc owner new yorkgs sunray holdings subco ii llcnew yorkgs sunray holdings subco ii llc new yorkgscp vi advisors llcnew yorkgscp vi advisors llcnew yorkgscp vi offshore advisors llcnew yorkgscp vi offshore advisors llcnew yorkstephen g haggertysee remarks chicagostephen g haggertysee remarks chicagoharlan trust nassauheppner trust or  mchicagoheppner trust or  m chicagohoaquiam trustwashington trust  houstonhockney trust houstonhockney trust houstonhockney trust  houstonhoh trust wa  mchicagohoh trust wa  m chicagomark samuel hoplamaziansee remarks chicagomark samuel hoplamaziansee remarks chicagohorton trust co llcchicagoihe inc owner nassauizyum trust nassaujay arthur trust houstonjaybird b trust nassaujaybird trust houstonjnp  parachute trust n nassaujnp  parachute trust n nassaujnp  parachute trust nnassaujnp  parachute trust n nassaujnp pg trustchicagojnp pg trust chicagojnp parachute mirror trust a chicagojnp parachute mirror trust b chicagojnp parachute mirror trust kchicagojnp parachute mirror trust k chicagojnp parachute mirror trust lchicagojnp parachute mirror trust l chicagojnp parachute trust  chicagojon jacob b trust nassaujon jacob trust houstonjp morgan trust co bahamas ltdnassaujspv  lasalle mirror trust hartfordjulytoon investments gp llc houstonjv  n trustnassauklickitat trust wa  mchicagoklickitat trust wa  m chicagoklp  n family trustnassauklp n family trusthartfordklp  anp mirror trust hartfordklp  anp mirror trust hartfordklp  anp mirror trust hartfordklp  anp mirror trust hartfordklp  anp mirror trust ahartfordklp  anp mirror trust bhartfordklp  pg family trust hartfordkmp trust  a houstonkmp trust  b houstonsusan d kronickdirector cincinnatisusan d kronickdirector chicagoladini b trust nassauladini trust houstonlasalle family trust adam houstonlasalle family trust noah houstonlasalle family trust samuel houstonlasalle family trust cindy houstonlasalle family trust cindy houstonlasalle family trust jay houstonlasalle family trust jay houstonlasalle family trust jon houstonlasalle family trust jon houstonlasalle family trust nancy houstonlasalle family trust nancy houstonlasalle family trust zachary houstonlasalle family trust zachary houstonlasalle family trust rachel houstonlasalle family trust roland houstonlasalle family trust rosemary houstonlasalle family trust allisonhartfordlasalle family trust danahartfordlasalle family trust juliahartfordlasalle family trust theodorehartfordlasalle gc trust chicagolasalle gc trust  chicagolasalle gc trust mchicagolasalle gc trust m chicagolasalle gc trust  houstonlasalle gc trust mchicagolasalle gc trust m chicagolasalle gc trust  owner chicagolasalle gc trust chicagolasalle gc trust mchicagolasalle gc trust m chicagolasalle trust mchicagolasalle trust m chicagolasalle trust mchicagolasalle trust m chicagolasalle trust mchicagolasalle trust m chicagolasalle trust m chicagolasalle trust  owner chicagolasalle trust m chicagolasalle trust  owner chicagolasalle trust a  houstonlasalle trust n  houstonlasalle trust no mchicagolasalle trust no m chicagolasalle trust no mchicagolasalle trust no m chicagolasalle trust no mchicagolasalle trust no m chicagolasalle trust s  houstonannemarie lawsee remarks mountain viewlci h co lphoustonlgc tin trust sioux fallslgc tin trust  sioux fallslewis m linnhoustonlipschitz trust houstonlipschitz trust houstonlipschitz trust  houstonlocust trust nassauleonard j loventhalchicagolummi trust wa  mchicagolummi trust wa  m chicagolyon trust houstonlyon trust  houstonmadrone ghc llc menlo parkmaroon private trust company llcsioux fallsmaroon trustchicagomackey j mcdonalddirector mackey j mcdonalddirector chicagocary d mcmillandirector cary d mcmillandirector chicagomile trustwashington trust  houstonjohn a millerchicagominoso trust nassaumoreau trust nassaumoro trust or  mchicagomoro trust or  m chicagomoro trust  ore chicagomoro trust  ore  chicagothomas j muenstersioux fallsn trust nassaun trust nassaunfp qsst trust no  chicagonewman trust wa  mchicagonewman trust wa  m chicagojohn d nicholschicagojohn d nicholsdirector chicagopamela m nicholsondirector pamela m nicholsondirector chicagonikopol trust nassaunmp eci trust houstonnmp eci trust houstonnmp eci trust  houstonnormandy trust houstonnormandy trust  houstonnorthwoods trust nassaubradley obryansee remarks chicagooakland trust  oregon trust  chicagooceanside trust  oregon trust  chicagoodell trust  oregon trust  chicagoolney trust  oregon trust  chicagoophir trust  oregon trust  chicagoorchid trust houstonorenco trust  oregon trust  chicagoorient trust  oregon trust  chicagoox blue trust houstonoxbow trust  oregon trust chicagooxbow trust  oregon trust  chicagopg gigi trust mchicagopg gigi trust m chicagopg nicholas trust renopg nicholas trust m chicagopg nicholas trust m chicagopg penny trustchicagopg tom trust mchicagopg tom trust m chicagopm investors ii llcchicagopm investors llc chicagoparis trust houstonparis trust  houstonmary f parthechicagogregory boyd penner bentonvillegregory boyd pennermenlo parkgregory boyd pennerdirector chicagopenny trust mchicagopenny trust m chicagopg alma trust sioux fallsjohn kevin poormanchicagofamily foundation pritzkerchicagopritzker family us situs trusts owner chicagojason pritzkerdirector chicagonicholas j pritzker chicagonicholas j pritzker chicagonicholas j pritzker chicagopenny s pritzkerdirector chicagopenny s pritzker owner chicagopenny s pritzker owner chicagothomas pritzkersee remarks chicagothomas pritzkerexec chm of board chicagothomas pritzkersee remarks thomas pritzkersee remarks chicagothomas pritzkerexec chm of board chicagogigi pritzker pucker chicagogigi pritzker pucker chicagogigi pritzker pucker chicagogigi pritzker pucker chicagoqueets trustwashington trust  houstonquillayute trust wa  mchicagoquillayute trust wa  m chicagoquimalt trustwashington trust  houstonra family trust adam houstonra family trust noah houstonra family trust samuel houstonra family trust cindy houstonra family trust cindy houstonra family trust jay houstonra family trust jay houstonra family trust jon houstonra family trust jon houstonra family trust nancy houstonra family trust nancy houstonra family trust zachary houstonra family trust zachary houstonra family trust allisonhartfordra family trust danahartfordra family trust juliahartfordra family trust theodorehartfordra gc indium trust sioux fallsra gc indium trust  sioux fallsra gc trust mchicagora gc trust m chicagora gc trust mchicagora gc trust m chicagora gc trust  owner chicagora gc trust chicagora gc trust mchicagora gc trust m chicagora trust chicagor buxtonoregon  trust  houstonr a trust houstonr b trust houstonr c trust houstonr d trust houstonedward w rabinchicagogebhard rainersee remarks chicagorena hozore reisssee remarks chicagorevocable dalai trust houstonrevocable gallium trust sioux fallsrevocable kmp trust houstonrevocable kmp trust houstonlawrence i richmanchicagorkmp h co lp houstonrobert alan trust houstonrobert alan trust  houstonmichael a roccadirector michael a roccadirector chicagorock trust wa  mchicagorock trust wa  m chicagoroosevelt trust wa  mchicagoroosevelt trust wa  m chicagorose pritzker traubert gst trustchicagoharry b rosenbergchicagorp   apex trustnassaurp   apex trust nassaurp   apex trust nassausalmon trustwashington trust  houstonsangdu trust nassaurakesh sarnasee remarks chicagorakesh sarnasee remarks chicagoscorpion  lasalle trust houstonscorpion angeleswash  trust  houstonscorpion broadbentore  trust houstonscorpion eci trust  houstonscorpion nassau trust nassauscorpion ophelia trust  houstonscorpionra gc trust houstonscorpionremmel trust  houstonpeter searssee remarks chicagosecond universe trust chicagosecond universe trustchicagosettlement  trust  nassausettlement  trust nassausettlement  trust  nassausettlement  trust  nassausettlement  trust  nassausettlement  trust  nassausettlement  trust  nassausettlement  trust  nassausettlement  trust  nassausettlement  trust  nassausettlement  trust a nassausettlement  trust b nassausettlement  trust c nassausettlement  trust d nassausettlement  trust  nassausettlement  trust  nassausettlement  trust  nassausettlement  trust nassausettlement  trust  nassausettlement  trust  nassausettlement  trust  nassausettlement  trust  nassausettlement  trust  nassausettlement  trust  nassausettlement  trust  nassausettlement  trust  nassausettlement  trust  nassausettlement  trust fd nassausettlement  trust  nassausettlement  trust  nassausettlement  trust  nassausettlement  trust nassausettlement  trust  nassausettlement  trust  nassausettlement  trust  nassausettlement  trust nassausettlement  trust  nassausettlement  trust  nassausettlement  trust nassausettlement  trust  nassausettlement  trust  nassausettlement  trust nassausettlement  trust  nassausettlement  trust  nassausettlement  trust nassausettlement  trust  nassausettlement  trust  nassausettlement  trust  nassausettlement  trust  nassausettlement  trust  nassausettlement  trust  nassaut settlement nassautafd settlement nassautdfda settlement nassautdfdj settlement nassautdfdm settlement nassauta settlement nassauta settlement nassautb settlementnassautb settlement nassautb settlement nassautc settlement nassautc settlement nassaut settlement nassaut settlement nassaut settlement nassaut settlement nassaut settlementnassaut settlement nassaut settlementnassaut settlement nassautfd settlement nassaut settlementnassaut settlement nassaut settlement nassaut settlement nassaut settlement nassaut settlement nassaut settlement nassautfd settlement nassaut settlementnassaut settlement nassaut settlementnassaut settlement nassaut settlementnassaut settlement nassaut settlementnassaut settlement nassauatish shahsee remarks chicagoshannon trust wa  mchicagoshannon trust wa  m chicagoshoalwater trust wa  mchicagoshoalwater trust wa  m chicagosignal trustwashington trust  houstonwalter w simmershartfordharmit j singhchief financial officer chicagoharmit j singhchief financial officer chicagosusan t smithsvp general counselsecretary chicagosnicky trust houstonsnicky trust houstonsnow trust wa  mchicagosnow trust wa  m chicagostephen sokalchicagospectacle trust wa  mchicagospectacle trust wa  m chicagospencer trust  houstonspencer trust  a houstonspencer trust  b houstonstella trust houstonstella trust houstonstella trust  houstonaaron sternsanta festevens trust wa  mchicagostevens trust wa  m chicagoswingsville trust  a houstonswingsville trust  b houstontfd nassautm hhc llc chicagotm hhc llc chicagotm hhc llc chicagotm investors llcchicagotm investors llc chicagotm investors llcchicagotm investors llc chicagotal eci family mirror trust chicagotal eci family mirror trust  chicagotal lasalle mirror trust dchicagotal lasalle mirror trust d chicagotao invest llcsan franciscolarry tchousee remarks chicagotexas  h co lp houstontexas  trust  houstontexas  trust  houstontexas  trust  a houstontexas  trust  b houstontexas  trust  c houstontexas  trust  d houstontgfj gp llc houstontgfj h co lp houstontgfj trust  houstonthhc llcchicagothhc llc chicagothp  trust nnassautillamook trust or  mchicagotillamook trust or  m chicagotopaz trust houstonbyron d trottdirector chicagoa trust nassaub trust nassauc trust nassaud trust nassaue trust nassauf trust nassaug trust nassauh trust nassaughc trustnassaughc trustnassauthc trustnassauthc trustnassauab trustnassauab trust nassauad trustnassauad trust nassauaj trustnassauaj trust nassaubanana b trustnassaubanana b trust nassaufda trustnassaufda trust nassaufdj trustnassaufdj trust nassaufdm trustnassaufdm trust nassaufrancis trustnassaufrancis trust nassaujaybird b trustnassaujaybird b trust nassaujon jacob b trustnassaujon jacob b trust nassauladini b trustnassauladini b trust nassaulocust trustnassaulocust trust nassausangdu trustnassausangdu trust nassauzap b trustnassauzap b trust nassaua trust nassaue trust nassauaf trustnassaubc trustnassaudd trustnassaujb trustnassaujh trustnassaumg trustnassautspv  lasalle mirror trust hartfordrichard c tuttledirector chicagorichard c tuttledirector chicagotv  n trustnassaudavid udellsee remarks chicagoudq private trust company llcsioux fallsudq trustchicagovale trust or  mchicagovale trust or  m chicagovered  lasalle trust houstonvered eci trust houstonvered island trust nassauveredra gc trust houstonjohn wallissee remarks chicagojohn wallissee remarks chicagorobert wk webbsee remarks chicagowest trust wa  mchicagowest trust wa  m chicagobank westamericafairfieldwillapa trust wa  mchicagowillapa trust wa  m chicagowind trustwashington trust  houstonandrew d wingatenorth havenwjgp  trust nnassauwjgp  trust n nassaujames h wootendirector glenviewjames h wooten jrdirector chicagowilliam wrigley jrdirector chicagowilliam wrigley jrdirector chicagowynoochee trustwashington trust  houstonyellow trustwashington trust  houstonzap b trust nassauzap trust houstonzesty trustwashington trust  houstonzot trust  a houstonzot trust  b houston items in falkproducts store on ebay skip to main contentebayshop by categoryshop by categoryenter your search keywordall categoriesadvancedhi sign in to bid or buy daily deals gift cards help  contact sell my ebayexpand my ebay summary bidsoffers watch list wish list all lists purchase history selling my collections followed searches messagesnotification falkproductsmrfifty  follow followerssign up for newsletterin titles  descriptionwelcome to my ebay store i sell accessories other parts charging  starting systems batteries  cables cooling system and tail lightsread more falkproductswelcome to my ebay store i sell accessories other parts charging  starting systems batteries  cables cooling system and tail lights please add me to your list of favorite sellers and visit oftensign up for newsletter i am closed until august  bruce falk categorycancelcategoryapplyall listingsbuy it nowall listingsbuy it nowgallery viewbest matchtime ending soonesttime newly listedprice lowest firstprice highest firstprice  shipping lowest firstprice  shipping highest first  results found in all categoriessee all items in this storecommentscal link lucinda falk phone number  lucinda falk address  peoplesmart people phone email address find location search advanced search      nationwide alabama alaska arizona arkansas california colorado connecticut delaware district of columbia florida georgia hawaii idaho illinois indiana iowa kansas kentucky louisiana maine maryland massachusetts michigan minnesota mississippi missouri montana nebraska nevada new hampshire new jersey new mexico new york north carolina north dakota ohio oklahoma oregon pennsylvania puerto rico rhode island south carolina south dakota tennessee texas utah vermont virginia washington west virginia wisconsin wyoming search basic search phone search email search street city state search sign in plans  pricing sign in plans  pricing about blog help lucinda falk find contact information public records and much more showing  –  of  results name age locations possible relations complete details top states connecticut florida georgia hawaii kansas massachusetts maryland michigan minnesota ohio pennsylvania texas virginia washington wisconsin show more hide states lucinda steiner falk lucinda folksteiner lucinda m steiner lucinda m steinerfalk late s why is age approximate we show an approximate age to help you find the right person as part of our commitment to privacy we protect people’s exact ages and birth dates hide location greenwich ct brooklyn ny new york ny relatives david s falk thats the one lucinda r falk late s location aiea hi honolulu hi relatives david eivin falk nancy lynn falk thats the one cindy l falk c spalding cindy lee spalding cindy m spalding late s location armada mi washington mi armada twp mi armda twp mi relatives patricia r falk alice marie sand beverly jean spalding charles patrick spalding jesse spalding thats the one lorelle c falk c l falk cindy lorelle falk l lentz lorelle lentz late s location cincinnati oh evanston il evnstn il newtown oh relatives craig d falk donna joy falk duane d falk david l lentz thats the one cindy haney falk cynthia a falk cynthia haney falk cynthia haneyfalk early s location pittsburgh pa north hills pa northumberland pa relatives amy t falk duane j falk thats the one cindy l falk cynthia louise falk cindy l bryer cindy l falke cynthia l kraus early s location jeannette pa penn township pa penn twp pa north versailles pa white oak pa relatives jack t falk mary ann falk raymond james falk kelly j fitzsimmons ashley hooks thats the one cindy jean falk cindy baitson cindy jean bateson j falk cindy early s location grand rapids mi kentwood mi gaines twp mi caledonia mi relatives denise kay bateson kyle bateson patricia anne bateson steven william bateson stewart wayne bateson thats the one c falk cindy s falk cynthia sue falk mid s location onaga ks relatives andrea a falk derek l falk dustin a falk sr milton eugene falk laura l nickel thats the one c falk cindy sue falk cindy jones falk cindy s jonesfalk cindy s jonesfalk mid s location fortson ga columbus ga cataula ga relatives kathryn c biggs chelsea falk w lawrence falk thats the one c falk cindy d falk cindy d gillespie mid s location saint john ks st john ks relatives jacob falk john j falk m bruce falk sharon o falk thats the one cindy sharon falk cynthia sharon falk cindy rahm falk c ynthia early s location dallas tx richardson tx relatives andrew j falk byron lee falk goldie a falk janis falk kristen c falk thats the one c falk cindy lou falk cynthia l falk cindy l tomlinson cynthia l tomlinson early s location poynette wi relatives kimberly k falk william t falk zachary c falk william w tomlinson jr thats the one cindy falk c hughes cindy f hughes cindy loree hughes early s location lexington va fort worth tx relatives christopher shay hughes christopher h hughes jeffrey scott hughes kim russell hughes sky lee lovingier thats the one cindy falk sandy j falk sandy j falik late s location newton center ma jamaica plain ma roslindale ma new york ny high falls ny relatives bruria k falik henry heinz falik daniel ron falk daniel allen judson thats the one cindy falk cinder l falk cynthia l falk cynthia falk buzard cinder l ealk late s location spokane valley wa spokane wa relatives bonnie m buzard debra a buzard robert l buzard william davis buzard thats the one cindy m falk cynthia m falk cynthia d annuzio cynthia m d annunzio cynthia marie dannunzio mid s location freeland md cockeysville md huntsville al parkville md towson md relatives janet roberta dannunzio jhonni o dannunzio mark j dannunzio steven j dannunzio virgil john dannunzio thats the one cindy l falk cynthia l falk cindy l nielsen cynthia l nielsen early s location champlin mn rogers mn albert lea mn menomonee falls wi maple grove mn relatives dean a falk thomas d falk haley nielsen joann gayle nielsen mark richard nielsen thats the one cindy j falk cynthia joy falk cindy j jacob cynthia j jacob early s location apopka fl relatives cynthia j falk stephen w falk danile c jacob rebecca m jacob thats the one c falk cindy jean falk early s location maple grove mn minneapolis mn osseo mn new albany oh plymouth mn relatives brittany falk julie marianne falk michael darwin falk tyler thomas falk adrienn j halland thats the one cindy m falk cindy m falks cindy sauel cindy m saul early s location weston ct southport ct new york ny westport ct relatives allison saul cm m saul gordon i saul irvin saul linda f saul thats the one      advertising falk lucinda top holdings whalewisdom search all search f filers only search sec filer search stocks only search mgmt inv cos only etfs only search active falk lucinda • new haven ct how do i update this listing falk lucinda is based out of new haven summary dg insider form  create email alert × email notification log in or signup to see more advanced email alert options such as selecting any type of sec form multiple filers or classes of filers and much more or to simply have an email sent to you whenever we receive a new f filing from falk lucinda enter your email address below and choose submit your email cancel contact info falk lucinda co george brencher new haven ct     recent sec filings fnt filed on  fnt filed on  fnt filed on  fnt filed on  fnt filed on  fnt filed on  fnt filed on  fnt filed on  fnt filed on  fnt filed on  schedule d and g events since  subscription required form   nonderivative insider transactions since  loading elevate your investments try it for free lucinda falk facebook twitter  myspace on peekyou name username phone search by name please enter a first name please enter a last name location world usa alaskaalabamaarkansasarizonacaliforniacoloradoconnecticutwashington dcdelawarefloridageorgiahawaiiidahoillinoisindianaiowakansaskentuckylouisianamainemarylandmassachussetsmichiganminnesotamississippimissourimontananebraskanevadanew hampshirenew jerseynew mexiconew yorknorth carolinanorth dakotaohiooklahomaoregonpennsylvaniapuerto ricorhode islandsouth carolinasouth dakotatennesseetexasutahvermontvirginiawashingtonwest virginiawisconsinwyoming please enter the location search tools jump to social media public records phone email web search images  matches for lucinda falk country region city gender male female age                                                                                                                                                                                                        public records  background checks lucinda falk  instant search view now free addresses phone numbers and social media links arrest records  driving infractions lucinda falk search their arrest records driving records contact information photos and more phonebook we found lucinda falk  lucinda falks phone  current address view all details  social media profiles  more  search free view all details lucinda falks phone  address  more view all details lucinda falks contact info social profiles  more view all details lucinda falk  get contact information phone number lucinda falk  reverse phone search  get photos  online profiles instantly phone number email addresses view lucindas hidden profiles on facebook and  networks lucindagmail view lucindas hidden profiles on facebook and  networks lucindayahoo view lucindas hidden profiles on facebook and  networks lucindahotmail view lucindas hidden profiles on facebook and  networks lucindaaol view lucindas hidden profiles on facebook and  networks lucindaoutlook contact information  address history lucinda falk discover lucinda falks address history phone age  more facebook twitter pinterest wikipedia instagram google linkedin foursquare music photo albums myspace documents web search images find out who called there was a time when a ringing phone was a mysterious beckoning one approached with bravery and cautious optimism most phones have been equipped wi… read more scroll lucinda falk  hyatt hotels corp insider transactions  tipranks go prologin  sign up follow✓get real time transactionsinsider detailslucinda falkhyatt hotels corp hno longer active not rankedlucinda falks performancelucinda falk has not reported any informative transactions and therefore cannot be rankedhow are insiders ranked lucinda falks trading historybased on form  follow✓get real time transactionscompany nameinsider positionholding valuelast transactionlast transaction amountlast transaction datehhyatt hotels corplucinda falk has not reported any informative transactions for h therefore performance cannot be measuredsee all insider trading from today you may also likemeet our smart portfolio see what top analysts say about your stocksget a breakdown of the different strategies based on detected insider trading activityfind the best performing analyst in each sector follow them so you never miss a recommendationrelated linkshow can i benefit from insider trading see the top  corporate insiders go to hot stocks by insiders find which stocks insiders traded today become a tipranks memberget the best investing tips  hacks straight to your emailfree membershipsubmitinsider trading daily newsletterprofessional daytrading strategy based on predictive insider transactionsannual return learn more powered by