theodore flocco  republic first bancorp inc  zoominfocom   bizapediacom  human validation companiespeopleproductsservicestrademarksaddressesphone book our system has detected a high number of page requests from your ip address please prove to us that you are a human to continue using our website please send me to the search subscription offer page after i successfully answer the word challenge bizapediapro searchperform unlimited searches via ouradvanced search form withbizapedia pro searchfind out more bizapediapro databuild custom data listsfor one or many stateswith bizapedia pro datafind out more  copyright   · bizapediacom · all rights reservedblogpro searchpro apicontact usterms of useprivacy policysitemapdesktop version frbk theodore j flocco insider trades for republic first bancorp inc bulletin investor alert new york markets after hours market snapshot winners and losers expand keep open close expand keep open close expand keep open close expand keep open close expand keep open close republic first bancorp inc nasdaq frbk go set alerts find a broker join td ameritrade market index overview profile news charts financials historical quotes analyst estimates options sec filings insiders marketstatecountryus republic first bancorp inc after hours  quotes are delayed by  min jul    pm frbk quoteszigmancomposite   change   volume volume  quotes are delayed by  min quoteszigmancomposite todays close     change   day low day high    week low  week high   insider activity individual theodore j flocco mr theodore j flocco jr cpa is independent director at republic first bancorp inc he is on the board of directors at republic first bancorp inc and republic first bank philadelphia pennsylvania mr flocco was previously employed as senior audit partner by ernst  young llp he received his undergraduate degree from st josephs university transactions date shares transaction value     disposition at  per share      disposition at  per share      derivativenonderivative trans at  per share      derivativenonderivative trans at  per share      disposition at  per share      disposition at  per share      disposition at  per share      disposition at  per share      disposition at  per share      disposition at  per share      acquisition at  per share      acquisition at  per share      acquisition at  per share      disposition at  per share      disposition at  per share      disposition at  per share      disposition at  per share      disposition at  per share      disposition at  per share  copyright  factset research systems inc all rights reserved source factset fundamentals officers and executives mr vernon w hill chairman mr harry d madonna president chief executive officer  director mr andrew j logue chief operating officer mr frank a cavallaro cfo executive vp  headinvestor relations mr andrew b cohen director mr lisa r jacobs director mr kemma brown secretary mr brian p tierney independent director mr theodore j flocco independent director mr barry l spevak independent director mr harris wildstein independent director trending tickers quoteszigmancomposite vuzi quoteszigmancomposite jcp quoteszigmancomposite nugt quoteszigmancomposite jnug quoteszigmancomposite tlt x powered by log in  pm edt july   marketstatecountryus new york after marketstatecountryuk london closed marketstatecountryjp tokyo closed marketstatecountryus   marketstatecountryuk   marketstatecountryjp   view all latest news newslatest plongdated treasury yields see weekly climb psp  nasdaq finish lower after amazon disappointment dow closes at record pthe highest paid athletes in the world in one chart pwall street isn’t ready for a point tumble in the dow industrials phow to raise your kids to be frugal but not too frugal pcities to move to if you want to work in tech — not including san francisco pwhat donald trump’s battle of wills with jeff sessions teaches you about a difficult boss pone way you’re paying creditcard fees even if you don’t have a card ptrump russia and sanctions what we know pthis is the worst mistake people make at work pmove over breathalyzers ‘textalyzers’ could be used on drivers’ phones pjared kushner’s unorthodox approach to meetings is a cautionary tale for office workers everywhere phere’s how much you should spend on a yoga mat p weird things i found out about america in my first  hours pweekend sip is this the world’s first distilled nonalcoholic spirit pgoodyear stock stumbles  after quarter ‘played out differently than we expected’ ptime for gop to face reality everybody is going to have health insurance pbreakingdow industrials just  points shy of  milestone pwhy tax cuts for the rich solve nothing pcigarette maker stocks plunge on fda announcement but health experts are skeptical loading more headlines dow quoteszigmanrealtime    nasdaq quoteszigmanrealtime    sp  quoteszigmanrealtime    kiosk   the retirementors retirement advice from our industry experts our team of financial professionals can help you plan and save for retirement then live well in it congakioskretirementorshtml    alerts congakioskalertshtml    virtual stock exchange our free stockmarket game • trade your virtual portfolio in real time • talk strategies in group discussions • find or create a game that suits you • use our learning center to improve congakioskgameshtml    location scouts housingmarket insights from our realty pros plus the latest data from realtorcom on  home markets across the us • see our complete real estate site congakioskrealestatehtml    lazy portfolios set it and forget it check out the returns on our  lazy portfolios that are made up of lowcost buyandhold index funds • how to create your own lazy portfolio congakiosklazyportfoliohtml  marketwatchcom site index topics help feedback newsroom roster media archive premium products mobile company info code of conduct corrections advertising media kit advertise locally reprints  licensing broker center your ad choices follow marketwatch rss podcasts wsjcom barrons online bigcharts virtual stock exchange financial news london wsjcom small business realtorcom mansion global copyright   marketwatch inc all rights reserved by using this site you agree to the terms of service privacy policy and cookie policy intraday data provided by six financial information and subject to terms of use historical and current endofday data provided by six financial information all quotes are in local exchange time realtime last sale data for us stock quotes reflect trades reported through nasdaq only intraday data delayed at least  minutes or per exchange requirements marketwatch top stories link to marketwatchs slice  stock screener  yahoo financehomemailflickrtumblrnewssportsfinancecelebrityanswersgroupsmobilemoreyahoosearchsearchus markets closedsp  dow  insider transactionsdefault criteriainsider  restricted shareholder transactions of  resultsresults were generated a few mins ago pricing data is updated frequently currency in usdsymboldatesharesproceedstransaction detailsfrbksale at  per sharefrbksale at  per sharefrbkacquisition non open market at  per sharefrbksale at    per sharefrbksale at    per sharefrbksale at  per sharefrbkpurchase at    per sharefrbkpurchase at    per sharethe two pizza rule is a secret to productive meetings that helped amazon ceo jeff bezos become one of the worlds richest menbusiness insidercalifornia approves cheaper windowsmodernizesponsoredthe real reason overseas manufacturing is coming to americayahoo financeyahoo small businessdata disclaimerhelpsuggestionsprivacyabout our adsterms updated j flocco jr theodore  ceo founder businessman  profile directorpedianet  list of ceos founders board members and company directors j flocco jr theodore check out list of companies and businesses related to j flocco jr theodore find out j flocco jr theodore address and contact details view other people related to j flocco jr theodore  coworkers colleagues companions etc address  s th street suite  philadelphia  pa companies related to j flocco jr theodore cikcompany namepositioncompany addressrepublic first bancorp inctwo liberty place  s th street suite  philadelphia  j flocco jr theodore on the web persons related to j flocco jr theodore  republic first bancorp incnamepositioncitykenneth adelbergdirector piladelphiakenneth adelbergdirector philadelphiakenneth adelbergdirector philadelphialogue andrewphiladelphiaspevak barryphiladelphiawilliam w batoffdirector philadelphiawilliam w batoffdirector philadelphiawilliam w batoffdirector philadelphiawilliam w batoffdirector philadelphiawilliam w batoffdirector philadelphiawilliam w batoffdirector philadelphiawilliam w batoffdirector philadelphiawilliam w batoffdirector philadelphiatierney brianphiladelphiafrank a cavallarochief financial officer somerdalefrank a cavallarochief financial officer philadelphiarobert j colemandirector philadelphiarobert j colemandirector philadelphiarobert j colemandirector philadelphiarobert j colemandirector mediarobert j colemandirector philadelphiarhonda s costellochief retail officer mt laurelrhonda s costellochief retail officer philadelphiarhonda s costellochief retail officer philadelphiarobert d davisrobert d davispresident philadelphialouis j decesare jrlouis j decesare jrpresident philadelphialouis j decesare jrexecutive vice president doylestownlouis j decesare jrpresidentrepublic first bank philadelphialouis j decesare jrpresident republic first bank philadelphiatheodore j flocco jrdirector mt laureltheodore j flocco jrdirector philadelphiatheodore j flocco jrdirector philadelphiacavallaro frankphiladelphiapaul frenkielchief financial officer philadelphiapaul frenkielchief financial officer philadelphialyle hall jrdirector philadelphialyle hall jrdirector philadelphialyle hall jrdirector philadelphialyle hall jrphiladelphialyle hall jrdirector philadelphialyle hall jrdirector philadelphialyle hall jrdirector philadelphiaedward c haluskawildstein harrisphiladelphiamadonna harryphiladelphiavernon w hill iidirector vernon w hill iimt laurelcarol hunterevp  chief credit officer philadelphialisa r jacobsphiladelphianeilon jayphiladelphiaalbert l jonesandrew j loguepresidentcoo mt laurelandrew j loguepresident philadelphiaandrew j loguechief operating officer philadelphiaharry madonnachief executive officer philadelphiaharry madonnapresident  ceo philadelphiaharry madonnapresident  ceo philadelphiaharry madonnapresident  ceo philadelphiaharry madonnachairman  ceo philadelphiaharry madonnadirector philadelphiaharry madonnachairman president  ceo philadelphiaharry madonnachairman  ceo philadelphiarandall j mcgarryexec vice president philadelphianeena m millerphiladelphiarodin nealdirector philadelphiarodin nealdirector philadelphiarodin nealdirector philadelphiarodin nealdirector philadelphiarodin nealdirector philadelphiarodin nealdirector philadelphiarodin nealdirector philadelphiajay m neilonchief credit officer glen millsjay m neilonchief credit officer philadelphiajay m neilonchief credit officer philadelphiaalonzo primusphiladelphiacostello rhondaphiladelphiacoleman robertphiladelphiaedward j ryanchief financial officer philadelphiasteven j shotzdirector philadelphiasteven j shotzdirector philadelphiasteven j shotzdirector philadelphiabarry spevakdirector philadelphiabarry spevakdirector philadelphiabarry spevakdirector philadelphiabarry spevakdirector philadelphiabarry spevakdirector philadelphiabarry spevakdirector philadelphiabarry spevakdirector philadelphiabarry spevakdirector philadelphiaflocco jr theodorephiladelphiabrian tierneydirector philadelphiabrian tierneyphiladelphiabrian tierneydirector philadelphiapaul verdi jrphiladelphiapaul verdi jrexecutive vp philadelphiapaul verdi jrexecutive vice president philadelphiapaul verdi jrexecutive vice president philadelphiaharris wildsteindirector meadowbrookharris wildsteindirector philadelphiaharris wildsteindirector philadelphiaharris wildsteindirector philadelphiaharris wildsteindirector philadelphiaharris wildsteindirector philadelphiaharris wildsteindirector philadelphiaharris wildsteindirector philadelphiaharris wildsteindirector philadelphiaharris wildsteindirector philadelphiatracie youngphiladelphia microsoft personalized ad preferences to opt out of personalized ads in this browser your browser history must allow firstparty and thirdparty cookies and you must have your browsing experience set to not delete browsing history on exit instructions for enabling cookies and configuring your browsing history may be available in your browsers settings privacy or help documentation sign in hold on… we’re sorry but this didn’t work you can’t turn off personalized ads right now because your browser is currently blocking thirdparty cookies we can help you fix this issue let’s get started depending on what browser you use open options or settings make sure that thirdparty cookies are not blocked anymore to find out how search your browser’s help revisit httpchoicemicrosoftcomoptout and then on the “personalized ads in this browser” tile click off ext about our ads to create a more customized online experience some of the ads you may receive on microsoft websites and apps are tailored to your previous activities searches and site visits youre in control and heres where you can make the advertising choice thats right for you ext where can i learn more about advertising on microsoft websites and apps microsoft partners with oath appnexus and other third party service providers to help present customized content and display advertisements on msn outlookcom and other websites and apps microsoft also delivers search ads to bing and our search syndication partners learn more about microsoft’s privacy practices here you can learn more about interestbased ads from oath and appnexus in their privacy statements oath and appnexus what choices do i have about interestbased advertising on this page you can opt out of receiving interest based advertising from microsoft you can also opt out of receiving interestbased advertising from all selfregulatory members including microsoft oath appnexus and other third party ad networks at the following sites in the us digital advertising alliance daa in europe european interactive digital advertising alliance edaa in canada ad choices digital advertising alliance of canada daac you can control interestbased advertising in windows apps by turning off the advertising id in windows settings more choices do you want personalized ads from other companies questions if you have a privacy question or a question for the chief privacy officer of microsoft please contact us by using our web form we will respond to questions within  days ext personalized ads in this browser off optout is currently unavailable please try again later control the personalized ads setting for this web browser learn more if you want microsoft to show ads that might be relevant to you click on to show “generic” ads click off ext personalized ads wherever i use my microsoft account off sign in to change optout is currently unavailable please try again later control the personalized ads setting that applies when you are signed in on any computer or device with your microsoft account including windows windows phone xbox and other devices learn more if you want microsoft to show ads that might be relevant to you click on to show “generic” ads click off if you choose “generic” ads and use a browser your choice applies to everyone when using that browser as long as you do not clear your cookies ext personalized ads in windows in your windows settings you can turn off personalized ads that appear in apps on this device you’ll still see ads but they won’t be personalized anymore if you have windows  access the charms by touching or moving your pointer to the right edge of the screen click or tap settings and then click or tap change pc settings click or tap privacy and then turn off let apps use my advertising id for experiences across apps if you have windows  click or tap the start button click or tap settings click or tap privacy and then turn off let apps use my advertising id for experiences across apps if you have a windows mobile device go to settings tap on privacy tap on advertising id and then turn off let apps use my advertising id for experiences across apps if you want to turn off personalized ads from microsoft wherever you use your microsoft account including apps on windows windows phone xbox and other devices you can do so by selecting the microsoft account option above ext legal privacy  cookies   microsoft theodore j flocco jr  executive bio compensation history and contacts  equilar atlas   log in  sign up x   as featured in theodore j flocco jr board member at republic first bancorp inc view full profile are you theodore j flocco jr claim your profile   sign up for equilar atlas and view theodore j flocco jrs full profile with equilar atlas you can identify corporate executives in theodore j flocco jrs network and community follow changes in theodore j flocco jrs employment and moneyinmotion connect with theodore j flocco jr through your network of contacts theodore j flocco jrs executive work history current board member republic first bancorp inc past to view theodore j flocco jrs complete executive work history sign up now age      theodore j flocco jrs biography theodore j flocco jr cpa age  has been a director of the company and the bank since  before his retirement from ernst  young llp mr flocco was a general audit partner and advised many of the largest sec regulated clients of the philadelphia office for more than  years including several regional and local banks mr flocco has experience in the banking mutual fund real estate and manufacturing and distribution industries his responsibilities at ernst  young llp included consulting with senior executives and directors of companies on accounting and strategic business issues mergers and acquisitions public offering  read more theodore j flocco jr cpa age  has been a director of the company and the bank since  before his retirement from ernst  young llp mr flocco was a general audit partner and advised many of the largest sec regulated clients of the philadelphia office for more than  years including several regional and local banks mr flocco has experience in the banking mutual fund real estate and manufacturing and distribution industries his responsibilities at ernst  young llp included consulting with senior executives and directors of companies on accounting and strategic business issues mergers and acquisitions public offerings and sec registrations he has extensive experience in the public offering market through his involvement in more than  public equity and debt offerings mr floccos experience in public accounting and sec matters provides the board with depth in matters related to accounting sec financial reporting and shareholder communication and also qualifies him as a financial expert to serve on the boards audit committee source republic first bancorp inc on    sign up for equilar atlas and view theodore j flocco jrs full profile by accessing equilar atlas you can view bios network salary and wealth events of industryleading executives like theodore j flocco jr more specifically youll be able to identify corporate executives in theodore j flocco jrs network and community follow changes in theodore j flocco jrs employment and moneyinmotion connect with theodore j flocco jr through your network of conections view full profile   search for over  executive profiles bio example theodore j flocco jr theodore j flocco jrs connections  sign up now to view theodore j flocco jrs  connections » harry d madonna president and chief executive officer chairman republic first bank republic first bancorp inc brian p tierney board member nutrisystem inc paul frenkiel chief financial officer executive vice president strategy secretary and principal accounting officer the bancorp inc barry l spevak board member republic first bancorp inc neena m miller former executive vice president and chief credit officer vist bank vist financial corp harris wildstein board member republic first bancorp inc frank a cavallaro executive vice president and chief financial officer republic first bancorp inc carol l hunter former chief credit officer of republic republic first bancorp inc paul a verdi former executive vice president and chief retail banking officer republic first bancorp inc andrew j logue president and chief operating officer republic first bank republic first bancorp inc popular profiles sign up now to view more executive profiles » thomas j lynch executive chairman te connectivity ltd john j kita evp and cfo a o smith carl g annessa evp and coo hornbeck offshore services inc elon r musk ceo and chairman tesla michael c montgomery board member nmi holdings inc × claim your profile coming soon interested in updating your biography and work history were working on making it happen well email you when this feature is available please enter valid email address done thank you for your interest ok browse executive profiles  a  b  c  d  e  f  g  h  i  j  k  l  m  n  o  p  q  r  s  t  u  v  w  x  y  z equilar homepage equilar atlas equilar insight equilar boardedge equilar engage research services knowledge network about us login ï¿½  equilar all rights reserved privacy policy  marshall street redwood city ca   phone    fax   flocco theodore j jr top holdings whalewisdom search all search f filers only search sec filer search stocks only search mgmt inv cos only etfs only search active flocco theodore j jr • mt laurel nj how do i update this listing flocco theodore j jr is based out of mt laurel whalewisdom has at least  insider transactions form  in our database for flocco theodore j jr summary dg insider form  create email alert × email notification log in or signup to see more advanced email alert options such as selecting any type of sec form multiple filers or classes of filers and much more or to simply have an email sent to you whenever we receive a new f filing from flocco theodore j jr enter your email address below and choose submit your email cancel contact info flocco theodore j jr  brookwood road mt laurel nj     business phone  sec sic codestate commercial banks recent sec filings  filed on   filed on   filed on   filed on   filed on   filed on   filed on   filed on   filed on   filed on  schedule d and g events since  subscription required form   nonderivative insider transactions since  loading elevate your investments try it for free theodore j flocco jr  ernst  young us llp  business profiles business profile document delivery api about      companies  officers home     washington      ernst  young us llp      theodore j flocco jr account   login sign up saved  cart  theodore j flocco jr  washington  uswa   theodore j flocco jr is the partner of ernst  young us llp registered in washington save profile   details name theodore j flocco jr office held partner locations a address address on file other officers for this company jane i blodgett registered agent c micahel abdalian partner c chester abell jr partner ernest c achtien partner thomas l adams partner george edgar adkins jr partner nathan adler partner patrick h admire partner arthur m aguinek partner philip m ahern partner robert a ahrens partner junichi akiyama partner robert m albertelli jr partner david e alexander partner w don alexander partner joseph j alfirevic partner celeste v allen partner elaine t allen partner robert m allen partner robert c allen partner stephen e almassy partner j turner almond jr partner clinton a alston partner willard h altman jr partner thomas a alto partner nancy a altobello partner danny l andersen partner anthony k anderson partner craig a anderson partner jeffrey s anderson partner richard j anderson partner sarah j anderson partner stephen c anderson partner robert f anderson ii partner john r andrews partner james b anglim partner randall c anstine partner arthur f anton partner ronald m aoki partner paul e arbogast partner alex t arcady partner l patrick arceneaux partner royce s armstrong partner richard l arnett partner takashi asayama partner james v aselta partner samuel astrof partner ernest f aud jr partner delbert l auxier jr partner john c avallon partner moses awe partner john g baab partner james b bachmann partner paul t bader partner donald l bailey partner john a bailey partner mark a bainbridge partner gerard c bajada partner charles e baker partner gary h baldaeus partner dee j balle jr partner robert j ballweg jr partner stephen a baloga partner dennis r baltzley partner john s banker jr partner steven j banks partner patrick m barberich partner david k barger partner richard m barger partner william f baridon partner norman a barker partner joseph p barr partner william j barrett partner joseph a barsalona partner mark s bartlett partner thomas e barton partner gary t basil partner stephen g bassett partner michael k baty partner carl e baucum partner john a bauermartinez partner gary j baumann partner r eric baumgarten jr partner bruce m baylson partner edward b beanland partner michael f bearer partner b michael becker partner bryan a becker partner robert a bedingfield partner gregory s bednar partner larry bedrosian partner jack h behrens partner william c beisswanger partner alan d bell partner samuel p bell jr partner john a belli partner steven e belous partner gary l belske partner roy m benignus partner norbert a bennett partner p norman bennett partner charles a benson partner william j bergold partner frank a bernatowicz partner kenneth r bernstein partner george a berry jr partner mark m besca partner david m betsill partner james a betts partner brian s bianco partner paul j biehl partner richard d birk partner gary r birkenbeuel partner robert a birrell partner michael j bishko partner john w bittner jr partner roger w bjorkquist partner donald a blackwell partner thomas m blake partner jacob m blank partner dion e bledsoe partner steven h block partner stephen c blowers partner william m blume jr partner john f blust partner dwight r bly partner richard s bobrow partner h douglas bogart partner james c boland partner jeffrey p bolson partner david g bonagura partner david m bonner partner james j bonsall jr partner jay m bornstein partner mark a borsos partner james n bosserman partner billy j bostick partner allen a boston partner bruce a bouchard partner david t boule partner w james bowling partner martin j bowne partner david e boyle partner james r bradow partner francis j brady partner leslie l brandon partner kenneth a bransom partner herbert s braun partner richard w braun partner neil e bray partner paul j brazda partner paul c bremer partner richard a brent partner richard l brezovec partner louis r brill partner elliott h brilliant partner raymond j broek partner paul a brook partner michael j brosnan partner leyton b broughton partner david a brown partner kenneth c brown partner michael l brown partner robert j brown partner richard g brown jr partner espey t browning jr partner keith l brownlie partner thomas w bruett partner robert j bruns partner janet m brutschea partner charles a bryan partner h houston bryan partner stephen buckley jr partner charles o buckner partner g lawrence buhl partner steven e buller partner terry a buller partner bruce e bulloch partner anthony burke partner kenneth m burke partner james j burns partner keith r burns partner james f burton partner randolph e buseman partner charlene k butler partner t randall cain partner john p calcutt partner kirk k calhoun partner zan f calhoun partner anthony a callander partner robert c caller partner peter t cangany jr partner robert a cantor partner peter t capobianco partner john g d carden partner john j carelli partner peter s carlsen partner carol ann carlson partner f jan carnevale partner william j carpenter partner michael d carr partner charles carroll partner james w carter partner richard cartoon partner howard l carver partner charles d carver jr partner f thomas casey partner timothy r cash partner donald j caste partner felix r castillo partner dwight w catherwood partner joseph j cegala partner richard t celiberti partner robert a center partner dominick c cerbone partner anthony j cerce partner charles r chamblee partner guy d chapdelaine partner mark s chapin partner jonathan c chapman partner laurence n charney partner c frank chauvin jr partner kenneth p cherrstrom partner sharda cherwoo partner jeffrey chin partner clyde m chrisman partner david m christens partner carl h christensen partner david t christensen partner charles m chubb jr partner william h church partner michael c clark partner john b clarke partner leland j cleland partner william c coe jr partner gerald d cohen partner steven r cohn partner gary g cole partner william e cole jr partner eugene p collatz partner kenneth w colwell partner james b conley partner james p conley partner j douglas s connon partner denis s conroy partner francis a contino partner michael h convissar partner james c cook partner w hunter cook partner douglas l cooper partner keith e cooper partner robert h cooper partner ronald s cooper partner william k copier partner john j cordio partner richard d corn partner john j costello partner edmund coulson partner harvey l coustan partner alexander l cover partner david j cox partner james a cox partner john b crane partner mark g crane partner stephen p crane partner robert r crawford partner john w creamer partner jim m cross ii partner john f crowley partner john w cullins partner michael j culotta partner john w curran partner david w currie partner bruce w currier partner john f curtis partner michael r curtis partner roland o curtola jr partner michael j cussen partner albert j dalo partner jo m dancik partner b gary dando partner richard l dandurand partner thomas w danielson partner angelo p danna partner donald e danner partner steven m danowitz partner lynn j darby partner larry e darst partner larry a davenport partner james l davey partner james h david partner james r davidson partner larry d davidson partner jerry a davis partner richard r de fronzo partner timothy l de leo partner charles de lone iii partner anthony j de luca partner joseph a de splinter partner susan d de vore partner deborah de witt partner g hilton dean partner robert a del genio partner robert der partner david l des pain partner douglas l deslattes partner peter f desmond partner blake e devitt partner louis a di berardino partner salvatore p di franco partner michael s di lillo partner robert l di loreto partner james s di stasio partner lawrence h diamond partner thomas a diasio partner ronald c diegelman partner raymond v dittamore partner gary m dixon partner richard j dobkin partner daniel j dolan partner peter g dolbee jr partner gregory m dold partner marcela e donadio partner scott a donaldson partner richard c dougherty partner thomas a dougherty partner james j doyle partner michael j doyle partner arlyn j dozeman partner thomas j driscoll partner arthur g drucker partner william c drummond partner richard w dugan partner roger f dunbar partner david e duprey partner robert e duquette partner lee j dutra partner george j duva partner william m duvall partner jeffrey h dworken partner william a earon partner wayne r ebersberger partner donald n ecker partner anastasia economos partner john b edwards jr partner james o eide partner michael c eisenband partner margie a eisenstat partner robert j elam partner earl j elbert partner darrell l ellingson partner richard p elliott partner jeffrey f ellis partner robert m ellis partner william e ellis partner frank m ellmer partner mitchell p ellner partner edward t ellopoulos partner donald c ellwood partner keith b elmer partner robert a elya partner michael b embree partner robert c emde partner michael p emmert partner donald j ercole partner gregory k ericksen partner john a erickson partner michael l evans partner eugene c ezell partner thomas e fahey partner james j fanning partner neil h fanoe partner scott farb partner c paul faux partner john a felker partner jerry a felts partner alfred b fernandes jr partner michael l ferrante partner gerald l ferrari partner john f ferraro partner tikhon y ferris partner louis h feuerstein partner bernard a finkelstein partner robert m finlayson partner andrew w finley partner stephen g finn partner edward l finn iii partner a thomas finnell jr partner harvey b fireman partner robert l fischer partner john j fitzpatrick partner michael j fitzpatrick partner cecil e flamer partner edward w flanagan partner martin j flashner partner kevin m fleming partner randy g fletchall partner charles r flood partner paul f flynn partner curt w fochtmann partner gerard j foley partner timothy j foley partner brian r ford partner alan l forman partner stephen b forman partner matthew e forstenhausler partner wayne f forster partner danny c fort partner robert r fournier partner david m fouts partner dean g fowler partner richard p fox partner edward fraioli partner thomas d franklin partner barry a franzen partner charles e frayer partner michael s fredlender partner dan c freeman partner john r french partner daniel l frick partner richard l frick partner ronald e frieden partner susan a frieden partner michael e friedman partner lester s fry jr partner melvin l fultz partner claude e fusco partner john t gaffney jr partner richard c gallagher partner dennis p garabedian partner harry l gardner partner karen c gardner partner daniel r garner partner robert j garner partner ronald g garrick partner eileen e garvey partner joseph m gatto partner stephen p gatto partner jonathan v gaule partner john t gawaluck partner charles t gebbia partner w kent geer ii partner douglas g geib ii partner james l george partner peter c gerali partner james r gerding partner vincent l germanese partner david gerson partner jeffrey a gerstner partner richard e gesinger partner richard h gesseck partner harvey s gettleson partner john b gianola partner william f gibbons partner michael m gibson partner michael d giese partner geoffrey m gilbert partner tery s gilbert partner robert a gilchrist partner t stephen gillespie partner michael j gillmore partner john f gilwee partner nicholas p giordano partner harvey j gitel partner alan m gittelson partner robert giusti partner james c godbout partner allan m goddard partner daniel k goldberg partner jerry t golden partner peter h goldfarb partner jerome l goldman partner marvin a goldman partner errol g golub partner karen m golz partner geoffrey p gooch partner gary g goode partner arthur i gordon partner frank j gori partner george j gorman partner jerry gorman partner samuel f gorman partner james d gottfried partner john b grace partner philip c grad partner james j grady partner john c graff partner john m graham partner joseph f grainger partner lawrence j grajewski partner dale j granacki partner leslie s granow partner hugh m grant partner christopher j grasher partner paul a grater partner michael m gray partner peter c gray partner michele greco partner janet m green partner david l greenwell partner michael f gries partner swinton a griffith iii partner timothy t griffy partner michael grobstein partner diann d gross partner robert l guido partner john w gunn partner philip j gunn partner william j guska partner james l gustavson partner donald l gutman partner richard v haar partner gerard c haas partner steven w hackett partner frank a hahn partner andrew j hajducky iii partner dennis j haley partner john k haley partner hugh r hall partner frank h hall iii partner ronald p hallagan partner scott k halliday partner philip halper partner rand b hammond partner david a hampshire partner randall c hampton partner dwight l hanger partner michael s hanley partner timothy r hannon partner richard a hanus partner larry j hardy partner terry d hardy partner lee e harkleroad iii partner carl d harnick partner james f hart partner joseph j hart jr partner charles d harvell partner marcus d harwood partner james a hassett partner w edward hastings partner james a hatch partner robert c hausen partner charles j hauser partner mark d hauser partner james m havel partner h richard haverstick jr partner daniel f hayes partner larry j haynes partner jay w heck partner richard l heidebrink partner stephen j heil partner david h hemmerling partner thomas c henderson partner stephen c henley partner robert e henley jr partner michael a henning partner paul j heran partner robert k herdman partner kenneth r herlin partner lawrence h herlong partner delbert m herman partner diane p herndon partner bradley e herrmann partner michael a herzog partner david d hickox partner a steve hidalgo partner timothy j higgins partner michael s hildreth partner scott b hill partner john s hills partner aaron hipscher partner daria s hodapp partner donald r hofflander partner stephan p hoffman partner patrick d hogan partner j roger holbrook partner l ward holdridge partner rodger l holley partner peter m holloway partner david l holman partner christopher m holmes partner david n holtze partner james k holtzman partner stephen o hook partner jeffrey r hoops partner stephen m hoover partner patrick t hopkins partner teresa a hopp partner geoffrey v hopper partner barry r horek partner t richard horn jr partner f james horne partner harris m horowitz partner joe c horton partner alan e horwitz partner g thomas hough partner venable m houts jr partner thomas n howard partner peter w howe partner stephen r howe jr partner c kenneth howery partner n douglas hoy jr partner thomas m hudgins partner david w hughes partner h stephen hurst partner fredrick g hutchison jr partner paul j huth partner richard j hymer partner michael j inserra partner michio ishii partner gary l iverson partner james v ivy partner jim s ivy partner guy c jackson partner alan m jacobs partner p roger jahncke partner steven g james partner susan m james partner michael d jancik partner dennis p jancsy partner ray p jefferies partner edwin t jeffery partner ralph f jenkins iii partner andrew p jennings jr partner william k jensen partner david w jessen partner oscar j jimenez partner ronald j johansson partner gregory w johns partner craig s johnson partner douglas w johnson partner edward t johnson partner gary d johnson partner james l johnson partner roger a johnson partner wallace r johnson iii partner r horace johnson jr partner j randall johnston partner james w johnston partner clifford r jones partner david e jones partner richard e jones partner richard w jones partner thomas l jones partner michael s joseph partner jay c juliussen partner james r justice partner aaron s kaiser partner william j kane partner lawrence s kaplan partner john s karls partner stephen d karpf partner mark r kaspar partner jan g kasun partner steven m kates partner william i katz partner john e katzenmeyer partner jeffrey a kaufman partner richard j kaufman partner ronald u kaufman partner david j kautter partner daniel g kaye partner gary r keiser partner michael s kelley partner alan l keltner partner robert e kempenich partner william t kennedy partner michael d kenney partner robert m kenost partner mark r kercher partner thomas a kern partner donald a key partner thomas j kichler partner edward j kilbane jr partner john j kilkeary partner william l kimsey partner david l king partner douglas r king partner legrand c kirby iii partner olivia a kirk partner john m kiss partner nicholas kissel partner deborah j kissire partner william g kistner partner h dale kitchens partner thomas f kivell partner richard h klein partner robert b klein partner warren e klein partner george e klenovich partner alan l kline partner bruce e klingshirn partner peter m kloet partner martin knee partner leslie w knight jr partner joseph m knott partner thomas p knudsen partner herbert e knutson partner anthony j kolasa partner stephen j konenkamp partner william r konrad partner n robert kopecko jr partner paul koreneff partner bryan j kornreich partner timothy m kosiek partner geoffrey c koslov partner thomas g kouri partner charles r kowal partner ronald j kozich partner f gordon kraft partner raymond j kraft jr partner lewis kramer partner raymond e kramer partner richard f kraner partner barry f kroeger partner terrence p krupczak partner adrian f kruse partner niki l krutop partner john l kuhlman jr partner gerald j kuhn partner steven j kuzma partner paul s la fata partner gerald t la flamme partner donald r labrie partner abdul s lakhani partner antonio m laliberte partner ira j lamel partner thomas b lammert partner james p lamphron partner mike f lampley partner j talbot land partner wayne c landes partner allan r landon partner douglas e langenfeld partner robert a langer partner thomas m lankford partner john e lanman partner william v lapham partner richard g larsen partner timothy a larson partner philip a laskawy partner steven l laskey partner bruce n lassman partner thomas j latkovic partner thomas j laubenthal partner emanuel a lauria jr partner douglas laux partner robert w law partner james m lawlor partner william t lawrence partner charles t lawson partner spiro c lazarakis partner scott t leahy partner b carl lee partner jerry d lee partner nadine gordon lee partner kenneth b lee jr partner david w leeds partner kevin leifer partner steven j leifer partner joseph m lemaire partner richard n lemieny partner richard n lemieux partner charles a lenns partner daniel g lentz partner bernard leone partner herbert j lerner partner howard a levenson partner gary d levinbook partner alan b levine partner jay j levine partner robert s levine partner deborah j levinson partner howard l levy partner j kenyon lewis partner peter d licare partner g michael licastro partner brian p liddy partner dayton g lierley partner alan p lilholt partner richard b linklater partner robert h linn partner william j lipton partner john m little partner wallace a little partner bradley w livengood partner ronald i lobel partner richard w loehr partner joseph j lombardi partner theodore w long jr partner peter look partner daniel j love partner g william luallen partner alphonse s lucarelli partner albert d lucas partner michael a lucki partner michael g lutze partner robert w lynch partner john v lyngaas partner theodore j maag partner w barry mabry partner john f mac donald partner kevin m mac kenzie partner james r mach partner stephen c mack partner alexander h mackintosh partner james g maguire partner john j mahoney jr partner john f majors partner kenneth j malek partner sharon d maloney partner christopher d mandaleris partner jerry a mannen partner mark j manoff partner ronald j manse partner bruce j mantia partner edward r marcum partner norman marcus partner ronald d marcuson partner peter k markell partner john c markelonis partner kenneth e markley partner lester a marks partner william h marquard partner richard l marrapese partner valerie d marshall partner brian w marsharll partner charles r martin partner gregory a martin partner james f martin partner nigel j martin partner stephen c martin partner harold j masor partner douglas p mastrangeli partner melvyn t masuda partner kanji matsushita partner beverly k matthews partner vance k maultsby jr partner thomas p maurer partner michael g maxey partner paul m mayfield partner carl m mayhall partner william j mc cabe partner johnny w mc caleb partner teresa j mc canlies partner john p mc cann partner bryant m mc carthy partner david n mc clung partner matthew l mc coll partner robert t mc cormack partner william j mc cormick jr partner a michael mc cracken partner john w mc cullough partner c brent mc curdy partner thomas j mc cutcheon partner stephen e mc daniel partner william t mc dermott partner clinton d mc donnough partner m ray mc gowen partner john r mc grath partner neal t mc grath partner thomas p mc grath partner robert d mc ilhattan partner l jay mc intosh partner donald h mc iver jr partner michael v mc kay partner mark w mc keehan partner herbert w mc lachlan partner robert g mc lendon partner james h mc lennan partner eugene f mc mahon partner michael j mc millan partner william j mc namara partner michael p mc sherry partner john p mc tigue partner thomas e meckley partner valerie v meddaugh partner paul v meighan partner richard mejia jr partner martin r melone partner danny mendelson partner matthew a mendrygal partner allen j merkley partner charles m merriman partner lanier merritt partner barry b mevorach partner michael l meyer partner robert l meyer partner ronald l meyers partner gene e michaelson partner paul w middeke partner thomas l milan partner james b milholland partner david j milkosky partner brian j miller partner bruce a miller partner douglas s miller partner fredric r miller partner harold r miller partner james a miller partner john andrew miller partner richard l miller partner don p millican partner steven r mills partner william b milstead partner patrick f minan partner larry c mingledorff partner eric c minotti partner donald t misheff partner lucien p mistrot jr partner james k mitchell partner thomas j mitchell partner ray m moberg partner harvey b mogenson partner stephen a mohorich partner v sue molina partner anthony j mondoro jr partner robert s monitello partner daniel d montgomery partner j leo montgomery partner stephen n montgomery partner edward p montgomery jr partner candileigh k monzo partner bill m mooningham partner bobby r moore partner donald l moore partner lisa m mooring partner raymond glen moreau partner herbert a morey partner jack r morris partner michael f morrissey partner theodore c mortenson partner james l morton partner david l moskol partner findlay m most partner ronald t mott partner james w mottern partner vincent a moulton partner kurt h mueller partner gerald t mugnolo partner michael r mulhausen partner james p mulhern partner michael f mullen partner john h munz partner michael c murphy partner william b murphy partner john j murphy jr partner david h murray partner michael j murray partner daniel j murrin partner thomas p murry partner richard c muse partner martin nachimson partner stephen r nadeau partner george m neas partner donald l neebes partner charles j neff jr partner stephen j negrotti partner mark c nelson partner roger r nelson partner stephen t nelson partner robert g neubert partner j edd new partner danny r newcomb partner larry e newman partner mark s nexsen partner jay d nibbe partner warren r nicholson partner john f nicolai partner richard j nicoletti partner harold l nidetz partner allan m nieder partner barbara l nielsen partner richard j nigon partner richard d nijoka partner martin nissenbaum partner kevin j nixon partner j wayne norsworthy partner ernest j novak jr partner thomas c novosel partner dennis j nowak partner peter s nurczynski partner thomas r odonnell partner michael d odrobinak partner douglas h obenshain partner steven d oesterle partner barry j okoskin partner raymond a olczak partner jack h oldham partner david t olman partner james a olson partner steven c olson partner john h opdycke partner terry h orlansky partner robert r owen partner william m owens partner terrence r ozan partner alton d page partner harice r page partner andrew d painter partner william b palm partner l randall palmer partner terryl m palmer partner peter c palsen partner kenneth e papp partner michael j parma partner stephen m paroby partner richard e parrott partner norman l pasas partner james a patranzino partner george f patterson jr partner james c patton partner robert c patton partner alan g paulus partner kathleen m pawlus partner david b pearson partner mark w pearson partner paul m pearson partner james a pease partner john peck partner john g peetz jr partner eric r pelander partner james j pelletier partner daniel r pereira partner jaime pereira partner wendy s perez partner max periman partner john r perkinson partner stanley r perla partner james r peters partner douglas scott peterson partner kenneth w peterson partner timothy m peterson partner george e peterson iii partner warren w petraglia partner ronald p pettirossi partner j douglas phillips jr partner james s c phlegar jr partner christine m piatt partner robert b pickering partner craig f pickett partner james e pierce partner martin a pierce partner randall h pierce partner clifford l pike partner sidney l pilson partner john r pipski partner edwin j pisani partner donald a pizer partner ronald j piziali partner john c plavan partner kerry l plutte partner michael c poland partner dennis m polizzi partner larry j pollard partner gerard b pompan partner david g pope partner james a pope jr partner theodore r popp partner james j powell partner michael f prendergast partner joel press partner david f price partner gregory s price partner kevin i price partner donald v proper partner louis a pugliese partner dennis r purdum partner w james quigley jr partner mark a quinn partner barbara j raasch partner howard a rabinowitz partner marc a rabinowitz partner francis s radford partner milan m radonich partner john p rafferty partner michael p rafferty partner emil j ragones partner david m rainey partner l joan g rall partner richard d rathburn partner charles w rayburn partner john j reck partner brenda b rector partner david a reed partner daniel r reese partner george e reese partner conlyn w regester jr partner robert j reh partner kevin b reilly partner dale a reiss partner kenneth m reiss partner john d relic partner charles j reynolds partner carl a rhodes partner david a ricchuito partner terrence p riccio partner donald r richards partner joseph v richards jr partner timothy n richie partner thomas h richter partner charles a rider partner d joe rigsby partner robert j riley partner brian e ring partner michael a ritter partner isadore rivas partner michael a rizzo partner joseph g robbins jr partner kenneth l robin partner don a robins partner barry e robinson partner jack c robinson partner kirk n robinson partner anthony m robustelli jr partner paul v roddy partner jack r rodman partner lawrence d rodriguez partner peter rodriguez jr partner david e rogers partner w keith rollins partner kelly a rose partner howard s rosell partner gregory r ross partner james l ross partner stanley ross partner james e rossini partner charles n roth partner howard s roth partner frederick w round partner phillip g royalty partner william m ruddy partner russ j rudish partner paul l ruflin partner thomas h ryan partner james e ryan jr partner robert j sabo partner paul h sallwasser partner jane o salter partner donald b saltz partner william h sample partner michael r sanders partner steve w sanders partner john r sanderson partner peter r santori partner luigi c sasso partner david g sawaya partner michael f scarlett partner louis j scerra partner dean i schaffer partner glen a schaffert partner richard l schecter partner barry d schehr partner robert a schintzius partner george c schleier partner thomas schnellenberger partner thomas e schoenbaechier partner henry t schreyer jr partner joseph c schubert partner steven a schumm partner peter m schwab partner robert s scolnick partner thomas g scott partner christopher e scudellari partner robert m seaman partner james e searing partner james e searson partner lloyd d seese partner bryan k segedi partner john a seifarth partner larry m seigel partner robert j selder partner stephen m seliskar partner robert j sepe partner dennis serlen partner william r seto partner mark v sever partner christopher c seyfarth partner david f shanahan partner laura k shanley partner michael f shanley partner f richard shapiro partner robert h sharpenberg partner jack r shaw partner ben h shawler partner robert d shay partner john m shay jr partner howard l shearon partner matthew d shedd partner richard j shelton jr partner phillip l shemanski partner ronald b shepard partner steven h shepsman partner stephanie m shern partner lawrence r sherry partner robert h shope partner thomas j shortway partner porter r shults jr partner hyman shwiel partner john m sieber partner mary ann sigler partner ronald h silver partner joseph a silvoso ii partner charles e simon partner kenneth a simon partner roger n simpson partner tony w simpson partner judson m sinclair partner mark j sivin partner john o skelton partner thomas j skiba partner dan e slagle partner stanley d sleight partner john r smidt partner anthony w smith partner daniel c smith partner donald f smith partner gerald w smith partner jack h smith partner john e smith partner kevin m smith partner paul d smith partner raymond l smith partner travis e smith partner h raymond smith jr partner robert j snyder partner albert a snyder jr partner gary m soffer partner brian s soiref partner john f solan jr partner gregory j soukup partner john j southwick jr partner kris m spain partner william spang partner cheryl f sparkes partner douglas m sparks partner w randolph spears partner john n spencer jr partner nicholas t spina jr partner stephen h staelin partner thomas g stafford partner thomas h stagg partner ronald w stahlschmidt partner john c staley partner stephen t starbuck partner robert j starkman partner lawrence m statsky partner thomas e stazyk partner joseph n steakley partner s douglas steele partner robert w stein partner mark a stephens partner david w stettler partner martin d stevenson partner frederick r stewart partner dale e stitt partner scott a stoll partner theodore b stone partner michael g strachan partner gregory j stratis partner norman n strauss partner kirk d strawser partner robert g streit partner chris c stroup partner bruce w stump partner ralph a subbiondo partner bruce d sullivan partner mark l sullivan partner harold w sullivan jr partner gary v sutton partner l greg swan partner charles r swanson partner donald h sweeney partner robert w swegle jr partner donn a szaro partner ralph j takala partner darrell j tamosuinas partner elliot i tannenbaum partner philip m tatarowicz partner jane l taylor partner thomas w taylor partner william b taylor partner willis g telljohann partner robert h temkin partner irving j thau partner john a theis partner robert h thibault partner paul d thodeson partner c lee thomas partner james n thomas partner n scott thomas partner jerome w thomasson partner darryl l thorvilson partner john f tierney partner joseph w tillett jr partner john f tinsley partner william r titera partner james j tobin partner stephen m todd partner howard s todo partner laurence j tomsyck partner merlin c tousant partner john r towie jr partner kenneth h townsend ii partner james c tracy partner kenneth l tracy partner daniel l trampush partner michael w trapp partner kenneth l treece partner richard j treinen partner cheryl l troiano partner ben g troxler partner robert b tschudy partner george h tucker iii partner arthur f tully partner james s turley partner michael r turner partner philip m uhrhan partner robert j untracht partner miguel a valdes partner gretchen l valentine partner diana c vallis partner kenneth l vander wal partner john m varvaris partner guy a vasconcellos partner salvatore c vaudo jr partner michael e ventling partner joseph v vicidomino partner dennis vick partner michael a view partner janice i vincent partner john p vodenicker jr partner thomas d vogelsinger partner christopher d votta partner jeffrey j vrabel partner richard j wall partner george h wallace partner james d wallace partner amy wallman partner anthony j walters partner richard b walworth partner dennis j wander partner david p ward partner forrest leon ward partner mark r ward partner robert h warshauer partner william r wasco partner william h washecka partner linda b watson partner jonathan g weaver partner jeffrey l webb partner jay weber partner joseph v weber partner bernard r wedge jr partner jacob weichholz partner allan d weingarten partner wayne l welge partner john t wells jr partner mark k wennell partner james b werle partner jack h werner partner marvin wertheimer partner gary t wescombe partner richard b western partner arthur p weston partner mark h weston partner david a wheat partner timothy k whetsell partner charles k white partner randall j wichinski partner william j wieners partner kenneth j wilchfort partner john a wilgers partner michael j wilk partner bradley d williams partner donald a williams partner james a williams partner jeffrey p williams partner mark r williams partner robert j williams partner edward j williams jr partner james m williams jr partner david e willman partner ruth wilmer partner gerald b wilson partner gregory s wilson partner rex l wilson partner ronald a j wilson partner jack b wilson jr partner richard b wimmer partner robert h wingels partner robert b wingerter jr partner jaclyn a winship partner james c winter partner alvin l winterroth partner john r wise partner walter g wohigemuth partner eric m wolf partner benji h wolken partner gregory e wolski partner scott a woltemath partner richard j wood partner stuart g woodhouse partner leroy w woody partner frederick e wooldridge partner mark wovansiker partner r logan wray partner charles r wright partner jeffrey j wright partner john c wright partner major d wright jr partner herbert l wullschleger partner paul c wurst partner franklin wyman iii partner christine m yamamoto partner john j yeager partner john e yeager partner mark j yost partner michael j zarra partner ira l zecher partner steven m zelin partner gary a zell partner daniel r zeman partner john j zenga partner henry g zigtema partner richard h zucca partner home document delivery api about   business profiles inc business profile usa europe asia  pacific americas alabama alaska arizona arkansas california colorado connecticut delaware district of columbia florida georgia hawaii idaho illinois indiana iowa kansas kentucky louisiana maine maryland massachusetts michigan minnesota mississippi missouri nevada new hampshire new jersey new york north carolina north dakota ohio oklahoma oregon pennsylvania puerto rico south carolina south dakota tennessee texas utah virginia washington wyoming croatia denmark estonia finland france germany gibraltar ireland isle of man luxembourg netherlands norway poland slovenia spain sweden switzerland turkey united kingdom australia hong kong india new zealand singapore thailand canada colombia dominican republic jamaica jersey mexico nova scotia panama quebec republic first bancorp inc frbko people  reuterscom x edition united states africa américa latina عربي argentina brasil canada  deutschland españa france india italia  méxico россия united kingdom united states republic first bancorp inc frbko related topics stocksstock screenermarket datafinancialsbanks overview news key developments people charts financials analysts research pulse frbko on consolidated issue listed on nasdaq global market usd  jul  change  chg   prev close  open  days high  days low  volume  avg vol  wk high  wk low  summary name age since current position vernon hill   chairman of the board harry madonna   president chief executive officer director frank cavallaro   chief financial officer executive vice president andrew logue   president and chief operating officer of the bank tracy young  executive vice president chief risk officer jay neilon   executive vice president and chief credit officer of the bank andrew cohen   director lisa jacobs   director theodore flocco   independent director barry spevak   independent director brian tierney   independent director harris wildstein   independent director » insider trading biographies name description vernon hill mr vernon w hill ii is chairman of the board of republic first bancorp inc mr hill was previously the chairman chief executive officer and president of commerce bancorp inc which he founded in  under his direction commerce bank grew from one location in marlton nj to more than  branches along the east coast of the us with over  billion in assets before its sale in  he is often credited with reinventing the concept of american banking his book titled fans not customers how to create growth companies in a no growth world is based on the concept that it is better to have fans rather than customers and that businesses should compete on service instead of price mr hill is also the chairman and founder of metro bank in the uk britains first new high street bank in over  years since opening its first branch in  metro bank has grown to  branches  billion in assets and over  customer accounts in just six years mr hill is also the chairman of petplan usa the largest pet health insurer in the world he also is a partner in a real estate development firm which has developed numerous shopping centers and retail locations mr hills experience in banking for over forty years provides the company with leadership skills and knowledge required to successfully operate and grow financial institutions his experience in real estate and other businesses also offers the board valuable insight to execute its expansion strategy harry madonna mr harry d madonna serves as president chief executive officer director of the company he was chairman of the company from  to december  he has served as president and chief executive officer of the company since  mr madonna has also served as chairman of the bank since  and chief executive officer of the bank since  he served as the banks president from  until may  from  through november  mr madonna served as executive chairman of first bank of delaware and served as its chief executive officer from january  until july  mr madonna was of counsel to spector gadon  rosen pc a general practice law firm located in philadelphia pennsylvania from january   until june   and prior to that was a partner of blank rome llp a law firm located in philadelphia pennsylvania from  until december  mr madonnas background as an attorney and years of experience with the bank provides him with the skills to serve on the board of both the company and the bank mr madonnas position within the company and the bank also provides him with intimate knowledge of our business results of operations and financial condition further as the chief executive officer of the company and the bank and chairman of the bank mr madonna acts as the liaison between the board of directors and the management team and assists the board in its oversight of the company and the bank frank cavallaro mr frank a cavallaro is chief financial officer executive vice president of republic first bancorp inc since february  mr cavallaro had been a senior vice president and chief financial officer of the company and the bank since august   prior to joining the company mr cavallaro served as a vice president in the finance department for commerce bank na and its successor td bank na from september  to august  mr cavallaro a certified public accountant has eighteen years of experience in the financial services industry and prior to that three years of experience in public accounting with ernst  young llp andrew logue mr andrew j logue is president and chief operating officer of republic bank a subsidiary of republic first bancorp inc since may  mr logue had been executive vice president and chief operating officer of the bank since august   prior to joining the bank mr logue served as senior vice presidententerprise risk management for commerce bank na and its successor td bank na from march  to august  mr logue served in various functions during his tenure at commerce bank na tracy young ms tracy a young is executive vice president chief risk officer of bank of the company ms young had been a senior vice president and chief risk officer of the bank since her initial date of hire on april   ms young has over  years of experience in the areas of risk management and compliance for financial institutions prior to joining the bank ms young served in various internal audit compliance and risk management roles for harleysville national bank and trust company from  to  including the director of risk management and director of internal audit positions jay neilon mr jay m neilon is executive vice president and chief credit officer of republic bank a subsidiary of republic first bancorp inc since february  mr neilon had been a senior vice president and chief credit officer of the bank since december   prior to joining the bank mr neilon served as senior credit officer for commerce bank na and its successor td bank na from july  to december  prior to commerce bank na mr neilon held various credit and lending positions with fidelity bank philadelphia pa from september  to july  andrew cohen mr andrew b cohen is director of the company prior to his role at cohen private ventures cohen was managing director and partner of dune capital management an investment management company based innew york city he also invested in public equities and debt securities with sac capital he began his career at morgan stanley as an analyst in the real estate principal investing group and was also an associate in the mergers and acquisitions group after completing business school in addition to serving on republic banks board of directors cohen also holds positions on the boards of various public and private organizations including the new york mets baseball club laureate education inc and the advisory board of metro bank plc he also serves on the national advisory board of the johns hopkins berman institute of bioethics and the painting and sculpture committee of the whitney museum of american art cohen is a graduate of the wharton school of theuniversity of pennsylvania lisa jacobs ms lisa r jacobs is director of the company ms jacobs is a partner at dla piper a global law firm specializing in business law and is the chair of its philadelphia office corporate group she has experience in representing individuals businesses and institutional clients in domestic and international matters including venture capital transactions complex corporate finance matters institutional and private equity financings asset securitizations private placements mergers and acquisitions and governance issues ms jacobs is active in a number of national and regional professional organizations as well as in national and local politics she is a member of the american law institute the uniform law commission and the pennsylvania department of state corporations advisory board ms jacobs is also active in several civic and charitable organizations including the museum of the american revolution teen cancer america philadelphiafreedom valley ymca and the drexel university college of law ms jacobs wide ranging experience as an attorney provides the company with valuable experience in matt theodore flocco mr theodore j flocco jr cpa is an independent director of republic first bancorp inc since june   before his retirement from ernst  young llp mr flocco was a general audit partner and advised many of the largest sec regulated clients of the philadelphia office for more than  years including several regional and local banks mr flocco has experience in the banking mutual fund real estate and manufacturing and distribution industries his responsibilities at ernst  young llp included consulting with senior executives and directors of companies on accounting and strategic business issues mergers and acquisitions public offerings and sec registrations he has extensive experience in the public offering market through his involvement in more than  public equity and debt offerings mr floccos experience in public accounting and sec matters provides the board with depth in matters related to accounting sec financial reporting and shareholder communication and also qualifies him as a financial expert to serve on the boards audit committee barry spevak mr barry l spevak is an independent director of republic first bancorp inc since april  he has also been a partner with downey spevak and associates ltd a certified public accounting firm since  and has previously served as the treasurer of the recording for the blind and dyslexic mr spevaks experience as a certified public accountant qualifies him as a financial expert and his financial accounting background provides the board with an understanding of financial statements accounting and operational and financial controls he also provides the company with general business knowledge brian tierney mr brian p tierney esq is an independent director of republic first bancorp inc since april  he has also served as chief executive officer of brian communications a strategic communications agency and real time media an interactive marketing services agency since november  he was publisher of the philadelphia inquirer and daily news and chief executive officer of its parent company philadelphia media holdings llc from june  and august  respectively until october  in february  philadelphia newspapers llc a subsidiary of philadelphia media holdings llc filed voluntary petitions for reorganization relief pursuant to chapter  of the united states bankruptcy code and emerged from bankruptcy in october  he previously served as chairman and chief executive officer of tierney holdings llc a private investment firm from june  to march  he was vice chairman of advanta corp prior to that period he was the founding partner of t group a public relations firm from november  until it was sold to advanta corp mr tierney serves as a director on a variety of civic educational and charitable boards including the board of directors of nutrisystem inc a publicly traded corporation and leading provider of homedelivered weightloss meal plans mr tierney has a strong corporate leadership background having served as a chief executive officer and having held additional management positions at several companies his service as a director on the board of another public company and a member of other boards also provides insight on corporate governance issues harris wildstein mr harris wildstein esq is an independent director of republic first bancorp inc since  from  through november  mr wildstein served as a director of first bank of delaware since september  mr wildstein has been an owner and officer of lifeline funding llc a presettlement funding organization he has been the vice president of rs imports ltd an automobile dealership since  and president of hvw inc an automobile dealership since  mr wildsteins background in owning and managing multiple businesses has made him sophisticated in the analysis of financial matters and offers the board insight into understanding the many customers that the bank serves today mr wildstein also provides the board with valuable leadership and management perspectives and business acumen basic compensation name fiscal year total vernon hill  harry madonna  frank cavallaro  andrew logue  tracy young  jay neilon  andrew cohen  lisa jacobs  theodore flocco  barry spevak  brian tierney  harris wildstein  as of   dec  options compensation name options value vernon hill   harry madonna   frank cavallaro   andrew logue   tracy young   jay neilon   andrew cohen   lisa jacobs   theodore flocco   barry spevak   brian tierney   harris wildstein   insider trading name shares traded price spevak barry l   spevak barry l   flocco theodore j jr   flocco theodore j jr   flocco theodore j jr   flocco theodore j jr   flocco theodore j jr   flocco theodore j jr   wildstein harris   flocco theodore j jr   flocco theodore j jr   flocco theodore j jr   flocco theodore j jr   tierney brian p   flocco theodore j jr   flocco theodore j jr   » full list on insider trading related topics stocksstock screenermarket datafinancialsbanks