wireless technology  innovation  mobile technology  qualcomm we’re the reason you love your smartphonelearn morefirst place in the race to gg will revolutionize industries – and help change the way we live work and relate to each other – by enabling millions of devices to intelligently connect in ways never before imagined and just like g and g it will be brought to you by qualcomm  learn moremore power to youwith long battery life immersive experiences cuttingedge camera capabilities and gigabit class download speeds the qualcomm® snapdragon™  processor is designed to provide phenomenal mobile performance explore snapdragon  featuresqualcomm was built on inventionqualcomm inventions helped launch the mobile revolution and can be found in billions of devices around the world explore how we’ve made it our business to help others build amazing things learn morefiber optic gigabit lte speeds in the palm of your handsa qualcomm® snapdragon™ gigabit lte modem provides lightningfast mobile device connectivity—allowing you to access your digital world in a snap learn morethe state of play reportthis report looks at the present state of wireless devicetodevice and networked audio consumer audio trends buying decisions and attitudes towards incar listening download the reportlooking for csr support learn morenewsonqthe gigabit lte gods are happy and yes you’ll want to go that fast podcastpress releasessnapdragon neural processing engine now available on qualcomm developer networkqualcomm technologies inc a subsidiary of qualcomm incorporated nasdaq qcom announced today the immediate availability of the qualcomm® snapdragon™ neural processing engine npe software development kit sdk on qualcomm developer networkonqdiscussing g spectrum on capitol hillpress releasesqualcomm announces third quarter fiscal  resultsqualcomm incorporated nasdaq qcom today announced results for its fiscal third quarter ended june  onqformula e charges into the big applepress releasesqualcomm files patent infringement complaints against apple with international trade commission and federal courtsix inventions iphones use everydaythe six qualcomm patents asserted in qualcomm’s itc complaint against apple while not required for any industry standard cover technologies that play integral roles enabling both highspeed performance andonqqualcomm fingerprint sensors transform device authentication videoonqedge processing how qualcomm is helping build the industrial iotonqmwc shanghai ceo steve mollenkopf discusses g and expanding the mobile ecosystem onqless g talk more g action on display at mwc shanghai solutionsautomotivehealth careinternet of thingsmobile computing networking products and technologieslte advanced proquick chargesmall cells snapdragonvirtual realitywifi platforms about  investing in people  gobi menu home oasis about team news portfolio social impact contact languages  lp login about about our philosophysince its inception in  gobi has been a strong believer in hypothesisdriven investing  instead of following where the market takes us chasing the latest hot trends we stay true to our core stick to what we know and invest only in what we believe  this is reflected every day in the way we do businessour fundsgobi hitech fund igobi hitech fund is a vintage  venture capital fund the fund invests primarily in companies operating in the it and digital media sectors in and around the tianjin areagobi fund iigobi fund ii is a vintage  venture capital fund the fund invests primarily in early stage companies in the it and digital media sectors in chinagobi singapore media fundgobi singapore media fund is a vintage  venture capital fund the fund is based in singapore and works closely with its anchor investor the singapore media development authority mdagobi yingzhi fundgobi yingzhi fund is a vintage  venture capital fund the fund is based in shanghai with anchor investors such as the national development and reform commission and the shanghai venture guidance fundgobi zhiying fundgobi zhiying fund is a vintage  venture capital fund as gobis third rmb denominated fund zhiying is focused on seed and series a investmentsgobi fund iiigobi fund iii is a vintage  venture capital fund the fund focuses on earlystage startups operating in the tmt and digital media sectors in asean and chinahong kong entrepreneurs fundthe entrepreneurs fund is a notforprofit initiative launched by alibaba group in  to help hong kongbased entrepreneurs and young graduates realize their aspirations and dreams gobi mavcap asean superseed fundsuperseed is a vintage  venture capital fund dedicated to investing in southeast asias next generation of tech startupsour partnersthe value of strategic partnerships cannot be understated – they are critical for any business to succeed  gobi’s strategic lp network features some of the world’s leading companies in their respective fields including alibaba bosch ibm disney via steamboat nokia ntt docomo sony and unilever on many occasions these relationships have led to significant business synergies or even ma opportunities with portfolio companies we have been exceptionally fortunate in building these relationships and are grateful for our partners’ supportour introductiongobi partners was first established over  years ago to focus on homegrown innovation that was emerging from it tmt convergence and the digital media revolution in china in these  years not only has the entire venture capital ecosystem made great strides forward but we have also grown to be one of the leading early stage investors in it in chinatoday gobi manages eight funds and has grown to seven offices across china hong kong malaysia singapore and jakarta we maintain our investment focus on early stage it and digital media companies in china and southeast asia as a pioneer in this field we believe that the key to success is a consistent investment philosophy focusing on core competencies and staying ahead of the curve    gobi fund iii us lp  list of ceos founders and company directors directorpedianet  list of ceos founders board members and company directors gobi fund iii us lp list of persons related to the company gobi fund iii us lp find out list of ceos founders board members and company directors of gobi fund iii us lp cik number company address co ct corporation system  orange street wilmington phone number  people related to gobi fund iii us lp namepositionstreetcitycountryxu chendirector of general partner of the issue hong konghong kongzhu linf  de voeux road central hong konghong kongna na gobi ventures incpo box  trident chambers road towntortolavirgin islands britishjiang taof  de voeux road central hong konghong kongtsao thomasf  de voeux road central hong konghong kongkit lau waif  de voeux road central hong konghong kong gobi fund iii us lp on the web related companiesgobi concentrated fund ltd gobi concentrated partners lp gobi gear inc gobi investment fund ltd gobi investment partners lp gobi llc gobiddergo llc gobig inc gobi concentrated fund ltd  who is raising money  sec filings of fundraisings and investments in hedge funds startups and private equity companies who is raising money gobi concentrated fund ltd funding details gobi concentrated fund ltd industry pooled investment fundcik number address palm grove house po box  road town tortola phone number  latest news gobi concentrated fund ltd raised  from  investors on  gobi concentrated fund ltd filings datefiling typeofferedsoldremainingmin investmentinvest countexemption  exlusions amended form dindefiniteindefiniteb c csec filingnew form dindefiniteindefiniteb c csec filing gobi concentrated fund ltd raised  in total directors and executives of gobi concentrated fund ltd key people in gobi concentrated fund ltd bo shansteven chen similar companiesgobi investment fund ltd gobiddergo llc gobi investment partners lp gobi concentrated partners lp gobig inc gobi gear inc gobi llc gobi fund iii us lp last visited companies social strategy inc somerset multifamily investors fund i llc sports challenge network lcc star biologics inc sterling seal  supply inc  whoisraisingmoneycom daily updated news about investment into startups hedge funds and private equity companies pef quote  olympus real estate fund iii lp  bloomberg markets error could not add to watchlist x  watchlist olympus real estate fund iii lp pefus inactive pefus is inactive usd fund type private equity fund before its here its on the bloomberg terminal learn more fund type private equity fund objective  asset class focus private equity geographic focus  nav on   total assets  on   inception date  last dividend on   dividend indicated gross yield  fund managers  front load fee  back load fee  redemption fee  b fee  current mgmt fee  expense ratio  profile olympus real estate fund iii lp is a  private equity fund the fund focuses on real estate investments globally address  phone  website wwwolympuscom investing in people  gobi menu home oasis about team news portfolio social impact contact languages  lp login wwwgobivccom wwwgobivccom seo community gobi portfolio events investment finance public relations legal administrative beijing asean china hong kong hong kong others jakarta kuala lumpur shanghai singapore tianjin venture capital is a powerful force for change it empowers individuals to pursue their dreamsof furthering society and making the world a better placeinvesting in peoplegogovansteven lamcontentdownloadvideogogovanvmpyeechooshan shan  abby zhangcontentdownloadvideoyeechoompoffpeaklau ngee keongcontentdownloadvideothisisoffpeakmpteambitionjunyuan qicontentdownloadvideoteambitionengfinalmpshoplinefiona  tonycontentdownloadvideoshoplinevmpcamerahao xucontentdownloadvideocameraengfinalmplinewilliam wucontentdownloadvideofenzhongdainiliaojielinghaoxianlinempnurenpetrina gohcontentdownloadvideonurencorporatevideofinalbmptuniu nasdaqtourdonald yucontentdownloadvideotuniuengmptripfezfaeez fadhlillahcontentdownloadvideotripfezmpwayblazernoreen henrycontentdownloadvideoibmwatsonimprovingoureverydayliveswithcognitivecomputingmpjian shulin licontentdownloadvideojianshumpmphuang bao chemeng leicontentdownloadvideohuangbaochevmpkaladingcharlie jicontentdownloadvideoqialadingzimubanmpvinetreekoko tangcontentdownloadvideovinetreempvideompsleepacedavid huangcontentdownloadvideorestonbysleepacejiachangbanzhongwenzimumppicmixcalvin kizanacontentdownloadvideoandroiddeveloperstorypicmixreachesglobalaudienceongoogleplaympmadhousejoshua maacontentdownloadvideomadmpbritecharlie zhicontentdownloadvideobritecorporatevideompsimply givingnikki kinlochcontentdownloadvideoanintroductiontosimplygivingcomforcharitiesmpgokuaineil chencontentdownloadvideogoukuaiguanfangxuanchuanshipinmpkrspacedavidcontentdownloadvideokekongjianvmpurban revivoleo leecontentdownloadvideourxingxiangxuanchuanpianzhongwenbanmptriipmeha lamcontentdownloadvideotriipmempcloudwiseandy yincontentdownloadvideocloudwiseengfinalmppicoocgary zhangcontentdownloadvideopicoocvideompmychebaolee huangcontentdownloadvideochezhibaoxuanchuanpiandaiyingwenfanyimp go be dreamers go be explorers go be partners    gobi the vc journey venture capitalist victor chua has learnt some expensive lessons in his transformation from thrillseeking trader to mature investor he talks about his investment approach and how he adds value to investee companies read more   portfolio elevator pitch airwallex elevator pitch is a regular feature on lifehacker where we profile startups and new companies and pick their brains for entrepreneurial advice this week were talking with jack zhang cofounder and ceo of crossborder payment platform airwallex read more   gobi chinese tech companies take the lead in battle for southeast asia singapore  the  billion investment by chinas didi chuxing and japans softbank group into southeast asian ridinghailing company grab marks a new record for venture fundraising in the region but it may be surpassed sometime soon as chinese technology companies look to southeast asia as the pe read more   portfolio the orii smart ring lets you control your smartphone using only your voice orii is a new smart ring that gives you full handsfree control of your smartphone the device connects to your phone with bluetooth and it can be used to provide crystalclear audio which makes it an interesting tool for those with sight or hearing issues read more   gobi gobi ranked as th most active tech investor in sea in fourth and fifth places are earlystage crossborder investment firm wavemaker partners  investments and gobi partners  this year wavemaker partners has invested in automotive saas startup aureso cloud communications firm wavecell and shopper engagement app snapcart gobi partners h read more   portfolio airwallex on global capital raising melbournebased cross border payments platform airwallex is one of the australian startup community’s brightest stars having attracted an honour roll of global venture capital investment brands to its books read more  portfolio companiessee more  mavcap  partners program partners program mavcap partners with similar minded vcs to achieve what others believe is impossible superseed superseed objective to invest in early stage startups related to information technology and technologymediatelecommunications in the southeast asia with main focus on malaysia eligibility ready product or solution to commercialize strong founding team scalability over the region coverage all sectors investment range rm to rm  durians  durians objective to seed the next generation of high growth southeast asian startups eligibility early signs of traction strong founders fast growing companies ability to scale on internet coverage sectors all sectors investment range minimum rm maximum rm teak capital sdn bhd fund company  teak ventures sdn bhd investment focus ict and highgrowth tech sectors in south east asia and other regions eg north america where there are synergies targets emerging companies with solid business models competitive advantage and management teams with integrity led by individuals with a blend of vc and technology experience and expertise works with investee companies by expanding their customerbase and partner network providing advice in tech and business opportunities strengthening the senior management team and providing guidance in financial matters restructuring ipo or ma wwwteakcapitalcommy questmark asset management sdn bhd fund company  qma capital sdn bhd investment focus majority of the fund is committed to the ict sector invests in equitylinked securities of companies at any stage the fund manager is made up of professionals with an accumulated investment experience of  years leverages on the principals’ extensive network in china and the asian region has a hong kong office to widen market access and business network for investee companies wwwqmacapitalcom elixir capital management fund  straits fund  focus techenabled companies in south east asia offices in san francisco kuala lumpur and jakarta mavcap as the anchor investor leverages on network across silicon valley asean india japan and the middle east   wwwelixircapcom intres capital partners fund  axiata digital innovation fund focus digital and internet companies in malaysia anchor investors comprises of axiata group bhd and mavcap formed through partnership between mavcap questmark capital management sdn bhd and teak capital sdn bhd wwwintrescapitalcom gobi partners fund  gobi fund iii focus early stage it and digital media companies in south east asia and china impressive network which includes limited partnerships with industry leaders such ibm ntt docomo mcgrawjill nokia and disney via steamboat ventures headquartered in shanghai with offices in beijing guangzhou tianjin hong kong and singapore wwwgobivccom  copyright malaysia venture capital management berhad u  all rights reserved powered by weblite microsoft personalized ad preferences to opt out of personalized ads in this browser your browser history must allow firstparty and thirdparty cookies and you must have your browsing experience set to not delete browsing history on exit instructions for enabling cookies and configuring your browsing history may be available in your browsers settings privacy or help documentation sign in hold on… we’re sorry but this didn’t work you can’t turn off personalized ads right now because your browser is currently blocking thirdparty cookies we can help you fix this issue let’s get started depending on what browser you use open options or settings make sure that thirdparty cookies are not blocked anymore to find out how search your browser’s help revisit httpchoicemicrosoftcomoptout and then on the “personalized ads in this browser” tile click off ext about our ads to create a more customized online experience some of the ads you may receive on microsoft websites and apps are tailored to your previous activities searches and site visits youre in control and heres where you can make the advertising choice thats right for you ext where can i learn more about advertising on microsoft websites and apps microsoft partners with oath appnexus and other third party service providers to help present customized content and display advertisements on msn outlookcom and other websites and apps microsoft also delivers search ads to bing and our search syndication partners learn more about microsoft’s privacy practices here you can learn more about interestbased ads from oath and appnexus in their privacy statements oath and appnexus what choices do i have about interestbased advertising on this page you can opt out of receiving interest based advertising from microsoft you can also opt out of receiving interestbased advertising from all selfregulatory members including microsoft oath appnexus and other third party ad networks at the following sites in the us digital advertising alliance daa in europe european interactive digital advertising alliance edaa in canada ad choices digital advertising alliance of canada daac you can control interestbased advertising in windows apps by turning off the advertising id in windows settings more choices do you want personalized ads from other companies questions if you have a privacy question or a question for the chief privacy officer of microsoft please contact us by using our web form we will respond to questions within  days ext personalized ads in this browser off optout is currently unavailable please try again later control the personalized ads setting for this web browser learn more if you want microsoft to show ads that might be relevant to you click on to show “generic” ads click off ext personalized ads wherever i use my microsoft account off sign in to change optout is currently unavailable please try again later control the personalized ads setting that applies when you are signed in on any computer or device with your microsoft account including windows windows phone xbox and other devices learn more if you want microsoft to show ads that might be relevant to you click on to show “generic” ads click off if you choose “generic” ads and use a browser your choice applies to everyone when using that browser as long as you do not clear your cookies ext personalized ads in windows in your windows settings you can turn off personalized ads that appear in apps on this device you’ll still see ads but they won’t be personalized anymore if you have windows  access the charms by touching or moving your pointer to the right edge of the screen click or tap settings and then click or tap change pc settings click or tap privacy and then turn off let apps use my advertising id for experiences across apps if you have windows  click or tap the start button click or tap settings click or tap privacy and then turn off let apps use my advertising id for experiences across apps if you have a windows mobile device go to settings tap on privacy tap on advertising id and then turn off let apps use my advertising id for experiences across apps if you want to turn off personalized ads from microsoft wherever you use your microsoft account including apps on windows windows phone xbox and other devices you can do so by selecting the microsoft account option above ext legal privacy  cookies   microsoft british virgin islands  mutual funds directory  professional funds statistics  faqs  form library  legislation library  press releases  policies and guidelines   home about us accountability functions governance mission faqs publications annual reports international reports consultative documents presentations statistical bulletin enforcement action financial statements speeches memoranda of understanding industry update divisions banking and fiduciary services corporate services human resources insolvency services insurance investment business legal and enforcement policy research and statistics registry of corporate affairs news latest news press releases contact us regulated entities banking and fiduciary services investment business insolvency practitioners registered agents registered trade mark agents insurance former regulated entities non regulated practitioners alerts advisory warnings international alerts public statements united nations sanctions guidance aides memoires guidance notes international cooperation policies and guidelines regulated entities  investment business  professional funds investment business the following are currently recognised as professional funds under section  of the securities and investment business act  and in accordance with the provisions of sections  and  of the securities and investment business act  a b c d e f g h i j k l m n o p q r s t u v w x y z name of professional funds st strategic diversified fund ltd mf artemis fund bvi ltd sigma value offshore ltd v capital fund ltd v capital master fund ltd d trading ltd am strategy portfolio ltd art international holdings bvi ltd art international investors bvi ltd aa large cap fund ltd absolute fund spc ltd academia enterprises ltd ace alliance fund spc ltd ace of swords offshore fund ltd aci re fund ltd aci re master fund ltd acuta opportunity offshore fund ltd adair multimanager fund ltd adair next generation fund ltd adair select us equity fund ltd adam funds spc ltd advanced research alpha fund ltd ag diversified credit strategies fund ltd ag mortgage value partners ltd ag redi ltd ag super fund international ltd agsf ltd ajr international bvi inc ajr international master fund ltd akalya fund ltd akshayam asia fund limited akshayam asia master fund limited alangari and dawson global fund ltd albatros global long short equity fund ltd alchemy capital management limited aldini growth fund limited alliancebernstein select us equity bvi limited alliancebernstein select us equity longshort bvi limited allied global investments bvi limited alpha equity multistrategy offshore fund ltd alpha genesis global value fund ltd alpha lovo i ltd alphaterra master fund spc limited alphea fund spc ltd alpheus global long short equity fund ltd alpine heritage offshore fund ltd alpine partners bvi lp alr alpha opportunities fund ltd alta global longshort fund ltd alta partners discount convertible arbitrage holdings ltd alta partners discount convertible arbitrage ltd alta partners ltd altcap international spc limited altcap master spc limited altimeter offshore ltd alwp capital spc ltd ama multistrategy offshore fund limited america alternative investments inc amici healthcare offshore master ltd amici healthcare offshore ltd amici offshore master ltd amici offshore ltd amundsen sector speculare private equity fund ltd anchor hedge fund limited anchorinvest absolute return fund ltd andromeda global credit partners ltd angel strategies ltd antarctica absolute return fund ltd antarctica alpha access portfolio spc ltd antarctica asian opportunities fund ltd antarctica cfo i feeder fund ltd antarctica credit and distressed fund ltd antarctica enhanced feeder fund ltd antarctica global opportunities fund ltd antarctica market neutral fund ltd antilles capital fund bvi ltd apollo asia fund ltd aqua abl fund limited aqua multistrategy fund limited aquamarine fund inc aquamarine master fund lp arab gateway fund ltd arcanum fund ltd archetype investments fund spc ltd archipelago opportunities spc ltd archstone investments offshore alpha fund ltd arctica real estate fund ltd argenta fund ltd argenta offshore fund ltd argonaut investment fund ltd arik  offshore fund ltd arisaig asia consumer fund limited arisaig global emerging markets consumer fund limited ark discovery fund offshore limited ark diversified master fund limited ark royal fund offshore limited aroania investments limited arrow real estate investment fund ltd arrowhead target fund ltd arrowsmith fund ltd artis commodity master fund bvi lp ashley capital master fund ltd ashley capital partners ltd asset protection fund ltd asymmetric arbitrage ltd athena multimanager fund limited atlantic interfutures fund ltd atmosphere fund spc ltd auriga alternative strategies limited auriga global ltd auriga international euro limited auriga international swiss franc limited auriga international limited auriga sp iv ltd auxesia capital limited av hedge fund ltd avalon credit opportunities fund limited aviva global opportunities fund ltd avm ranger fund bvi ltd avm ranger fund usnt bvi ltd barca global master fund lp barlow partners offshore limited baron usa partners fund ltd beaconsfield asia fund ltd belvedere offshore multimanager fund ltd benchmark plus overseas institutional partners ltd benchmark plus overseas partners fund ltd best beech fund ltd bgs capital master fund lp bgs capital ltd bizma holdings fund ltd blue earth capital fund ltd blue growth holdings ltd blue square equity investments ltd bluearc absolute return fund te ltd bluearc credit opportunities fund te ltd bluearc global macro fund te ltd bluearc quantitative equity series te ltd blueflame global wealth funds spc ltd blueflame global wealth master funds spc ltd bluenose capital ltd bluenose star ii ltd boston  alexander number one fund limited bridgewater pure alpha fund ii ltd bridgewater pure alpha funds ltd bridgewater pure alpha trading company ii ltd bridgewater pure alpha trading company ltd bridgewater real asset fund ltd brownstone real estate investments limited cabezon quant market neutral ltd calpe investment limited cambrian europe ltd cambrian fund ltd cambrian global ltd cambrian global fund ltd cambrian global master ltd cambrian master fund ltd cambuslang investments ltd canara capital focus fund ltd cannonball asian real estate fund ltd capital trading fund ii ltd capital trading master fund ltd carrelton horizon master fund lp cassini fund offshore ltd castle investment fund limited castleark ep fund ltd castleark energy fund ltd castleark energy master fund lp castlerigg active investment fund ltd castlerigg active investment intermediate fund lp castlerigg active investment master fund ltd castlerigg international holdings limited castlerigg merger arbitrage and equity event fund ltd castlerigg merger arbitrage and equity event intermediate fund lp castlerigg merger arbitrage and equity event master fund ltd castor capital fund limited cathedral fund spc limited caxton global investments institutional limited caxton global investments japan lp caxton global investments limited caxton intermediate fund lp caxton international limited cfm institutional systematic diversified fund limited cfm institutional systematic diversified master limited cgi global investment strategies spc ltd chain bridge capital i limited partnership chapin partners fund ltd charleslim asiaglobal limited chilton international lp chilton european international bvi ltd chilton international bvi ltd chilton small cap  mid cap international lp chilton small cap international bvi ltd chilton strategic value international ii bvi ltd cidel idf i spc inc cim discovery fund limited cim dividend income fund limited cim divident income feeder fund limited cip bvi ltd cip change in progress lp ciref europe limited class c trading company ltd cloud and wind fund ltd clover street master fund ltd clover street offshore fund ltd cobalt offshore fund limited cobalt offshore master fund lp collector fund ltd collins capital diversified offshore fund i ltd collins capital diversified offshore fund ii ltd collins capital liquid trading fund ltd collins capital low volatility performance fund ii ltd collins masters access fund ltd colombus investment funds spc ltd columbus opportunities fund ltd constanza absolute return fund ltd cooperstown international ltd cooperstown master fund ltd copernic global fund limited copperplate investments ltd corepoint select strategies ltd corundum russia fund limited couchman partners lp cougar growth fund limited crabel fund spc ltd crcm institutional fund bvi ltd crcm institutional master fund bvi ltd creative ipo fund inc creo select opportunities fund ltd crestwood capital international ltd crestwood capital master fund ltd cristal investment fund spc ltd crossway partners master fund lp croxton alpha spc limited crystal  fund ltd csof master fund lp csv china opportunities fund lp culross managed account platform spc limited cypress international partners limited dal funds ltd davidson kempner international bvi ltd davidson kempner international ltd dcm multi manager master fund ltd dcm multimanager offshore fund ltd deep field fund spc ltd deephaven global multistrategy fund limited deerfield international limited deerfield international master fund lp def associates ltd defender limited defender fund spc ltd delphi arbitrage fund ltd delphi global limited delphis fund ltd delta opportunity fund offshore ltd deltaengine global value fund inc demeter emerging markets fund limited denali investors master fund lp devonshire funds ltd dg global fund ltd dhandho junoon offshore ltd diamond capital fund inc dinamo fund spc ltd directors fund spc ltd discus feeder limited diva opportunity fund spc ltd djh caribbean partners ltd dobbins offshore ltd domeyard research ltd domeyard technologies lp double digit growth fund ltd doxa fund limited ds infinity capital spc ltd dv global alpha global fund ltd dva global allcap fund ltd eagle constellation fund ltd east prospect fund ltd east quogue capital partners ltd eastern european recovery fund ltd eastern european special situations fund ltd ebury fund  ltd ecf value fund international ltd ecf value fund international master lp eciton global macro fund ltd ecj capital investment fund ltd eden rock asset based lending fund ltd efg hermes spc limited egerton longshort fund eur  gbp limited egerton longshort fund usd limited eiger symphony capital ltd elementum zephyrus total return cat bond fund ltd em es sfl hedge investment ltd emblask lp emerald direct lending institutional offshore fund ltd emerald equity fund spc limited emerging growth fund ltd emerging value capital global fund ltd emerging value capital master fund ltd empyreal spc limited enable ltd endeavour capital offshore fund ltd endeavour multi sector offshore fund ltd endurance high performance fund ltd engine capital offshore fund ltd entrust capital diversified fund ltd entrustpermal fixed income special opportunities ltd entrustpermal global opportunities ltd ep axonic yield ltd ephra�m fund limited ergos offshore fund ltd european asset value fund ltd evansburg international capital ltd everest capital global ltd everest capital investments ltd eworld fund ltd excelsior investors limited fairfield investment fund ltd fairfield investors euro limited fairfield lambda limited fairfield sentry limited fairfield sigma limited falcon mutual fund limited falkert investment fund limited farallon capital offshore investors inc favonius cat bond fund ltd fernwood restructurings limited fibo investment fund spc limited fidam global fund spc limited fifth street capital ltd fincere emerging markets portfolio ltd firestone fund limited first growth capital partners ii offshore ltd first multi strategic fund ltd fis group offshore funds spc ltd fmc fund ltd fmg select fund spc ltd focus opportunity fund limited focus select fund ltd forest offshore partners ltd fortress international fund ltd forum global opportunities fund ltd forum global opportunities master fund lp foundry value offshore fund ltd fp capital partners offshore fund limited fractal fund management ltd frontier market opportunities fund ltd frontier market opportunities master fund lp frontier market select offshore fund ltd ft growth fund ltd futuresone diversified fund ltd futuresone diversified fund spc ltd futuresone innovative fund spc ltd g currency fund limited gabelli associates limited gabelli international limited galaxy fund inc gale  spc ltd gale invest spc ltd galtere international master fund lp gam us institutional trading ii lp game creek offshore fund ltd garrison point opportunities fund i bvi ltd gatehurst capital ltd gca funds limited genesee balanced fund ltd genesis clean tech fund ltd geo high income i ltd giga opportunities fund ltd glenrock global partners bvi master fund lp glenrock global partners bvi inc glide fund spc ltd glide master fund spc ltd global alpha star fund limited global investment fund spc limited global investment opportunities fund ltd global market opportunities fund limited global market strategies fund limited global opportunities fund spc ltd global sigma bondvol ltd global strategies fund spc limited global tactical allocation fund ltd gms sovereign plus fund spc ltd gobi concentrated fund ltd gobi concentrated master fund ltd gold nugget fund ltd golden hind international investments spc ltd golden trident fund ltd golden trident master fund ltd goldfinger recovery strategies ltd goldfinger restructuring ltd goldleaf australian income fund limited goldstein capital managed bond portfolio master fund ltd goldstein capital managed bond portfolio offshore fund ltd gottex value added fund limited graham absolute return ltd graham absolute return trading ltd graham global investment fund i spc ltd graham global investment fund ii spc ltd grand advisory fund ltd greenhaven road capital fund  offshore ltd greenlight capital offshore gold ltd greenlight capital offshore master gold ltd greenlight capital offshore qualified ltd greenlight capital offshore ltd greenlight masters offshore i ltd greenlight masters offshore ltd greyhound asia fund limited greylock global opportunity fund offshore ltd greylock global opportunity master fund ltd groupement financier ii limited groupement financier ltd grove equity plus fund limited gtremerging markets fixed income fund ltd guardian phalanx offshore fund ltd gva abl portfolio limited gva diversified fund limited gva market neutral master limited gzc global macro fund ltd gzc strategic commodities fund ltd hadoh v fund ltd hard assets portfolio ltd hatchlings fund ltd hedgeco hybrid ltd heimdallr fund spc ltd helios g fund ltd heller house opportunity fund ltd hermes international fund limited hgv helsinger global value fund limited highline capital international ltd highline capital qualified fund ltd highline enhanced qualified ltd highline enhanced ltd highline select international ltd hinde gold fund ltd hoegh capital partners arp fund limited hoegh capital partners pe limited hope funds limited hope sr funds limited hudson investors ltd iam global longshort equity strategy fund limited imara africa series spc limited imara african opportunities fund limited imara global fund limited imperium balanced fund limited index global fund spc limited infusion a ltd innovative fund international ltd insch insight ltd integrated multistrategy fund limited international private capital spc ltd investment opportunities fund limited ion egeria fund limited ion fund limited ion nivium fund limited ion viridium fund limited ipi value fund ltd ipm international fund ltd irtysh real estate master fund ltd irtysh real estate offshore fund ltd isis fund spc ltd ithaca universal fund ltd j investment consultants ltd j goldman master fund lp jdp offshore limited jfl partners offshore fund ltd jhon seeker fund ltd jhon seeker master fund ltd jjm centurion fund ltd jl international fund ltd k institutional investors ii ltd k overseas investors i ltd k overseas long short fund ltd khighland overseas ltd kaltchuga ltd kappa fund limited kawa canadian preferred fund lp kawa canadian preferred offshore feeder fund ltd kawa offshore feeder fund limited kemberg fund ltd kent capital fund ltd kent capital master fund ltd keyberg leveraged investments ltd keystone private equity investments limited king street capital ltd king street europe ltd kingate euro fund ltd kingate global fund ltd kings road capital global macro fund ltd kingston global strategies fund series a ltd kiwi pacific offshore fund ltd knight asia contrarian fund limited korea value strategy fund ltd kothari investment partnership kip fund incorporated krechendo fund limited ks international inc kurm investments inc la fayette opportunity fund ltd lacma limited lacv limited lakewood opportunities offshore fund ltd lancer offshore inc lasius prosperity fund ltd last atlantis partners spc ltd latam private equity fund spc ltd laurentia global fund limited laxc limited laxey investors limited lexinta capital management limited lightflow investments ltd lim asia multistrategy fund inc lim asia special situations fund limited lim asia special situations master fund limited lim china master fund spc limited line up  capital fund ltd lionhart asia plus ltd lionhart aurora fund spc ltd lionhart aurora master fund spc ltd lionhart aurora partners ltd lionhart global appreciation fund spc ltd lionhart global appreciation master fund spc ltd lionhart titan fund spc ltd lionhart titan partners ltd lionheart strategic lending fund ltd lisson grove international ltd litchfield atlantic fund ltd litchfield capital master fund ltd lj investments corp lobsang investment fund ltd lodestone capital management ltd london international investment fund spc limited long point offshore fund limited longview fund international ltd longview marquis international fund ltd longview marquis master fund lp lookout rock fund limited lp value limited lrt global opportunities ltd lugos capital bvi fund spc ltd lumix agrodirect fund ltd lunar value fund ltd lunzer wine fund spc limited lynx arbitrage fund limited md sass maximus international ltd machina trading ltd macromoney global investments ltd madrone hill offshore fund ltd maerislandtrident fund ltd maerislandtrident master lp magic capital fund ltd magnolia road global credit fund ltd manatuck hill navigator offshore fund inc mandarin offshore fund ltd mandarin offshore lp mandarin offshore master fund ltd mandrill master fund ltd mapletree global fund ltd mariner atlantic ltd matador fund ltd matchworld investment fund ltd matterhorn fund ltd maxima capital holdings ltd mc opportunities fund ltd meridian global energy and resources fund ltd meridian global gold and resources fund ltd metropol global partners fund spc ltd metropolitan capital advisors international limited mfo idf i bvi lp middle east north africa opportunities fund ltd millennium global fund limited minerva strategic series fund ltd mitra capital master fund lp mitra capital offshore fund ltd miura global fund ltd miura global master fund ltd mjm international ltd mka real estate opportunity fund ltd moab partners offshore ltd molave investments ltd monte generoso investment fund ltd mount capital fund ltd ms alpha fund ltd mutual benefits offshore fund ltd nauticus fund bvi ltd new generation turnaround fund ltd new river investments special opportunities offshore ltd newcastle offshore fund ltd nis credit opportunities ltd nissen fund ltd nn advanced commodities ltd nn advanced ls equity us ltd noddings convertible arbitrage fund a ltd nomination trading investment fund limited north  international fund ltd northern light funds limited novy fund spc limited nudge capital fund ltd numeric absolute return fund lp numeric absolute return fund offshore ltd numeric emerging markets alpha fund lp numeric emerging markets small cap core offshore fund ltd numeric multistrategy market neutral levered offshore fund limited numeric socially aware multistrategy fund ltd oceanus fund bvi ltd octavian capital sustainable investment opportunities fund ltd odyssey convertible bond opportunities fund ltd odyssey panamerica equity master fund lp odyssey special situations bond fund ltd odyssey special situations bond master fund ltd okumus opportunistic value fund ltd olympia star i ltd olympus investment portfolio ltd opportunity unique fund inc optima absolute return fund ltd optis african frontier fund ltd optis global opportunities fund ltd opus catastrophe fund ltd orange opportunity fund ltd orbimed partners ltd orchard centar limited orchard centar master limited orchard centar performance limited orion feeder ltd orion fund ltd osprey currency fund bvi ltd otter creek international ltd p blue jay ltd p bowery ltd p brilliance ltd p consonance opportunities ltd p dalton japan real estate ltd p emp ltd p engine ltd p fam ltd p fort diversified ltd p gracie ltd p h partners ltd p marblegate ltd p monarch recovery ltd p mudrick ltd p pcg thematic spc ltd p re opportunities ltd p redmile ltd p river birch ltd p scm energy hy ltd p standard general ltd p sylebra ltd p three bridges europe ltd p twin ltd p vista ltd p voce ltd p zimmer ltd p offshore ltd pabrai investment fund  ltd pacific harbor global reach fund limited pacifico balance fund ltd paf ii ltd palm structured asset fund bvi lp palm structured asset investors bvi lp palomino fund ltd palomino master ltd pan capital energy offshore fund ltd pan multi strategy ltd pandora select fund ltd pannotia fund ltd pannotia master ltd paradigm asia fund ltd paradigm global fund i ltd paradigm master fund ltd paragon offshore fund bvi ltd paragon qp offshore fund bvi ltd parsec australian dollar fund ltd parsec institutional fund ltd parsec trading corp partnerships opportunities fund limited passport global long short fund lp passport global long short offshore fund ltd passport global master fund spc ltd passport long short fund ltd passport long short master fund spc ltd passport materials master fund lp passport offshore ltd passport special opportunities fund ltd passport special opportunities master fund lp pcm partners international ltd pe primary fund limited peaq pinnacle fund ltd pegasus cp one limited pegasus global opportunity fund ltd pelican dynamic opportunities fund ltd penta asia fund ltd penta asia longshort fund ltd pentagon bernini fund ltd pentagon dollar satellite fund ltd pentagon hercules fund ltd pentagon hercules satellite fund ltd pentagon multistrategy fund ltd pentagon sterling multistrategy fund ltd pentagon sterling satellite fund ltd perinvest convertible fund limited perinvest nzam asia fund limited permal activist fund ltd permal adm european debt fund ltd permal ampere ltd permal apollo value investment fund ltd permal ash macro ltd permal astenbeck ltd permal canyon fund ltd permal canyon io ltd permal capital structure opportunities ltd permal carbon ltd permal deep value fund ltd permal fixed income holdings erisa ltd permal fixed income holdings institutional ltd permal gold limited permal hedge fund opportunities ii ltd permal hedge fund opportunities ltd permal high yield value ltd permal horseman european ltd permal horseman global ltd permal indus japan ltd permal investment holdings institutional ltd permal kylin ltd permal london select ltd permal lpc ltd permal macro holdings institutional ltd permal nwi equities ltd permal nwi macro ltd permal octane fund limited permal ospraie ltd permal pantera fund ltd permal select opportunities ii ltd permal select opportunities iii ltd permal select opportunities ltd permal silk road fund ltd permal stone lion fund ltd permal systematic macro ltd permal tb value ltd pernic fund ltd perrsant income  growth investment strategies ltd perry partners international inc phaeton international bvi limited phi rsquared investment fund spc ltd phoenix alternative fixed income fund bvi ltd phoenix capital fund ltd phoenix equity fund ltd phoenix fixed income fund bvi ltd phoenix gold fund limited phoenix india real estate fund ltd phoenix lake ltd phoenix master fund ltd piedmont partners offshore lp pine capital maritime shipping fund bvi ltd pip holdings ltd pipe equity investors ltd pipe select offshore fund ltd pishon ltd pkxv fund ltd plenum master fund ltd pp opportunities ltd precision investment fund ltd premium capital strategy ltd premium fund limited prime meridian marketplace lending spc limited prime star equities offshore lp princeton alternative income offshore fund ltd princeton diversified strategy erisa fund ltd princeton diversified strategy master fund ltd professional offshore opportunity fund limited prophecy trading advisors international ltd protos capital partners ltd psi trading fund limited puma strategic fund ltd qam global equities fund ltd qcm otus fund spc ltd quant alpha offshore fund ltd quant alpha tactical offshore fund ltd quanta capital investors bvi feeder ltd quanta capital investors asia pacific fund ltd quantek master fund spc ltd quantek opportunity fund ii ltd quantek opportunity fund ltd quest europe master fund spc ltd quest japan master fund ltd quest japan ltd quest ucl pan asian fund limited real assets ra global opportunity fund i ltd real east fund ltd redtower global macro fund limited redwood peak opportunities fund bvi ltd redwood peak opportunities master fund lp regency capital appreciation fund ltd regency high yield bond fund limited resolute capital growth fund limited richcourt allweather fund inc richcourt composite inc richcourt euro strategies inc rig fund ltd rig ii fund ltd rig iii fund ltd rio professional investors fund limited riskowitz offshore fund ltd riviera fund spc limited rochdale offshore global diversification fund ltd rod capital fund ltd royal vision intelligent fund ltd rpc global growth fund ltd rpc global growth master fund ltd runnymede master fund ltd russia dual return ltd russian edge capital fund limited s v capital investment partners i bvi ltd sail multistrategy fund spc ltd sakha development master fund ltd sakha development offshore fund ltd sancta capital partners lp sandler offshore fund inc satsuma global allocation fund ltd satsuma strategic trading fund ltd satsumaqimi fixed income fund ltd scala capital fund limited scopus fund ltd scopus vista fund ltd scorpius fund ltd seaboard fund limited seamans offshore global opportunities fund ltd sedgefield capital ltd selected strategies limited seletto value global fund ltd seletto value global fund ltd seminole dedicated investor fund offshore ltd seminole offshore fund ltd seminole offshore fund ltd seminole opportunity fund ltd seminole opportunity fund ltd semper optimum fund ltd sequoia diversified growth fund ltd sequoia diversified growth fund ltd serendipity fund ltd serendipity fund ltd servin fund ltd servin fund ltd servin services and investments overseas inc setas global vision fund ltd seven trend international fund ltd shelterwood opportunities fund spc limited shelterwood opportunities fund spc limited shepherd guardian fund ltd shepherd guardian fund ltd shepherd investments international ltd shepherd investments international ltd shepherd performance fund ltd shepherd performance fund ltd sia f fund ltd sia f fund ltd sidewinder energy fund ltd sidewinder energy fund ltd signature global opportunities offshore fund ltd signature global opportunity fund ltd signature liquidity fund ltd signature liquidity fund ltd signature opportunity fund ltd signature opportunity fund ltd signet funds spc limited signet multimanager spc inc signet multimanager spc inc silverback fund bvi ltd silverback fund bvi ltd silverhorn spc ltd silverhorn spc ltd sim special situations fund limited singleton fund ltd singleton fund ltd sirayar fund spc ltd sirayar fund spc ltd sirium fund ltd sirium fund ltd skfm thailand fund limited skyblue fund spc limited skyblue fund spc limited sofire fund ltd sofire fund ltd sol fund ltd sol fund ltd solar value fund ltd solar value fund ltd solway investment fund limited sonar diversified alpha master fund ltd sonar diversified alpha overseas fund ltd sopica global real estate fund ltd sopica global real estate fund ltd sopica global retail growth fund ltd sopica global retail growth fund ltd sopica special opportunities fund limited sopica special opportunities fund limited sopica special opportunities fund limited sopica ventures fund limited sopica ventures fund limited sore microfinance international fund ltd sore microfinance international fund ltd southways fund ltd sp international sa special k capital us dollar bvi limited special opportunities fund ltd sphera fund nis lp sphera fund nis lp sphera fund lp sphera fund lp sphera fundcorporate lp sphera fundcorporate lp sphera fundcorporate lp sphera fundglobal lp sphera fundglobal lp sphera fundglobal lp sphera master fund lp sphera master fund lp sphera master fund lp spiance high frequency fund limited spinnaker gem holdings ltd spinnaker gem holdings ltd spinnaker global emerging markets fund ltd spinnaker global emerging markets fund ltd spinnaker global opportunity fund ltd spinnaker global opportunity fund ltd spurways ltd sspp fund ltd sspp fund ltd st moritz  fund ltd st moritz  fund ltd standard pacific capital master fund ltd standard pacific capital offshore fund ltd standard pacific capital offshore fund ltd standing stone fund ltd standing stone ltd star convertible fund limited star navigator investments ltd star navigator investments ltd star navigator investments ltd stark asia fund ltd stark asia fund ltd stark asia performance fund ltd stark asia performance fund ltd stark criterion fund ltd stark criterion fund ltd stark criterion performance fund ltd stark criterion performance fund ltd stark global opportunities fund ltd stark global opportunities fund ltd stark global opportunities fund ltd stark global opportunities master fund ltd stark global opportunities master fund ltd stark global opportunities performance fund ltd stark global opportunities performance fund ltd stark master fund ltd stark master fund ltd starwines chefs fund limited starwines chefs fund limited stella capital emerging markets offshore fund ltd stella capital offshore fund ltd stella capital offshore fund ltd stella capital real estate opportunity fund ltd stella capital real estate opportunity fund ltd stenham trading inc stenham trading inc stenham trading portfolio inc stenham trading portfolio inc stenham trading portfolio inc stenham universal investment holdings inc stenham universal investment holdings inc stenham universal investment holdings inc stone mountain partners ltd stone mountain partners ltd stone mountain partners ltd stonewood strategic investments limited stonewood strategic investments limited strategic acacia limited strategic acacia limited strategic focus fund ltd strategic focus fund ltd stratus feeder limited stratus feeder limited stratus feeder limited stratus fund limited stratus fund limited striker fund limited striker fund limited summit capital management lp sunflowerhfd ltd supreme ipo fund inc supreme ipo fund inc sweden public property fund limited symmetry capital offshore fund ltd sysconcept fund spc limited sysconcept fund spc limited sysconcept fund spc limited systematic alpha futures fund ltd systematic alpha futures fund ltd systematic alpha intraday fund ltd systematic alpha intraday master fund ltd systematic alpha multi strategy fund ltd systematic alpha multi strategy fund ltd formerly systematic alpha diversified fund ltd systematic alpha multi strategy master fund ltd systematic alpha multi strategy master fund ltd formerly systematic alpha diversified master fund ltd systematic trading fund spc ltd systematic trading fund spc ltd systematic trading fund spc ltd systemic risk averse fund of funds spc ltd systemic risk averse funds spc ltd tacticus quantplus international ltd takumi offshore fund ltd talisman asia pacific fund ltd talisman asia pacific fund ltd talisman capital alternative investments fund ltd talisman capital european real estate fund ltd talisman capital european real estate fund ltd talisman capital fund ltd talisman capital talon fund ltd talisman dynamic fund ltd talisman dynamic fund ltd talisman global fund ltd talisman global fund ltd talisman global multistrategy fund ltd talisman global multistrategy fund ltd talisman opportunities fund ltd talisman opportunities fund ltd talisman special purpose fund ltd talisman special purpose fund ltd talisman strategic fund ltd talisman strategic fund ltd talleyrand offshore ltd talleyrand offshore master ltd target forex fund ltd target forex fund ltd tatarstan real estate master fund ltd tatarstan real estate master fund ltd tatarstan real estate offshore fund ltd tatarstan real estate offshore fund ltd taurus investment fund bvi limited taurus investment master fund limited taurus investment onshore fund limited tbill arbitrage master fund ltd tbill arbitrage master fund ltd tbill arbitrage offshore fund ltd tbill arbitrage offshore fund ltd telemos fund ltd telemos fund ltd teniqua capital ltd teniqua capital ltd tfc global fund limited tfc global fund limited tfc global master fund lp tfc global master fund lp thai focused equity fund limited thai focused equity fund limited thai focused equity us feeder fund limited thai focused equity us feeder fund limited the  fund ltd the  fund ltd the absolute resource company lp the absolute resource company lp the amber capital fund ltd the amber capital fund ltd the amvona fund ltd the amvona fund ltd the andromeda global credit fund ltd the andromeda global credit fund ltd the antigua short term diversified fund ltd the beaumont fund ltd the beaumont fund ltd the blue moon fund ltd the blue moon fund ltd the circa fund ltd the collectors master fund ltd the collectors offshore fund ltd the collectors� master fund ltd the collectors� offshore fund ltd the concorde fund limited the concorde fund limited the dragon variation fund lp the drake fund ltd the egerton dollar investment fund limited the egerton euro investment fund limited the egerton european dollar fund limited the egerton european equity fund limited the emes fund spc ltd the emes fund spc ltd the emes master fund ltd the emes master fund ltd the fuujin raijin private equities fund limited the galileo fund ltd the galileo fund ltd the global asset allocation fund spc ltd the global asset allocation fund spc ltd the global internet fund ltd the global internet fund ltd the ibs opportunity fund bvi ltd the kawa fund limited the kawa fund limited the longchamp market neutral fund ltd the longchamp multistrategy fund ltd the longchamp nongaussian fund ltd the magma fund limited the magma fund limited the maradia investment fund i limited the maradia investment fund i limited the masters global fund lp the new europe emerging cities fund limited the new rainbow fund ltd the new rainbow fund ltd the ocean fund ltd the ocean fund ltd the omnifund ltd the omnifund ltd the opportunity art fund ltd the opportunity art fund ltd the perpetual metier mutual fund ltd the perpetual metier mutual fund ltd the praetorian global fund ltd the praetorian global fund ltd the psg offshore fund ltd the psg offshore fund ltd the rainbow global high yield fund ltd the ramsey partnership fund limited the ramsey partnership fund limited the shaar fund ltd the shaar fund ltd the southern cone opportunity funds spc ltd the systematic fund ltd the tail wind fund ltd the tail wind fund ltd the tech trader offshore fund ltd the tech trader offshore fund ltd the toro fund limited the toro fund limited the vision venture fund limited the vision venture fund limited the wall street digest ira fund ltd thema fund ltd theme funds ltd theme funds ltd theta international investment limited thor guarant real estate fund ltd thor gurant real estate fund ltd thor optimax fund ltd thor optimax fund ltd thor real estate master fund ltd thor real estate master fund ltd thoroughbred master ltd thoroughbred offshore fund ltd thoth fund limited three arch opportunity offshore fund ltd three arrows capital ltd three arrows capital ltd three arrows fund ii ltd three arrows fund ltd three arrows fund ltd thybo alpha fund ltd thybo alpha fund ltd thybo international fund ltd thybo international fund ltd thybo leveraged fund ltd thybo leveraged fund ltd thybo stable fund ltd thybo stable fund ltd tiana capital ltd tianyou offshore fund ltd tianyou offshore fund ltd tif offshore fund ltd tiger bvi capital lp tiger bvi capital lp tiger forex opportunities fund ltd tiger forex opportunities fund ltd tii kd i fund ltd tii qatar rial i fund ltd tii short term sterling fund ltd tii usd i fund ltd titan equity international ltd tocqueville russia fund ltd tocqueville russia master fund ltd trade bull family fund limited tradex global unlevered spc limited tradex global unlevered spc limited tradex global master fund spc ltd tradex global master fund spc ltd tradex global spc limited tradex global spc limited trading opportunities fund i limited trading opportunities fund i limited tranen capital alternative investment fund ltd tranen capital alternative investment fund ltd tranen capital alternative investment fund  ltd tranen capital alternative investment fund  ltd tranen capital alternative investment fund ltd tranen capital alternative investmnet fund  ltd tranen capital art  collectables fund ltd tranen capital art  collectables fund ltd tranen capital growth fund ltd tranen capital growth fund ltd tranen capital red diamond fund ltd tranen capital red diamond fund ltd transnational resources spc limited treflie absolute ltd treflie absolute ltd triple f bond fund limited triumph investment master fund ltd triumph offshore fund ltd troubh capital international ltd troubh capital international ltd ts multistrategy fund limited ts multistrategy fund limited tt international fund ltd tt international fund ltd tudor mcleod global real estate fund ltd tudor mcleod global real estate master fund ltd turkish perspective fund ltd tvp  the value partners fund limited tvp the value partners fund limited twg brazil fund spc ltd twister opportunities ltd twister opportunities ltd two oceans fund limited us treasuries rates  derivatives fund ltd us treasuries rates  derivatives fund ltd ubique funds spc limited uboro africa spc ltd uboro africa spc ltd uk social housing spc ltd uk social housing spc ltd ukraine recovery fund spc ltd ukraine recovery fund spc ltd ukraine virgin fund ltd ukraine virgin fund ltd uni analytics xtra futures fund ltd uni analytics xtra futuresfund ltd universal growth capital fund ltd universal growth capital fund ltd valex signed us laon portfolio inc valex signet us loan portfolio inc value plus fund limited valueact capital international i l p valueact capital international i lp valueact capital international ii lp vantage investment fund limited vantage investment fund limited ved capital global ltd ved capital global ltd vela fund ltd vela fund ltd velvet hill limited velvet hill limited venturi global fund spc ltd venturi global fund spc ltd ventury capital inc ventury capital inc venus india structured finance offshore fund limited venus india structured finance offshore fund limited venus india structured finance master limited venus india structured finance master limited venus relative value offshore fund qp limited venus relative value offshore fund qp limited venus relative value master limited venus relative value master limited veritas wine master fund lp veritas wine master fund lp veritas wine offshore feeder fund ltd veritas wine offshore feeder fund ltd vesna fund limited vesna fund limited vesta fund limited vesta fund limited vic fund spc ltd vic fund spc ltd vimy investments inc vision capital fund ltd vision capital fund ltd vision wealth capital ltd vola prime select limited vola prime select limited vollero beach capital offshore ltd vollero beach capital offshore ltd vollero beach master fund ltd vollero beach master fund ltd voyage adaptive fund ltd voyage adaptive fund ltd voyage optima fund ltd voyage premium fund ltd voyage premium fund ltd vulture fund spc limited w horizon fund limited w horizon fund limited w systeq fund limited w systeq fund limited walter scott  partners institutional fund limited warwick fund ltd washington select fund ltd water street international inc water street international inc west mountain ltd west mountain ltd westford special situations fund ii ltd westgate alpha fund ltd westgate alpha fund ltd westgate alpha master fund ltd westgate alpha master fund ltd westgate opportunity fund ltd westgate opportunity master fund ltd wextrade principal offshore fund i ltd white orchard investments ltd white tiger emerging markets multi strategy fund ltd white tiger emerging markets multi strategy fund ltd whitebox combined fund ltd whitebox credit fund ltd whitebox credit fund ltd whitebox intermarket fund ltd whitebox ls equity fund ltd whitebox liquid long short equity fund ltd whitebox liquid long short equity fund ltd whitebox liquid long short equity fund ltd whitebox liquid long short partners lp whitebox multistrategy fund ltd whitebox multistrategy fund ltd whitebox relative value fund ltd whitebox relative value fund ltd whitebox special opportunities fund spc ltd whitebox special opportunities fund spc ltd whitebridge private equity fund ltd whitebridge private equity fund ltd whitebridge strategic liquidity fund ltd whitebridge strategic liquidity fund ltd whitecap offshore fund i ltd whitecap offshore fund i ltd whitney japan value fund lp wilfrid global opportunity fund lp win enhanced holdings limited win enhanced holdings limited winchester convertible plus ltd winchester convertible plus ltd winchester global securities limited winston global fund ltd winston global fund ltd winston hedged equity fund ltd winston hedged equity fund ltd winston small cap hedged equity fund ltd wintervest absolute return limited winton futures fund ltd winton futures fund ltd witter global opportunities offshore ltd witter global opportunities ltd wolf group ltd wolf group ltd woodmont investment partners lp woodmont investment partners lp world bay capital partners lp world finest investment fund ltd wxerof foreign exchange fund limited wxerof foreign exchange fund limited xantrium prosperity fund limited xantrium prosperity fund limited yk finance inc yk finance inc yellowtail investments global fund ltd yellowtail investments global fund ltd yesera fund ltd yesera fund ltd yso opportunistic strategies bvi ltd yso opportunistic strategies bvi ltd yso opportunistic strategies master fund lp yso opportunistic strategies master fund lp za redwood fund limited za redwood fund limited zebra equity longshort fund ltd zeus partners limited zola international ltd zola international ltd zola partners lp zola partners lp zweigdimenna focus fund ltd zweigdimenna international limited zweigdimenna international limited zweigdimenna natural resources ltd dated this th day of february  financial services commission professional funds authorised representatives approved managers approved auditors approved funds recognised jurisdictions categories of investment business licences category   operating an investment exchange category   administration of investments sub cat b  admin of investments mutual funds sub cat a  admin of investments non m funds category   custody of investments sub cat b  custody of investments mutual funds sub cat a  custody of investments no m funds category   investment advice sub category b  investment advice mutual funds sub category a  investment advice no mutual fund category   investment management sub cat e  managing other types of investment sub cat d  managing insurance products sub cat c  managing pension schemes sub cat b  managing mutual funds sub cat a  managing segregated portfolios no category   arranging deals in investments category   dealing in investments sub category b  dealing as principal sub category a  dealing in investments category   arranging deals in investments foreign funds professional funds private funds public funds incubator funds other regulated entities banking and fiduciary services investment business insolvency practitioners registered agents registered trade mark agents insurance former regulated entities non regulated practitioners areas of supervisions banking and fiduciary services corporate services human resources insolvency services insurance investment business legal and enforcement policy research and statistics registry of corporate affairs regulated entities banking and fiduciary services investment business insolvency practitioners registered agents registered trade mark agents insurance former regulated entities non regulated practitioners contact information british virgin islands financial services commission pasea estate po box  road town tortola vg  british virgin islands tel  or  gmt –  fax  hours mondayfriday am  pm commissionerbvifscvg   bvi financial services commission terms of use  privacy policy  sitemap   login gobi fund ii lp top holdings whalewisdom search all search f filers only search sec filer search stocks only search mgmt inv cos only etfs only search active gobi fund ii lp • shanghai f how do i update this listing gobi fund ii is based out of shanghai whalewisdom has at least  dg filings in our database for gobi fund ii summary dg insider form  create email alert × email notification log in or signup to see more advanced email alert options such as selecting any type of sec form multiple filers or classes of filers and much more or to simply have an email sent to you whenever we receive a new f filing from gobi fund ii lp enter your email address below and choose submit your email cancel contact info gobi fund ii lp building  innovation park shanghai f     business phone  recent sec filings sc ga filed on  sc ga filed on  sc g filed on  schedule d and g events since  subscription required form   nonderivative insider transactions since  loading elevate your investments try it for free