sec info  lisa cohen sec info uses javascript  to view pages properly enable javascript in your browser     sec info      home      search      my interests      help      sign in      please sign in “lisa cohen”latest filing   as signatoryas  registrantcohen lisaas  signatory  director officer attorney accountant banker agent etclist all filings as signatorysearch recent filings as signatory for “lisa cohen”“lisa cohen” has been a signatory forwith the following  registrantscheniere corpus christi holdings llccheniere corpus christi pipeline lpcheniere energy inc  formerly bexy communications inc cheniere energy partners lpcorpus christi liquefaction llccorpus christi pipeline gp llccorrectional services corporation llc  formerly correctional services corp geo group inc  formerly wackenhut corrections corp goal structured solutions incgs depositor a spv llcgs depositor b spv llcgs master depositori spv llcgss data services inckaye group inc  formerly old lyme holding corp  copyright   fran finnegan  company  all rights reservedabout – privacy – redactions – help — fri  jul  gmt  bizapediacom  human validation companiespeopleproductsservicestrademarksaddressesphone book our system has detected a high number of page requests from your ip address please prove to us that you are a human to continue using our website please send me to the search subscription offer page after i successfully answer the word challenge bizapediapro searchperform unlimited searches via ouradvanced search form withbizapedia pro searchfind out more bizapediapro databuild custom data listsfor one or many stateswith bizapedia pro datafind out more  copyright   · bizapediacom · all rights reservedblogpro searchpro apicontact usterms of useprivacy policysitemapdesktop version bizapediacom  human validation companiespeopleproductsservicestrademarksaddressesphone book our system has detected a high number of page requests from your ip address please prove to us that you are a human to continue using our website please send me to the search subscription offer page after i successfully answer the word challenge bizapediapro searchperform unlimited searches via ouradvanced search form withbizapedia pro searchfind out more bizapediapro databuild custom data listsfor one or many stateswith bizapedia pro datafind out more  copyright   · bizapediacom · all rights reservedblogpro searchpro apicontact usterms of useprivacy policysitemapdesktop version secgems gs depositor b spv llc data feeds now available excel  csv  java  python etc database learn more gs depositor b spv llc info ownership filings   west broadway th floor san diego  ca   usa  filing datecurrent and former nameschanged on date gs depositor b spv llc central index key cik  state of incorporation de country of incorporation usa fiscal year end  irs   std industrial class  assetbacked securities all related personscompanies filings goal structured solutions trust b   db microsoft personalized ad preferences to opt out of personalized ads in this browser your browser history must allow firstparty and thirdparty cookies and you must have your browsing experience set to not delete browsing history on exit instructions for enabling cookies and configuring your browsing history may be available in your browsers settings privacy or help documentation sign in hold on… we’re sorry but this didn’t work you can’t turn off personalized ads right now because your browser is currently blocking thirdparty cookies we can help you fix this issue let’s get started depending on what browser you use open options or settings make sure that thirdparty cookies are not blocked anymore to find out how search your browser’s help revisit httpchoicemicrosoftcomoptout and then on the “personalized ads in this browser” tile click off ext about our ads to create a more customized online experience some of the ads you may receive on microsoft websites and apps are tailored to your previous activities searches and site visits youre in control and heres where you can make the advertising choice thats right for you ext where can i learn more about advertising on microsoft websites and apps microsoft partners with oath appnexus and other third party service providers to help present customized content and display advertisements on msn outlookcom and other websites and apps microsoft also delivers search ads to bing and our search syndication partners learn more about microsoft’s privacy practices here you can learn more about interestbased ads from oath and appnexus in their privacy statements oath and appnexus what choices do i have about interestbased advertising on this page you can opt out of receiving interest based advertising from microsoft you can also opt out of receiving interestbased advertising from all selfregulatory members including microsoft oath appnexus and other third party ad networks at the following sites in the us digital advertising alliance daa in europe european interactive digital advertising alliance edaa in canada ad choices digital advertising alliance of canada daac you can control interestbased advertising in windows apps by turning off the advertising id in windows settings more choices do you want personalized ads from other companies questions if you have a privacy question or a question for the chief privacy officer of microsoft please contact us by using our web form we will respond to questions within  days ext personalized ads in this browser off optout is currently unavailable please try again later control the personalized ads setting for this web browser learn more if you want microsoft to show ads that might be relevant to you click on to show “generic” ads click off ext personalized ads wherever i use my microsoft account off sign in to change optout is currently unavailable please try again later control the personalized ads setting that applies when you are signed in on any computer or device with your microsoft account including windows windows phone xbox and other devices learn more if you want microsoft to show ads that might be relevant to you click on to show “generic” ads click off if you choose “generic” ads and use a browser your choice applies to everyone when using that browser as long as you do not clear your cookies ext personalized ads in windows in your windows settings you can turn off personalized ads that appear in apps on this device you’ll still see ads but they won’t be personalized anymore if you have windows  access the charms by touching or moving your pointer to the right edge of the screen click or tap settings and then click or tap change pc settings click or tap privacy and then turn off let apps use my advertising id for experiences across apps if you have windows  click or tap the start button click or tap settings click or tap privacy and then turn off let apps use my advertising id for experiences across apps if you have a windows mobile device go to settings tap on privacy tap on advertising id and then turn off let apps use my advertising id for experiences across apps if you want to turn off personalized ads from microsoft wherever you use your microsoft account including apps on windows windows phone xbox and other devices you can do so by selecting the microsoft account option above ext legal privacy  cookies   microsoft secgems form absg gs depositor b spv llc  data feeds now available excel  csv  java  python etc database learn more gs depositor b spv llc absg    assetbacked securitizer report  section  filing date dec   period ending dec   date of filing date change dec   accession number  type absg public document count  depositor cik  abs rule rulega registered entity n abs asset class student loans securitizer cik  issuing entity cik  issuing entity name goal structured solutions trust b items descs  financial completion of acquisition or disposition of assets key documents and exhibits link type id filename assetbacked securitizer report absg  eabsghtm independent accountantsapos report ex  eexhtm graphic graphic  imagejpg type filing company sic rel irs  state of inc fy end mailing address former filing vals filer gs depositor b spv llc cik   west broadway th floor san diego  ca     usa  assetbacked securities  usa  de    west broadway th floor san diego  ca     usa form typeabsg actdf file number film number stuccu best deals on  up to  off toys ﻿ all toys categories electronics for kids lego star wars board games  puzzles stuffed animals  plush toys dolls  accessories learning  education the tech generation cuddly and soft play and learn electronics ﻿ all electronics categories tv  video home audio  theater camera photo  video cell phones  accessories headphones video games bluetooth  wireless speakers car electronics electronics accessories wearable technology laptops  tablets desktops  monitors computer accessories  peripherals computer parts  components printers  ink capture the moment sit back and relax get tech savvy books ﻿ all books categories literature  fiction scifi  fantasy mystery  suspense biographies  memoirs arts  photography childrens books food and drink history romance teens  young travel  holiday guides graphic novels anime  manga dictionaries  languages audio books ebook readers be that bookworm enter a new world best sellers musical instruments ﻿ all musical instruments categories guitars keyboards drums dj  karaoke recording live sound band  orchestra accessories groovy guitars mix it up drum away womens apparel ﻿ all womens apparel categories blouses tops  tees hoodies cardigans  sweatshirts jeans  leggings skirts  dresses bags activewear swimsuits  cover ups lingerie sleep  lounge coats jackets  vests accessories all important accessories create your style fashion is you mens apparel ﻿ all mens apparel categories tshirts  tops cardigans  sweatshirts jeans  pants dresswear bags  wallets activewear swimsuits sleepwear  underwear coats jackets  vests accessories dapper dudes throw it in the bag never shy of shoes childrens apparel ﻿ all childrens apparel categories tshirts  tops cardigans  sweatshirts jeans  pants dresswear sleepwear coats jackets  vests accessories sweet and stylish running wild warm and snug home ﻿ all home categories kitchen furniture  decor garden home improvement bedroom  bathroom lighting appliances dreams can come true turn down the lights furniture for the family sports ﻿ all sports categories clothing exercise equipment hunting  fishing team sports golf cycling water sports winter sports climbing accessories camping  hiking be a champion feel invincible adventure awaits health and beauty ﻿ all health and beauty categories for her for him fragrance make up nails everyday essentials hair removal find your scent keeping you healthy male grooming automotive ﻿ all automotive categories car care exterior accessories interior accessories light  lighting accessories performance parts  accessories replacement parts wheels  tires comfort at its best smooth driving car care baby products ﻿ all baby products categories nursery clothing gifts and toys strollers bath car seats travel looking after health safe and sound spoiled for choice suggestions find deals from over  stores including explore products articles everything you love in one place the best products from around the web read all about it ﻿ articles  easy ways to save money on back to school supplies back to school school supplies read more ﻿ products tablets for kids technology buy now ﻿ articles  college dorm products youll need to survive decorating college bedroom read more ﻿ products leaper school bags backpacks school buy now ﻿ articles  quirky products to bring summer to the office summer office supplies school supplies read more ﻿ products staedtler pen sets school supplies buy now ﻿ articles best smartphones to buy in  smartphone tech samsung read more ﻿ products rio havaianas olympics  rio buy now ﻿ articles finding the best bike for you bike fitness health read more ﻿ products dry erase removable wall calendar dorm room classroom buy now ﻿ articles what every traveler needs travel packing guide bags read more ﻿ products epson printers printer tech buy now ﻿ articles whatever floats your boat summer pool floats outdoors read more ﻿ products leakproof lunch boxes kitchen snacks buy now ﻿ articles beach day accessories you wont be able to resist beach day summer read more ﻿ products play doh sensory play preschool buy now ﻿ articles marathon running the basic gear guide running health and fitness marathon read more ﻿ products rio olympics plush toy mascots olympics toys mascot buy now ﻿ articles why im obsessed with smarthome tech smarttech energy efficiency read more ﻿ products spiral notebooks notebooks school buy now ﻿ articles the practical gift guide for babies baby presents newborn read more ﻿ products epson label makers label order buy now ﻿ articles ebook readers for the book worm on vacation kindle glowlight kobo aura read more ﻿ products playground ball sets playground games buy now stuccu best deals on  up to  off bringing you the best deals from the stores that you know and love what is stuccu stuccu is a website that works together with different sellers so you can buy products at low prices our vision is to make stuccu your first and only stop when it comes to online shopping and if we can make it fun for you all the better what can we do for you we will search the web and bring you the best offers from major online retailers  using stuccu will save you both money and time as you no longer need to search through dozens of websites instead everything is in one place stuccu  we will then direct you to the product pages on the sellers websites where you can finalize the purchase its as easy as  any questions if you have any questions make sure to visit our faq page you can also contact us through the contact us form on the same page if you love us and want to say hi be sure to follow us on these social networks  camden lock place london nw al uk stuccu best deals on  up to  off ﻿ trending deals going fast all trending deals ﻿ adidas new mens original crewneck graphic tee trefoil tshirt  free shipping  ﻿ premium real screen protector tempered glass film for iphone  s  plus free shipping  ﻿ ultra thin dirtproof silicone rubber full cover case skin for iphone  s  plus free shipping  ﻿ brand new apple ipad  gb latest model  wifi  g lte tablet free shipping  ﻿  left new samsung galaxy note  smnt gb smartphone for tmobile free shipping  ﻿ pcs magic sponge eraser cleaning melamine multifunctional foam cleaner free shipping  ﻿ garmin fenix  multisport training gps watch in gray with heart rate monitor free shipping  ﻿ emoji charm bracelet  k yellow gold plated beads   charms free shipping  ﻿ premium real screen protector tempered glass for iphone  s  plus free shipping  ﻿ for iphone all models luxury ultra thin hybrid slim hard case cover free shipping  ﻿ windows  professional pro  bits authentic product key license free shipping  ﻿ new oem apple earphones for iphone  s  se s wremote  mic happy costumers free shipping  ﻿ privacy antispy real tempered glass screen protector shield for  iphone  free shipping  ﻿  left cuisinart piece artiste collection cutlery knife block set stainless steel free shipping  ﻿ samsung galaxy s edge smga gb smartphone for att free shipping  ﻿ waterproof shockproof hybrid rubber tpu phone case cover for iphone  s  plus free shipping  ﻿ dyson sv v absolute cordless vacuum  fuchsia  refurbished free shipping  ﻿  left new comfortable neck massager roller shoulder back pain ball selfmassage tool free shipping  ﻿ oem genuine original apple ipad   ipad air w usb power adapter wall charger free shipping  ﻿ d curved full cover tempered glass screen protector for apple iphone    plus  ﻿ slim luxury silicone ultrathin back case cover for apple iphone s  plus free shipping  ﻿ m led usb waterproof micro endoscope borescope inspection video camera lot dp free shipping  ﻿ gopro hero session refurbished free shipping  ﻿ solar filter sheet silverblack polymer thousand oaks  x   or   free shipping  ﻿  left topps bunt archives  wave   card base set pujolsichiroarenadodavis free shipping  ﻿ ultra thin slim hard case cover for apple iphone  s   plus  tempered glass free shipping  ﻿ sandisk gb gb gb gb microsd sdxc class  u mbs flash memory sd card free shipping  ﻿ oem original apple lightning usb m ft charger cable for iphone s plus s  free shipping  ﻿ ebay branded shipping supply polymailer  polyjacket starter kit free shipping  ﻿ hdmi  cable ft ft ft ft ft ft ft ft high speed with ethernet free shipping  ﻿ summer women party playsuit rompers beach clubwear casual jumpsuit shorts new free shipping  ﻿ apple iphone s   gb gsm factory unlocked smartphone gold gray silver c free shipping  ﻿  left genuine original apple lightning to usb charger cable for iphone splussc free shipping  ﻿  pack  led adjustable headlamp with pivoting lighthead free shipping  ﻿ luxury ultrathin electroplate hard back case cover for samsung galaxy phones free shipping  ﻿ poly mailers shipping envelopes self sealing plastic mailing bags choose size free shipping  ﻿ xft lightning sync charging cable charger for apple iphone  s  plus s  c free shipping  ﻿ premium screen protector real tempered glass film for iphone se  s  plus free shipping  ﻿ solar eclipse glasses us  ce  iso  sleeved  whole sale pack options free shipping  ﻿ new microsoft office  home lifetime account subscription  users pcmac  free shipping  ﻿ new real premium tempered glass film screen protector for apple iphone  free shipping  ﻿ x oem lightning usb cable for apple iphone s plus  se s  charger data sync free shipping  ﻿ premium samsung galaxy s plus tempered glass full coverage screen protector free shipping  ﻿ lcd display touch screen digitizer assembly replacement for iphone  s  plus free shipping  ﻿ apple iphone s smartphone choose att tmobile sprint gsm unlocked or verizon free shipping  list of asset backed securities in dealview sign in request access previous                                                                                             next prime acquisition corp  abs prime capital funding trust  cdo prime finance partners     cmbs prime finance partners iii inc  abs prime finance partners iv inc  abs prime finance partners v inc  abs prime mortgage trust   absmbs prime mortgage trust   absmbs prime mortgage trust   absmbs prime mortgage trust   absmbs prime mortgage trust cl  absmbs prime mortgage trust cla  absmbs prime mortgage trust cl  absmbs prime mortgage trust   absmbs prime mortgage trust   absmbs prime mortgage trust   absmbs prime mortgage trust   absmbs bear stearns structured products inc prime mortgage trust mortgage passthrough certificates series   mbs structured asset mortgage investments inc prime mortgage trust series   mbs primoris spc  cdo primus managed prisms series  limited  abs princeton capital corp  bdc princeton capital corporation  clo princeton capital management inc  abs princeton credit opportunity fund  cdo missouri direct deposit program princeton rv princeton stable income fund  cdo princeton stable income fund ltd  cdo princetonrmr  other principal commercial funding llc  abs principal global investors pgi asia international emerging markets separate account  adr  fund principal guaranteed arm investors incorporated series   mbs principal guaranteed investors incorporated series   mbs principal life sa trust   absmbs principal life sa trust   absmbs priority asset clean energy note issuer  llc  abs prism advance receivables trust  rmbs prisma select fund spv limited offshore  cdo prisma select fund spv llc onshore  cdo ukraine mortgages privatbank  rmbs friary no  plc private  mbs private capital advisors inc  abs private capital management inc  abs private driver  gmbh  absmbs private driver  ug  absmbs private driver  ug  absmbs private driver  ug  absmbs private driver  ug  absmbs goldman sachs amp co private education loan trust   absmbs private ocean llc  abs international flavors and fragrances inc private placement notes series   abs private wealth partners llc  abs pro cap  llc escrow  absmbs pro trust series  certificates  absmbs probusiness bank collateralised financing  cdo pro rata funding ltd prof  clo prmf acquisition llc prof s holding trust i  absmbs prmf acquisition llc prof m grantor trust i  absmbs prmf acquisition llc prof m grantor trust ii  absmbs prmf acquisition llc prof m remic trust i  absmbs prmf acquisition llc prof m remic trust ii  absmbs prmf acquisition llc prof m remic trust iii  absmbs prmf acquisition llc prof m remic trust iv  absmbs prmf acquisition llc prof m remic trust v  absmbs prmf acquisition llc prof m remic trust vi  absmbs prmf acquisition llc prof s grantor trust  absmbs prmf acquisition llc prof s grantor trust i  absmbs prmf acquisition llc prof s grantor trust ii  absmbs prmf acquisition llc prof s grantor trust iii  absmbs prmf acquisition llc prof s remic trust  absmbs prmf acquisition llc prof s remic trust i  absmbs prmf acquisition llc prof s remic trust ii  absmbs prmf acquisition llc prof s remic trust iii  absmbs prmf acquisition llc prof s remic trust iv  absmbs prmf acquisition llc prof s remic trust v  absmbs prmf acquisition llc prof s remic trust vi  absmbs prmf acquisition llc prof s remic trust vii  absmbs prmf acquisition llc prof s grantor trust i  absmbs prmf acquisition llc prof s remic trust i  absmbs prmf acquisition llc prof s remic trust ii  absmbs prmf acquisition llc prof s remic trust iii  absmbs prmf acquisition llc profm grantor trust iii  absmbs prmf acquisition llc profm gt iv  absmbs prmf acquisition llc profm gt v  absmbs prmf acquisition llc profm legal title trust  absmbs prmf acquisition llc profm legal title trust ii  absmbs prmf acquisition llc profm legal title trust iii  absmbs prmf acquisition llc profm ltt iv  absmbs prmf acquisition llc profm remic trust i  absmbs prmf acquisition llc profm remic trust ii  absmbs prmf acquisition llc profm remic trust ix  absmbs prmf acquisition llc profm remic trust vii  absmbs prmf acquisition llc profm remic trust viii  absmbs prmf acquisition llc profm remic trust x  absmbs prmf acquisition llc profm remic trust xiii  absmbs prmf acquisition llc profm remic trust xiv  absmbs prmf acquisition llc profm remic trust xv  absmbs prmf acquisition llc profm remic trust xvi  absmbs prmf acquisition llc profm reo iv llc acct and cust agmt  absmbs prmf acquisition llc profm reo v llc  absmbs prmf acquisition llc profm reo vi llc account  custody agmt  absmbs prmf acquisition llc profm rt xi  absmbs prmf acquisition llc profm rt xii  absmbs prmf acquisition llc profs grantor trust iv  absmbs prmf acquisition llc profs grantor trust vi  absmbs prmf acquisition llc profs gt v  absmbs prmf acquisition llc profs legal title trust  absmbs prmf acquisition llc profs legal title trust ii  absmbs prmf acquisition llc profs legal title trust iii  absmbs prmf acquisition llc profs legal title trust iv  absmbs prmf acquisition llc profs remic trust ix  absmbs prmf acquisition llc profs remic trust viii  absmbs prmf acquisition llc profs remic trust x  absmbs prmf acquisition llc profs remic trust xi  absmbs prmf acquisition llc profs remic trust xiii  absmbs prmf acquisition llc profs remic trust xv  absmbs prmf acquisition llc profs remic trust xvi  absmbs prmf acquisition llc profs reo iv llc cust agmt  absmbs prmf acquisition llc profs reo v llc  absmbs prmf acquisition llc profs reo vi llc cust agmt  absmbs prmf acquisition llc profs rt xii  absmbs prmf acquisition llc profs rt xiv  absmbs prmf acquisition llc profs rt xvii  absmbs prmf acquisition llc profs grantor trust ii  absmbs prmf acquisition llc profs gt iii  absmbs prmf acquisition llc profs gt iv  absmbs prmf acquisition llc profs legal title trust  absmbs prmf acquisition llc profs legal title trust ii  absmbs prmf acquisition llc profs legal title trust iii  absmbs prmf acquisition llc profs ltt iv  absmbs prmf acquisition llc profs remic trust iv  absmbs prmf acquisition llc profs remic trust v  absmbs prmf acquisition llc profs remic trust vi  absmbs private driver  ug profs remic trust viii  absmbs prmf acquisition llc profs remic trust x  absmbs prmf acquisition llc profs remic trust xi  absmbs prmf acquisition llc profs reo v llc  absmbs prmf acquisition llc profs rt ix  absmbs prmf acquisition llc profs rt vii  absmbs prmf acquisition llc profs rt xii  absmbs providian gateway prog  abs partners grp private markets credit strategies sa program  ii usd  cdo florida pace funding agency program level  rmbs progreso receivables funding i llc series a  abs progreso receivables funding ii llc series a  abs progreso receivables vfn i llc  abs progress  trust  rmbs progress  trust  rmbs progress  trust  rmbs progress  trust  rmbs progress  trust  rmbs progress  trust  rmbs progress  trust  rmbs progress residential sfr  cmbs progress residential sfr  cmbs progress residential depositor llc  abs progress residential depositor llc   sfr  cmbs project amazona  cdo project endeavour  usd portfolio  cdo project fezzik a limited  tbc project fezzik limited  cdo project fortuna  pro project gaudi synthetic  dac  cdo project knight  eur portfolio  cdo aircraft lease securization ii limited project livingston  abs twilight project quartz  abs project viking  cdo promus i  cdo promus ii bv  cdo prop    limited  lease two harbors property investment llc property investment trust a  absmbs two harbors property investment llc property investment trust b  absmbs two harbors property investment llc property investment trust c  absmbs prophet loan trust  absmbs prophet loan trust series fm  absmbs prophet loan trust series fm  absmbs partners in prophet ltd prophet loan trust series roc  absmbs prophet loan trust series roc  absmbs partners in prophet ltd prophet loan trust series fm  absmbs partners in prophet ltd prophet loan trust series roc  absmbs proqr therapeutics nv  abs prospect capital  bdc prospect capital funding llc  cdo prospect funding i llc  cdo prospect park cdo limited  clo prosper depositor llc  abs prosper marketplace issuance trust series   abs prospero clo i bv  clo prospero clo ii bv  clo protective comml mtg fasit   cmbs protective finance remic series pl  cmbs providian prov  abs proventus european abs cdo plc  cdo providence debt fund iii nonus spv lp  cdo providence debt fund iii spv lp  cdo provident auto lease   abs provident auto lease   abs provident auto lease abs through   abs provident auto lease trust   abs lehman brothers provident bank home equity loan trust series a  abs provident bank home equity loan trust series   abs provident bank home equity loan trust series   abs provident cbo i limited  cdo provident equipment lease a  abs provident trust co  abs the chase manhattan bank providian first deposit master trust assetbacked certificates series   abs the chase manhattan bank providian master trust assetbacked certificates series   abs the chase manhattan bank providian master trust assetbacked certificates series   the chase manhattan bank providian master trust assetbacked certificates series   abs the chase manhattan bank providian master trust assetbacked certificates series   the chase manhattan bank providian master trust assetbacked certificates series   abs the chase manhattan bank providian master trust assetbacked certificates series   abs the chase manhattan bank providian master trust assetbacked certificates series   abs prp depositor  llc  abs prp depositor  llc  abs prp depositor llc  abs prpm  llc asset backed notes series   absmbs prpm  llc  absmbs prpm  llc  absmbs prudential securities pru sec   absmbs prudential securities pru sec   absmbs prudential securities pru sec   absmbs prudential quantitative management associates prudential international equity fund  adr  fund prudential commercial mortgage passthrough certificates series c  cmbs prudential commercial mortgage passthrough certificates series c  cmbs prudential commercial mortgage passthrough certificates series nrf  cmbs prudential commercial mortgage passthrough certificates series c  cmbs prudential covered trust   rmbs prudential investment management  clo prudential loan investments  sarl  abs prudential mortgage capital co  absmbs prudential mortgage capital funding llc  abs prudential plc  tbc prudential securities c  cmbs prudential securities cmo trust collateral mortgage obligations series   mbs prudential securities cmo trust collateralized mortgage obligations series   mbs prudential securities cmo trust series   mbs prudential securities secured financing corp  abs prudential securities secured financing corporation   pwr  cmbs prudential securities secured financing corporation passthrough securities series   prudential securities structured assets inc  abs prudential series c  cmbs pruksa real estate plcadr  adr ps funding inc ps  trust  absmbs pseg pseg  abs pseg pseg  abs prudential structured finance cbo ltd psfl  cdo psi pioneer ifmr capital   abs psion synthetic cdo i plc  cdo psnh psnh  abs pilatus step up  psu  cdo pilatus step up  psu  cdo pilatus step up  psu  cdo pilatus step up  psu  cdo pt aneka tambang tbk  adr  adr pt bank negara indonesia  adr pt garuda indonesia  other pt international nickel indonesia inco  adr  adr pt jasa marga  adr pt matahari department store tbkadr  adr pt mitra adiperkasa tbkadr  adr pt newcastle funding trust  cdo pt preferred term securities xvi pt  trups preferred term securities xviii pt  trups preferred term securities xix pt  trups preferred term securities xx pt  cdo preferred term securities xxi pt  trups preferred term securities xxii pt  trups preferred term securities xxiii pt  trups preferred term securities xxiv pt  trups preferred term securities xxv pt  trups preferred term securities iv ptiv  cdo preferred term securities ix ptix  trups ptrs euro lf  limited  clo ptrs eurolf  dac  clo ptrs eurolf  dac  tbc preferred term securities v ptsv  cdo preferred term securities x ptsx  trups ptt global chemical public co limitedadr  adr ptt public co limitedadr  adr preferred term securities vi ptvi  cdo preferred term securities xi ptxi  trups public employees retirement association of colorado  abs district of columbia sewer and water authority public utility revenue bonds series   cmes district of columbia sewer and water authority public utility sub lien revenue bonds series   cmes district of columbia sewer and water authority public utility sub lien revenue bonds series a  cmes district of columbia sewer and water authority public utility sub lien revenue bonds series a  cmes puget power conservation grantor trust  abs puls cdo  plc  cdo puls cdo  limited  clo puma clo i  cdo puma global trust no   rmbs puma masterfund h  rmbs puma masterfund p  rmbs puma masterfund p  rmbs puma masterfund p  rmbs puma masterfund p  rmbs puma masterfund s  rmbs puma series   rmbs puma series   rmbs puma series   rmbs puma global trust pumagt  abs puma global trust pumagt  abs pumori limited  cdo punch  associates investment management inc  abs purchasing power funding a llc asset backed fixed rate notes  absmbs purchasing power funding a llc asset backed fixed rate notes  absmbs purchasing power llc  abs missouri direct deposit program purdy rii pursuit resecuritization trust   cdo pushpay holdings limitedadr  adr putnam   cdo putnam cbo i limited  cdo putnam cbo ii limited  cdo putnam cdo   cdo putnam cdo   cdo missouri direct deposit program putnam co ri missouri direct deposit program puxico rviii pv nano cell ltd  abs preferred term securities vii pvii  cdo preferred term securities xii pxii  cdo premium yield facility a pyf a  absmbs pilatus yatsugatake ll pyii  cdo pylon ii capital limited  abs pilatus yatsugatake l pyti  cdo pyxis abs cdo  ltd  cdo pyxis abs cdo  ltd  cdo pyxis tankers inc  abs qbe insurance group ltd  abs qcp gp investors ii llc  abs qiagen nv  abs qihoo  technology co ltd  abs qiwi  tbc qmohb ii trust series   abs quadrum limited quadram bv  other quadrangle gp investors llc  abs quadrant capital group llc  abs quadrant capital management llc  abs quality leasing  absmbs ql titling trust ltd quality leasing a subi  absmbs quality leasing dz bank facility  absmbs quantbot technologies lp  abs quantitative advantage llc  tbc quantitative investment management llc  abs quantitative systematic strategies llc  abs quantum fund backed trust  cdo quarry head  grantor trust  tbc quartz finance plc     cdo quartz no sa  rmbs quarzo   abs quarzo  srl  abs quarzo cqs srl  absmbs quarzo iii  abs quarzo lease   abs quarzo srl    abs quarzo srl  series   abs quarzo srl  series   abs quarzo srl  series   abs quarzo srl  series   abs quarzo srl  series   abs quaterra resources inc  abs qube holdings limitedadr  adr quebecor media inc  tbc queen street clo i bv  clo queen street clo ii bv  clo ameriquest mortgage securities inc quest x  rmbs ameriquest mortgage securities inc quest x  rmbs ameriquest mortgage securities inc quest x  rmbs ameriquest mortgage securities inc quest x  rmbs ameriquest mortgage securities inc quest x  rmbs ameriquest mortgage securities inc quest x  rmbs ameriquest mortgage securities inc quest x  rmbs ameriquest mortgage securities inc quest x  rmbs ameriquest mortgage securities inc quest x  rmbs ameriquest mortgage securities inc quest x  rmbs ameriquest mortgage securities inc quest x  rmbs ameriquest mortgage securities inc quest x  rmbs questech funding llc variable funding notes series   abs questech securitization i llc  abs questech securitization ii llc  abs questech securitization iii llc  abs questech securitization iv llc  abs quicksilver credit plus cbo cayman limited  cdo quokka finance plc  rmbs qvs funding i plc  cdo qwick media inc  tbc rc henderson lottery llc ar subi  subi  absmbs rc henderson lottery trust subi  subi  absmbs rc henderson lottery trust subi  subi  absmbs rc henderson lottery trust subi  subi  absmbs rc henderson lottery trust subi  subi  absmbs rc henderson lottery trust subi  subi  absmbs rc henderson lottery trust subi  subi  absmbs rc henderson lottery trust subi  subi  absmbs rc henderson lottery trust subi  subi  absmbs rc henderson lottery trust subi  subi  absmbs rc henderson lottery trust subi  subi  absmbs rc henderson lottery trust subi  subi  absmbs rc henderson lottery trust subi  subi  absmbs rc henderson lottery trust subi  subi  absmbs rc henderson lottery trust subi  subi  absmbs rc henderson lottery trust subi  subi  absmbs rc henderson lottery trust subi  subi  absmbs rc henderson lottery trust subi  subi  absmbs rc henderson lottery trust subi  subi  absmbs r c henderson rc henderson lottery trust subi   absmbs r c henderson rc henderson trust  jgw v subi  absmbs r c henderson rc henderson trust  psf srf subi  absmbs r c henderson rc henderson trust  sf srf subi  absmbs r c henderson rc henderson trust  jgw v subi  absmbs r c henderson rc henderson trust  jgw vii srf subi  absmbs r c henderson rc henderson trust  jgwiv subi  absmbs r c henderson rc henderson trust  lottery subi  absmbs r c henderson rc henderson trust  psf srf subi  absmbs r c henderson rc henderson trust  sf srf subi  absmbs rc henderson trust habitus  jgw v peachtree subi  absmbs rc henderson trust habitus  jgw v subi  absmbs re repack trust   cdo rvb holdings ltd  abs ra hero depositor llc  abs raac  rx  abs residential asset mortgage products ramp raac series rp  absmbs residential asset mortgage products ramp raac series rp  absmbs residential asset mortgage products ramp raac series rp  absmbs residential asset mortgage products ramp raac series rp  absmbs residential asset mortgage products ramp raac series sp  absmbs residential asset mortgage products ramp raac series sp  absmbs residential asset mortgage products ramp raac series sp  absmbs rabs     cdo rabs   cdo race point clo limited  cdo race point ii clo limited  clo race point iii clo  clo race point iv clo ltd  clo race point ix clo ltd  clo race point v clo limited  clo race point vi clo limited  clo race point vii clo ltd  clo race point vii investor ltd income notes only  cdo race point viii clo limited  clo race point x clo secured note  clo race point x clo limited  cdo restructured asset certs enh rtrn racers racers p  absmbs restructured asset certs enh rtrn racers racers ep  absmbs restructured asset certs enh rtrn racers racers ep  absmbs restructured asset certs enh rtrn racers racers a  absmbs restructured asset certs enh rtrn racers racers e  absmbs restructured asset certs enh rtrn racers racers e  absmbs restructured asset certs enh rtrn racers racers p  absmbs restructured asset certs enh rtrn racers racers e  absmbs restructured asset certs enh rtrn racers racers p  absmbs restructured asset certs enh rtrn racers racers   absmbs restructured asset certs enh rtrn racers racers e  absmbs restructured asset certs enh rtrn racers racers e  absmbs restructured asset certs enh rtrn racers racers a  absmbs restructured asset certs enh rtrn racers racers e  absmbs restructured asset certs enh rtrn racers racers c  absmbs restructured asset certs enh rtrn racers racers c  absmbs restructured asset certs enh rtrn racers racers p  absmbs restructured asset certs enh rtrn racers racers e  absmbs restructured asset certs enh rtrn racers racers c  absmbs restructured asset certs enh rtrn racers racers e  absmbs restructured asset certs enh rtrn racers racers c  absmbs restructured asset certs enh rtrn racers racers e  absmbs restructured asset certs enh rtrn racers racers p  absmbs restructured asset certs enh rtrn racers racers e  absmbs restructured asset certs enh rtrn racers racers p  absmbs restructured asset certs enh rtrn racers racers tr  absmbs restructured asset certs enh rtrn racers racers tr  absmbs restructured asset certs enh rtrn racers racers p  absmbs restructured asset certs enh rtrn racers racers ppt  absmbs restructured asset certs enh rtrn racers racers a  absmbs restructured asset certs enh rtrn racers racers p  absmbs restructured asset certs enh rtrn racers racers e  absmbs restructured asset certs enh rtrn racers racers e  absmbs restructured asset certs enh rtrn racers racers p  absmbs restructured asset certs enh rtrn racers racers e  absmbs restructured asset certs enh rtrn racers racers a  absmbs restructured asset certs enh rtrn racers racers tr  absmbs restructured asset certs enh rtrn racers racers e  absmbs restructured asset certs enh rtrn racers racers c  absmbs restructured asset certs enh rtrn racers racers e  absmbs restructured asset certs enh rtrn racers racers c  absmbs restructured asset certs enh rtrn racers racers at  absmbs restructured asset certs enh rtrn racers racers e  absmbs restructured asset certs enh rtrn racers racers e  absmbs restructured asset certs enh rtrn racers racers e  absmbs restructured asset certs enh rtrn racers racers e  absmbs restructured asset certs enh rtrn racers racers t  absmbs restructured asset certs enh rtrn racers racers p  absmbs restructured asset certs enh rtrn racers racers p  absmbs restructured asset certs enh rtrn racers racers e  absmbs restructured asset certs enh rtrn racers racers e  absmbs restructured asset certs enh rtrn racers racers e  absmbs restructured asset certs enh rtrn racers racers ppt  absmbs restructured asset certs enh rtrn racers racers c  absmbs restructured asset certs enh rtrn racers racers tr  absmbs restructured asset certs enh rtrn racers racers tr  absmbs restructured asset certs enh rtrn racers racers mm  absmbs previous                                                                                             next list of asset backed securities in dealview sign in request access previous                                                                                             next golub capital loan trust series     abs golub capital management clo  limited  clo golub capital management llc  abs golub capital master funding llc  cdo golub capital partners clo  ltd  clo golub capital partners clo  ltd  cdo golub capital partners clo  ltd  cdo golub capital partners clo  ltd  cdo golub capital partners clo m ltd golub capital partners clo m ltd golub capital partners clo b ltd  clo golub capital partners clo b ltd golub capital partners clo b ltd  wh  clo golub capital partners clo m ltd golub capital partners clo m ltd golub capital partners clo m ltd  clo golub capital partners clo m ltd  cdo golub capital partners clo m ltd  clo golub capital partners clo m ltd  cdo golub capital partners clo  m ltd  cdo golub capital partners funding   cdo golub capital senior loan opportunity fund ltd  cdo golub international loan ltd   cdo golub international loan ltd i  cdo gonzalo trust   mbs goodgreen  llc variable funding notes series   absmbs goodgreen  trust  absmbs goodgreen a trust term notes series a  absmbs goodgreen  trust  absmbs goodwin daniel l  abs goodwood gold limited  cdo googax  tcr google  tcr gordon brothers finance company llc  cdo gorey to enniscorthy m ppp limited  pro gdbt i trust  gorey to enniscorthy m ppp limited  rmbs goss wealth management llc  abs government loan securitization trust fv mortgagebacked certificates amended and restated  absmbs government loantrustsisrael  absmbs governor  co of the bank of irelandadr  adr gazprombank mortgage backed securities gpb  rmbs gazprombank mortgage backed securities gpb  rmbs greenpoint home equity gphe  rmbs greenpoint home equity gphe  rmbs greenpoint mortgage funding gpmf gpmf ar  absmbs greenpoint mortgage funding gpmf gpmf ar  absmbs greenpoint mortgage funding gpmf gpmf ar  absmbs greenpoint mortgage funding gpmf gpmf ar  absmbs greenpoint mortgage funding gpmf gpmf ar  absmbs greenpoint mortgage funding gpmf gpmf he  absmbs greenpoint mortgage funding gpmf gpmf ar  absmbs greenpoint mortgage funding gpmf gpmf ar  absmbs greenpoint mortgage funding gpmf gpmf ar  absmbs syncora guarantee inc gpmft he class ax del tr   mbs towd point mortgage funding granite  plc gr  mbs garrison residential acquistions llc gra grantor trust   absmbs garrison residential acquistions llc gra grantor trust   absmbs garrison residential acquistions llc gra grantor trust ii   absmbs garrison residential acquistions llc gra legal title trust   absmbs garrison residential acquistions llc gra legal title trust ii   absmbs garrison residential acquistions llc gra trust   absmbs garrison residential acquistions llc gra trust ii   absmbs grace  white inc ny  abs gracechurch card funding no   abs gracechurch card funding no   abs gracechurch card funding no   abs gracechurch card funding no   abs gracechurch card funding no   abs gracechurch card funding no   abs gracechurch card funding no   abs gracechurch card funding no   abs gracechurch card funding no   abs gracechurch card funding no   abs gracechurch corporate loans   abs gracechurch life finance ltd  abs graces   cdo graces   cdo graces   cmbs graces   cdo graces   cdo graces   cdo graces   cdo graces   cdo grafton clo  dac  absmbs grafton group plc  adr grain spectrum funding ii series  wireless spectrum backed notes   absmbs missouri direct deposit program grain valley rv graincorp limitedadr  adr eupraxia ifmr capital  grama vidiyal  abs gvmfl satdev microfinance loan pool mar grama vidiyal  abs clioo ifmr capital  grama vidiyal  abs cronus ifmr capital  grama vidiyal  abs mousika ifmr capital  grama vidiyal microfinance  abs clio ifmr capital  grama vidiyal microfinance  abs dionysus ifmr capital  grama vidiyal microfinance  abs elpis ifmr capital  grama vidiyal microfinance  abs hemera ifmr capital  grama vidiyal microfinance ltd  abs cronus ifmr capital  grama vidiyal microfinance ltd  abs helios ifmr capital  grama vidiyal receivables  th deal  abs ponoos ifmr capital  grameen financial  abs sigma  ipioneer fmr capital  grameen financial services private limited  abs ponos ifmr capital  grameen financial services pvt ltd  abs gaia ifmr capital  grameen financials  abs gramercy real estate cdo  ltd  cdo gramercy real estate cdo  ltd  cdo gramercy real estate cdo  ltd  cdo grana  montero saa  abs grand avenue cdo i limited  cdo grand avenue cdo ii limited  cdo bmb participation program grand avenue courtyard  cmbs grand baoxin auto group limitedadr  abs grand central  cdo grand harbour i grand new start iii llc  absmbs grand new start iii llc  absmbs grand pacific business loan trust     cmbs grand renewable solar lp  note due january    tbc grand river  cdo grandbridge real estate capital llp  absmbs missouri direct deposit program grandview c missouri direct deposit program grandview rii granite community recovery fund iv trust  absmbs granite community recovery fund trust  absmbs granite investment advisors inc  abs granite investment partners llc  abs granite ventures i ltd   clo granite ventures ii ltd   clo granite ventures iii ltd   clo grant grove clo ltd  clo selkirk no  trust grantor trustvalic  cmbs gratry  co llc  abs gratry  company gratry international growth equity  adr grattan securities dac  cdo gravity co ltd  adr graycliff cdo limited gray  cdo grayston clo ii series  limited  clo grct consumer loan trust series   abs great ajax operating partnership lp  abs great america funding ii leased backed notes  abs great america leasing receivables series   abs great america leasing receivables series  llc  abs great america leasing receivables series  llc  abs great america leasing receivables series  llc  abs great eastern holdings limitedadr  adr great hall mortgages no  plc  rmbs great lakes capital fund  absmbs great lakes clo  ltd  cdo great lakes clo  ltd  cdo great lakes clo  ltd  clo great point cbo series  limited  cdo great wall motor co limitedadr  adr great west life assurance co can  abs greatamerica financial services corp  abs greatamerica leasing receivables funding llc     abs greatamerica leasing receivables funding llc     abs greatamerica leasing receivables funding llc     abs greatamerica leasing receivables funding llc     abs greatamerica leasing receivables funding llc     abs greatamerica leasing receivables funding llc    greatamerica leasing receivables funding llc     abs greatamerica leasing receivables funding llc     abs greatamerica leasing receivables funding llc     abs greatmark investment partners inc  abs grecale abs srl  abs grecale rmbs  srl  rmbs green capital i limited  cmbs green capital ii limited  cmbs missouri direct deposit program green city ri green creek llc  clo green lane clo limited  cdo green park cdo bv  clo missouri direct deposit program green ridge rviii green street investors llc  mbs green tree  advance    adv green tree advance receivables iii llc  abs green treenic rmbsusb account agmt mid st cc   absmbs missouri direct deposit program greenfield riv greenfield seitz capital mgmt llc greenfield seitz international lgcap  adr  fund greenland cdo ltd  cdo greenleaf income trust i series  certificate  absmbs greenleaf income trust ii  absmbs greenleaf trust  abs greenpoint   absmbs greenpoint   absmbs greenpoint   absmbs greenpoint   absmbs greenpoint  he  absmbs greenpoint  he  absmbs greenpoint  he  absmbs greenpoint  he  absmbs greenpoint  he  absmbs greenpoint  he  absmbs greenpoint  he  absmbs greenpoint credit llc  abs greenpoint credit manufactured housing contract trust passthrough certificates series   rmbs greenpoint credit manufactured housing contract trust passthrough certificates series   rmbs greenpoint credit manufactured housing contract trust passthrough certificates series   rmbs greenpoint credit manufactured housing contract trust passthrough certificates series   rmbs greenpoint credit manufactured housing contract trust passthrough certificates series   rmbs greenpoint credit manufactured housing contract trust passthrough certificates series   rmbs greenpoint credit manufactured housing contract trust passthrough certificates series   rmbs greenpoint credit manufactured housing contract trust passthrough certificates series   rmbs greenpoint credit manufactured housing contract trust passthrough certificates series   rmbs greenpoint credit manufactured housing contract trust passthrough certificates series   rmbs greenpoint credit manufactured housing contract trust passthrough certificates series   rmbs greenpoint credit manufactured housing contract trust passthrough certificates series   rmbs greenpoint home equity loan trust series   rmbs greenpoint home equity loan trust series   rmbs greenpoint home equity loan trust series   rmbs greenpoint home equity loan trust series   rmbs greenpoint home equity loan trust series   abs greenpoint mortgage funding trust gmf   oh  mbs greenwich capital acceptance inc greenpoint mortgage loan trust series   mbs greenpoint mortgage securities inc series   abs greenpoint mortgage securities llc  abs greenpoint mortgage trust he  absmbs greens creek funding limited  clo greentree     abs greentree   mh  abs greentree fin mfg hsg contracts   abs greentree fin mfg hsg srsub ser   abs missouri direct deposit program greenville rii greenway infrastructure capital plc  securitisation greenwich capital acceptance inc  abs greenwich capital acceptance inc series afc  abs greenwich capital mtge trust rr  cdo greenwich capital mtge trust rr  cdo greenwich capital series c  cmbs greenwich capital series c  cmbs greenwich capital series c  cmbs greenwich capital series fl  cmbs greenwich capital series gg  cmbs greenwich capital series fl  cmbs greenwich capital series gg  cmbs greenwich capital series gg  cmbs greenwich capital series fl  cmbs greenwich capital series gg  cmbs greenwich capital series gg  cmbs greenwich capital series gg  cmbs greenwich structured arm products gsap   c  mbs financial asset securities corporation greenwich structured arm products ci series   mbs consumer portfolio services greenwich warehouse  abs greggs plc  adr  adr grenadier funding limited  cdo gresham capital clo i bv  clo gresham capital clo ii bv  clo gresham capital clo iii bv  clo gresham capital clo iv  cdo gresham street cdo funding series  limited  cdo greylock synthetic cdo  cdo greylock xii gp llc  abs greylock xiii gp llc  abs greyrock cdo ltd  clo greystone fl  clo greystone fl grantor trust series a  cdo greystone fl grantor trust series b  clo greystone bridge holdings inc  abs greystone cdo series   cdo greystone commercial real estate notes fl ltd  clo greystone investment management llc  abs greystone servicing corporation inc  absmbs greywolf clo v ltd  clo greywolf clo ii ltd  clo greywolf clo iii ltd  clo greywolf clo iv ltd  clo greywolf clo iv ltd  clo greywolf clo v  clo gridsum holding inc  adr griffinbenefit street partners bdc corp  bdc grifith park  a ltd audit griffith park  a ltd audit  other griffin park a limited griffith park a limited  cdo griffon funding limited  cdo grifols sa  abs grifonas finance no  plc  rmbs grimes  company inc  abs grippen park clo  clo grmt ii mortgage passthrough certificates series   mbs grmt mortgage passthrough certificates series   mbs grosvenor place clo  bv  clo grosvenor place clo  bv  clo grosvenor place clo i bv  clo grosvenor place clo ii bv  clo grosvenor place clo iii bv  clo student loan abs repack trust  group   abs citigroup mortgage loan trust inc  group   rmbs student loan abs repack trust  group   abs student loan abs repack trust  group   abs student loan abs repack trust  group   abs student loan abs repack trust  group   abs student loan abs repack trust  group   abs student loan abs repack trust  group   abs group simec sa de cv  abs groupe bruxelles lambert  adr groupe eurotunnel sa  adr spacez project growthpoint properties test  real estate garanti diversified payment rights finance co grti all series  abs missouri direct deposit program grundy co rv  cmes grupa kety sa  adr  adr grupo aval acciones y valores sa  abs ajeper sa grupo embotellador atic sa ajeper sa  abs grupo financiero galicia sa  abs grupo supervielle sa  abs grupo supervielle saadr  adr grupo televisa sab  abs grupo tmm sab  abs grx llc  clo gryphon  ltd  clo gs auto loan trust series     abs gs auto loan trust series   abs gs auto loan trust series   abs gs auto loan trust series   abs gs auto loan trust series   abs gs mortage securities corporation ii gsms gc  cmbs freddie mac gs mortg sec corp ii multi am mort pass through certs fremf k  cmbs gs mortgage participation securities series   mbs gs mortgage participation securities series   mbs gs mortgage participation securities series   mbs gs mortgage participation securities series   mbs gs mortgage participation securities series   mbs gs mortgage securities  gg  cmbs gs mortgage securities  gg  cmbs gs mortgage securities rr  cdo gs mortgage securities rrcs  cmbs gs mortgage securities gs  cmbs gs mortgage securities l  cmbs gs mortgage securities gptx  cmbs gs mortgage securities gs  cmbs gs mortgage securities gs  cmbs gs mortgage securities corp  abs gs mortgage securities corp ii  abs goldman sachs co gs mortgage securities corp pooled security structured certificates series   rmbs goldman sachs co gs mortgage securities corppassthrough r  repak gs mortgage securities corporation ii   gg  cmbs gs mortgage securities corporation ii   gkk  cmbs gs mortgage securities corporation ii   calw  cmbs goldman sachs  co gs mortgage securities series gg  cmbs gs mortgage securities trust gs  abs gs mortgage securities trust gs  cmbs gs mortgage securities trust gs  abs gs mortgage securities trust gs  abs goldman sachs  co gs secured bonds transaction account¿series   other gs depositor a spv llc  abs gs depositor b spv llc  abs gs master depositori spv llc  abs gs mortgage securities corporation gsaa home equity trust series   mbs gs mortgage securities corporation gsaa home equity trust series n  abs gs mortgage securities corporation gsaa home equity trust series cw  mbs gs mortgage securities corporation gsaa home equity trust series   mbs gs mortgage securities corporation gsaa home equity trust series   mbs gs mortgage securities corporation gsaa home equity trust series   mbs gs mortgage securities corporation gsaa home equity trust series   mbs gs mortgage securities corporation gsaa home equity trust series   mbs gs mortgage securities corporation gsaa home equity trust series   mbs gs mortgage securities corporation gsaa home equity trust series   mbs gs mortgage securities corporation gsaa home equity trust series   mbs gs mortgage securities corporation gsaa home equity trust series nim  mbs gs mortgage securities corporation gsaa home equity trust series nim  mbs gs mortgage securities corporation gsaa home equity trust series nim  mbs gs mortgage securities corporation gsaa home equity trust series nim  mbs gs mortgage securities corporation gsaa home equity trust series nim  mbs gs mortgage securities corporation gsaa home equity trust series nim  mbs gs mortgage securities corporation gsaa home equity trust series nim  mbs gsamp he  absmbs gsamp he  absmbs gsamp nc  absmbs gs mortgage securities corporation gsamp mortgage passthrough certificates trust series sea  mbs gs mortgage securities corporation gsamp mortgage passthrough certificates trust series sea  mbs gs mortgage securities corporation gsamp mortgage passthrough certificates trust series sd  mbs gs mortgage securities corporation gsamp mortgage passthrough certificates trust series sea  mbs gs mortgage securities corporation gsamp mortgage passthrough certificates trust series sea  mbs gs mortgage securities corporation gsamp mortgage passthrough certificates trust series sean  mbs gs mortgage securities corporation gsamp mortgage passthrough certificates trust series sea  mbs gs mortgage securities corporation gsamp mortgage passthrough certificates trust series sea  mbs gs mortgage securities corporation gsamp mortgage passthrough certificates trust series sea  mbs gsb grantor trust   absmbs gsc abs cdo  ltd  cdo gsc abs cdo c ltd  cdo gtp cellular sites llc gsc abs cdo c ltd  abs gsc abs cdo m ltd  cdo gsc abs cdo g ltd  cdo gsc abs cdo u ltd  cdo gsc capital corp loan funding   clo gsc cdo r ltd  cdo gsc european cdo ii sa  clo gsc european cdo ir sa  clo gsc european cdo v plc  clo gsc european cdo i  cdo gsc group cdo fund viii  clo gsc investment corp clo  ltd  cdo gsc partners cdo fund ii  clo gsc partners cdo fund v  clo gsc partners cdo fund vi ltd  clo gsc partners cdo fund vii  clo gsc partners gemini fund corp  cdo countrywide abs gscc   rmbs countrywide alt loan trust gscc   rmbs gsc partners cdo fund iv gscp cdo iv gsc  clo gsed trust i  absmbs gs mortgage securities corporation ii gsfl vi  cmbs gsg finance trust  cdo goldman sachs mortgage co gsmc gsmc lib  cmbs gs mortgage securities corp gsmc gptx  absmbs goldman sachs gsmc ross  tbc goldman sachs  co gsmc ii series gl  cmbs gsmp  institutional holdings us ltd  cdo gsmp  offshore holdings us ltd  cdo semper finance  ltd gsmp  onshore holdings us ltd  cdo gs mortgage securities corporation gsmps mortgage loan trust series   mbs gs mortgage securities corporation gsmps mortgage loan trust series   mbs gs mortgage securities corporation gsmps mortgage loan trust series   mbs gs mortgage securities corporation gsmps mortgage loan trust series   mbs gs mortgage securities corporation gsmps mortgage loan trust series   mbs gs mortgage securities corporation gsmps mortgage loan trust series   mbs gs mortgage securities corporation gsmps mortgage loan trust series   mbs gs mortgage securities corporation gsmps mortgage loan trust series lt  mbs gs mortgage securities corporation gsmps mortgage loan trust series rp  mbs gs mortgage securities corporation gsmps mortgage loan trust series rp  mbs gs mortgage securities corporation gsmps mortgage loan trust series rp  mbs gs mortgage securities corporation gsmps mortgage passthrough certificates trust series r  repak gs mortgage securities corp ii gsms gc  cmbs gs mortgage securities corp ii gsms gc  cmbs goldman sachs mortgage securities corporation ii gsms aloha  cmbs gs mortage securities corporation ii gsms gcj  cmbs goldman sachs mortgage securities corporation ii gsms shop  cmbs goldman sachs mortgage securities corporation ii gsms g  cmbs gs mortage securities corporation ii gsms gc  cmbs gs mortage securities corporation ii gsms gcj  cmbs gs mortage securities corporation ii gsms gsfl  cmbs gsms frr  absmbs gs mortage securities corporation ii gsms gc  cmbs goldman sachs mortgage co gsmc gsmsc r  absmbs goldman sachs mortgage co gsmc gsmsc r  absmbs gsmsc k  cmbs goldman sachs mortgage securities corporation ii gsmsc gc  cmbs gsmsc r  absmbs goldman sachs gsmsc l  absmbs gsmsc ii series c  cmbs gs mortgage securities corporation gsmsc passthrough certificates series ry  rmbs gs mortgage securities corp gsmsc resecuritization trust r resecuritization trust securities  absmbs gs mortgage securities corp gsmsc resecuritization trust r resecuritization trust securities  absmbs gs mortgage securities corp gsmsc resecuritization trust r resecuritization trust securities  absmbs gsmsc resecuritization trust   r gsmsc resecuritization trust securities series r  absmbs gsmsc resecuritization trust securities series r  absmbs gs mortgage securities corp gsmsc resecuritization trust securities series r  absmbs gs mortgage securities corp gsmsc resecuritization trust securities series r  absmbs gso  birchwood park clo ltd  clo gso  cole park clo limited gso  gale force  clo ltd  clo gso  gale force  clo ltd  clo gso  tribeca park clo ltd  clo gso blackstone  cdo gso central park clo ltd  clo gso cof ii esdf luxembourg sarl  cdo gso cof iii esdf luxembourg sarl  cdo gso domestic capital funding llc  cdo gso european senior debt fund luxembourg sarl  cdo gso jupiter loan trust  cdo gso loan trust   cdo gso loan trust   cdo gso offshore multicurrency facility  cdo gs mortgage securities corporation gsp i corporation  abs gsquare finance  limited  cdo gsquare finance  limited  cdo gs mortgage securities corporation gsr mortgage loan trust series   rmbs gs mortgage securities corporation gsr mortgage loan trust series   mbs gs mortgage securities corporation gsr mortgage loan trust series   mbs gs mortgage securities corporation gsr mortgage loan trust series f  mbs gs mortgage securities corporation gsr mortgage loan trust series   mbs gs mortgage securities corporation gsr mortgage loan trust series f  mbs gs mortgage securities corporation gsr mortgage loan trust series   mbs gs mortgage securities corporation gsr mortgage loan trust series   mbs gs mortgage securities corporation gsr mortgage loan trust series f  mbs gs mortgage securities corporation gsr mortgage loan trust series   mbs gs mortgage securities corporation gsr mortgage loan trust series f  mbs gs mortgage securities corporation gsr mortgage loan trust series   mbs gs mortgage securities corporation gsr mortgage loan trust series   mbs gs mortgage securities corporation gsr mortgage loan trust series   mbs gs mortgage securities corporation gsr mortgage loan trust series   mbs gs mortgage securities corporation gsr mortgage loan trust series f  mbs gs mortgage securities corporation gsr mortgage loan trust series f  mbs gs mortgage securities corporation gsr mortgage loan trust series f  mbs gs mortgage securities corporation gsr mortgage loan trust series f  mbs gs mortgage securities corporation gsr mortgage loan trust series f  mbs gs mortgage securities corporation gsr mortgage loan trust series f  mbs gs mortgage securities corporation gsr mortgage loan trust series   mbs gs mortgage securities corporation gsr mortgage loan trust series f  mbs gs mortgage securities corporation gsr mortgage loan trust series   mbs gs mortgage securities corporation gsr mortgage loan trust series f  mbs gs mortgage securities corporation gsr mortgage loan trust series f  mbs gs mortgage securities corporation gsr mortgage loan trust series f  mbs gs mortgage securities corporation gsr mortgage loan trust series f  mbs gs mortgage securities corporation gsr mortgage loan trust series   mbs gs mortgage securities corporation gsr mortgage loan trust series   mbs gs mortgage securities corporation gsr mortgage loan trust series f  mbs gs mortgage securities corporation gsr mortgage loan trust series   mbs gs mortgage securities corporation gsr mortgage loan trust series f  mbs gs mortgage securities corporation gsr mortgage loan trust series   mbs gs mortgage securities corporation gsr mortgage loan trust series f  mbs gs mortgage securities corporation gsr mortgage loan trust series f  mbs previous                                                                                             next stuccu diary  stuccu diary  for gift ideas guides and fun skip to content welcome to the stuccu diary keep up to date with holidays events technology home decor and diys  little touches for your home  the accessories to topoff your style   irresistibly cute baby gifts  budget headphones for music buffs   gifts for dessert lovers  keeping it cool in the kitchen  gift guide for her  best games for the holiday season  christmas gift guide for him  top toys to buy for christmas  little touches for your home  months ago •  comments • home  garden •  you move into a new house you’re excited and happy it’s everything you ever dreamed of then  years flash by and before you know it your beautiful house is no longer everything you wanted give it a breathe of freshair with these little touches rainfall high pressure shower head limescale builds over time and … the accessories to topoff your style  months ago •  comments • fashion •  whether you are treating yourself or looking to buy a gift for someone else here are the accessories you should be looking at that will add an extra something to anyone’s outfit alov heart necklace this beautiful and delicate sterling silver necklace comes with a cm long chain the inscribed message reads “i love you to …  irresistibly cute baby gifts  months ago •  comments • gift guides •  while expecting parents will want the best for their baby they’ll also be very conscious of cost and are more likely to go for budget friendly options which is where baby gifts come in a baby gift should be both usable practical and fun – something that the new family will really appreciate but wouldn’t … budget headphones for music buffs  months ago •  comments • gift guides technology •  headphones are a must for every music lover they allow us to leave behind the often noisy world and lose ourselves in a world of sound and music of our liking sadly the headphones that often get the spotlight generally cost well over a hundred dollars many are great amazing even but we know very …  gifts for dessert lovers  months ago •  comments • gift guides •  these gifts are perfect for friends with a sweet tooth we won’t judge if they’re for yourself 😉  ice cream maker  get an old fashioned ice cream maker so you can make your own ice cream frozen yogurt or gelato it can make up to  quarts with no manual effort required the outer … keeping it cool in the kitchen  months ago •  comments • home  garden •  the kitchen is often overlooked as a place to decorate in the home while you may not be able to hang paintings on the walls you can add some kitchen utensils that will accentuate your kitchen and be great conversation starters spartan knife holder         made from high quality laminated birch wood         size ” wide x … gift guide for her  months ago •  comments • gift guides •  we all know the feeling excitement because you’re invited to a party but dread because now you’ll need to buy a gift gift buying is always a challenge unless you know the person really well it is the cause of fruitless hours spent browsing through stores to find the perfect gift if you’re clueless about … best games for the holiday season  months ago •  comments • entertainment •  holiday season is all about spending quality time with the family problem is it may get a little boring after a while which is why when you see a lull in the conversation you whip out the games minions pie face pie face is back with a minions version stick your head in the cutout … christmas gift guide for him  months ago •  comments • gift guides holidays •  it can be so hard to know what to get guys as gifts which is why we’ve researched it and come up with the christmas gift guide for him – featuring trending gifts for guys this christmas having to buy gifts for everyone can get expensive so if you’re tight on a budget or are … top toys to buy for christmas   months ago •  comments • gift guides holidays •  christmas is coming and the hunt for gifts begins if you’re looking to buy a gift for kids and kids that have not already made their christmas wish clear here are some of this year’s bestselling top toys that are bound to spread cheer and joy top play pets furreal is back with this bestselling … about stuccu diary is the part of stuccu dedicated to interacting with our customers we want to interact with and to get to know our customers a little better we want to know what you enjoy reading about what you want to read about and your opinions on what we write we are open to hearing whatever you have to say just leave us a comment recent postslittle touches for your home months agothe accessories to topoff your style months ago irresistibly cute baby gifts months agobudget headphones for music buffs months ago gifts for dessert lovers months agokeeping it cool in the kitchen months agomost commented postshome organization for  or less commentsits here the top ten toys of  comments home decorating ideas to renew your home this fall commentsthe secret to buying makeup online comments tips for buying jewelry online commentsmarathon running the basic gear guide commentsmost loved postslittle touches for your home lovesits here the top ten toys of  lovesthe accessories to topoff your style lovesdiy home decor create your own italian palace lovesproducts that will make your kitchen fun loves irresistibly cute baby gifts lovestagsamazon echo back to school sales bedroom decorating ideas black friday books budget christmas cooking cyber monday diy home decor england fashion fashion trends fathers day for him france gift gift guide gifts gift store how to start running independence day iphone jewelry kindle lg men fashion musical instruments playstation  presents samsung scotland smartphones sony summer super bowl sweden thanksgiving travel valentines valentine’s day watch winter workout at home xbox one cb  employer identification number registry tweet change text size   sign in   documentation   contact us lookups soaprest api medicare payerseins crosswalks  claim form library validation all services medical data services medical coding library ein codes c cb cb  employer identification number registry this directory contains  employer identification numbers a business needs an ein in order to pay employees and to file business tax returns to be considered a partnership llc corporation s corporation nonprofit etc a business must obtain an ein those business that do not are considered proprietorships and the owner  operator ssn is used on any tax documents also financial institutions such as banks credit unions and brokerage houses will not open an account for a corporation without an ein   cb house of blessingsbusiness address  east pkwy sacramento ca mailing address not on file  cb wellness foundationbusiness address  wayside rd portola vally ca mailing address not on file  cb fire  ems volunteer associationbusiness address po box  crested butte co mailing address not on file  cb dennise foundation incorporatedbusiness address  wentworth cir w jacksonville fl mailing address not on file  cb richard ellis kenny farley foudation incbusiness address  broadway lf  saugus ma mailing address not on file  cb unlimited community services corpbusiness address  meridian st suite  east boston ma mailing address not on file  cb foundation incbusiness address po box  brandon ms mailing address not on file  cb kidsbusiness address  n mars ct sewell nj mailing address not on file  cb foundation incbusiness address po box  mentor oh mailing address not on file  cb south ice hockeybusiness address po box  warrington pa mailing address not on file  cb cares educational foundationbusiness address  w swamp rd ste  doylestown pa mailing address not on file  cb rangers incbusiness address po box  butler pa mailing address not on file  cb west mens lacrosse parents clubbusiness address  mystic view ln doylestown pa mailing address not on file  cb eventsbusiness address one att way arlington tx mailing address not on file  cb fire  ems volunteer associationbusiness address po box  crested butte co mailing address po box  crested butte co   cb booster club hohenfelsbusiness address cmr  general delivery apo ae mailing address cmr  general delivery apo ae   cb kidsbusiness address  north mars ct sewell nj mailing address  north mars ct sewell nj   cb association of snellvillebusiness address  hadley place snellville ga mailing address  hadley place snellville ga   cb foundation incbusiness address po box  mentor oh mailing address po box  mentor oh   cb dennise foundation incorporatedbusiness address  wentworth cir w jacksonville fl mailing address  wentworth cir w jacksonville fl   cb house of blessingsbusiness address  sacramento camailing address not on file  cb richard ellis kenny farley foudation incbusiness address  saugus mamailing address not on file  cb south ice hockeybusiness address  warrington pamailing address not on file  cb fire  ems volunteer associationbusiness address  crested butte comailing address not on file  cb cares educational foundationbusiness address  doylestown pamailing address not on file  cb rangers incbusiness address  butler pamailing address not on file  cb kidsbusiness address  sewell njmailing address not on file  cb unlimited community services corpbusiness address  east boston mamailing address not on file  cb foundation incbusiness address  mentor ohmailing address not on file  cb west mens lacrosse parents clubbusiness address  doylestown pamailing address not on file  cb dennise foundation incorporatedbusiness address  jacksonville flmailing address not on file  cb foundation incbusiness address  brandon msmailing address not on file  cb wellness foundationbusiness address  portola vally camailing address not on file  cb eventsbusiness address  arlington txmailing address not on file  cb family foundation incbusiness address  verdun dr palm bch gdns fl mailing address not on file  cb radio osl club of greater newbusiness address  th st rego park ny mailing address not on file  cb bulluck ministriesbusiness address  old wilson rd rocky mount nc mailing address not on file  cb radio association of solanobusiness address po box  fairfield ca mailing address not on file  cb courtesy patrolbusiness address  gary ave hooksett nh mailing address not on file  cb sports clubbusiness address po box  miami fl mailing address not on file  cb on the naturalbusiness address  kelleys close stone mtn ga mailing address not on file  cb radio clubbusiness address po box  jackson ctr oh mailing address not on file  cb  companybusiness address  eubank blvd ne apt a albuquerque nm mailing address not on file  cb ministry incbusiness address  e frances ave tampa fl mailing address not on file  cb king scholarship fund incbusiness address  w lincoln ave albany ga mailing address not on file  cbc cb advertising associationbusiness address po box  box  dallas tx mailing address not on file  cb lamb elementary pto incbusiness address  schoolhouse road jacobstown nj mailing address not on file  cb horse rescuebusiness address po box  keaau hi mailing address not on file  cb commercial coinvestment fundbusiness address  s figueroa st ste  los angeles ca mailing address not on file  cb travel corpbusiness address mailing address  s green street salt lake city ut   cb travel corpbusiness address  s green street salt lake city ut mailing address not on file  cbi incbusiness address mailing address  research forest drive the woodlands tx   cb travel corpbusiness address mailing address  south green street salt lake city ut   cb adventures incbusiness address mailing address  w  s riverdale ut   cb automotive incbusiness address mailing address  neilwoods drive knoxville tn   cb engineers incbusiness address mailing address  th st san francisco ca   cb richard ellisne partners lpbusiness address mailing address  arch street  floor boston ma   cbibusiness address mailing address  research forrest drive the woodlands tx   cb enterprises incbusiness address mailing address  west horizon drive hebron ky   cb  s bankbusiness address mailing address  jackson avenue russellville al   cb employee management corporationbusiness address mailing address  westwind drive bakersfield ca   cb  ibusiness address mailing address  research forrest drive the woodlands tx   cb squared services incbusiness address mailing address  warrenton road suite  falmouth va   cb group llcbusiness address mailing address po box  hendersonville nc   cb richard ellis  ne partners lpbusiness address mailing address  arch street th floor boston ma   cb title management corpbusiness address mailing address  mountain avneue suite  springfield nj   cbt bancshares incbusiness address  w arkansas avenue vivian la mailing address  w arkansas avenue vivian la   cb nichols egg ranch incbusiness address mailing address  west citrus street colton ca   cb nichols egg ranchbusiness address mailing address  w citrus street colton ca   cb technical incbusiness address mailing address  st ave leclaire ia   cb and k ventures incbusiness address mailing address  th court n plymouth mn   cb capital consulting incbusiness address mailing address  terrain de golf lutz fl   cbs bankbusiness address mailing address po box  russellville al   cb merchant servicesbusiness address mailing address  n san joaquin st stockton ca   cb christian incbusiness address mailing address not on file  cb freight incbusiness address mailing address not on file  cb richard ellis memphis multifamily llcbusiness address mailing address not on file  cb richard ellis memphis multifamily llcbusiness address  ridge bend road memphis tn mailing address not on file  cb central builders incbusiness address mailing address not on file  cb worldwide incbusiness address mailing address not on file  cb emmanuel realty llcbusiness address mailing address not on file  cbt trusteepaul cohenprspbusiness address mailing address not on file  cb transportation incbusiness address mailing address not on file  cb ventures llcbusiness address mailing address not on file  cb engineering pacific incbusiness address mailing address not on file  cb bovenkamp incbusiness address mailing address not on file  cb two construction llcbusiness address mailing address not on file  cb printing  graphics incbusiness address mailing address not on file  cbms inc dba cb management solutionsbusiness address mailing address not on file  cb wholesale incbusiness address mailing address not on file  cb technologies incbusiness address mailing address not on file  cb investments incbusiness address mailing address not on file  cbi coastal planning  engineering incbusiness address mailing address not on file  cb quality machining  engineering incbusiness address mailing address not on file  cb usa incbusiness address mailing address not on file  cb anderson architects pllcbusiness address mailing address not on file  cb anderson architects pllcbusiness address  greenwood avenue north seattle wa mailing address not on file  cbibusiness address mailing address not on file  cb trucking incbusiness address mailing address not on file  cb trucking incbusiness address  riverview ct sidney mt mailing address not on file  cb rising incbusiness address mailing address not on file  cb franchise systems llcbusiness address mailing address not on file  cb  a project management services llcbusiness address mailing address not on file  cb lucas co incbusiness address mailing address not on file  cb administrators incbusiness address mailing address not on file  cb richard ellis  carmody llcbusiness address mailing address not on file  cb maritime consulting llcbusiness address mailing address not on file  cb  e construction groupbusiness address mailing address not on file  cb richard ellis syracuse ny lbusiness address mailing address not on file  cb tech services inc profit sharing plan business address mailing address not on file  cb tech services inc profit sharing plan business address  sand island rd box  honolulu hi mailing address not on file  cb two architects llcbusiness address mailing address not on file  cb marine diesel llcbusiness address mailing address not on file  cb richard ellislouisville llcbusiness address mailing address not on filens  cb plans incbusiness address  west railroad avenue jamesburg nj mailing address not on filens  cbs financial servicesbusiness address po box  russellville al mailing address not on filens  cb dubose insurance agency incbusiness address post office box  florence sc mailing address not on filens  cbs financial services incbusiness address post office box  russellville al mailing address not on file  cb richard ellis value investorsbusiness address mailing address not on file  cb richard ellis strategic partnersbusiness address mailing address not on file  cb tracybusiness address mailing address not on file  cb richard ellisbusiness address  s grand ave ste  los angeles ca mailing address not on file  cb richard ellisbusiness address mailing address not on file  cb richard ellisbusiness address mailing address not on file  cbt wealth managementbusiness address mailing address not on file  cb  h wealth managementbusiness address mailing address not on file  cbh wealth mgmt svc llcbusiness address mailing address not on filens  cb value tr fi  boston financialbusiness address po box  boston ma mailing address not on filens  cb value tr ibusiness address po box  boston ma mailing address not on file  cb value tr fi  state street bankbusiness address mailing address not on file  cb value tr cstate street bankbusiness address mailing address not on filens  cb value tr fibusiness address po box  boston ma mailing address not on file  cb kidsbusiness address  turnersville njmailing address not on file  cb kidsbusiness address po box  turnersville nj mailing address not on file  cb kidsbusiness address po box  turnersville nj mailing address  north mars ct sewell nj   cb foundation incbusiness address po box  mentor oh mailing address po box  mentor oh   cb cares educational foundationbusiness address  w swamp road doylestown pa mailing address not on file  cb booster club hohenfelsbusiness address cmr  general delivery apo ae mailing address cmr  box  apo ae   cb house of blessingsbusiness address po box  sacramento ca mailing address not on file  cb foundation incbusiness address  flowood msmailing address not on file  cb foundation incbusiness address po box  flowood ms mailing address not on file  cb eventsbusiness address  at t way arlington tx mailing address not on file  cb fire  ems volunteer associationbusiness address po box  crested buttte co mailing address po box  crested butte co  cb booster club hohenfelsbusiness address unit  apo ae mailing address not on file  cb financial corpbusiness address  nash street north wilson nc mailing address po box  wilson nc  cb nevada capital incbusiness address b renaissance drive suite  las vegas nv mailing address b renaissance drive suite  las vegas nv  cb richard ellis corporate facilities management incbusiness address  w th street suite  torrance ca mailing address  north sepulveda blvd suite  el segundo ca  cb richard ellis global real estate securities llcbusiness address  west pratt street suite  baltimore md mailing address  west pratt street suite  baltimore md  cbs advertising agency incbusiness address  se nd avenue portland or mailing address  se nd avenue portland or  cbt wealth managementbusiness address  s nevada ave ste  colorado springs co mailing address  s nevada ave ste  colorado springs co  cb financial corpbusiness address one jackson sq jackson mi mailing address one jackson square jackson mi  cb holdco incbusiness address  santa monica blvd ste  los angeles ca mailing address  santa monica blvd ste  los angeles ca  cb richard ellis investors llc adbusiness address  s flower street ste  los angeles ca mailing address not on file  cb richard ellis of california incbusiness address  w th street suite  torrance ca mailing address not on file  cb richard ellis services incbusiness address  s fremont ave los angeles ca mailing address  s fremont ave los angeles ca   cb richard ellis value investors llc advbusiness address  south figueroa st ste  los angeles ca mailing address not on file  cbh investor services llcbusiness address  north tryon streetsuite  charlotte nc mailing address  north tryon streetsuite  charlotte nc  cbt incbusiness address  e main st mcminnville tn mailing address not on file  cbtcc global holdings ltdbusiness address  santa monica blvd ste  los angeles ca mailing address  santa monica blvd ste  los angeles ca  cbtcc llcbusiness address  santa monica blvd ste  los angeles ca mailing address  santa monica blvd ste  los angeles ca  cb bancorp incbusiness address  east fourth st michigan city in mailing address  e fourth st michigan city in  cb biotechnologies incbusiness address  donegal drive se huntsville al mailing address  donegal drive se huntsville al  cb capital investors lpbusiness address  madison avenue th floor new york ny mailing address  madison avenue th floor new york ny  cb containers incbusiness address  south caldwell street charlotte nc mailing address  south caldwell street charlotte nc  cb systems holdings incbusiness address  montgomery st nd floor san francisco ca mailing address  montgomery st nd floor san francisco ca  cb tm llcbusiness address  campus drive parsippany nj mailing address  campus drive parsippany nj  cb bancshares inchibusiness address  merchant st honolulu hi mailing address not on file  cb capital investments  lpbusiness address  orange avenue suite  fort pierce fl mailing address  orange avenue suite  fort pierce fl  cb capital management incbusiness address  s saginaw street flint mi mailing address not on file  cb commercial nrt pennsylvania llcbusiness address one campus drive parsippany nj mailing address one campus drive parsippany nj  cb music llcbusiness address mailing address  hartmann dr lebanon tn  cb ranch llcbusiness address  north th street newport pa mailing address  north th street newport pa  cb realty sales incbusiness address  east lincoln drive scottsdale az mailing address  east lincoln drive attn june mazza scottsdale az  cbtcc holdings llcbusiness address  santa monica blvd ste  los angeles ca mailing address  santa monica blvd ste  los angeles ca  cb richard ellis real estate services incbusiness address  w th street suite  torrance ca mailing address one insignia financial plaza greenville sc  cb energy  lpbusiness address  mckinney suite  houston tx mailing address  mckinney suite  houston tx  cb medical north llcbusiness address  n water st suite  milwaukee wi mailing address  n water st suite  milwaukee wi  cb richard ellis global reit fund us lpbusiness address co cbre global real estate securities  w pratt street fl  baltimore md mailing address co cbre global real estate securities  w pratt street fl  baltimore md  cb richard ellis strategic partners europe fund ii lpbusiness address  south figueroa street suite  los angeles ca mailing address  south figueroa street suite  los angeles ca  cb richard ellis strategic partners uk fund iii l pbusiness address  south st stuie  los angeles ca mailing address  south st stuie  los angeles ca  cb richard ellis strategic partners us iv pf lpbusiness address  s figueroa st ste  los angels ca mailing address  s figueroa st ste  los angels ca  cb richard ellis strategic partners us value  lpbusiness address  s flower street suite  los angeles ca mailing address  s flower street suite  los angeles cans  cb technologies incbusiness address  dunwoody drive west chester pa mailing address not on filens  cbt holding corpbusiness address  poydras street suite  new orleans la mailing address not on file  cbt wealth management inc advbusiness address  corporate drive suite  colorado springs co mailing address not on file  cb capital investments fl  lpbusiness address  south orange avenue suite  fort pierce fl mailing address  south orange avenue suite  fort pierce flns  cb realty fund v reit incbusiness address  atlantic avenue boston ma mailing address not on filens  cb richard ellis global real estate securities llcbusiness address  north row th floor london x wik dmailing address  north row th floor london x  cb richard ellis partners us value  gp llcbusiness address  s flower street suite  los angeles ca mailing address  s flower street suite  los angeles ca  cb richard ellis strategic partners asia ii lpbusiness address  mary street georgetown grand cayman e kymailing address  mary street georgetown grand cayman e  cb richard ellis strategic partners europe fund iii us te lpbusiness address  los angeles los angeles ca mailing address  los angeles los angeles cans  cb richard ellis strategic partners iii l pbusiness address  s figueroa st suite  los angeles ca mailing address not on file  cb richard ellis strategic partners uk fund ii lllpbusiness address  figueroa street suite  los angeles ca mailing address  figueroa street suite  los angeles ca  cb richard ellis strategic partners uk fund ii te lpbusiness address  south figueroa street suite  los angeles ca mailing address  south figueroa street suite  los angeles ca  cb richard ellis strategic partners uk fund iiite l pbusiness address  south st stuie  los angeles ca mailing address  south st stuie  los angeles ca  cb south llcbusiness address  high school court los gatos ga mailing address  high school court los gatos ga  cb fim coinvestors i llcbusiness address co cerberus capital management lp  park avenue nd floor new york ny mailing address co cerberus capital management lp  park avenue nd floor new york ny  cb financial services incbusiness address  north market street carmichaels pa mailing address  north market street carmichaels pa  cb gold incbusiness address  west georgia street vancouver a vg zmailing address  west georgia street vancouver a  cb richard ellis partners us opportunity  gp llcbusiness address  s flower street suite  los angeles ca mailing address  s flower street suite  los angeles ca  cb richard ellis partners us iv llcbusiness address  s flower st st fl los angeles ca mailing address  s flower st st fl los angeles ca  cb richard ellis strategic partners asia iia lpbusiness address co walker house  mary street george town l kymailing address co walker house  mary street george town l  cb richard ellis strategic partners europe fund iiieu lpbusiness address  so flower st ste  los angeles ca mailing address  so flower st ste  los angeles ca  cb richard ellis strategic partners us opportunity  lpbusiness address  s flower street suite  los angeles ca mailing address  s flower street suite  los angeles ca  cb richard ellis strategic partners us employees opportunity  lpbusiness address  s flower str los angeles ca mailing address  s flower str los angeles ca  cb richard ellis strategic partners us iv lpbusiness address  s figueroa st ste  los angels ca mailing address  s figueroa st ste  los angels cans  cb acquisition sub incbusiness address  lake cook road deerfield il mailing address  lake cook road deerfield il  cb bancshares corpbusiness address  e main st weir ks mailing address  e main st weir ks  cb fim coinvestors llcbusiness address co cerberus capital management lp  park avenue nd floor new york ny mailing address co cerberus capital management lp  park avenue nd floor new york ny  cb healthcare fund ii lpbusiness address  boylston street suite  boston ma mailing address  boylston street suite  boston mans  cb holdings incbusiness address  south brentwood blvd ste  st louis mo mailing address not on filens  cb richard ellis strategic investors iii llcbusiness address  s figueroa st suite  los angeles ca mailing address not on file  cb richard ellis strategic partners us employee value  lpbusiness address  s flower str los angeles ca mailing address  s flower str los angeles ca  cb offshore equity fund viii limited partnershipbusiness address  clarendon street th floor boston ma mailing address  clarendon street th floor boston ma  cb bancshares inchibusiness address  merchant st honolulu hi mailing address not on file  cb richard ellis investors incbusiness address  w th street suite  torrance ca mailing address not on file  cb richard ellis services incbusiness address  south figueroa street suite  los angeles ca mailing address  north sepulveda blvd el segundo ca  cb richard ellis incbusiness address  w th street suite  torrance ca mailing address  north sepulveda blvd suite  el segundo ca  cb richard ellis investors llcbusiness address  south figueroa street suite  los angeles ca mailing address  north sepulveda blvd suite  el segundo ca  cb richard ellis group incbusiness address  santa monica boulevard suite  los angeles ca mailing address  santa monica boulevard suite  los angeles ca  cb richard ellis group incbusiness address  north sepulveda boulevard suite  el segundo ca mailing address  north sepulveda boulevard suite  el segundo ca  cb richard ellis services incbusiness address  north sepulveda blvd el segundo ca mailing address  north sepulveda blvd el segundo ca  cb richard ellis investors llcbusiness address  north sepulveda blvd suite  el segundo ca mailing address  north sepulveda blvd suite  el segundo ca  cb richard ellis incbusiness address  north sepulveda blvd suite  el segundo ca mailing address  north sepulveda blvd suite  el segundo ca  cb richard ellis corporate facilities management incbusiness address  north sepulveda blvd suite  el segundo ca mailing address  north sepulveda blvd suite  el segundo ca  cb richard ellis realty trustbusiness address  south flower street suite  los angeles ca mailing address  south flower street suite  los angeles ca  cb commercial real estate services group incbusiness address  s fremont ave los angeles ca mailing address  s fremont ave los angeles ca   cb richard ellis group incbusiness address  south figueroa street suite  los angeles ca mailing address  north sepulveda blvd el segundo ca  cb richard ellis realty trustbusiness address  south figueroa street suite  los angeles ca mailing address  south figueroa street suite  los angeles ca  cb pharma acquisition corpbusiness address  new england executive park suite  burlington ma mailing address  new england executive park suite  burlington ma   cb ribbit opportunity i llcbusiness address  university avenue palo alto ca mailing address  university avenue palo alto ca   cbtcc global holdings ltdbusiness address  south hope street th floor los angeles ca mailing address  south hope street th floor los angeles ca   cbtcc holdings llcbusiness address  south hope street th floor los angeles ca mailing address  south hope street th floor los angeles ca   cbtcc llcbusiness address  south hope street th floor los angeles ca mailing address  south hope street th floor los angeles ca   cb tpii llcbusiness address   th avenue unit c seattle wa mailing address   th avenue unit c seattle wa   cb finance spv llcbusiness address  walker street new york ny mailing address  walker street new york ny   cb depositor a spv llcbusiness address  broadway th floor new york ny mailing address  broadway th floor new york ny   cb scientific incbusiness address  roosevelt blvd  saint petersburg fl mailing address  roosevelt blvd  saint petersburg fl   cb richard ellis investors llc adbusiness address  s figueroa st ste  los angeles ca mailing address not on file  cb financial corpbusiness address one jackson sq jackson mi mailing address one jackson square jackson mi   cb commercial holdings incbusiness address  s fremont ave los angeles ca mailing address  s fremont ave los angeles ca   cb therapeutics incbusiness address co codan trust company cayman limited cricket sq hutchins dr po box  grand cayman e kymailing address co codan trust company cayman limited cricket sq hutchins dr po box  grand cayman e ky  cb healthcare fund lp nybusiness address one boston pl suite  boston ma mailing address one boston pl suite  boston ma   cb ignite holdings llcbusiness address co charlesbank capital partners  clarendon street th floor boston ma mailing address co charlesbank capital partners  clarendon street th floor boston ma   cb depositor b spv llcbusiness address co commonbond inc  broadway th floor new york ny mailing address co commonbond inc  broadway th floor new york ny   cb richard ellis group incbusiness address  santa monica boulevard suite  los angeles ca mailing address  santa monica boulevard suite  los angeles ca  join faq sign up about us contact us terms of use privacy policy our customers site map products  apis buy medical data cloud restsoap api  claim form to edi crosswalk services validation services npi registry trends documentation api information npi service faq rest api test drive medical coding trainer medical coding library medical coding library npi registry hcpcs directory national drug codes icdcm codes icdcm codes icd drugs  chemicals loinc codes directory msdrgs animal drug products naics code directory medical devices gudid ein directory cms forms validation services all validation services hipaaedi validation npi validation upin validation ein validation itin validation clia validation duns validation duns validation dea validation tns validation hin validation upc code validation nhric code validation lookup services npi number lookup hcpcs codes lookup ndc number lookup icd codes lookup icd codes lookup icd drugs substance lookup clia codes lookup naics codes lookup loinc codes lookup drg lookup taxonomy codes lookup animal drug products lookup global medical devices lookup pqrs quality measures lookup rxnorm concept id lookup copyright   powered by swiss vault engine all rights reserved hipaa liability trademark document use and software licensing rules apply all registered trademarks used in the content are the property of their owners your interactions with this site are in accordance with our terms of use and privacy policy the loinc table loinc codes and loinc panels and forms file are copyright   regenstrief institute inc