barry horek  ernst  young llp  zoominfocom   barry r horek  naperville il  intelius sign in we found barry r horek in naperville il barry r horek intelius found that barry r horek is a male between  and  years old from naperville il we have connected them to  addresses  phones and  relatives or associates get report now age barry r horek is in his s barry has lived in naperville il chicago il elk grove village il barrys relatives bruce horek nathan horek jason horek mary horek barry r horek zodiac signtaurus gendermale professional status consultatn at elkay plumbing products company get report now want to know more about barry get a comprehensive background report find full phone numbers and other contact information when available all from billions of available public records continue below for more details about barry or use our people search engine to find others get background check on barry r horek get a criminal check on barry r horek get a public record report on barry r horek get a people search report on barry r horek barry r horeks contact information known cities lived in find out where barry r horek has lived as well as barry r horeks phone numbers and email addresses barry r horek has lived in  states illinois address for barry r horek  r g d s naperville il has lived in naperville il chicago il get full address report phone numbers associated with barry r horek    naperville il    elk grove village il    oak brook il get full phone report email addresses associated with barry r horek bkcom bkcom bkorg get email report barry r horeks education information known schools attended learn about barry r horeks academic history find out which schools barry r horek attended the dates attended as well as the degrees barry r horek received the following data is not guaranteed for accuracy and should not be used for employment insurance credit eligibility or for any other purpose covered under the fair credit reporting act barry r horek has attended  schools depaul university 9 – 9 barry r horek has a mst in taxation depaul university 9 – 9 barry r horek has a mst in taxation depaul university 9 – 9 barry r horek has a mst taxation in taxation carthage college 9 – 9 barry r horek has a bachelor of arts ba in business administration carthage college 9 – 9 barry r horek has a bachelor of arts ba in business administration carthage college 9 – 9 barry r horek has a bachelor of arts ba business administration in business administration barry r horeks professional information information regarding barry r horeks professional history find out previous places barry r horek has worked as well as dates employed the following data is not guaranteed for accuracy and should not be used for employment insurance credit eligibility or for any other purpose covered under the fair credit reporting act barry r horek has worked at  places company elkay plumbing products company title consultatn company loaves  fishes title board chair barry r horeks experience title consultatn company elkay plumbing products company job details company size less than  mil  employee range less than  title board chair company loaves  fishes job details company size  mil to less than  mil  employee range less than  additional professional information on barry r horek see barry r horeks linkedin profile barry r horeks social network and potential email matches find out potential social network profiles and potential email usernamed for barry r horek barry r horeks known social networks and potential email matches find all of barry r horeks social network profiles get full report search social networks including facebook linkedin myspace google twitter yahoo jigsaw zoominfo and more potential email matches barry horek username matches barryhorek horekbarry barryhorek horekbarry barryhorek horekbarry barryhorek horekbarry bhorek popular email services gmailcom aolcom yahoocom comcastnet hotmailcom msncom rocketmailcom attnet sbcglobalnet ymailcom facebookcom mailcom bellsouthnet livecom earthlinknet coxnet prodigynet mecom peoplepccom junocom rediffmailcom mindspringcom comcastcom charternet outlookcom all trademarks product names company names or logos on this page are the property of their respective owners related people searches b horek intelius is a leading provider of public data about people and their connections to others intelius does not provide consumer reports and is not a consumer reporting agency as defined by the fair credit reporting act fcra this site should not be used to determine an individual’s eligibility for credit insurance employment housing or any other purpose covered by the fcra for employment or tenant screening services please visit our partner talentwise about us site map about our reports blog help contact us   –  peopleconnect inc dba intelius all rights reserved privacy policy  updated terms of service  updated what is the fcra the fair credit reporting act fcra is a federal law that promotes the accuracy fairness and privacy of information in the files of consumer reporting agencies intelius does not provide consumer reports and is not a consumer reporting agency as defined by the fcra intelius reports cannot be used for background checks related to consumer credit insurance employment housing or any other purpose prohibited under the fcra you may not use any information obtained from intelius for any purpose covered by the fcra find out more about the fcra here barry r horek  ceo founder businessman  profile directorpedianet  list of ceos founders board members and company directors barry r horek check out list of companies and businesses related to barry r horek find out barry r horek address and contact details view other people related to barry r horek  coworkers colleagues companions etc address co sigmatron international inc  landmeier road elk grove village  il companies related to barry r horek cikcompany namepositioncompany address9sigmatron international incdirector  landmeier road elk grove village  barry r horek on the web persons related to barry r horek  sigmatron international incnamepositioncityhorek barrynapervillehorek barryelk grove villagelinda k blakechief financial officer elk grove villagemantia bruceuniversity parkmantia bruceelk grove villagedaniel p campvp acuna operations elk grove villagedaniel p campvp acuna mexico elk grove villagedaniel p campvp acuna operations elk grove villagehomming changvp china operations elk grove villagejohn p chendirector elk grove villagetang foundation cyrus owner las vegastang foundation cyrus owner las vegascyrus tang revocable trust owner las vegascamp danielelk grove villagecamp danielelk grove villagecamp danielelk grove villagevyas dilipnapervillevyas dilipelk grove villagegary r fairheaddirector president  ceo elk grove villagegary r fairheaddirector president  ceo elk grove villagegregory a fairheadexecutive vp operations elk grove villagegregory a fairheadexecutive vp operations elk grove villagegregory a fairheadexecutive vp operations elk grove villagelinda k frauendorferchief financial officer elk grove villagelinda k frauendorferchief financial officer elk grove villagelinda k frauendorferchief financial officer elk grove villagefairhead garyelk grove villagefairhead garyelk grove villagefairhead garyelk grove villagefairhead gregoryelk grove villagefairhead gregoryelk grove villagefairhead gregoryelk grove villagechang hommingelk grove villagechang hommingelk grove villagechang hommingelk grove villagebarry r horekdirector elk grove villagesheehan johnelk grove villagesheehan johnelk grove villagesheehan johnelk grove villagefrauendorfer lindaelk grove villagefrauendorfer lindaelk grove villagefrauendorfer lindaelk grove villagebruce j mantiadirector elk grove villagebruce j mantiadirector elk grove villagew l mcclellanddirector elk grove villageplante paultampaplante paulelk grove villagepaul j plantedirector tampapaul j plantedirector elk grove villageupadhyaya rajeshelk grove villageupadhyaya rajeshelk grove villageupadhyaya rajeshelk grove villagethomas w rieckdirector elk grove villagethomas w rieckdirector elk grove villagethomas w rieckdirector elk grove villagejohn p sheehanvp director of materials elk grove villagejohn p sheehanvp director of materials elk grove villagejohn p sheehanvp director of materials elk grove villagefranklin d sovedirector elk grove villagefoundation for reseach of traditional chinese medicine tang owner las vegasfoundation for reseach of traditional chinese medicine tang owner las vegasrieck thomaswinnetkarieck thomaselk grove villageraj b upadhyayaexecutive vice president elk grove villageraj b upadhyayaexecutive vice president elk grove villagedilip s vyasdirector elk grove villagedilip s vyasdirector elk grove villagecarl a zemenickdirector elk grove village potentially same personnamecitycountrybarry ryardleypa microsoft personalized ad preferences to opt out of personalized ads in this browser your browser history must allow firstparty and thirdparty cookies and you must have your browsing experience set to not delete browsing history on exit instructions for enabling cookies and configuring your browsing history may be available in your browsers settings privacy or help documentation sign in hold on… we’re sorry but this didn’t work you can’t turn off personalized ads right now because your browser is currently blocking thirdparty cookies we can help you fix this issue let’s get started depending on what browser you use open options or settings make sure that thirdparty cookies are not blocked anymore to find out how search your browser’s help revisit httpchoicemicrosoftcomoptout and then on the “personalized ads in this browser” tile click off ext about our ads to create a more customized online experience some of the ads you may receive on microsoft websites and apps are tailored to your previous activities searches and site visits youre in control and heres where you can make the advertising choice thats right for you ext where can i learn more about advertising on microsoft websites and apps microsoft partners with oath appnexus and other third party service providers to help present customized content and display advertisements on msn outlookcom and other websites and apps microsoft also delivers search ads to bing and our search syndication partners learn more about microsoft’s privacy practices here you can learn more about interestbased ads from oath and appnexus in their privacy statements oath and appnexus what choices do i have about interestbased advertising on this page you can opt out of receiving interest based advertising from microsoft you can also opt out of receiving interestbased advertising from all selfregulatory members including microsoft oath appnexus and other third party ad networks at the following sites in the us digital advertising alliance daa in europe european interactive digital advertising alliance edaa in canada ad choices digital advertising alliance of canada daac you can control interestbased advertising in windows apps by turning off the advertising id in windows settings more choices do you want personalized ads from other companies questions if you have a privacy question or a question for the chief privacy officer of microsoft please contact us by using our web form we will respond to questions within  days ext personalized ads in this browser off optout is currently unavailable please try again later control the personalized ads setting for this web browser learn more if you want microsoft to show ads that might be relevant to you click on to show “generic” ads click off ext personalized ads wherever i use my microsoft account off sign in to change optout is currently unavailable please try again later control the personalized ads setting that applies when you are signed in on any computer or device with your microsoft account including windows windows phone xbox and other devices learn more if you want microsoft to show ads that might be relevant to you click on to show “generic” ads click off if you choose “generic” ads and use a browser your choice applies to everyone when using that browser as long as you do not clear your cookies ext9 personalized ads in windows in your windows settings you can turn off personalized ads that appear in apps on this device you’ll still see ads but they won’t be personalized anymore if you have windows  access the charms by touching or moving your pointer to the right edge of the screen click or tap settings and then click or tap change pc settings click or tap privacy and then turn off let apps use my advertising id for experiences across apps if you have windows  click or tap the start button click or tap settings click or tap privacy and then turn off let apps use my advertising id for experiences across apps if you have a windows mobile device go to settings tap on privacy tap on advertising id and then turn off let apps use my advertising id for experiences across apps if you want to turn off personalized ads from microsoft wherever you use your microsoft account including apps on windows windows phone xbox and other devices you can do so by selecting the microsoft account option above ext legal privacy  cookies   microsoft barry r horek  executive bio compensation history and contacts  equilar atlas   log in  sign up x   as featured in barry r horek board member at sigmatron international inc view full profile are you barry r horek claim your profile   sign up for equilar atlas and view barry r horeks full profile with equilar atlas you can identify corporate executives in barry r horeks network and community follow changes in barry r horeks employment and moneyinmotion connect with barry r horek through your network of contacts barry r horeks executive work history current board member sigmatron international inc past to view barry r horeks complete executive work history sign up now age      barry r horeks biography barry r horek has served as a director of the company since august  mr horek has been a member of the audit and nominating committees since august  he is a shareholder of the company for over  years mr horek was with the accounting firm of ernst  young llp where he served as a tax partner from 9 until his retirement in  during that time he served a variety of multinational privately owned and public company clients specializing in manufacturing and consumer products during his tenure at ernst  young llp mr horek also served as an area tax business unit leader for the firms entrepreneurial services practice and  read more barry r horek has served as a director of the company since august  mr horek has been a member of the audit and nominating committees since august  he is a shareholder of the company for over  years mr horek was with the accounting firm of ernst  young llp where he served as a tax partner from 9 until his retirement in  during that time he served a variety of multinational privately owned and public company clients specializing in manufacturing and consumer products during his tenure at ernst  young llp mr horek also served as an area tax business unit leader for the firms entrepreneurial services practice and as an area director for tax policy implementation where he was responsible for monitoring quality and regulatory compliance from 9 to  mr horek served as the lead tax advisor to the company and its predecessors from  through  mr horek continued to consult with numerous companies on corporate accounting and tax matters during the 9 academic years mr horek also taught intermediate accounting at north center college in naperville illinois he served on the board of directors of loaves and fishes community services a not for profit food pantry from  to june   of which he served as treasurer from july  9 to june   vice chairman from july   to june   and as chairman from july   to june   he currently serves on the audit committee of the dupage foundation mr horek holds a bachelors degree in business administration from carthage college and a master of science in taxation from depaul university the board of directors believes mr horeks extensive business and financial background experience in the manufacturing and consumer products business segment make him wellqualified to serve as a director source sigmatron international inc on    sign up for equilar atlas and view barry r horeks full profile by accessing equilar atlas you can view bios network salary and wealth events of industryleading executives like barry r horek more specifically youll be able to identify corporate executives in barry r horeks network and community follow changes in barry r horeks employment and moneyinmotion connect with barry r horek through your network of conections view full profile   search for over  executive profiles bio example barry r horek barry r horeks connections 9 sign up now to view barry r horeks 9 connections » daniel p camp former vice president acuña operations sigmatron international inc rajesh b upadhyaya executive vice president west coast operations sigmatron international inc thomas w rieck board member sigmatron international inc dilip s vyas lead director sigmatron international inc gary r fairhead president chief executive officer and chairman of the board sigmatron international inc bruce j mantia board member sigmatron international inc linda k frauendorfer dir chief financial officer vice president finance treasurer and secretary sigmatron international inc paul j plante board member sigmatron international inc gregory a fairhead former executive vice president and assistant secretary sigmatron international inc john p sheehan former vice president director of supply chain and assistant secretary sigmatron international inc popular profiles sign up now to view more executive profiles » thomas j lynch executive chairman te connectivity ltd john j kita evp and cfo a o smith carl g annessa evp and coo hornbeck offshore services inc elon r musk ceo and chairman tesla michael c montgomery board member nmi holdings inc × claim your profile coming soon interested in updating your biography and work history were working on making it happen well email you when this feature is available please enter valid email address done thank you for your interest ok browse executive profiles  a  b  c  d  e  f  g  h  i  j  k  l  m  n  o  p  q  r  s  t  u  v  w  x  y  z equilar homepage equilar atlas equilar insight equilar boardedge equilar engage research services knowledge network about us login ï¿½  equilar all rights reserved privacy policy  marshall street redwood city ca 9  phone    fax   horek consulting llc  naperville  il  company information products resources my account talk to a db advisor  business directory il naperville business consulting nec business consulting nec horek consulting llc h horek consulting llc claim this business  ferncroft ct naperville il  get directions   business info founded  incorporated annual revenue  employee count  industries business consulting nec contacts barry r horek contact business your email address subject message send message company summary horek consulting llc was founded in  horek consulting llc specializes in business consulting nec verified status unverified address unverified last verified  phone unverified payment method unverified view full report similar businesses nearby our similar businesses nearby shows similar businesses in their industry and region based on information found in their dun  bradstreet credibility review profile competitive landscape our competitive landscape shows how this business compares to similar businesses in their industry and region based on information found in their dun  bradstreet credibility review profile payments accepted no data hours sunday   monday   tuesday   wednesday   thursday   friday   saturday   h view additional data select from over  networks below to view available data about this business if this data is unavailable or inaccurate and you own or represent this business click here for more information on how you may be able to correct it credibility review google facebookcom yellowbookcom bingcom yellowpagescom merchantcircle tele atlas tomtom twittercom aol mapquest yahoo local applesiri groupon hotfrogcom comcastnet search reachlocal admedia dealsplus shoptopiacom alteryx dogtime media kslcom sirtune americantownscom driverside kudzucom specialsagentcom answerscom egood lawinfocom spotlikescom anywhocom egumball likenesscom spotzot eservicelog mapmyrun technocom apartmentguidecom ezlocalcom eztousecom teleroute aroundmecom metropolistcom therapistscom atlanta newhomes findlawcom time out new york avantar findthebestcom mojopagescom bb yellowpages fivestar software mycitywaycom tripadvisor bckyrdcom giftcardscom mycouponscom beachcaliforniacom golocalcom mymovecom upmesocialcom belo goodinfo newsgazette nokia usdirectorycom carscom nomao centzycom hibu openlistcom chacha search homeplatecom ownlocalcom visikard challamacom homestore patchcom voltari citybot pelopidas vouchd classifiedads hostway placeiq walkscorecom cloudmade hoodoyou planetdiscovercom weddingwirecom powerprofiles where inc contractorscom igolocalcom radiate media wikiocity couponmap indeedcom wimgocom crowdspot innova electronics intellistrand realtorcom datasphere inthemocom replycom yellowbotcom jiwire rocket fuel yellowpagecitycom dmvorg justclicklocalcom dirxion keencom zidstercom photos business credit report receive a onetime comprehensive credit report on this company get full credit report facebook twitter yelp call  to speak with a db advisor today customer resources products education center business articles  insights glossary contact us customer support communication preferences search for db duns our company about us company history business credit history careers press releases news success stories hoovers our network partners affiliates blog access to capital entrepreneurial initiative db international supplieredge site links business directory site map pipeda privacy policy website terms of service product license agreement  dun  bradstreet inc  all rights reserved barry r horek cpa  biography log in email password remember forgot password  become a member for free sign up sign up new membersign up for free new customerdiscover our portfolios united states united kingdom france deutschland schweiz de suisse fr settings dynamic quotes  offon markets equities north americaeuropeasiaoceaniamiddle east» more equities indexes dow jonessp nasdaq tsx compftse » more indexes currency  forex eur  usdgbp  usdusd  jpyusd  cadaud  usd» more currencies commodities goldcrude oil wticrude oil brentsilverplatinum» more commodities news latest news companiesmarketseconomycurrency  forexcommoditiesinterest ratesbusiness leadersfinancial calendareconomic calendar listed company analyst recorumorsiposcapital markets transactionsnew contractsprofits warningsappointmentspress releaseseventscorporate actions sector news energybasic materialsindustrialsconsumer cyclicalconsumer noncyclicalfinancialshealthcaretechnologytelecommunications servicesutilities analysis all analysiscommentariesindex analysisstock trading strategiescommodity analysisforex analysis stock picks all stock picks portfolios my portfolio virtual portfolios traders portfolios european portfoliousa portfolioasian portfolio screeners market screener homefundamental analyse top investor ratingtop trading ratingtop consensusgrowth stocksyield stockslow valuations technical analysis oversold stocksoverbought stocksclose to resistancesclose to supportsaccumulation phasemost volatile stocks watchlists my watchlists watchlists top lists yield stocksgrowth stocksundervalued stocks top  flop top news most read newshot news top fundamentals top capitalizationtop yieldtop pertop consensustop fundamentals top technicals top rsiunusual volumestop gapstop stim top movers top usatop canadatop uktop germanytop europetop asia tools market screenerdynamic chartfinancial calendareconomic calendarsector researchcurrency converter our services premium accessdiscover our services traders homepage    news    business leaders    business leaders biography business leaders latest newscompaniesmarketseconomy  forexcommoditiesinterest ratesbusiness leadersfinance professionalscalendarsectors homeall newsmost read newsbusiness leaders biography barry r horek cpa age  public asset   usdlinked companies  sigmatron international summary  mr barry r horek cpa is on the board of directors at sigmatron international inc mr horek was previously employed as chairman by loaves  fishes centers inc and partner by ernst  young llphe received his undergraduate degree from carthage college and a graduate degree from depaul university current positions of barry r horek cpa  nametitle since sigmatron internationalsemiconductors independent director  holdings of barry r horek cpa  nameequitiesvaluation sigmatron international sgma semiconductors  usd barry r horek cpa personal network  namelinked companies gary robert fairhead sigmatron international paul j plante sigmatron international thomas w rieck sigmatron international linda k frauendorfer sigmatron international gregory a fairhead sigmatron international dilip shantilal vyas sigmatron international daniel p camp sigmatron international john p sheehan sigmatron international rajesh b upadhyaya sigmatron international homming chang sigmatron international most read news   li kashing  li kashings cki to buy german energy metering firm ista djbernard arnault  lvmhs profit rises  in first half  rupert murdoch  as murdoch waits sky cuts operating costs to protect profits djmeg whitman  meg whitman steps down from hp board djnelson peltz  procter  gamble peltz spar on results  wsj  carlos slim  hutchisons drei buys tele to rival carlos slim in austria djdavid simon  executive pay falls for big mall owners as retail storm rages on djjeff bezos  amazons jeff bezos becomes worlds richest person djelon musk  top company news of the day djwilbur ross  more crossborder commerce more news   people and ownership     advertisement barry r horek cpa  connections  richardson electronics ltd paul j plante sigmatron international gary robert fairheadpaul j plantethomas w riecklinda k frauendorfergregory a fairheaddilip shantilal vyasdaniel p campjohn p sheehanrajesh b upadhyayahomming chang ymca of metropolitan chicago llc gary robert fairhead national association of corporate directors colorado linda k frauendorfer block shield corp plc gary robert fairhead central states joint board gary robert fairhead rieck  crotty pc thomas w rieck florida fresh vending corp paul j plante women corporate directors linda k frauendorfer popular business leaders  bernard arnault mary barra luc besson jeff bezos lloyd blankfein michael bloomberg yannick bolloré warren buffett jeanpaul clozel gary cohn marc de lacharrière jamie dimon ralph dommermuth sebastian ebel john edwards david einhorn jeff fettig mark fields carlos ghosn david henry carl icahn li kashing michel landel daniel loeb jack ma lakshmi mittal rupert murdoch elon musk peter nicholas xavier niel john paulson nelson peltz georges plassat hasso plattner thomas rabe giuseppe recchi wolfgang reitzle wilbur ross charles schwab igor sechin carlos slim pascal soriot george soros rupert stadler bernard tapie john williamson thomas wilson dieter zetsche mark zuckerberg az business leaders traderscom marketsnewsanalysisstock picksportfoliosscreenerswatchliststop  floptoolsour servicesabout surperformance sascontact usadvertiselegal informationsabout usstay connected facebooktwitterpartners börse aktien kurse und nachrichtenbest tweets copyright   surperformance all rights reserved slave barry horek   decypha sign in  welcome guest regions gcc  levant  mena  north africa gcc bahrain  kuwait  oman  qatar  saudi arabia  united arab emirates levant iraq  jordan  lebanon  palestine north africa egypt  libya  morocco  tunisia others iran  turkey  united kingdom  united states advanced search news markets companies research funds fixed income money markets commodities fx economics analysis more sign in membership customize your decypha logout welcome decypha alerts home people profiles people profile barry horek profile full name barry horek country biography on august  sigmatron international inc appointed barry r horek to the company’s board of directors for over  years barry r horek was with the designations date designation entity entity description country  sigmatron international   check all the individuals in check the list request a trial title select mr mrs ms miss dr prof first name last name job title select asset managers corporate banks investment managers wealth managers consultants  advisors legal practioners academics hedge funds private equity analysts traders equity research analysts phone company email country select afganistan albania algeria american samoa andorra angola anguilla antarctica antigua and barbuda argentina armenia aruba australia austria azerbaijan bahamas bahrain bangladesh barbados belarus belgium belize benin bermuda bhutan bolivia bosnia and herzegovina botswana bouvet island brazil british indian ocean territory brunei bulgaria burkina faso burundi cambodia cameroon canada cape verde cayman islands central african republic chad chile china christmas island cocos keeling islands colombia comoros congo cook islands costa rica cote divoire ivory coast croatia hrvatska cuba curacao cyprus czech republic czechoslovakia former denmark djibouti dominica dominican republic east timor ecuador egypt el salvador equatorial guinea eritrea estonia ethiopia falkland islands malvinas faroe islands fiji finland france france metropolitan french guiana french polynesia french southern territories gabon gambia georgia germany ghana gibraltar greece greenland grenada guadeloupe guam guatemala guernsey guinea guineabissau guyana haiti heard and mcdonald islands honduras hong kong hungary iceland india indonesia iran iraq ireland isle of man israel italy jamaica japan jersey jordan kazakhstan kenya kiribati kuwait kyrgyzstan laos latvia lebanon lesotho liberia libya liechtenstein lithuania luxembourg macau macedonia madagascar malawi malaysia maldives mali malta marshall islands martinique mauritania mauritius mayotte mexico micronesia moldova monaco mongolia montenegro montserrat morocco mozambique myanmar namibia nauru nepal netherlands netherlands antilles neutral zone new caledonia new zealand aotearoa nicaragua niger nigeria niue norfolk island north korea northern mariana islands norway oman pakistan palau palestine panama papua new guinea paraguay peru philippines pitcairn poland portugal puerto rico qatar reunion romania russia rwanda s georgia and s sandwich isls saint kitts and nevis saint lucia saint vincent and the grenadines samoa san marino sao tome and principe saudi arabia senegal serbia seychelles sierra leone singapore slovak republic slovenia solomon islands somalia south africa south korea south sudan spain sri lanka st helena st pierre and miquelon sudan suriname svalbard and jan mayen islands swaziland sweden switzerland syria taiwan tajikistan tanzania thailand togo tokelau tonga trinidad and tobago tunisia turkey turkmenistan turks and caicos islands tuvalu us minor outlying islands ussr former uganda ukraine united arab emirates united kingdom united states uruguay uzbekistan vanuatu vatican city state holy see venezuela vietnam virgin islands british virgin islands us wallis and futuna islands western sahara yemen yugoslavia zaire zambia zimbabwe comments required fields   submit already registered login attempt was not successful please try again username email password enter characters   login forget your password by job title asset managers  corporate banks  investment managers  wealth managers  consultants  advisors  legal practitioners  academics  hedge funds  private equity analysts  traders  equity research analysts by scope equity  fixed income  funds  excel  analytical tools  markets  prices  money market  news  industry  ipos  mergers  acquisitions  commodities  economics covered countries and exchanges add your company   add yourself   terms and conditions   privacy policy   about directfn copyright  directfn all rights reserved data not available login login attempt was not successful please try again username email password enter characters forget your password back to top support  feedback ask for free trial request a trial title mr mrs ms miss dr prof first name last name email phone promo code country select afganistan albania algeria american samoa andorra angola anguilla antarctica antigua and barbuda argentina armenia aruba australia austria azerbaijan bahamas bahrain bangladesh barbados belarus belgium belize benin bermuda bhutan bolivia bosnia and herzegovina botswana bouvet island brazil british indian ocean territory brunei bulgaria burkina faso burundi cambodia cameroon canada cape verde cayman islands central african republic chad chile china christmas island cocos keeling islands colombia comoros congo cook islands costa rica cote divoire ivory coast croatia hrvatska cuba curacao cyprus czech republic czechoslovakia former denmark djibouti dominica dominican republic east timor ecuador egypt el salvador equatorial guinea eritrea estonia ethiopia falkland islands malvinas faroe islands fiji finland france france metropolitan french guiana french polynesia french southern territories gabon gambia georgia germany ghana gibraltar greece greenland grenada guadeloupe guam guatemala guernsey guinea guineabissau guyana haiti heard and mcdonald islands honduras hong kong hungary iceland india indonesia iran iraq ireland isle of man israel italy jamaica japan jersey jordan kazakhstan kenya kiribati kuwait kyrgyzstan laos latvia lebanon lesotho liberia libya liechtenstein lithuania luxembourg macau macedonia madagascar malawi malaysia maldives mali malta marshall islands martinique mauritania mauritius mayotte mexico micronesia moldova monaco mongolia montenegro montserrat morocco mozambique myanmar namibia nauru nepal netherlands netherlands antilles neutral zone new caledonia new zealand aotearoa nicaragua niger nigeria niue norfolk island north korea northern mariana islands norway oman pakistan palau palestine panama papua new guinea paraguay peru philippines pitcairn poland portugal puerto rico qatar reunion romania russia rwanda s georgia and s sandwich isls saint kitts and nevis saint lucia saint vincent and the grenadines samoa san marino sao tome and principe saudi arabia senegal serbia seychelles sierra leone singapore slovak republic slovenia solomon islands somalia south africa south korea south sudan spain sri lanka st helena st pierre and miquelon sudan suriname svalbard and jan mayen islands swaziland sweden switzerland syria taiwan tajikistan tanzania thailand togo tokelau tonga trinidad and tobago tunisia turkey turkmenistan turks and caicos islands tuvalu us minor outlying islands ussr former uganda ukraine united arab emirates united kingdom united states uruguay uzbekistan vanuatu vatican city state holy see venezuela vietnam virgin islands british virgin islands us wallis and futuna islands western sahara yemen yugoslavia zaire zambia zimbabwe company job title select academics asset managers consultants  advisors corporate banks equity research analysts hedge funds investment managers legal practioners private equity analysts traders wealth managers comments required fields   submit contact us hello please use the below form for product support  feedback name   email  phone number   preferred contact method  email phone technical support x 9  9  slhopsdirectfnnet your account manager is   get a decypha membership to view this content get a decypha membership get the membership of decypha premium package to access more exciting features including advanced analytical tools and the pro  package pro  is designed keeping active investors in mind and offers a flexible framework to view information and do analysis the way you desire all you need to access these valuable features is to click on the get a membership button and submit your details to our sales team upgrade your membership account is not entitled to view this information please contact your account manager to upgrade your membership email  supportdecyphacom register to view this content decypha free registration register free with decypha and get access to realtime price information and many other features including technical scanner fundamental screener etc just click the registration button submit your details and get registered for free barry r horek  ernst  young us llp  business profiles business profile document delivery api about      companies  officers home     washington      ernst  young us llp      barry r horek account   login sign up saved  cart  barry r horek  washington  uswa   barry r horek is the partner of ernst  young us llp registered in washington save profile   details name barry r horek office held partner locations a address address on file other officers for this company jane i blodgett registered agent c micahel abdalian partner c chester abell jr partner ernest c achtien partner thomas l adams partner george edgar adkins jr partner nathan adler partner patrick h admire partner arthur m aguinek partner philip m ahern partner robert a ahrens partner junichi akiyama partner robert m albertelli jr partner david e alexander partner w don alexander partner joseph j alfirevic partner celeste v allen partner elaine t allen partner robert m allen partner robert c allen partner stephen e almassy partner j turner almond jr partner clinton a alston partner willard h altman jr partner thomas a alto partner nancy a altobello partner danny l andersen partner anthony k anderson partner craig a anderson partner jeffrey s anderson partner richard j anderson partner sarah j anderson partner stephen c anderson partner robert f anderson ii partner john r andrews partner james b anglim partner randall c anstine partner arthur f anton partner ronald m aoki partner paul e arbogast partner alex t arcady partner l patrick arceneaux partner royce s armstrong partner richard l arnett partner takashi asayama partner james v aselta partner samuel astrof partner ernest f aud jr partner delbert l auxier jr partner john c avallon partner moses awe partner john g baab partner james b bachmann partner paul t bader partner donald l bailey partner john a bailey partner mark a bainbridge partner gerard c bajada partner charles e baker partner gary h baldaeus partner dee j balle jr partner robert j ballweg jr partner stephen a baloga partner dennis r baltzley partner john s banker jr partner steven j banks partner patrick m barberich partner david k barger partner richard m barger partner william f baridon partner norman a barker partner joseph p barr partner william j barrett partner joseph a barsalona partner mark s bartlett partner thomas e barton partner gary t basil partner stephen g bassett partner michael k baty partner carl e baucum partner john a bauermartinez partner gary j baumann partner r eric baumgarten jr partner bruce m baylson partner edward b beanland partner michael f bearer partner b michael becker partner bryan a becker partner robert a bedingfield partner gregory s bednar partner larry bedrosian partner jack h behrens partner william c beisswanger partner alan d bell partner samuel p bell jr partner john a belli partner steven e belous partner gary l belske partner roy m benignus partner norbert a bennett partner p norman bennett partner charles a benson partner william j bergold partner frank a bernatowicz partner kenneth r bernstein partner george a berry jr partner mark m besca partner david m betsill partner james a betts partner brian s bianco partner paul j biehl partner richard d birk partner gary r birkenbeuel partner robert a birrell partner michael j bishko partner john w bittner jr partner roger w bjorkquist partner donald a blackwell partner thomas m blake partner jacob m blank partner dion e bledsoe partner steven h block partner stephen c blowers partner william m blume jr partner john f blust partner dwight r bly partner richard s bobrow partner h douglas bogart partner james c boland partner jeffrey p bolson partner david g bonagura partner david m bonner partner james j bonsall jr partner jay m bornstein partner mark a borsos partner james n bosserman partner billy j bostick partner allen a boston partner bruce a bouchard partner david t boule partner w james bowling partner martin j bowne partner david e boyle partner james r bradow partner francis j brady partner leslie l brandon partner kenneth a bransom partner herbert s braun partner richard w braun partner neil e bray partner paul j brazda partner paul c bremer partner richard a brent partner richard l brezovec partner louis r brill partner elliott h brilliant partner raymond j broek partner paul a brook partner michael j brosnan partner leyton b broughton partner david a brown partner kenneth c brown partner michael l brown partner robert j brown partner richard g brown jr partner espey t browning jr partner keith l brownlie partner thomas w bruett partner robert j bruns partner janet m brutschea partner charles a bryan partner h houston bryan partner stephen buckley jr partner charles o buckner partner g lawrence buhl partner steven e buller partner terry a buller partner bruce e bulloch partner anthony burke partner kenneth m burke partner james j burns partner keith r burns partner james f burton partner randolph e buseman partner charlene k butler partner t randall cain partner john p calcutt partner kirk k calhoun partner zan f calhoun partner anthony a callander partner robert c caller partner peter t cangany jr partner robert a cantor partner peter t capobianco partner john g d carden partner john j carelli partner peter s carlsen partner carol ann carlson partner f jan carnevale partner william j carpenter partner michael d carr partner charles carroll partner james w carter partner richard cartoon partner howard l carver partner charles d carver jr partner f thomas casey partner timothy r cash partner donald j caste partner felix r castillo partner dwight w catherwood partner joseph j cegala partner richard t celiberti partner robert a center partner dominick c cerbone partner anthony j cerce partner charles r chamblee partner guy d chapdelaine partner mark s chapin partner jonathan c chapman partner laurence n charney partner c frank chauvin jr partner kenneth p cherrstrom partner sharda cherwoo partner jeffrey chin partner clyde m chrisman partner david m christens partner carl h christensen partner david t christensen partner charles m chubb jr partner william h church partner michael c clark partner john b clarke partner leland j cleland partner william c coe jr partner gerald d cohen partner steven r cohn partner gary g cole partner william e cole jr partner eugene p collatz partner kenneth w colwell partner james b conley partner james p conley partner j douglas s connon partner denis s conroy partner francis a contino partner michael h convissar partner james c cook partner w hunter cook partner douglas l cooper partner keith e cooper partner robert h cooper partner ronald s cooper partner william k copier partner john j cordio partner richard d corn partner john j costello partner edmund coulson partner harvey l coustan partner alexander l cover partner david j cox partner james a cox partner john b crane partner mark g crane partner stephen p crane partner robert r crawford partner john w creamer partner jim m cross ii partner john f crowley partner john w cullins partner michael j culotta partner john w curran partner david w currie partner bruce w currier partner john f curtis partner michael r curtis partner roland o curtola jr partner michael j cussen partner albert j dalo partner jo m dancik partner b gary dando partner richard l dandurand partner thomas w danielson partner angelo p danna partner donald e danner partner steven m danowitz partner lynn j darby partner larry e darst partner larry a davenport partner james l davey partner james h david partner james r davidson partner larry d davidson partner jerry a davis partner richard r de fronzo partner timothy l de leo partner charles de lone iii partner anthony j de luca partner joseph a de splinter partner susan d de vore partner deborah de witt partner g hilton dean partner robert a del genio partner robert der partner david l des pain partner douglas l deslattes partner peter f desmond partner blake e devitt partner louis a di berardino partner salvatore p di franco partner michael s di lillo partner robert l di loreto partner james s di stasio partner lawrence h diamond partner thomas a diasio partner ronald c diegelman partner raymond v dittamore partner gary m dixon partner richard j dobkin partner daniel j dolan partner peter g dolbee jr partner gregory m dold partner marcela e donadio partner scott a donaldson partner richard c dougherty partner thomas a dougherty partner james j doyle partner michael j doyle partner arlyn j dozeman partner thomas j driscoll partner arthur g drucker partner william c drummond partner richard w dugan partner roger f dunbar partner david e duprey partner robert e duquette partner lee j dutra partner george j duva partner william m duvall partner jeffrey h dworken partner william a earon partner wayne r ebersberger partner donald n ecker partner anastasia economos partner john b edwards jr partner james o eide partner michael c eisenband partner margie a eisenstat partner robert j elam partner earl j elbert partner darrell l ellingson partner richard p elliott partner jeffrey f ellis partner robert m ellis partner william e ellis partner frank m ellmer partner mitchell p ellner partner edward t ellopoulos partner donald c ellwood partner keith b elmer partner robert a elya partner michael b embree partner robert c emde partner michael p emmert partner donald j ercole partner gregory k ericksen partner john a erickson partner michael l evans partner eugene c ezell partner thomas e fahey partner james j fanning partner neil h fanoe partner scott farb partner c paul faux partner john a felker partner jerry a felts partner alfred b fernandes jr partner michael l ferrante partner gerald l ferrari partner john f ferraro partner tikhon y ferris partner louis h feuerstein partner bernard a finkelstein partner robert m finlayson partner andrew w finley partner stephen g finn partner edward l finn iii partner a thomas finnell jr partner harvey b fireman partner robert l fischer partner john j fitzpatrick partner michael j fitzpatrick partner cecil e flamer partner edward w flanagan partner martin j flashner partner kevin m fleming partner randy g fletchall partner theodore j flocco jr partner charles r flood partner paul f flynn partner curt w fochtmann partner gerard j foley partner timothy j foley partner brian r ford partner alan l forman partner stephen b forman partner matthew e forstenhausler partner wayne f forster partner danny c fort partner robert r fournier partner david m fouts partner dean g fowler partner richard p fox partner edward fraioli partner thomas d franklin partner barry a franzen partner charles e frayer partner michael s fredlender partner dan c freeman partner john r french partner daniel l frick partner richard l frick partner ronald e frieden partner susan a frieden partner michael e friedman partner lester s fry jr partner melvin l fultz partner claude e fusco partner john t gaffney jr partner richard c gallagher partner dennis p garabedian partner harry l gardner partner karen c gardner partner daniel r garner partner robert j garner partner ronald g garrick partner eileen e garvey partner joseph m gatto partner stephen p gatto partner jonathan v gaule partner john t gawaluck partner charles t gebbia partner w kent geer ii partner douglas g geib ii partner james l george partner peter c gerali partner james r gerding partner vincent l germanese partner david gerson partner jeffrey a gerstner partner richard e gesinger partner richard h gesseck partner harvey s gettleson partner john b gianola partner william f gibbons partner michael m gibson partner michael d giese partner geoffrey m gilbert partner tery s gilbert partner robert a gilchrist partner t stephen gillespie partner michael j gillmore partner john f gilwee partner nicholas p giordano partner harvey j gitel partner alan m gittelson partner robert giusti partner james c godbout partner allan m goddard partner daniel k goldberg partner jerry t golden partner peter h goldfarb partner jerome l goldman partner marvin a goldman partner errol g golub partner karen m golz partner geoffrey p gooch partner gary g goode partner arthur i gordon partner frank j gori partner george j gorman partner jerry gorman partner samuel f gorman partner james d gottfried partner john b grace partner philip c grad partner james j grady partner john c graff partner john m graham partner joseph f grainger partner lawrence j grajewski partner dale j granacki partner leslie s granow partner hugh m grant partner christopher j grasher partner paul a grater partner michael m gray partner peter c gray partner michele greco partner janet m green partner david l greenwell partner michael f gries partner swinton a griffith iii partner timothy t griffy partner michael grobstein partner diann d gross partner robert l guido partner john w gunn partner philip j gunn partner william j guska partner james l gustavson partner donald l gutman partner richard v haar partner gerard c haas partner steven w hackett partner frank a hahn partner andrew j hajducky iii partner dennis j haley partner john k haley partner hugh r hall partner frank h hall iii partner ronald p hallagan partner scott k halliday partner philip halper partner rand b hammond partner david a hampshire partner randall c hampton partner dwight l hanger partner michael s hanley partner timothy r hannon partner richard a hanus partner larry j hardy partner terry d hardy partner lee e harkleroad iii partner carl d harnick partner james f hart partner joseph j hart jr partner charles d harvell partner marcus d harwood partner james a hassett partner w edward hastings partner james a hatch partner robert c hausen partner charles j hauser partner mark d hauser partner james m havel partner h richard haverstick jr partner daniel f hayes partner larry j haynes partner jay w heck partner richard l heidebrink partner stephen j heil partner david h hemmerling partner thomas c henderson partner stephen c henley partner robert e henley jr partner michael a henning partner paul j heran partner robert k herdman partner kenneth r herlin partner lawrence h herlong partner delbert m herman partner diane p herndon partner bradley e herrmann partner michael a herzog partner david d hickox partner a steve hidalgo partner timothy j higgins partner michael s hildreth partner scott b hill partner john s hills partner aaron hipscher partner daria s hodapp partner donald r hofflander partner stephan p hoffman partner patrick d hogan partner j roger holbrook partner l ward holdridge partner rodger l holley partner peter m holloway partner david l holman partner christopher m holmes partner david n holtze partner james k holtzman partner stephen o hook partner jeffrey r hoops partner stephen m hoover partner patrick t hopkins partner teresa a hopp partner geoffrey v hopper partner t richard horn jr partner f james horne partner harris m horowitz partner joe c horton partner alan e horwitz partner g thomas hough partner venable m houts jr partner thomas n howard partner peter w howe partner stephen r howe jr partner c kenneth howery partner n douglas hoy jr partner thomas m hudgins partner david w hughes partner h stephen hurst partner fredrick g hutchison jr partner paul j huth partner richard j hymer partner michael j inserra partner michio ishii partner gary l iverson partner james v ivy partner jim s ivy partner guy c jackson partner alan m jacobs partner p roger jahncke partner steven g james partner susan m james partner michael d jancik partner dennis p jancsy partner ray p jefferies partner edwin t jeffery partner ralph f jenkins iii partner andrew p jennings jr partner william k jensen partner david w jessen partner oscar j jimenez partner ronald j johansson partner gregory w johns partner craig s johnson partner douglas w johnson partner edward t johnson partner gary d johnson partner james l johnson partner roger a johnson partner wallace r johnson iii partner r horace johnson jr partner j randall johnston partner james w johnston partner clifford r jones partner david e jones partner richard e jones partner richard w jones partner thomas l jones partner michael s joseph partner jay c juliussen partner james r justice partner aaron s kaiser partner william j kane partner lawrence s kaplan partner john s karls partner stephen d karpf partner mark r kaspar partner jan g kasun partner steven m kates partner william i katz partner john e katzenmeyer partner jeffrey a kaufman partner richard j kaufman partner ronald u kaufman partner david j kautter partner daniel g kaye partner gary r keiser partner michael s kelley partner alan l keltner partner robert e kempenich partner william t kennedy partner michael d kenney partner robert m kenost partner mark r kercher partner thomas a kern partner donald a key partner thomas j kichler partner edward j kilbane jr partner john j kilkeary partner william l kimsey partner david l king partner douglas r king partner legrand c kirby iii partner olivia a kirk partner john m kiss partner nicholas kissel partner deborah j kissire partner william g kistner partner h dale kitchens partner thomas f kivell partner richard h klein partner robert b klein partner warren e klein partner george e klenovich partner alan l kline partner bruce e klingshirn partner peter m kloet partner martin knee partner leslie w knight jr partner joseph m knott partner thomas p knudsen partner herbert e knutson partner anthony j kolasa partner stephen j konenkamp partner william r konrad partner n robert kopecko jr partner paul koreneff partner bryan j kornreich partner timothy m kosiek partner geoffrey c koslov partner thomas g kouri partner charles r kowal partner ronald j kozich partner f gordon kraft partner raymond j kraft jr partner lewis kramer partner raymond e kramer partner richard f kraner partner barry f kroeger partner terrence p krupczak partner adrian f kruse partner niki l krutop partner john l kuhlman jr partner gerald j kuhn partner steven j kuzma partner paul s la fata partner gerald t la flamme partner donald r labrie partner abdul s lakhani partner antonio m laliberte partner ira j lamel partner thomas b lammert partner james p lamphron partner mike f lampley partner j talbot land partner wayne c landes partner allan r landon partner douglas e langenfeld partner robert a langer partner thomas m lankford partner john e lanman partner william v lapham partner richard g larsen partner timothy a larson partner philip a laskawy partner steven l laskey partner bruce n lassman partner thomas j latkovic partner thomas j laubenthal partner emanuel a lauria jr partner douglas laux partner robert w law partner james m lawlor partner william t lawrence partner charles t lawson partner spiro c lazarakis partner scott t leahy partner b carl lee partner jerry d lee partner nadine gordon lee partner kenneth b lee jr partner david w leeds partner kevin leifer partner steven j leifer partner joseph m lemaire partner richard n lemieny partner richard n lemieux partner charles a lenns partner daniel g lentz partner bernard leone partner herbert j lerner partner howard a levenson partner gary d levinbook partner alan b levine partner jay j levine partner robert s levine partner deborah j levinson partner howard l levy partner j kenyon lewis partner peter d licare partner g michael licastro partner brian p liddy partner dayton g lierley partner alan p lilholt partner richard b linklater partner robert h linn partner william j lipton partner john m little partner wallace a little partner bradley w livengood partner ronald i lobel partner richard w loehr partner joseph j lombardi partner theodore w long jr partner peter look partner daniel j love partner g william luallen partner alphonse s lucarelli partner albert d lucas partner michael a lucki partner michael g lutze partner robert w lynch partner john v lyngaas partner theodore j maag partner w barry mabry partner john f mac donald partner kevin m mac kenzie partner james r mach partner stephen c mack partner alexander h mackintosh partner james g maguire partner john j mahoney jr partner john f majors partner kenneth j malek partner sharon d maloney partner christopher d mandaleris partner jerry a mannen partner mark j manoff partner ronald j manse partner bruce j mantia partner edward r marcum partner norman marcus partner ronald d marcuson partner peter k markell partner john c markelonis partner kenneth e markley partner lester a marks partner william h marquard partner richard l marrapese partner valerie d marshall partner brian w marsharll partner charles r martin partner gregory a martin partner james f martin partner nigel j martin partner stephen c martin partner harold j masor partner douglas p mastrangeli partner melvyn t masuda partner kanji matsushita partner beverly k matthews partner vance k maultsby jr partner thomas p maurer partner michael g maxey partner paul m mayfield partner carl m mayhall partner william j mc cabe partner johnny w mc caleb partner teresa j mc canlies partner john p mc cann partner bryant m mc carthy partner david n mc clung partner matthew l mc coll partner robert t mc cormack partner william j mc cormick jr partner a michael mc cracken partner john w mc cullough partner c brent mc curdy partner thomas j mc cutcheon partner stephen e mc daniel partner william t mc dermott partner clinton d mc donnough partner m ray mc gowen partner john r mc grath partner neal t mc grath partner thomas p mc grath partner robert d mc ilhattan partner l jay mc intosh partner donald h mc iver jr partner michael v mc kay partner mark w mc keehan partner herbert w mc lachlan partner robert g mc lendon partner james h mc lennan partner eugene f mc mahon partner michael j mc millan partner william j mc namara partner michael p mc sherry partner john p mc tigue partner thomas e meckley partner valerie v meddaugh partner paul v meighan partner richard mejia jr partner martin r melone partner danny mendelson partner matthew a mendrygal partner allen j merkley partner charles m merriman partner lanier merritt partner barry b mevorach partner michael l meyer partner robert l meyer partner ronald l meyers partner gene e michaelson partner paul w middeke partner thomas l milan partner james b milholland partner david j milkosky partner brian j miller partner bruce a miller partner douglas s miller partner fredric r miller partner harold r miller partner james a miller partner john andrew miller partner richard l miller partner don p millican partner steven r mills partner william b milstead partner patrick f minan partner larry c mingledorff partner eric c minotti partner donald t misheff partner lucien p mistrot jr partner james k mitchell partner thomas j mitchell partner ray m moberg partner harvey b mogenson partner stephen a mohorich partner v sue molina partner anthony j mondoro jr partner robert s monitello partner daniel d montgomery partner j leo montgomery partner stephen n montgomery partner edward p montgomery jr partner candileigh k monzo partner bill m mooningham partner bobby r moore partner donald l moore partner lisa m mooring partner raymond glen moreau partner herbert a morey partner jack r morris partner michael f morrissey partner theodore c mortenson partner james l morton partner david l moskol partner findlay m most partner ronald t mott partner james w mottern partner vincent a moulton partner kurt h mueller partner gerald t mugnolo partner michael r mulhausen partner james p mulhern partner michael f mullen partner john h munz partner michael c murphy partner william b murphy partner john j murphy jr partner david h murray partner michael j murray partner daniel j murrin partner thomas p murry partner richard c muse partner martin nachimson partner stephen r nadeau partner george m neas partner donald l neebes partner charles j neff jr partner stephen j negrotti partner mark c nelson partner roger r nelson partner stephen t nelson partner robert g neubert partner j edd new partner danny r newcomb partner larry e newman partner mark s nexsen partner jay d nibbe partner warren r nicholson partner john f nicolai partner richard j nicoletti partner harold l nidetz partner allan m nieder partner barbara l nielsen partner richard j nigon partner richard d nijoka partner martin nissenbaum partner kevin j nixon partner j wayne norsworthy partner ernest j novak jr partner thomas c novosel partner dennis j nowak partner peter s nurczynski partner thomas r odonnell partner michael d odrobinak partner douglas h obenshain partner steven d oesterle partner barry j okoskin partner raymond a olczak partner jack h oldham partner david t olman partner james a olson partner steven c olson partner john h opdycke partner terry h orlansky partner robert r owen partner william m owens partner terrence r ozan partner alton d page partner harice r page partner andrew d painter partner william b palm partner l randall palmer partner terryl m palmer partner peter c palsen partner kenneth e papp partner michael j parma partner stephen m paroby partner richard e parrott partner norman l pasas partner james a patranzino partner george f patterson jr partner james c patton partner robert c patton partner alan g paulus partner kathleen m pawlus partner david b pearson partner mark w pearson partner paul m pearson partner james a pease partner john peck partner john g peetz jr partner eric r pelander partner james j pelletier partner daniel r pereira partner jaime pereira partner wendy s perez partner max periman partner john r perkinson partner stanley r perla partner james r peters partner douglas scott peterson partner kenneth w peterson partner timothy m peterson partner george e peterson iii partner warren w petraglia partner ronald p pettirossi partner j douglas phillips jr partner james s c phlegar jr partner christine m piatt partner robert b pickering partner craig f pickett partner james e pierce partner martin a pierce partner randall h pierce partner clifford l pike partner sidney l pilson partner john r pipski partner edwin j pisani partner donald a pizer partner ronald j piziali partner john c plavan partner kerry l plutte partner michael c poland partner dennis m polizzi partner larry j pollard partner gerard b pompan partner david g pope partner james a pope jr partner theodore r popp partner james j powell partner michael f prendergast partner joel press partner david f price partner gregory s price partner kevin i price partner donald v proper partner louis a pugliese partner dennis r purdum partner w james quigley jr partner mark a quinn partner barbara j raasch partner howard a rabinowitz partner marc a rabinowitz partner francis s radford partner milan m radonich partner john p rafferty partner michael p rafferty partner emil j ragones partner david m rainey partner l joan g rall partner richard d rathburn partner charles w rayburn partner john j reck partner brenda b rector partner david a reed partner daniel r reese partner george e reese partner conlyn w regester jr partner robert j reh partner kevin b reilly partner dale a reiss partner kenneth m reiss partner john d relic partner charles j reynolds partner carl a rhodes partner david a ricchuito partner terrence p riccio partner donald r richards partner joseph v richards jr partner timothy n richie partner thomas h richter partner charles a rider partner d joe rigsby partner robert j riley partner brian e ring partner michael a ritter partner isadore rivas partner michael a rizzo partner joseph g robbins jr partner kenneth l robin partner don a robins partner barry e robinson partner jack c robinson partner kirk n robinson partner anthony m robustelli jr partner paul v roddy partner jack r rodman partner lawrence d rodriguez partner peter rodriguez jr partner david e rogers partner w keith rollins partner kelly a rose partner howard s rosell partner gregory r ross partner james l ross partner stanley ross partner james e rossini partner charles n roth partner howard s roth partner frederick w round partner phillip g royalty partner william m ruddy partner russ j rudish partner paul l ruflin partner thomas h ryan partner james e ryan jr partner robert j sabo partner paul h sallwasser partner jane o salter partner donald b saltz partner william h sample partner michael r sanders partner steve w sanders partner john r sanderson partner peter r santori partner luigi c sasso partner david g sawaya partner michael f scarlett partner louis j scerra partner dean i schaffer partner glen a schaffert partner richard l schecter partner barry d schehr partner robert a schintzius partner george c schleier partner thomas schnellenberger partner thomas e schoenbaechier partner henry t schreyer jr partner joseph c schubert partner steven a schumm partner peter m schwab partner robert s scolnick partner thomas g scott partner christopher e scudellari partner robert m seaman partner james e searing partner james e searson partner lloyd d seese partner bryan k segedi partner john a seifarth partner larry m seigel partner robert j selder partner stephen m seliskar partner robert j sepe partner dennis serlen partner william r seto partner mark v sever partner christopher c seyfarth partner david f shanahan partner laura k shanley partner michael f shanley partner f richard shapiro partner robert h sharpenberg partner jack r shaw partner ben h shawler partner robert d shay partner john m shay jr partner howard l shearon partner matthew d shedd partner richard j shelton jr partner phillip l shemanski partner ronald b shepard partner steven h shepsman partner stephanie m shern partner lawrence r sherry partner robert h shope partner thomas j shortway partner porter r shults jr partner hyman shwiel partner john m sieber partner mary ann sigler partner ronald h silver partner joseph a silvoso ii partner charles e simon partner kenneth a simon partner roger n simpson partner tony w simpson partner judson m sinclair partner mark j sivin partner john o skelton partner thomas j skiba partner dan e slagle partner stanley d sleight partner john r smidt partner anthony w smith partner daniel c smith partner donald f smith partner gerald w smith partner jack h smith partner john e smith partner kevin m smith partner paul d smith partner raymond l smith partner travis e smith partner h raymond smith jr partner robert j snyder partner albert a snyder jr partner gary m soffer partner brian s soiref partner john f solan jr partner gregory j soukup partner john j southwick jr partner kris m spain partner william spang partner cheryl f sparkes partner douglas m sparks partner w randolph spears partner john n spencer jr partner nicholas t spina jr partner stephen h staelin partner thomas g stafford partner thomas h stagg partner ronald w stahlschmidt partner john c staley partner stephen t starbuck partner robert j starkman partner lawrence m statsky partner thomas e stazyk partner joseph n steakley partner s douglas steele partner robert w stein partner mark a stephens partner david w stettler partner martin d stevenson partner frederick r stewart partner dale e stitt partner scott a stoll partner theodore b stone partner michael g strachan partner gregory j stratis partner norman n strauss partner kirk d strawser partner robert g streit partner chris c stroup partner bruce w stump partner ralph a subbiondo partner bruce d sullivan partner mark l sullivan partner harold w sullivan jr partner gary v sutton partner l greg swan partner charles r swanson partner donald h sweeney partner robert w swegle jr partner donn a szaro partner ralph j takala partner darrell j tamosuinas partner elliot i tannenbaum partner philip m tatarowicz partner jane l taylor partner thomas w taylor partner william b taylor partner willis g telljohann partner robert h temkin partner irving j thau partner john a theis partner robert h thibault partner paul d thodeson partner c lee thomas partner james n thomas partner n scott thomas partner jerome w thomasson partner darryl l thorvilson partner john f tierney partner joseph w tillett jr partner john f tinsley partner william r titera partner james j tobin partner stephen m todd partner howard s todo partner laurence j tomsyck partner merlin c tousant partner john r towie jr partner kenneth h townsend ii partner james c tracy partner kenneth l tracy partner daniel l trampush partner michael w trapp partner kenneth l treece partner richard j treinen partner cheryl l troiano partner ben g troxler partner robert b tschudy partner george h tucker iii partner arthur f tully partner james s turley partner michael r turner partner philip m uhrhan partner robert j untracht partner miguel a valdes partner gretchen l valentine partner diana c vallis partner kenneth l vander wal partner john m varvaris partner guy a vasconcellos partner salvatore c vaudo jr partner michael e ventling partner joseph v vicidomino partner dennis vick partner michael a view partner janice i vincent partner john p vodenicker jr partner thomas d vogelsinger partner christopher d votta partner jeffrey j vrabel partner richard j wall partner george h wallace partner james d wallace partner amy wallman partner anthony j walters partner richard b walworth partner dennis j wander partner david p ward partner forrest leon ward partner mark r ward partner robert h warshauer partner william r wasco partner william h washecka partner linda b watson partner jonathan g weaver partner jeffrey l webb partner jay weber partner joseph v weber partner bernard r wedge jr partner jacob weichholz partner allan d weingarten partner wayne l welge partner john t wells jr partner mark k wennell partner james b werle partner jack h werner partner marvin wertheimer partner gary t wescombe partner richard b western partner arthur p weston partner mark h weston partner david a wheat partner timothy k whetsell partner charles k white partner randall j wichinski partner william j wieners partner kenneth j wilchfort partner john a wilgers partner michael j wilk partner bradley d williams partner donald a williams partner james a williams partner jeffrey p williams partner mark r williams partner robert j williams partner edward j williams jr partner james m williams jr partner david e willman partner ruth wilmer partner gerald b wilson partner gregory s wilson partner rex l wilson partner ronald a j wilson partner jack b wilson jr partner richard b wimmer partner robert h wingels partner robert b wingerter jr partner jaclyn a winship partner james c winter partner alvin l winterroth partner john r wise partner walter g wohigemuth partner eric m wolf partner benji h wolken partner gregory e wolski partner scott a woltemath partner richard j wood partner stuart g woodhouse partner leroy w woody partner frederick e wooldridge partner mark wovansiker partner r logan wray partner charles r wright partner jeffrey j wright partner john c wright partner major d wright jr partner herbert l wullschleger partner paul c wurst partner franklin wyman iii partner christine m yamamoto partner john j yeager partner john e yeager partner mark j yost partner michael j zarra partner ira l zecher partner steven m zelin partner gary a zell partner daniel r zeman partner john j zenga partner henry g zigtema partner richard h zucca partner home document delivery api about   business profiles inc business profile usa europe asia  pacific americas alabama alaska arizona arkansas california colorado connecticut delaware district of columbia florida georgia hawaii idaho illinois indiana iowa kansas kentucky louisiana maine maryland massachusetts michigan minnesota mississippi missouri nevada new hampshire new jersey new york north carolina north dakota ohio oklahoma oregon pennsylvania puerto rico south carolina south dakota tennessee texas utah virginia washington wyoming croatia denmark estonia finland france germany gibraltar ireland isle of man luxembourg netherlands norway poland slovenia spain sweden switzerland turkey united kingdom australia hong kong india new zealand singapore thailand canada colombia dominican republic jamaica jersey mexico nova scotia panama quebec horek barry r top holdings whalewisdom search all search f filers only search sec filer search stocks only search mgmt inv cos only etfs only search active horek barry r • elk grove village il how do i update this listing horek barry r is based out of elk grove village summary dg insider form  create email alert × email notification log in or signup to see more advanced email alert options such as selecting any type of sec form multiple filers or classes of filers and much more or to simply have an email sent to you whenever we receive a new f filing from horek barry r enter your email address below and choose submit your email cancel contact info horek barry r  landmeier road elk grove village il     business phone 9 sec sic codeprinted circuit boards recent sec filings  filed on   filed on   filed on   filed on   filed on 9 schedule d and g events since  subscription required form   nonderivative insider transactions since  loading elevate your investments try it for free