bruce j mantia  executive bio compensation history and contacts  equilar atlas   log in  sign up x   as featured in bruce j mantia board member at sigmatron international inc view full profile are you bruce j mantia claim your profile   sign up for equilar atlas and view bruce j mantias full profile with equilar atlas you can identify corporate executives in bruce j mantias network and community follow changes in bruce j mantias employment and moneyinmotion connect with bruce j mantia through your network of contacts bruce j mantias executive work history current board member sigmatron international inc past to view bruce j mantias complete executive work history sign up now education bs university of illinois at chicago age      bruce j mantias biography bruce j mantia has served as a director of the company since august  he is a shareholder of the company mr mantia has been the chairman of the compensation committee since august  mr mantia joined the accounting firm ernst  young llp in  and served ernst  young in various capacities until his retirement in june  from july  through october  mr mantia served as a consultant to ernst  young llp mr mantia provided audit services to mainly publicly held companies from  through  mr mantia was the lead partner on the audit team of the companys predecessor subsequent to  mr mantia served  read more bruce j mantia has served as a director of the company since august  he is a shareholder of the company mr mantia has been the chairman of the compensation committee since august  mr mantia joined the accounting firm ernst  young llp in  and served ernst  young in various capacities until his retirement in june  from july  through october  mr mantia served as a consultant to ernst  young llp mr mantia provided audit services to mainly publicly held companies from  through  mr mantia was the lead partner on the audit team of the companys predecessor subsequent to  mr mantia served in various roles in ernst  youngs national office including as a member of the operating committee as national director of total quality management and national director and vicechair of human resources he served as office managing partner of the stamford connecticut office from february  to june  mr mantia was a member of the chicago  olympic committee management team from november  to july  serving as its acting chief financial officer during that period mr mantia holds a bachelor of science in accounting from the university of illinois at chicago the board of directors believes mr mantias extensive business and financial background local and national management experience and his experience with the auditing of public companies make him wellqualified to serve as a director source sigmatron international inc on    sign up for equilar atlas and view bruce j mantias full profile by accessing equilar atlas you can view bios network salary and wealth events of industryleading executives like bruce j mantia more specifically youll be able to identify corporate executives in bruce j mantias network and community follow changes in bruce j mantias employment and moneyinmotion connect with bruce j mantia through your network of conections view full profile   search for over  executive profiles bio example bruce j mantia bruce j mantias connections  sign up now to view bruce j mantias  connections » daniel p camp former vice president acu�a operations sigmatron international inc rajesh b upadhyaya executive vice president west coast operations sigmatron international inc thomas w rieck board member sigmatron international inc dilip s vyas lead director sigmatron international inc barry r horek board member sigmatron international inc gary r fairhead president chief executive officer and chairman of the board sigmatron international inc linda k frauendorfer dir chief financial officer vice president finance treasurer and secretary sigmatron international inc paul j plante board member sigmatron international inc gregory a fairhead former executive vice president and assistant secretary sigmatron international inc john p sheehan former vice president director of supply chain and assistant secretary sigmatron international inc popular profiles sign up now to view more executive profiles » thomas j lynch executive chairman te connectivity ltd john j kita evp and cfo a o smith elon r musk ceo and chairman tesla david j oconnor president and ceo the madison square garden company carl g annessa evp and coo hornbeck offshore services inc × claim your profile coming soon interested in updating your biography and work history were working on making it happen well email you when this feature is available please enter valid email address done thank you for your interest ok browse executive profiles  a  b  c  d  e  f  g  h  i  j  k  l  m  n  o  p  q  r  s  t  u  v  w  x  y  z equilar homepage equilar atlas equilar insight equilar boardedge equilar engage research services knowledge network about us login �  equilar all rights reserved privacy policy  marshall street redwood city ca   phone    fax   bruce mantia   decypha sign in  welcome guest regions gcc  levant  mena  north africa gcc bahrain  kuwait  oman  qatar  saudi arabia  united arab emirates levant iraq  jordan  lebanon  palestine north africa egypt  libya  morocco  tunisia others iran  turkey  united kingdom  united states advanced search news markets companies research funds fixed income money markets commodities fx economics analysis more sign in membership customize your decypha logout welcome decypha alerts home people profiles people profile bruce mantia profile full name bruce mantia country biography the newly appointed director effective august   was bruce j mantia bruce j mantia joined the accounting firm ernst  young llp in  and designations date designation entity entity description country  sigmatron international   check all the individuals in check the list request a trial title select mr mrs ms miss dr prof first name last name job title select asset managers corporate banks investment managers wealth managers consultants  advisors legal practioners academics hedge funds private equity analysts traders equity research analysts phone company email country select afganistan albania algeria american samoa andorra angola anguilla antarctica antigua and barbuda argentina armenia aruba australia austria azerbaijan bahamas bahrain bangladesh barbados belarus belgium belize benin bermuda bhutan bolivia bosnia and herzegovina botswana bouvet island brazil british indian ocean territory brunei bulgaria burkina faso burundi cambodia cameroon canada cape verde cayman islands central african republic chad chile china christmas island cocos keeling islands colombia comoros congo cook islands costa rica cote divoire ivory coast croatia hrvatska cuba curacao cyprus czech republic czechoslovakia former denmark djibouti dominica dominican republic east timor ecuador egypt el salvador equatorial guinea eritrea estonia ethiopia falkland islands malvinas faroe islands fiji finland france france metropolitan french guiana french polynesia french southern territories gabon gambia georgia germany ghana gibraltar greece greenland grenada guadeloupe guam guatemala guernsey guinea guineabissau guyana haiti heard and mcdonald islands honduras hong kong hungary iceland india indonesia iran iraq ireland isle of man israel italy jamaica japan jersey jordan kazakhstan kenya kiribati kuwait kyrgyzstan laos latvia lebanon lesotho liberia libya liechtenstein lithuania luxembourg macau macedonia madagascar malawi malaysia maldives mali malta marshall islands martinique mauritania mauritius mayotte mexico micronesia moldova monaco mongolia montenegro montserrat morocco mozambique myanmar namibia nauru nepal netherlands netherlands antilles neutral zone new caledonia new zealand aotearoa nicaragua niger nigeria niue norfolk island north korea northern mariana islands norway oman pakistan palau palestine panama papua new guinea paraguay peru philippines pitcairn poland portugal puerto rico qatar reunion romania russia rwanda s georgia and s sandwich isls saint kitts and nevis saint lucia saint vincent and the grenadines samoa san marino sao tome and principe saudi arabia senegal serbia seychelles sierra leone singapore slovak republic slovenia solomon islands somalia south africa south korea south sudan spain sri lanka st helena st pierre and miquelon sudan suriname svalbard and jan mayen islands swaziland sweden switzerland syria taiwan tajikistan tanzania thailand togo tokelau tonga trinidad and tobago tunisia turkey turkmenistan turks and caicos islands tuvalu us minor outlying islands ussr former uganda ukraine united arab emirates united kingdom united states uruguay uzbekistan vanuatu vatican city state holy see venezuela vietnam virgin islands british virgin islands us wallis and futuna islands western sahara yemen yugoslavia zaire zambia zimbabwe comments required fields   submit already registered login attempt was not successful please try again username email password enter characters   login forget your password by job title asset managers  corporate banks  investment managers  wealth managers  consultants  advisors  legal practitioners  academics  hedge funds  private equity analysts  traders  equity research analysts by scope equity  fixed income  funds  excel  analytical tools  markets  prices  money market  news  industry  ipos  mergers  acquisitions  commodities  economics covered countries and exchanges add your company   add yourself   terms and conditions   privacy policy   about directfn copyright  directfn all rights reserved data not available login login attempt was not successful please try again username email password enter characters forget your password back to top support  feedback ask for free trial request a trial title mr mrs ms miss dr prof first name last name email phone promo code country select afganistan albania algeria american samoa andorra angola anguilla antarctica antigua and barbuda argentina armenia aruba australia austria azerbaijan bahamas bahrain bangladesh barbados belarus belgium belize benin bermuda bhutan bolivia bosnia and herzegovina botswana bouvet island brazil british indian ocean territory brunei bulgaria burkina faso burundi cambodia cameroon canada cape verde cayman islands central african republic chad chile china christmas island cocos keeling islands colombia comoros congo cook islands costa rica cote divoire ivory coast croatia hrvatska cuba curacao cyprus czech republic czechoslovakia former denmark djibouti dominica dominican republic east timor ecuador egypt el salvador equatorial guinea eritrea estonia ethiopia falkland islands malvinas faroe islands fiji finland france france metropolitan french guiana french polynesia french southern territories gabon gambia georgia germany ghana gibraltar greece greenland grenada guadeloupe guam guatemala guernsey guinea guineabissau guyana haiti heard and mcdonald islands honduras hong kong hungary iceland india indonesia iran iraq ireland isle of man israel italy jamaica japan jersey jordan kazakhstan kenya kiribati kuwait kyrgyzstan laos latvia lebanon lesotho liberia libya liechtenstein lithuania luxembourg macau macedonia madagascar malawi malaysia maldives mali malta marshall islands martinique mauritania mauritius mayotte mexico micronesia moldova monaco mongolia montenegro montserrat morocco mozambique myanmar namibia nauru nepal netherlands netherlands antilles neutral zone new caledonia new zealand aotearoa nicaragua niger nigeria niue norfolk island north korea northern mariana islands norway oman pakistan palau palestine panama papua new guinea paraguay peru philippines pitcairn poland portugal puerto rico qatar reunion romania russia rwanda s georgia and s sandwich isls saint kitts and nevis saint lucia saint vincent and the grenadines samoa san marino sao tome and principe saudi arabia senegal serbia seychelles sierra leone singapore slovak republic slovenia solomon islands somalia south africa south korea south sudan spain sri lanka st helena st pierre and miquelon sudan suriname svalbard and jan mayen islands swaziland sweden switzerland syria taiwan tajikistan tanzania thailand togo tokelau tonga trinidad and tobago tunisia turkey turkmenistan turks and caicos islands tuvalu us minor outlying islands ussr former uganda ukraine united arab emirates united kingdom united states uruguay uzbekistan vanuatu vatican city state holy see venezuela vietnam virgin islands british virgin islands us wallis and futuna islands western sahara yemen yugoslavia zaire zambia zimbabwe company job title select academics asset managers consultants  advisors corporate banks equity research analysts hedge funds investment managers legal practioners private equity analysts traders wealth managers comments required fields   submit contact us hello please use the below form for product support  feedback name   email  phone number   preferred contact method  email phone technical support x     slhopsdirectfnnet your account manager is   get a decypha membership to view this content get a decypha membership get the membership of decypha premium package to access more exciting features including advanced analytical tools and the pro  package pro  is designed keeping active investors in mind and offers a flexible framework to view information and do analysis the way you desire all you need to access these valuable features is to click on the get a membership button and submit your details to our sales team upgrade your membership account is not entitled to view this information please contact your account manager to upgrade your membership email  supportdecyphacom register to view this content decypha free registration register free with decypha and get access to realtime price information and many other features including technical scanner fundamental screener etc just click the registration button submit your details and get registered for free bruce j mantia  ernst  young llp  business profiles business profile document delivery api about      companies  officers home     washington      ernst  young llp      bruce j mantia account   login sign up saved  cart  bruce j mantia  washington  uswa9   bruce j mantia is the partner of ernst  young llp registered in washington save profile   details name bruce j mantia office held partner other officers for this company jane blodgett registered agent c chester abell jr partner ernest c achtien partner thomas l adams partner george edgar adkins jr partner nathan adler partner patrick h admire partner arthur m aguinek partner edward j ahearn partner philip m ahern partner robert a ahrens partner stephen r akers partner junihi akiyama partner robert m albertell jr partner david e alexander partner george w alexander partner w don alexander partner joseph j alfirevic partner celeste v allen partner elaine t allen partner elizabeth m allen partner robert c allen partner robert m allen partner debra c alliegro partner stephen e almassy partner j turner almond jr partner clinton a alston partner willard h altman jr partner thomas a alto partner nancy a altobello partner vimal k anand partner danny l andersen partner anthony k anderson partner craig a anderson partner donna j anderson partner jeffrey s anderson partner julia b anderson partner richard j anderson partner sarah j anderson partner stephen c anderson partner robert f anderson ii partner john r andrews partner james b anglim partner randall c anstine partner arthur f anton partner ronald m aoki partner paul e arbogast partner alex t arcady partner l patrick arceneaux partner charles r arentowicz partner royce s armstrong partner richard l arnett partner william j arnone partner takashi asayama partner james v aselta partner samuel astrof partner ernest f aud jr partner delbert l auxier jr partner john c avallon partner moses awe partner john g baab partner james b bachmann partner paul t bader partner donald l bailey partner john a bailey partner mark a bainbridge partner gerard c bajada partner charles e baker partner gary h baldaeus partner gary p baldwin partner dee j balle jr partner robert j ballweg jr partner stephen a baloga partner dennis r baltzley partner john s banker jr partner steven j banks partner patrick m barberich partner david k barger partner richard m barger partner william f baridon partner norman a barker partner barry m barovick partner joseph p barr partner james t barrett partner william j barrett partner joseph a barsalona partner mark s bartlett partner thomas e barton partner john l bartz partner gary t basil partner stephen g bassett partner michael k baty partner carl e baucum partner john a bauermartinez partner gary j baumann partner r eric baumgarten jr partner j charles bayless jr partner bruce m baylson partner edward b beanland partner michael f bearer partner scott t beatty partner b michael becker partner bryan a becker partner robert a bedingfield partner gregory s bednar partner larry bedrosian partner jack h behrens partner gary l beiske partner william c beisswanger partner brian d belchers partner alan d bell partner samuel p bell jr partner john a belli partner steven d belous partner bengt n bengtson partner roy m benigus partner norbert a bennett partner p norman bennett partner charles a benson partner michael j berent partner william j bergold partner frank a bernatowicz partner richmond g bernhardt iii partner kenneth r bernstein partner george a berry jr partner mark m besca partner david m betsill partner james a betts partner brian s bianco partner barry j bidjarano partner paul j biehl partner richard d birk partner gary r birkendeuel partner robert a birrell partner michael j bishko partner john w bittner jr partner roger w bjorkquist partner donald a blackwell partner leslie b blair partner thomas m blake partner jerred g blanchard jr partner jacob m blank partner dion e bledsoe partner steven h block partner robert j blondin partner stewart m bloom partner stephen c blowers partner william m blume jr partner john f blust partner dwight r bly partner richard s bobrow partner mark a bockeloh partner h douglas bogart partner ann s boland partner james c boland partner frederick a bollin partner jeffrey p bolson partner david g bonagura partner james d bond partner david m bonner partner james j bonsall jr partner jay m bornstein partner mark a borsos partner james n bosserman partner billy j bostick partner allen a boston partner bruce a bouchard partner david t boule partner w james bowling partner martin j bowne partner david e boyle partner james r bradow partner francis j brady partner leslie l brandon partner kenneth a bransom partner herbert s braun partner richard w braun partner neil e bray partner paul j brazda partner paul c bremer partner richard a brent partner richard l brezovec partner louis r brill partner elliott h brilliant partner george h bristol partner raymond j broek partner paul a brook partner michael j brosnan partner leyton b broughton partner david a brown partner kenneth c brown partner kris l brown partner michael l brown partner robert j brown partner richard g brown jr partner espey t browning jr partner keith l brownlie partner thomas w bruett partner thomas p brunetto partner robert j bruns partner janet m brutschea partner charles a bryan partner h houston bryan partner carolyn m buckluce partner michael p buckley partner stephen buckley jr partner charles o buckner partner g lawrence buhl partner steven e buller partner terry a buller partner bruce e bulloch partner henry s burgess partner anthony burke partner c william burke partner kenneth m burke partner james j burns partner keith r burns partner m chase burritt partner james f burton partner randolph e buseman partner thoams f bussa partner charlene k butler partner t randall cain partner john p calcutt partner kirk k calhoun partner zan f calhoun partner anthony a callander partner robert c caller partner peter t cangany jr partner robert a cantor partner peter t capobianco partner john g d carden partner john j carelli partner peter s carlsen partner carol ann carlson partner f jan carnevale partner william j carpenter partner jeffrey l carr partner michael d carr partner charles carroll partner james w carter partner richard cartoon partner howard l carver partner charles d carver jr partner f thomas casey partner timothy r cash partner donald j caste partner felix r castillo partner dwight w catherwood partner joseph j cegala partner miguel o cela partner richard t celiberti partner robert a center partner dominick c cerbone partner anthony j cerce partner charles r chamblee partner guy d chapdelaine partner mark s chapin partner jonathan c chapman partner laurence n charney partner c frank chauvin jr partner kenneth p cherrstrom partner sharda cherwoo partner frederick e chin partner jeffrey chin partner clyde m chrisman partner david m christens partner carl h christensen partner david t christensen partner charles m chubb jr partner william h church partner michael c clark partner john b clarke partner leland j cleland partner michael d clodfelter partner william c coe jr partner gerald d cohen partner lanny s cohen partner robert g cohen partner stephen a cohen partner steven r cohn partner gary g cole partner william e cole jr partner eugene p collatz partner kenneth w colwell partner thomas m compernolle partner thomas g confar partner james p conley partner james b conley partner j douglas connon partner denis s conroy partner francis a contino partner michael h convissar partner robert p conway partner james c cook partner w hunter cook partner douglas l cooper partner keith e cooper partner richard v l cooper partner robert h cooper partner ronald s cooper partner william k copier partner robert b coplan partner darrell g coppin partner john j cordio partner richard d corn partner michael a costa partner john j costello partner edmund coulson partner harvey l coustan partner alexander l cover partner david j cox partner james a cox partner john b crane partner mark g crane partner stephen p crane partner robert r crawford partner john w creamer partner timothy r crichfield partner robert j crnkovich partner jim m cross ii partner john f crowley partner john w cullins partner michael j culotta partner john w curran partner david w currie partner bruce w currier partner john f curtis partner michael r curtis partner roland o curtola jr partner michael j cussen partner albert j dalo partner jo m dancik partner b gary dando partner richard l dandurand partner thomas w danielson partner angelo p danna partner donald e danner partner steven m danowitz partner garet h danvers partner lynn j darby partner larry a darst partner larry a davenport partner james l davey partner james h david partner james r davidson partner larry d davidson partner jerry a davis partner richard r de fronzo partner christine a de houske partner timothy l de leo partner anthony j de luca partner joseph a de splinter partner deborah de witt partner g hilton dean partner stephen m deedy partner robert a del genio partner charles delone iii partner robert der partner john w derse jr partner douglas l deslattes partner peter f desmond partner david l despain partner blake e devitt partner john f devlin partner susan d devore partner salvatore p di franco partner lawrence h diamond partner thomas a diasio partner louis a diberardino partner ronald c diegeiman partner michael s dilillo partner robert l diloreto partner james s distasio partner raymond v dittamore partner gary m dixon partner richard j dobkin partner william d doino partner daniel j dolan partner peter g dolbee jr partner gregory m dold partner marcela e donadio partner scott a donaldson partner timothy g doss partner thomas a dougherty partner peter j dowd partner alan f dowling partner james j doyle partner michael j doyle partner arlyn j dozeman partner robert e dragoo jr partner thomas j driscoll partner arthur g drucker partner william c drummond partner andrew j dubroff partner stephen j duffy partner richard w dugan partner roger f dunbar partner gerald s dunn partner james e dunn jr partner david e duprey partner robert e duquette partner j peter duran partner lee j dutra partner george j duva partner william m duvall partner jeffrey h dworken partner william a earon partner wayne r ebersberger partner donald n ecker partner anastasia economos partner john b edwards jr partner michael e egan partner michael c eisenband partner robert j elam partner earl j elbert partner james o elde partner darrell l ellingson partner richard p elliott partner jeffrey f ellis partner robert m ellis partner william e ellis partner frank m ellmer partner mitchell p ellner partner edward t ellopoulos partner donald c ellwood partner keith b elmer partner margie a elsenstat partner robert a elya partner michael b embree partner robert c emde partner michael p emmert partner eugene r erbstoesser partner donald j ercole partner gregory k ericksen partner donald a erickson partner john a erickson partner kenneth a eshak partner jay h espovich partner louis a esserman partner michael l evans partner robert j evans partner eugene c ezell partner thomas e fahey partner james j fanning partner neil h fanoe partner scott farb partner john j farrell partner james l farris partner c paul faux partner robert b feinberg partner john a felker partner jerry a felts partner alfred b fernandes jr partner michael l ferrante partner gerald l ferrari partner john f ferraro partner tikhon y ferris partner louis h feuerstein partner bernard a finkelstein partner robert m finlayson partner andrew w finley partner stephen g finn partner edward l finn iii partner a thomas finnell jr partner harvey b fireman partner robert l fischer partner thomas e fitz jr partner john j fitzpatrick partner michael j fitzpatrick partner cecil e flamer partner edward w flanagan partner martin j flashner partner kevin m fleming partner randy g fletchall partner theodore j flocco jr partner charles r flood partner jeffrey t flowers partner paul f flynn partner curt w fochtmann partner gerard j foley partner timothy j foley partner brian r ford partner elizabeth m ford partner alan l forman partner stephen b forman partner matthew e forstenhausler partner wayne f forster partner danny c fort partner sami h fouad partner robert r fournier partner david m fouts partner dean g fowler partner richard p fox partner edward fraioli partner thomas d franklin partner barry a franzen partner charles e frayer partner michael s fredlender partner mark j freedman partner dan c freeman partner james l freer partner john r french partner daniel l frick partner richard l frick partner john r fridley partner ronald e frieden partner susan a frieden partner michael e friedman partner ronald e friedman partner steven m friedman partner lester s fry jr partner michael d fuhrman partner melvin l fultz partner stephen l furry partner claude e fusco partner john t gaffney jr partner douglas m galin partner richard c gallagher partner dennis p garabedian partner harry l gardner partner karen c gardner partner daniel r garner partner robert j garner partner ronald g garrick partner elleen e garvey partner joseph m gatto partner stephen p gatto partner jonathan v gaule partner john t gawaluck partner charles t gebbia partner w kent geer ii partner douglas g geib ii partner james l george partner peter c gerall partner james r gerding partner vincent l germanese partner david gerson partner jeffrey a gerstner partner richard e gesinger partner richard h gesseck partner harvey s gettleson partner paul a gewirtz partner e neil gholson partner john b gianola partner james a giardina partner william f gibbons partner brian b gibney partner michael m gibson partner michael d giese partner geoffrey m gilbert partner robert a gilchrist partner t stephen gillespie partner marilyn l gillette partner michael j gillmore partner john f gilwee partner nicholas p giordano partner harvey j gitel partner alan m gittelson partner robert giusti partner james c godbout partner allan m goddard partner daniel k goldberg partner jerry t golden partner peter h goldfarb partner ellen f goldman partner jerome l goldman partner marvin a goldman partner errol g golub partner karen m golz partner geoffrey p gooch partner gary g goode partner christopher s gopal partner michael j goran partner arthur i gordon partner frank j gori partner george j gorman partner samuel f gorman partner jeffrey b gotlinger partner james d gottfried partner roger j goulette partner john b grace partner philip c grad partner james j grady partner john c graff partner john m graham partner joseph f grainger partner lawrence j grajewski partner dale j granacki partner leslie s granow partner hugh m grant partner christopher j grasher partner paul a grater partner michael m gray partner peter c gray partner michele greco partner janet m green partner michael d green partner jeffrey r greene partner david l greenwell partner michael f gries partner swinton a griffith iii partner timothy t griffy partner michael grobstein partner diann d gross partner robert l guido partner john w gunn partner philip j gunn partner william j guska partner james l gustavson partner donald l gutman partner richard v haar partner edward l haas partner gerard c haas partner steven w hackett partner john f hackmann partner frank a hahn partner andrew j hajducky iii partner dennis j haley partner john k haley partner hugh r hall partner frank h hall iii partner ronald p hallagan partner scott k halliday partner philip halper partner donald d hamilton partner william p hammer jr partner rand b hammond partner david a hampshire partner randall c hampton partner deanne w handron partner dwight l hanger partner michael s hanley partner timothy r hannon partner richard a hanus partner larry j hardy partner terry d hardy partner lee e harkleroad iii partner carl d harnick partner james r harrison partner steven a harrold partner james f hart partner joseph j hart jr partner gregory k hartline partner william f hartman partner charles d harvell partner marcus d harwood partner james a hassett partner w edward hastings partner james a hatch partner p michael hattery partner donald e hauschild partner robert c hausen partner charles j hauser partner mark d hauser partner james m havel partner h richard haverstick jr partner daniel f hayes partner kevin j p hayes partner larry j haynes partner steven j hays partner elizabeth b healy partner jay w heck partner john l heffron iii partner mark b hefner partner richard l heidebrink partner stephen j heil partner jeffrey j held partner michael r helft partner david h hemmerling partner thomas c henderson partner scott s henkel partner stephen c henley partner robert e henley jr partner michael a henning partner dennis r henry partner stephen w heotaky partner william s herald partner paul j heran partner robert k herdman partner kenneth r herlin partner lawrence h herlong partner delbert m herman partner diane p herndon partner bradley e herrmann partner ernest a hershey iii partner francis g hertz partner michael a herzog partner david d hickox partner a steve hidalgo partner timothy j higgins partner michael s hildreth partner scott b hill partner john s hills partner pamela s hinz partner aaron hipscher partner william r hirsch partner d jeffrey hirschberg partner daria s hodapp partner donald r hofflander partner stephan p hoffman partner patrick d hogan partner robert d hogan partner joseph h hohner partner j roger holbrook partner l ward holdridge partner rodger l holley partner peter m holloway partner david l holman partner christopher m holmes partner david n holtze partner james k holtzman partner arlene a honbo partner stephen o hook partner jeffrey r hoops partner stephen m hoover partner mark a hopkins partner patrick t hopkins partner teresa a hopp partner geoffrey v hopper partner barry r horek partner fred t horn partner t richard horn jr partner f james horne partner harris m horowitz partner joe c horton partner alan e horwitz partner g thomas hough partner venable m houts jr partner thomas n howard partner donald a howarth partner peter w howe partner stephen r howe jr partner c kenneth howery partner brian t howes partner n douglas hoy jr partner matthew k hudes partner thomas m hudgins partner robert e huff partner david w hughes partner william f hunter partner h stephen hurst partner fredrick g hutchison jr partner paul j huth partner richard j hymer partner minoru ihara partner stephen ingram partner michael j inserra partner michio ishii partner gary l iverson partner james v ivy partner jim s ivy partner guy c jackson partner alan m jacobs partner terry a jacobs partner william r jacquot partner p roger jahncke partner steven g james partner susan m james partner james f jancik partner dennis p jancsy partner michael d janick partner ray p jefferies partner edwin t jeffery partner ralph f jenkins iii partner andrew p jennings jr partner william k jensen partner david w jessen partner robert j jessen partner oscar j jimenez partner ronald j johansson partner gregory w johns partner craig s johnson partner david m johnson partner douglas w johnson partner edward t johnson partner james l johnson partner kenneth l johnson partner roger a johnson partner wallace r johnson iii partner r horace johnson jr partner j randall johnston partner james w johnston partner richard p johnston partner clifford r jones partner david e jones partner richard w jones partner richard e jones partner thomas l jones partner david l jordan partner michael s joseph partner jay c juliussen partner james r justice partner aaron s kaiser partner allen a kalkstein partner carl h kane partner william j kane partner jonathan h kaplan partner lawrence s kaplan partner john s karls partner stephen d karpf partner john e karr partner mark r kaspar partner jan g kasun partner steven m kates partner william i katz partner john e katzenmeyer partner kenneth a katzif partner jeffrey a kaufman partner richard j kaufman partner ronald u kaufman partner david j kautter partner daniel g kaye partner gary r keiser partner michael s kelley partner michael j kelly partner alan l keltner partner robert e kempenich partner william t kennedy partner michael d kenney partner sean d kenny partner robert m kenost partner mark r kercher partner thomas a kern partner alan kessler partner donald a key partner thomas j kichler partner edward j kilbane jr partner john j kilkeary partner william l kimsey partner david l king partner douglas r king partner william a king jr partner legrand c kirby iii partner olivia a kirk partner john m kiss partner nicholas kissel partner kerry w kissinger partner deborah j kissire partner william g kistner partner h dale kitchens partner thomas f kivell partner richard h klein partner robert b klein partner warren e klein partner edward j kleinow partner george e klenovich partner alan l kline partner bruce e klingshirn partner peter m kloet partner martin knee partner leslie w knight jr partner joseph m knott partner thomas p knudsen partner herbert e knutson partner anthony j kolasa partner stephen j konenkamp partner peter r kongstvedt partner william r konrad partner jodie kontowicz partner charles f koontz partner n robert kopecko jr partner paul koreneff partner bryan j kornreich partner alan a kortesoja partner timothy m kosiek partner geoffrey c koslov partner thomas g kouri partner charles r kowal partner ronald j kozich partner f gordon kraft partner raymond j kraft jr partner gregory l kramer partner lewis kramer partner raymond e kramer partner richard f kraner partner rae m krelitz partner barry f kroeger partner terrence p krupczak partner adrian f kruse partner niki l krutop partner robert c kryvicky partner ronald t kuehn partner john l kuhlman jr partner gerald j kuhn partner steven j kuzma partner paul s la fata partner gerald t la flamme partner dominic c la valla partner donald r labrie partner john d ladley partner abdul s lakhani partner antonio m laliberte partner ira j lamel partner thomas b lammert partner james p lamphron partner mike f lampley partner j talbot land partner wayne c landes partner allan r landon partner douglas e langenfeld partner robert a langer partner thomas m lankford partner john e lanman partner william v lapham partner richard g larsen partner timothy a larson partner philip a laskawy partner steven l laskey partner bruce n lassman partner thomas j latkovic partner thomas j laubenthal partner emanuel a lauria jr partner douglas laux partner robert w law partner james m lawlor partner philip j lawrence partner william t lawrence partner charles t lawson partner spiro c lazarakis partner scott t leahy partner b carl lee partner jerry d lee partner nadine gordon lee partner kenneth b lee jr partner david w leeds partner tom e leib partner kevin leifer partner steven j leifer partner william b leisy partner joseph m lemaire partner richard n lemieux partner charles a lenns partner daniel g lentz partner bernard leone partner herbert j lerner partner w arthur letzler partner howard a levenson partner gary d levinbook partner alan b levine partner jay j levine partner robert s levine partner deborah j levinson partner howard l levy partner j kenyon lewis partner peter d licare partner g michael licastro partner brian p liddy partner dayton g lierley partner carl d liggio partner alan p lilholt partner thomas g lindeman partner orin m linden partner david g lindsay partner richard b linklater partner robert h linn partner edward h lipson partner william j lipton partner john m little partner wallace a little partner bradley w livengood partner ronald i lobel partner richard w loehr partner joseph j lombardi partner theodore w long jr partner peter look partner daniel j love partner randall k love partner g william luallen partner alphonse s lucarelli partner albert d lucas partner michael a lucki partner michael g lutze partner robert w lynch partner john v lyngaas partner theodore j maag partner w barry mabry partner w james mac ginnitie partner john f macdonald partner james r mach partner stephen c mack partner kevin m mackenzie partner alexander h mackintosh partner anthony d madrigale partner richard w mager partner james g maguire partner kevin m mahanay partner john j mahoney jr partner john f majors partner kenneth j malek partner sharon d maloney partner christopher d mandaleris partner jerry a mannen partner mark j manoff partner ronald j manse partner roy a mapps partner edward r marcum partner norman marcus partner ronald d marcuson partner peter k markell partner john c markelonis partner kenneth e markley partner lester a marks partner william h marquard partner richard l marrapese partner brian w marshall partner valerie d marshall partner alex a martignago partner charles r martin partner gregory a martin partner james f martin partner james l martin partner nigel j martin partner stephen c martin partner marc s martinez partner robert j mason partner harold j masor partner douglas p mastrangeli partner melvyn t masuda partner bernard f mathaisel partner john e matson partner kanji matsushita partner beverly k matthews partner vance k maultsby jr partner thomas p maurer partner michael g maxey partner paul m mayfield partner carl m mayhall partner catherine m mazanec partner clive a mc allister partner william j mc cabe partner johnny w mc caleb partner scott a mc callister partner teresa j mc canlies partner john p mc cann partner bryant m mc carthy partner david n mc clung partner matthew l mc coll partner robert t mc cormack partner william j mc cormick jr partner a michael mc cracken partner john t mc creadie partner john w mc cullough partner c brent mc curdy partner thomas j mc cutcheon partner stephen e mc daniel partner william t mc dermott partner clinton d mc donnough partner donald d mc entee partner john p mc govern partner patricia a mc govern partner m ray mc gowen partner john r mc grath partner neal t mc grath partner thomas p mc grath partner robert d mc ilhattan partner l jay mc intosh partner michael v mc kay partner michael j mc kee partner mark w mc keehan partner john a mc kinley jr partner herbert w mc lachlan partner s michael mc laughlin partner robert g mc lendon partner james h mc lennan partner eugene f mc mahon partner michael j mc millan partner rick d mc nabb partner william j mc namara partner john v mc nevin partner michael p mc sherry partner john p mc tigue partner donald h mciver jr partner thomas e meckley partner valerie v meddaugh partner pravesh mehra partner paul v meighan partner richard mejia jr partner martin r melone partner danny mendelson partner matthew a mendrygal partner martha j mengwasser partner allen j merkley partner charles m merriman partner lanier merritt partner barry b mevorach partner christopher a meyer partner michael l meyer partner robert l meyer partner ronald l meyers partner gene e michaelson partner paul w middeke partner thomas l milan partner bruce r miles partner james b milholland partner david j milkosky partner benjamin w miller partner brian j miller partner bruce a miller partner douglas s miller partner frederic r miller partner harold r miller partner james a miller partner john andrew miller partner richard l miller partner don p millican partner steven r mills partner william b milstead partner patrick f minan partner larry c mingledorff partner eric c minotti partner donald t misheff partner lucien p mistrot jr partner brian l mitchell partner james k mitchell partner thomas j mitchell partner ray m moberg partner harvey b mogenson partner stephen a mohorich partner samuel a mohr partner v sue molina partner anthony j mondoro jr partner robert s monitello partner daniel d montgomery partner j leo montgomery partner stephen n montgomery partner edward p montgomery jr partner candileigh k monzo partner g mike mooney partner bill m mooningham partner bobby r moore partner donald l moore partner paul h moore partner lisa m mooring partner raymond glen moreau partner herbert a morey partner gregory k morris partner jack r morris partner michael f morrissey partner theodore c mortenson partner chris o morton partner james l morton partner kenneth j morton partner david l moskol partner findlay m most partner ronald t mott partner james w mottern partner vincent a moulton partner john e moyer partner kurt h mueller partner gerald t mugnolo partner michael r mulhausen partner james j mulherin partner james p mulhern partner michael f mullen partner john h munz partner michael c murphy partner william b murphy partner john j murphy jr partner david h murray partner michael j murray partner thomas p murray partner daniel j murrin partner james j musca ii partner richard c muse partner bruce t myers partner martin nachimson partner john g nackel partner stephen r nadeau partner richard a namerow partner steven p napier partner john c narvell partner george m neas partner donald l neebes partner charles j neff jr partner stephen j negrotti partner john v nelson partner mark c nelson partner roger r nelson partner stephen t nelson partner francis j nemia partner robert g neubert partner thomas s neubig partner c lydon neumann partner j edd new partner danny r newcomb partner larry e newman partner mark s nexsen partner jay d nibbe partner warren r nicholson partner john f nicolai partner richard j nicoletti partner harold l nidetz partner allan m nieder partner barbara l nielsen partner richard j nigon partner richard d nijoka partner martin nissenbaum partner kevin j nixon partner kevin c nolan partner kenneth e norland partner j wayne norsworthy partner ernest j novak jr partner thomas c novosel partner dennis j nowak partner peter s nurczynski partner kathleen t oconnell partner thomas r odonnell partner michael d odrobinak partner robert r ohaver partner douglas h obenshain partner kathryn a oberly partner steven d oesterle partner barry j okoskin partner raymond a olczak partner jack h oldham partner david t olman partner e odgers olsen jr partner james a olson partner mark w olson partner steven c olson partner john h opdycke partner terry h orlansky partner paul j ostling partner robert r owen partner william m owens partner terrence r ozan partner alton d page partner harice r page partner andrew d painter partner william b palm partner l randall palmer partner terryl m palmer partner peter c palsen partner kenneth e papp partner john s parkinson partner michael j parma partner stephen m paroby partner richard e parrott partner norman l pasas partner frank s paterno partner james a patranzino partner george f patterson jr partner james c patton partner michael f patton partner robert c patton partner alan g paulus partner kathleen m pawlus partner david b pearson partner mark w pearson partner mary frances pearson partner paul m pearson partner james a pease partner john peck partner john g peetz jr partner eric r pelander partner hughes p m pelen partner james j pelletier partner mark l penkhus partner john l pepe partner daniel r pereira partner jaime pereira partner wendy s perez partner john r perkinson partner stanely r perla partner max perlman partner kenneth i perlstein partner harold w perry partner jeffrey a perry partner james r peters partner charles d petersen partner douglas scott peterson partner kenneth w peterson partner timothy m peterson partner george e peterson iii partner warren w petragila partner ronald p pettirossi partner michael g pfeifer partner tamara l phelan partner j douglas phillips jr partner james s c phlegar jr partner robert b pickering partner craig f pickett partner martin a piece partner james e pierce partner randall h pierce partner clifford l pike partner sidney l pilson partner john r pipski partner edwin j pisani partner donald a pizer partner ronald j piziali partner christine m platt partner john c plavan partner dimitri a plionis partner kerry l plutte partner michael c poland partner dennis m polizzi partner larry j pollard partner gerard b pompan partner david g pope partner james a pope jr partner theodore r popp partner linda k portner partner john d povolny partner james j powell partner michael j powers partner michael f prendergast partner joel press partner david f price partner gregory s price partner kevin i price partner donald v proper partner louis a pugliese partner dennis r purdum partner perry d quick partner w james quigley jr partner mark a quinn partner barbara j raasch partner howard a rabinowitz partner marc a rabinowitz partner francis s radford partner milan m radonich partner john p rafferty partner michael p rafferty partner j dale ragone partner emil j ragones partner david m rainey partner l joan g rall partner mark a rankin partner richard d rathburn partner thomas r rauh partner charles w rayburn partner john j reck partner brenda b rector partner lewis b redd partner david a reed partner daniel r reese partner george e reese partner conlyn w regester jr partner robert j reh partner kevin b reilly partner dale a reiss partner kenneth m reiss partner john d relic partner charles j reynolds partner carl a rhodes partner david a ricchuito partner terrence p riccio partner michael r rice partner donald r richards partner joseph v richards jr partner timothy n richie partner thomas h richter partner philip d ridenour partner charles a rider partner timothy p ridge partner ronald g riffle iii partner d joe rigsby partner robert j riley partner brian e ring partner michael a ritter partner isadore rivas partner michael a rizzo partner joseph g robbins jr partner philip d robers partner james n roberts partner kenneth l robin partner don a robins partner barry e robinson partner daniel r robinson partner jack c robinson partner kirk n robinson partner anthony l robustelli jr partner paul v roddy partner jack r rodman partner lawrence d rodriguez partner peter rodriguez jr partner david e rogers partner philip rogers partner w keith rollins partner anthony j romanosky partner john p romney partner kelly a rose partner howard s rosell partner louis i rosen partner gregory r ross partner james l ross partner stanley ross partner robert w rossettie partner patrick j rossignol partner james e rossini partner charles n roth partner howard s roth partner frederick w round partner phillip g royalty partner joseph b rubin partner william t ruckle partner william m ruddy partner russ j rudish partner henry c ruempler partner paul l ruflin partner richard n runes partner nowell e rush partner thomas h ryan partner james e ryan jr partner francis p sabatini partner robert j sabo partner lee a sage partner fernando a salgado partner paul h sallwasser partner jane o salter partner donald b saltz partner william h sample partner michael r sanders partner steve w sanders partner john r sanderson partner peter r santori partner james r sass partner luigi c sasso partner mark savory partner david g sawaya partner michael f scarlett partner louis j scerra partner bertram j schaeffer partner dean i schaffer partner glen a schaffert partner richard l schecter partner barry d schehr partner richard h scherger partner robert a schintzius partner george c schleier partner thomas f schnellenberger partner thomas e schoenbaechler partner kent j schreiner partner henry t schreyer jr partner joseph c schubert partner steven a schumm partner peter m schwab partner robert s scolnick partner thomas g scott partner christpher e scudellari partner robert m seaman partner james e searing partner james e searson partner lloyd d seese partner bryan k segedi partner john a seifarth partner larry m seigel partner robert j selder partner stephen m seliskar partner robert j sepe partner john h sequeira partner dennis serlen partner william r seto partner mark v sever partner christopher c seyfarth partner david l shafer partner denver l shaffer partner thomas k shaffert partner david f shanahan partner laura k shanley partner michael f shanley partner f richard shapiro partner richard j shapiro partner robert h sharpenberg partner jack r shaw partner ben h shawler partner robert d shay partner john m shay jr partner thomas e shea partner howard l shearon partner matthew d shedd partner richard l sheely partner richard j shelton jr partner philip l shemanski partner ronald b shepard partner steven h shepsman partner stephanie m shern partner lawrence r sherry partner robert h shope partner thomas j shortway partner david shpilberg partner william l shulby partner porter r shults jr partner hyman shwiel partner john m sieber partner mary ann sigler partner ronald h silver partner joseph a silvoso ii partner brian f simmons partner charles e simon partner john douglas simon partner kenneth a simon partner roger n simpson partner tony w simpson partner judson m sinclair partner rod l sipe partner mark j sivin partner john o skelton partner thomas j skiba partner dan e slagle partner stanley d sleight partner john r smidt partner j neil smiley partner ann rochelle smith partner anthony w smith partner daniel c smith partner david e smith partner donald f smith partner gerald w smith partner jack h smith partner john e smith partner john j smith partner kevin m smith partner lee m smith partner mark b smith partner mark a smith partner paul d smith partner raymond l smith partner stephen b smith partner travis e smith partner h raymond smith jr partner robert j snyder partner albert a snyder jr partner gary m soffer partner brian s soiref partner john f solan jr partner gregory j soukup partner john j southwick jr partner kris m spain partner william spang partner cheryl f sparkes partner douglas m sparks partner w randolph spears partner paul d spence partner john n spencer jr partner dale a spiegel jr partner nicholas t spina jr partner john d spinetto partner maureen a spivack partner stephen h staelin partner thomas g stafford partner thomas h stagg partner ronald w stahlschmidt partner john c staley partner robert stanojev partner stephen t starbuck partner robert j starkman partner lawrence m statsky partner thomas e stazyk partner joseph n steakley partner s douglas steele partner robert w stein partner mark a stephens partner david w stettler partner martin d stevenson partner frederick r stewart partner dale e stitt partner scott a stoll partner theodore b stone partner kevin r stout partner michael g strachan partner gregory j stratis partner mark x stratman partner norman n strauss partner kirk d strawser partner robert g streit partner james f strother partner chris c stroup partner bruce w stump partner ralph a subbiondo partner herbert j sue partner gregory l suller partner bruce d sullivan partner mark l sullivan partner harold w sullivan jr partner michael l suthard partner gary v sutton partner l greg swan partner charles r swanson partner donald h sweeney partner robert w swegle jr partner dean o swisher partner donn a szaro partner hiroshi takahashi partner ralph j takala partner darrell j tamosuinas partner diane t tanking partner elliot i tannenbaum partner jeffery p tarte partner philip m tatarowicz partner jane l taylor partner thomas w taylor partner william b taylor partner willis g telljohann partner robert h temkin partner amelia t tess partner irving j thau partner john a theis partner robert h thibault partner donald j thieme partner jerome p thode partner paul d thodeson partner c lee thomas partner james n thomas partner n scott thomas partner arthur f thomas jr partner jerome w thomasson partner darryl l thorvilson partner john f tierney partner david a tierno partner jospeh w tillett jr partner john f tinsley partner william r titera partner james j tobin partner stephen m todd partner howard s todo partner jeffrey m tolin partner laurence j tomsyck partner david i toof partner jay e toole partner merlin c tousant partner john r towle jr partner kenneth h townsend ii partner james c tracy partner kenneth l tracy partner daniel l trampush partner bruce s tranen partner michael w trapp partner kenneth l treece partner richard j treinen partner cheryl l troiano partner ben g troxler partner robert b tschudy partner george h tucker iii partner arthur f tully partner james s turley partner michael r turner partner gene r tyndall partner philip m uhrhan partner robert j untracht partner miguel a valdes partner gretchen l valentine partner diana c vallis partner gary van der linden partner mark a van sumeren partner kenneth l vander wal partner john m varvaris partner guy a vasconcellos partner salvatore c vaudo jr partner michael e ventling partner joseph v vicidomino partner dennis vick partner michael a view partner janice i vincent partner steven m visner partner john p vodenicker jr partner thomas d vogelsinger partner gary c von glinow partner christopher d votta partner jeffrey j vrabel partner james t walb partner richard j wall partner george h wallace partner james d wallace partner richard c walleigh partner michael f walling partner amy wallman partner anthony j walters partner richard b walworth partner dennis j wander partner david p ward partner forrest leon ward partner mark r ward partner terrell p warnberg partner robert h warschauer partner dale l wartluft partner william r wasco partner william h washecka partner linda b watson partner jonathan g weaver partner jeffrey l webb partner jay weber partner joseph v weber partner bernard r wedge jr partner jacob weichholz partner allan d weingarten partner bruce h weinrib partner wayne l welge partner john t wells jr partner mark k wennell partner james b werle partner jack h werner partner marvin wertheimer partner gary t wescombe partner richard b western partner arthur p weston partner catherine m weston partner mark h weston partner david a wheat partner timothy k whetsell partner robert d whinery jr partner charles k white partner daniel e white partner randall j wichinski partner william j wieners partner kenneth j wilchfort partner john a wilgers partner michael j wilk partner bradley d williams partner donald a williams partner james a williams partner jeffrey p williams partner mark r williams partner robert j williams partner edward j williams jr partner james m williams jr partner timothy d williamson partner david e willman partner john m wills partner gerald b wilson partner gregory s wilson partner ian p wilson partner peter a wilson partner rex l wilson partner ronald a j wilson partner jack b wilson jr partner ruth wimer partner richard b wimmer partner robert h wingels partner robert b wingerter jr partner jaclyn a winship partner james c winter partner alvin l winterroth partner john r wise partner sandra wisener partner walter g wohlgemuth partner eric m wolf partner james gregory wolf partner benji h wolken partner gregory e wolski partner scott a woltemath partner bill b wood partner richard j wood partner stuart g woodhouse partner leroy w woody partner horacio r woolcott partner frederick e wooldridge partner mark wovsaniker partner r logan wray partner charles r wright partner jeffrey j wright partner john c wright partner major d wright jr partner robert p wujtowicz partner herbert l wullschleger partner paul c wurst partner franklin wyman iii partner thomas h yacko partner arthur t yamamoto partner john j yeager partner john e yeager partner mark l yecies partner mark j yost partner alan r youngberg partner michael j zarra partner ira l zecher partner steven m zelin partner gary a zell partner daniel r zeman partner kenneth t zemsky partner john j zenga partner henry g zigtema partner richard h zucca partner jay h zukerman partner home document delivery api about   business profiles inc business profile usa europe asia  pacific americas alabama alaska arizona arkansas california colorado connecticut delaware district of columbia florida georgia hawaii idaho illinois indiana iowa kansas kentucky louisiana maine maryland massachusetts michigan minnesota mississippi missouri nevada new hampshire new jersey new york north carolina north dakota ohio oklahoma oregon pennsylvania puerto rico south carolina south dakota tennessee texas utah virginia washington wyoming croatia denmark estonia finland france germany gibraltar ireland isle of man luxembourg netherlands norway poland slovenia spain sweden switzerland turkey united kingdom australia hong kong india new zealand singapore thailand canada colombia dominican republic jamaica jersey mexico nova scotia panama quebec mantia bruce j top holdings whalewisdom search all search f filers only search sec filer search stocks only search mgmt inv cos only etfs only search active mantia bruce j • elk grove village il how do i update this listing mantia bruce j is based out of elk grove village whalewisdom has at least  insider transactions form  in our database for mantia bruce j summary dg insider form  create email alert × email notification log in or signup to see more advanced email alert options such as selecting any type of sec form multiple filers or classes of filers and much more or to simply have an email sent to you whenever we receive a new f filing from mantia bruce j enter your email address below and choose submit your email cancel contact info mantia bruce j  landmeier road elk grove village il     business phone 9 sec sic code2printed circuit boards recent sec filings  filed on   filed on 2  filed on 22  filed on 2  filed on 22  filed on 2  filed on 92  filed on   filed on 9 schedule d and g events since  subscription required form   nonderivative insider transactions since  loading elevate your investments try it for free   bruce j mantia   university park fl  mylifecom™ background profile search for your public page first name last name city search all fields are required already a member log in about  contact info photos  social posts reviews  ratings court  arrestrecords friends  family bm view photos editremove bruce mantia university park fl age    aka bruce joseph mantia j mantia bruce bruce j mantia work info marital status unavailable politics education info editremove my info view full contact info  or  view full background details reputation score    review rate bruce improve my rating    ask others to rate ranking compared to us population bad poor fair good editremove my info contact info view phone number view email address    send message   ct university park fl 2 view full contact details  or  view full background details   please wait  seconds more okay reverse property reverse address lookup search millions of property values deeds owners transactions and more start here try searching your home your neighbors or another address search we respect your privacy what makes us different property data  people data our reports include the traditional info you’d expect to find about a property ownership deeds tax info etc but we dig deeper and offer background records on people too find criminal background records on owners registered sex offenders in the neighborhood and more the extras we include for free run criminal background checks on previous owners their associates or the neighbors get to know the whole story know your new neighborhood by seeing sex offender information which may include names addresses and criminal convictions easy to use reporting just enter an address a name or even a phone number and we will give you all the information we have “excellent support  service”  via sitejabbercom 99 supportbeenverifiedcom mon  fri  am   pm estsat  sun  am   pm est our goal is to provide helpful support that is quick and easy carla director of customer service about us about bv people search testimonials careers leadership press white pages criminal records our apps all bv apps for iphone  ipad  download for apple watch  download for android  download developer api help support contact us dos  donts faq remove my info affiliates glossary disclaimer beenverified’s mission is to give people easy and affordable access to public record information beenverified does not provide private investigator services and is not a consumer reporting agency as defined by the fair credit report act because the information provided by beenverified is not collected or provided in whole or in part for the purpose of furnishing consumer reports about those search subjects for more information governing the permitted and prohibited uses of beenverified please review our “do’s  don’ts” and our terms  conditions beenverified   all rights reserved terms  conditions privacy policy online background checks  beenverified × beenverifiedcom looking to find out about someone so have the  people who have tried beenverified start here  try searching a friend relative date neighbor or even yourself people phone email property we respect your privacy first name last name state all states alabama alaska arizona arkansas california colorado connecticut delaware district of columbia florida georgia hawaii idaho illinois indiana iowa kansas kentucky louisiana maine maryland massachusetts michigan minnesota mississippi missouri montana nebraska nevada new hampshire new jersey new mexico new york north carolina north dakota ohio oklahoma oregon pennsylvania rhode island south carolina south dakota tennessee texas utah vermont virginia washington west virginia wisconsin wyoming   search phone number   search email address   search street address   search we respect your privacy 2 reports  counting reverse property reverse address lookup search millions of property values deeds owners transactions and more start here try searching your home your neighbors or another address search we respect your privacy what makes us different property data  people data our reports include the traditional info you’d expect to find about a property ownership deeds tax info etc but we dig deeper and offer background records on people too find criminal background records on owners registered sex offenders in the neighborhood and more the extras we include for free run criminal background checks on previous owners their associates or the neighbors get to know the whole story know your new neighborhood by seeing sex offender information which may include names addresses and criminal convictions easy to use reporting just enter an address a name or even a phone number and we will give you all the information we have “excellent support  service”  via sitejabbercom 99 supportbeenverifiedcom mon  fri  am   pm estsat  sun  am   pm est our goal is to provide helpful support that is quick and easy carla director of customer service about us about bv people search testimonials careers leadership press white pages criminal records our apps all bv apps for iphone  ipad  download for apple watch  download for android  download developer api help support contact us dos  donts faq remove my info affiliates glossary disclaimer beenverified’s mission is to give people easy and affordable access to public record information beenverified does not provide private investigator services and is not a consumer reporting agency as defined by the fair credit report act because the information provided by beenverified is not collected or provided in whole or in part for the purpose of furnishing consumer reports about those search subjects for more information governing the permitted and prohibited uses of beenverified please review our “do’s  don’ts” and our terms  conditions beenverified   all rights reserved terms  conditions privacy policy background checks  public records  beenverified   × beenverifiedcom welcome to beenverified from beenverified on vimeo search people  public records try searching a friend relative or even yourself the choice is yours people phone email property we respect your privacy first name last name state all states alabama alaska arizona arkansas california colorado connecticut delaware district of columbia florida georgia hawaii idaho illinois indiana iowa kansas kentucky louisiana maine maryland massachusetts michigan minnesota mississippi missouri montana nebraska nevada new hampshire new jersey new mexico new york north carolina north dakota ohio oklahoma oregon pennsylvania rhode island south carolina south dakota tennessee texas utah vermont virginia washington west virginia wisconsin wyoming   search phone number   search email address   search street address   search   are you a business user try knowthycustomercom 2 successful people reports easy and affordable background checks learn why millions of people search beenverified unlimited searches anytime looking for someone our intuitive public records search engine makes it easy see our dos and donts affordable  accessible we dont want you to ask yourself if its worth it to run a search respect for privacy a privacyfriendly public record search is not an oxymoron learn how we do it public records in one easy report search for what you are looking for and get all the data we find in one single report learn about us beenverified for business imagine the power of beenverifieds massive public record database working for your business thats bv pro why bv pro enterprise apis perfect for teams batch processing customizable what is it for prevent fraud scrub records reach customers client relations try bv pro not sure check out our “do’s  don’ts” experience the beenverified difference see what people like you are saying about beenverified natasha oklahoma nursing student my daughter recently went out for soccer i decided it would be a good idea to run another player’s father through beenverified turns out this guy had been charged with indecent exposure and was on parole maryann new jersey analyst i used beenverified to check into a guy that i had met online it turns out he had lied to me about where he lived and his family needless to say thanks to bv i severed contact with him and have not heard from him since thank you bv bob m new jersey retired detective i am retired and have a ministry helping the dying and sick i found a son and the mother was dying of cancer she held on waiting for her son who had not been in touch for years rhonda missouri caring mom im a single mother dating online and i use beenverified to help protect my family more testimonials from the press gizmodocom it found my photos on flickr my amazon wishlist my public foursquare records vimeo picassa and stumbleupon accounts it grabbed approximately twelve bajillion photos of me with many many false positives and even more web links from the press us news  world report beenverified easily and inexpensively provides access to public records information through its website and several mobile phone applications no longer are large corporations the only ones who can afford background checks from the press nbc  miami instant information… court documents mortgage deeds criminal records right in the palm of your hand more press quotes billions of records at your fingertips with over  downloads so far beenverified is the goto choice for mobile public data access great app   beenverified is easy to use and provides the details needed for a reliable accurate background check highly recommend”  via the app store what are you waiting forsearch someone