bizapediacom  human validation companiespeopleproductsservicestrademarksaddressesphone book our system has detected a high number of page requests from your ip address please prove to us that you are a human to continue using our website please send me to the search subscription offer page after i successfully answer the word challenge bizapediapro searchperform unlimited searches via ouradvanced search form withbizapedia pro searchfind out more bizapediapro databuild custom data listsfor one or many stateswith bizapedia pro datafind out more  copyright   · bizapediacom · all rights reservedblogpro searchpro apicontact usterms of useprivacy policysitemapdesktop version bizapediacom  human validation companiespeopleproductsservicestrademarksaddressesphone book our system has detected a high number of page requests from your ip address please prove to us that you are a human to continue using our website please send me to the search subscription offer page after i successfully answer the word challenge bizapediapro searchperform unlimited searches via ouradvanced search form withbizapedia pro searchfind out more bizapediapro databuild custom data listsfor one or many stateswith bizapedia pro datafind out more  copyright   · bizapediacom · all rights reservedblogpro searchpro apicontact usterms of useprivacy policysitemapdesktop version rv components gas appliances marine products chassis components seating systems windows and doors from atwood mobile atwood mobile appliances detectors air conditioners fantastic vent furnaces lp  co detectors ranges and cooktops refrigerators water heaters tank water heaters ondemand marineproducts water heaters contact jobs faq dometic news events  announcements bringing all the comforts of home to the great outdoors atwood mobile products llc has been a world leader in designing engineering and manufacturing appliances and hardware for the rv industry for over  years whether its our constant drive for innovation and improvement or our unwavering commitment to our customers its no coincidence that atwood mobile products llc has found itself an integral part of the rv industry for now and many years to come creating comfort for boating enthusiasts from sea to shining sea  years of experience and expertise designing and engineering water heaters for the rv industry has left atwood mobile products a dominant market leader in rv appliance design atwood mobile products has applied the same principles that made us successful in the rv industry to a water heater designed specifically for the boating industry in doing so our water heaters have become the standard in the boating industry if you can imagine it we can create it our commitment to our customer base is to continue to improve our creative capacities and design capabilities by continually reinvesting in advanced production and service technologies  and providing costeffective and innovative products that will help you grow and excel in an ever demanding market place made in indiana purdue universitys manufacturing extension partnership thanks atwood mobile products for participating in their made in indiana program the program highlights the contributions manufacturing makes to the states economy and features companies like atwood mobile products that are customer focused forward thinking continuously improving their productivity and have a desire to grow succeed and compete locally and globally view our certificate industry associations atwood mobile products is a proud active member in these industry associations view now   california transparency in supply chains act disclosure statement standard purchase order terms standard terms and conditions of sale zip code    or    state al ak az ar ca co ct de dc fl ga hi id il in ia ks ky la me md ma mi mn ms mo mt ne nv nh nj nm ny nc nd oh ok or pa ri sc sd tn tx ut vt va wa wv wi wy distance    miles  miles  miles 0 miles  miles view canadian service centers view terms and conditions login password apply now to become a service center view public documentsmanuals on demand water heater recallatwood mobile products llc announces product recall of on demand water heaters   read more atwood acquires aircommand australiaatwood mobile products has closed on a transaction to acquire aircommand a privately held company headquartered in adelaide south australia   read more atwood has expansion plans in indianaatwood mobile products plans to create  new jobs by 0 and invest  million in operations   read more atwood purchases fantastic vent companyatwood mobile products llc reached an agreement to acquire the privately held fantastic vent company located in imlay city michigan fantastic vent is a market leader in volt powered vents selling primarily to the recreational vehicle market   read more electric heating kit information noticeatwood discourages the altering of any atwood furnace to accommodate the use of a secondary heating system ie electric heating kit   read more dealer information  series  range safety recall notice login required recall information  series iii ac furnace products furnaces cooking appliances water heaters products seating chassis components marine products products lp and co detectors company company profile contact us service center locator dealer login contact us 0 n main st elkhart in  ph  usa  canada  usa     copyright atwood mobile products  all rights reserved web design by netnoggin wedgewood depositor iii llc bizpediaxyz  we monitor changes in companies bizpediaxyz  we monitor changes in companies wedgewood depositor iii llc free email watchdog get free email notifications about news in wedgewood depositor iii llc the service is free and you can unsubscribe at any time general  filings  cik number irs number  wedgewood depositor iii llc address0 manhattan beach boulevardsuite redondo beach 0 earliest known filing august 0 latest known filing february  company filings sec filings are a great source of information for companies including investments company events and all sorts of other information wedgewood depositor iii llc has  filings view wedgewood depositor iii llc filings similar companieswedgewood  llc wedgewood capital partners lp wedgewood depositor ii llc wedgewood depositor iv llc wedgewood depositor v llc wedgewood depositor vi llc wedgewood depositor vii llc wedgewood holdings inc wedgewood hospitality group inc wedgewood i llc wedgewood investment group inc wedgewood investors inc pa wedgewood partners inc wedgewood partners llc wedgewood partners inc wedgewood properties llc bizpediaxyz collect news financial information sec filings stock information contact information personal information information about investments etc about wedgewood depositor iii llc wedgewood depositor iv llc bizpediaxyz  we monitor changes in companies bizpediaxyz  we monitor changes in companies wedgewood depositor iv llc free email watchdog get free email notifications about news in wedgewood depositor iv llc the service is free and you can unsubscribe at any time general  filings  cik number irs number  wedgewood depositor iv llc address0 manhattan beach boulevardsuite redondo beach 0 earliest known filing august 0 latest known filing february  company filings sec filings are a great source of information for companies including investments company events and all sorts of other information wedgewood depositor iv llc has  filings view wedgewood depositor iv llc filings similar companieswedgewood depositor vii llc wedgewood depositor vi llc wedgewood depositor v llc wedgewood properties llc wedgewood holdings inc wedgewood depositor iii llc wedgewood  llc wedgewood depositor ii llc wedgewood hospitality group inc wedgewood i llc wedgewood investment group inc wedgewood partners llc wedgewood capital partners lp wedgewood investors inc pa wedgewood partners inc wedgewood partners inc bizpediaxyz collect news financial information sec filings stock information contact information personal information information about investments etc about wedgewood depositor iv llc cs funding depositor vi llc credit report products contacts florida search cs funding depositor vi llc company number m status inactive fei number  company type foreign limited liability home state de last activity date  date of incorporation  principal address  willard ave th floor chevy chase md 0 mailing address  willard ave th floor chevy chase md 0 cs funding depositor vi llc principals manager capitalsource finance ii inc address  willard ave th floor chevy chase md 0 registered agent agent name x c agent address x x fl  cs funding depositor vi llc events  lc withdrawal fileddate  description cs funding depositor vi llc has been set up  in state de the current status of the business is inactive the cs funding depositor vi llc principal adress is  willard ave th floor chevy chase md 0 meanwhile you can send your letters to  willard ave th floor chevy chase md 0 the companys registered agent is x x x fl  the companys management are manager  capitalsource finance ii inc the last significant event in the company history is lc withdrawal which is dated by  this decision is take in action on unknown comprehensive report about this company view sample similar companies cs funding ii depositor llc c  s funding inc cs funding inc c  s funding  investment corporation cs fun food concessions cs fun food concessions unlimited inc gi vi mallards of wedgewood llc credit report products contacts florida search gi vi mallards of wedgewood llc company number m status inactive fei number  company type foreign limited liability home state de last activity date 0 date of incorporation  principal address co dra advisors llc 0 east nd street th floor new york ny  mailing address co dra advisors llc 0 east nd street th floor new york ny  gi vi mallards of wedgewood llc fictitious names active mallards of wedgewood apartments gi vi mallards of wedgewood llc principals m g r m g i vi mezz wrangler llc address 0 east nd street th floor new york ny  last annual reports 0 00 0 00 0 0 registered agent agent name corporation service company c agent address 0 hays street tallahassee fl  gi vi mallards of wedgewood llc events  revoked for annual report fileddate 0  reinstatement fileddate 0  lc withdrawal fileddate 0 description gi vi mallards of wedgewood llc has been set up  in state de the current status of the business is inactive the gi vi mallards of wedgewood llc principal adress is co dra advisors llc 0 east nd street th floor new york ny  meanwhile you can send your letters to co dra advisors llc 0 east nd street th floor new york ny  the companys registered agent is corporation service company 0 hays street tallahassee fl  the companys management are m g r m  g i vi mezz wrangler llc the last significant event in the company history is lc withdrawal which is dated by 0 this decision is take in action on unknown the company annual reports filed on annual reports – 00 comprehensive report about this company view sample similar companies giv imeson llc gi vi mezz wrangler llc givin  livin inc givin all we got charities llc givin all we got productions inc giving a dog a bone llc list of asset backed securities in dealview sign in request access previous          0          0                    0          0          0          0          0          0   next vr global partners lp  cdo vsb grantor trust  absmbs vsd plt  absmbs vsdtrust 0  absmbs vtti energy partners lp  abs vulcan european loan conduit no   limited  cmbs vw credit inc  abs vw valt 0a subi  absmbs vw volt 0  absmbs vy capital management co ltd  abs vytimns r  absmbs vytimns s  absmbs vz repack trust class b and b trust certificates  clo vz texas repack trust class b and b certificates  clo wdcapitalciti cscpa full recourse  absmbs wdcapitalciti cscpa top loss  absmbs wachovia wach  abs wachovia wach  abs wachovia wachnim0n  rmbs wachovia c  cmbs wachovia whale   cmbs wachovia whale   cmbs wachovia whale   cmbs wachovia   whale   cmbs wachovia arm securitization a  absmbs wachovia asset securitization inc     mbs wachovia asset securitization issuance ii llc  abs wachovia asset securitization issuance llc  abs wachovia asset securitization issuance llc series he  abs wachovia asset securitization issuance llc series he  abs wachovia bank cmt series c  cmbs wachovia bank cmt series c  cmbs wachovia bank cmt series c  cmbs wachovia bank cmt series c  cmbs wachovia bank cmt series c  cmbs wachovia bank cmt series c0  cmbs wachovia bank cmt series c  cmbs wachovia bank jpmorgan chase bank   whale   cmbs wachovia clo spc  ltd kingsland v gap notes series   cdo wachovia clo spc ltd kingsland v  cdo wachovia clo spc limited repak for jersey street clo  cdo wachovia cre cdo a  cdo wachovia education loan funding llc  abs wachovia loan trust sd  absmbs wachovia mortgage loan trust wmlt   b  mbs wachovia mortgage loan trust llc  abs wachovia mortgage passthrough certificates series  trust  cmbs wachovia mortgage passthrough certificates series  trust  cmbs wachovia mortgage passthrough certificates series  trust  cmbs wachovia residual interest securitization llc  abs wachovia student loan trust   absmbs wachovia student loan trust   absmbs wade g w  inc  tbc wadsworth cdo ltd  cdo walker  dunlop capital llc  abs walker  dunlop commercial property funding i cb llc  abs walker  dunlop commercial property funding i cs llc  abs walker  dunlop commercial property funding i wf llc  abs walker  dunlop llc  absmbs wall street access asset management llc  abs walnust street issuer llc 0   tax lien service group walnut  tax lien walnut grove mortgage loan trust series a  mbs walnust street issuer llc walnut street issuer llc 0   walnut street issuer llc 0    cmbs lehman brothers inc walnutlehman credit lease  cmbs wachovia auto trust walot   absmbs wachovia auto trust walot   absmbs wachovia auto trust walot   absmbs wachovia auto trust walot   absmbs walter capital remic trust 0  absmbs walton scdo series  limited  abs wamco 0qr  absmbs washington mutual wamu wamu   cmbs washington mutual wamu wamu ar  absmbs washington mutual wamu wamu ar  absmbs washington mutual wamu wamu ms  absmbs washington mutual wamu wamu ms0  absmbs washington mutual wamu wamu ms  absmbs washington mutual wamu wamu ms  absmbs washington mutual wamu wamu ms  absmbs washington mutual wamu wamu ms  absmbs washington mutual wamu wamu ms  absmbs washington mutual wamu wamu ms  absmbs washington mutual wamu wamu ms  absmbs washington mutual wamu wamu ms  absmbs washington mutual wamu wamu ms  absmbs washington mutual wamu wamu ms  absmbs washington mutual wamu wamu s  absmbs washington mutual wamu wamu s  absmbs washington mutual wamu wamu s  absmbs washington mutual wamu wamu ar  absmbs washington mutual wamu wamu ar  absmbs washington mutual wamu wamu ar  absmbs washington mutual wamu wamu ar  absmbs washington mutual wamu wamu c  cmbs washington mutual wamu wamu ms  absmbs washington mutual wamu wamu ms  absmbs washington mutual wamu wamu ms  absmbs washington mutual wamu wamu ms  absmbs washington mutual wamu wamu ms  absmbs washington mutual wamu wamu ms  absmbs washington mutual wamu wamu ms  absmbs washington mutual wamu wamu ms  absmbs washington mutual wamu wamu ms  absmbs washington mutual wamu wamu s  absmbs washington mutual wamu wamu s0  absmbs washington mutual wamu wamu s  absmbs washington mutual wamu wamu s  absmbs washington mutual wamu wamu s  absmbs washington mutual wamu wamu s  absmbs washington mutual wamu wamu s  absmbs washington mutual wamu wamu s  absmbs washington mutual wamu wamu s  absmbs washington mutual wamu wamu s  absmbs washington mutual wamu wamu xsf  absmbs washington mutual wamu wamu ar  absmbs washington mutual wamu wamu cb  absmbs washington mutual wamu wamu ra  absmbs washington mutual wamu wamu ra  absmbs washington mutual wamu wamu ra  absmbs washington mutual wamu wamu ra  absmbs washington mutual wamu wamu s  absmbs washington mutual wamu wamu s  absmbs washington mutual wamu wamu ar0  absmbs washington mutual wamu wamu ar  absmbs washington mutual wamu wamu ar  absmbs washington mutual wamu wamu ar  absmbs washington mutual wamu wamu ar  absmbs washington mutual wamu wamu ar  absmbs washington mutual wamu wamu ar  absmbs washington mutual wamu wamu ar  absmbs washington mutual wamu wamu ar  absmbs washington mutual wamu wamu c  cmbs washington mutual wamu wamu ra  absmbs washington mutual wamu wamu ar0  absmbs washington mutual wamu wamu ar  absmbs washington mutual wamu wamu ar  absmbs washington mutual wamu wamu ar  absmbs washington mutual wamu wamu ar  absmbs washington mutual wamu wamu ar  absmbs washington mutual wamu wamu ar  absmbs washington mutual wamu wamu ar  absmbs washington mutual wamu wamu ar  absmbs washington mutual wamu wamu ar  absmbs washington mutual wamu wamu ar  absmbs washington mutual wamu wamu ar  absmbs washington mutual wamu wamu ar  absmbs washington mutual wamu wamu ar  absmbs washington mutual wamu wamu ar  absmbs washington mutual wamu wamu he  absmbs washington mutual wamu wamu he  absmbs washington mutual wamu wamu he  absmbs washington mutual wamu wamu he  absmbs washington mutual wamu wamu he  absmbs washington mutual wamu wamu he  absmbs washington mutual wamu wamu he  absmbs washington mutual wamu wamu hy  absmbs washington mutual wamu wamu hy  absmbs washington mutual wamu wamu hy  absmbs washington mutual wamu wamu hy  absmbs washington mutual wamu wamu hy  absmbs washington mutual wamu wamu hy  absmbs washington mutual wamu wamu hy  absmbs washington mutual wamu wamu mf  absmbs washington mutual wamu wamu oa  absmbs washington mutual wamu wamu oa  absmbs washington mutual wamu wamu oa  absmbs washington mutual wamu wamu oa  absmbs washington mutual wamu wamu oa  absmbs washington mutual wamu wamu oa  absmbs washington mutual wamu wamu sl  absmbs washington mutual wamu wamu sl  cmbs washington mutual wamu wamu sfr  absmbs wamu asset acceptance corp  abs washington mutual wamu wamu gt   cmbs wachovia auto trust waot a  absmbs wachovia auto trust waot b  absmbs wachovia auto trust waot a  absmbs wachovia auto trust waot b  absmbs wachovia auto trust waot a  absmbs wachovia auto trust waot a  absmbs wachovia auto trust waot a  absmbs ward ferry management  abs ward ferry management ltd  abs canyon clo 0a ltd warehouse  clo garrison funding 0 ltd warehouse  clo romark clo  i ltd warehouse  clo garrison funding 0 ltd warehouse amp clo  clo garrison funding 0 ltd warehouse 000  clo warehouse parent ii  cdo warehouse parent ltd warf   absmbs warf  limited  absmbs warren averett asset management llc  tbc missouri direct deposit program warren co riii missouri direct deposit program warrensburg rvi missouri direct deposit program warsaw rix wartsila oyj  adr wasatch clo limited  clo washburn financial trust  cdo missouri direct deposit program washington washington boulevard   cdo washington mill clo ltd  clo washington mutual wamu wamu sl  cmbs washington mutual mortgage passthrough certificates series   mbs washington mutual mortgage passthrough certificates series wm  mbs washington mutual mortgage passthrough certificates series ar  mbs washington mutual mortgage passthrough certificates series ar  mbs washington mutual mortgage passthrough certificates series s  mbs washington mutual mortgage passthrough certificates series s  mbs washington mutual mortgage passthrough certificates series rp  abs washington mutual mortgage securities corp  abs dlj mortgage acceptance corporation washington mutual mortgage securities corporation mortgage passthrough certificates series 0  mbs washington mutual wmalt oa  absmbs washington resources llc education loan revenue bonds washington trust bank  abs hfa  washst wa state hsg finance commission washst nib sf wa state housing finance commission  series a  absmbs hfa  washst wa state hsg finance commission washst nib sf wa state housing finance commission  series b  absmbs wachovia asset securitization issuance wasi wasi hes  absmbs wachovia asset securitization issuance wasi wasi he  absmbs wachovia asset securitization issuance wasi wasi he  absmbs wachovia asset securitization issuance wasi wasi heloc he  absmbs wachovia asset securitization issuance wasi wasi heloc he  absmbs wachovia asset securitization issuance wasi wasi heloc he  absmbs wachovia asset securitization issuance wasi wasi hemm    absmbs wachovia asset securitization issuance wasi wasi hemm    absmbs wachovia asset securitization issuance wasi wasi hemm    absmbs watch point trust co  tbc water company refund contract trust  absmbs water oak advisors llc  abs waterfall finance 0 grantor trust series i  absmbs waterfall finance 0 llc  abs waterfall sba coof trust series 0a  absmbs waterfall victoria grantor trust ii series g  absmbs waterfall victoria master  series a  absmbs waterfall victoria master  series b  absmbs waterfall victoria master  series a  absmbs waterfall victoria master  series b  absmbs waterfall victoria master fund ltd  abs waterfall victoria mortage trust 0  sbc  cmbs waterfront clo   clo waterson park  clo waterton funding trust  cdo waterview  trust  rmbs greyrock cdo ltd waterview  trust  clo watford asset trust i  cdo wave spc series  llc  cdo wave spc series  llc  cdo wave spc series  llc  cdo waveland   alabama ii  abs waveland  alabama  abs waveland  colorado  abs waveland  texas  abs waveland texas ii  abs wavelandingots limited  cdo wayfarer cdo limited   cdo wayland investment fund ii lcc  cdo waypoint  aircraft securitization 0   waypoint 0   waypoint asset co  limited waypoint asset co  limited 0    lease wayzata funding llc  cdo bayview wba grantor trust 0  absmbs bayview wba gt 0  absmbs bayview wba gt 0  absmbs bayview wba remic trust 0  absmbs bayview wba rt 0  absmbs bayview wbb acquisition trust hd  absmbs bayview wbb acquisition trust hd  absmbs bayview wbb grantor trust 0  absmbs bayview wbb gt 0  absmbs bayview wbb remic trust 0  absmbs bayview wbbgrantor trust 0  absmbs bayview wba acquisition trust hd  absmbs bayview wba acquisition trust hd  absmbs bayview wba gt 0  absmbs bayview wba gt 0  absmbs bayview wba gt 0  absmbs bayview wba gt 0  absmbs bayview wba gt 0  absmbs bayview wba rt 0  absmbs bayview wba rt 0  absmbs bayview wba rt 0  absmbs bayview wba rt 0  absmbs bayview wba rt 0  absmbs bayview wba rt 0  absmbs bayview wba rt 0  absmbs bayview wba rt 0  absmbs bayview wba rt 0  absmbs bayview wba rt 0  absmbs bayview wba rt 0  absmbs bayview wbb acquisition trust hd  absmbs bayview wbb acquisition trust hd  absmbs bayview wbb gt 0  absmbs bayview wbb gt 0  absmbs bayview wbb gt 0  absmbs bayview wbb gt 0  absmbs bayview wbb gt 0  absmbs bayview wbb rt 0  absmbs bayview wbb rt 0  absmbs bayview wbb rt 0  absmbs bayview wbb rt 0  absmbs bayview wbb rt 0  absmbs bayview wbb rt 0  absmbs bayview wbb rt 0  absmbs bayview wbb rt 0  absmbs bayview wbb rt 0  absmbs bayview wbb rt 0  absmbs bayview wbb rt 0  absmbs bayview wbd acquisition trust hd  absmbs bayview wbd acquisition trust hd  absmbs bayview wbd gt 0  absmbs bayview wbd gt 0  absmbs bayview wbd gt 0  absmbs bayview wbd gt 0  absmbs bayview wbd gt 0  absmbs wbd remic trust 0  absmbs bayview wbd rt 0  absmbs bayview wbd rt 0  absmbs bayview wbd rt 0  absmbs bayview wbd rt 0  absmbs bayview wbd rt 0  absmbs bayview wbd rt 0  absmbs bayview wbd rt 0  absmbs bayview wbd rt 0  absmbs bayview wbd rt 0  absmbs bayview wbd rt 0  absmbs bayview wbd rt 0  absmbs wbi investments wbi tactical dividend income smaord  adr  fund wachovia bank na wbna  cmbs wcg management lp  abs wcm  wcm emerging markets adronly  adr  fund wcm  wcm focused growth international adr  adr  fund wcmt 0sbc  absmbs wco reo 0 pass through trust  absmbs wco trust 0  absmbs wcp 0  abs wcp warehouse  abs wells fargo dealer floorplan master note trust wcp warehouse  abs hfa  wdchfa district of columbia hfa wdchfa nib mf district of columbia hfa series a  absmbs hfa  wdchfa district of columbia hfa wdchfa nib sf district of columbia hfa series a  absmbs wealth enhancement advisory services llc  tbc wealthtrust axiom llc  tbc wealthtrust fairport llc  tbc wealthtrustarizona llc  abs weatherly asset management l p  abs missouri direct deposit program weaubleau riii missouri direct deposit program webb city rvii webster cdo i ltd  cdo missouri direct deposit program webster groves webster park clo ltd  clo wedbush securities inc  abs wedge capital management l l pnc  abs wedgewood depositor ii llc  abs wedgewood depositor iii llc  abs wedgewood depositor iv llc  abs wedgewood depositor v llc  abs wedgewood depositor vi llc  abs wedgewood depositor vii llc  abs wedgewood investors inc pa  abs wedgewood real estate llc 0    mbs weibo corp  abs weiqiao textile co ltd  adr  adr weir group plcadr  adr welcome break no  limited  cdo welk resort group inc  abs welk resorts 0a  absmbs welk resorts 0a  absmbs welk resorts a  absmbs wellspring cdo well  cdo wellcome trust ltd  abs wellfleet clo 0  clo wellfleet clo 0 ltd  cdo wellfleet clo 0 ltd  clo wellfleet clo  ltd  cdo wellfleet clo  ltd additional warehouse  clo wellfleet clo  ltd warehouse  clo wellington shields capital management llc  abs missouri direct deposit program wellingtonnapoleon rix wells capital management metwest capital global intrinsic eq  adr  fund wells fargo   absmbs wells fargo  alt  absmbs wells fargo 0  absmbs wells fargo   absmbs wells fargo   absmbs wells fargo 0  absmbs wells fargo   absmbs wells fargo   absmbs wells fargo  alt  absmbs wells fargo 0  absmbs wells fargo   absmbs wells fargo   absmbs wells fargo   absmbs wells fargo   absmbs wells fargo   absmbs wells fargo   absmbs wells fargo   absmbs wells fargo   absmbs wells fargo   absmbs wells fargo   absmbs wells fargo   absmbs wells fargo   absmbs wells fargo   absmbs wells fargo   absmbs wells fargo   absmbs wells fargo   absmbs wells fargo   absmbs wells fargo a  absmbs wells fargo b  absmbs wells fargo c  absmbs wells fargo d  absmbs wells fargo e  absmbs wells fargo f  absmbs wells fargo g  absmbs wells fargo h  absmbs wells fargo i  absmbs wells fargo j  absmbs wells fargo k  absmbs wells fargo l  absmbs wells fargo m  absmbs wells fargo n  absmbs wells fargo o  absmbs wells fargo   absmbs wells fargo   absmbs wells fargo   absmbs wells fargo   absmbs wells fargo   absmbs wells fargo   absmbs wells fargo   absmbs wells fargo   absmbs wells fargo a  absmbs wells fargo aa  absmbs wells fargo b  absmbs wells fargo bb  absmbs wells fargo c  absmbs wells fargo cc  absmbs wells fargo d  absmbs wells fargo dd  absmbs wells fargo e  absmbs wells fargo ee  absmbs wells fargo f  absmbs wells fargo g  absmbs wells fargo h  absmbs wells fargo i  absmbs wells fargo j  absmbs wells fargo k  absmbs wells fargo l  absmbs wells fargo m  absmbs wells fargo n  absmbs wells fargo o  absmbs wells fargo p  absmbs wells fargo q  absmbs wells fargo r  absmbs wells fargo s  absmbs wells fargo t  absmbs wells fargo u  absmbs wells fargo v  absmbs wells fargo w  absmbs wells fargo x  absmbs wells fargo y  absmbs wells fargo z  absmbs wells fargo   absmbs wells fargo  alt  absmbs wells fargo 0  absmbs wells fargo   absmbs wells fargo   absmbs wells fargo   absmbs wells fargo   absmbs wells fargo   absmbs wells fargo   absmbs wells fargo   absmbs wells fargo   absmbs wells fargo   absmbs wells fargo   absmbs wells fargo   absmbs wells fargo   absmbs wells fargo   absmbs wells fargo   absmbs wells fargo   absmbs wells fargo   absmbs wells fargo ar  absmbs wells fargo ar0  absmbs wells fargo ar  absmbs wells fargo ar  absmbs wells fargo ar  absmbs wells fargo ar  absmbs wells fargo ar  absmbs wells fargo ar  absmbs wells fargo ar  absmbs wells fargo ar  absmbs wells fargo ar  absmbs wells fargo ar  absmbs wells fargo ar  absmbs wells fargo ar  absmbs wells fargo ar  absmbs wells fargo ar  absmbs wells fargo advisors  reinsurance trust wells fargo advisors   reinsurance trust wells fargo asset securities corp  abs previous          0          0                    0          0          0          0          0          0   next