security check required facebookjoin or log into facebook   email or phonepasswordforgot accountlog indo you want to join facebooksign upsign upsecurity checkplease enter the text belowcant read the text abovetry another text or an audio captchatext in the boxwhats thissecurity checkthis is a standard security test that we use to prevent spammers from creating fake accounts and spamming userssubmitenglish usespañolfrançais franceالعربيةportuguês brasilitaliano한국어deutschहिन्दीmessengerfacebook litepeopleplacesgameslocationscelebritiesmarketplacegroupsrecipesmomentsinstagramaboutcreate adcreate pagedeveloperscareersprivacycookiesad choicestermssettingsactivity log facebook   hing chung wong  ceo founder businessman  profile directorpedianet  list of ceos founders board members and company directors hing chung wong check out list of companies and businesses related to hing chung wong find out hing chung wong address and contact details view other people related to hing chung wong  coworkers colleagues companions etc address  mckay drive san jose  ca companies related to hing chung wong cikcompany namepositioncompany addresssynaptics incsvp of worldwide operations  mckay drive san jose  hing chung wong on the web persons related to hing chung wong  synaptics incnamepositioncitywong alexsan josewajid alisenior vp and cfo thousand oakskevin barbersee remarks irvinekevin d barbersee remarks below santa clarakevin d barbersvp  gm handheld products santa clarakevin d barbersvp  gm handheld products san josekathleen a baylesssvp cfo  treasurer san josekathleen a baylesscfo secretary  treasurer santa clarakathleen a baylesssvp cfo sec  treasurer santa clarakathleen a baylesssvp cfo  treasurer san joserick bergmanpresident and ceo sunnyvalerick bergmanpresident and ceo santa clararick bergmanpresident and ceo san josesewell bretsan josejeffrey d buchanandirector tempejeffrey d buchanandirector phoenixjeffrey d buchanandirector springfieldjeffrey d buchanandirector scottsdalejeffrey d buchanandirector scottsdalejeffrey d buchanandirector phoenixnelson c chandirector sunnyvalenelson c chandirector santa claranelson c chandirector san joseshawn p phd dayvp of research and development san joseshawn p phd dayvp of research and development santa clarascott deutschsvp of worldwide sales melbournescott deutschsvp of sales santa clarascott deutschsvp of sales san josefederico faggindirector san josefederico faggindirector santa clararitu favresee remarks austinritu favresee remarks san joseclark f foyvice president of marketing san joseclark f foyvice president of marketing santa claralee francissan josegopal k gargsenior vice president santa clarakeith geeslindirector menlo parkkeith geeslindirector san franciscowhims jamessan josebuchanan jeffreysan josemcfarland johnsan josebayless kathleensan josegeeslin keithsan josebarber kevinsan josedonald e kirbysr vp  gen manager pc product san joserussell j knitteldirector san joserussell j knittelinterim president and ceo santa clararussell j knitteldirector santa clarafrancis f leedirector san josefrancis f leedirector santa clarafrancis f leedirector santa clarafrancis f leedirector san josedavid b longvp of ww sales santa claradavid b longsvp of ww sales santa clarajohn mcfarlandsvp general counsel  sec cupertinojohn mcfarlandsvp general counsel  sec san josedavid t mckinnonvp of system silicon san josejoseph d montalbosenior vice president santa clarachan nelsonsan josebergman richardsan josesanquini richardsan joseknittel russellsan joserichard l sanquinidirector saratogadeutsch scottsan josebretton sewellsee remarks santa clarabretton sewellsvp corporate development san josethomas d spadevp of worldwide sales san josethomas d spadevp of worldwide sales santa clarawilliam t phd stacyvice president of operations san josewilliam t phd stacyvice president of operations santa clarajon r stonevice president san josestan a swearingen jrsanta clarastan a swearingen jrsvp  chief technology officer santa clarastan a swearingen jrsvp  chief technology officer san josethomas j tiernanpresident and ceo santa claradell william ronald vandirector austindell william ronald vandirector austinmark n venavice president santa claramark n venasvp  gm pc products santa claramark n venasvp  gm pc products santa clarahuibert j verhoevensee remarks san josemark wadlingtonsvp worldwide sales san josejames l whimsdirector mountain viewjames l whimsdirector saratogahing chung wongsvp of worldwide operations santa clarahing chung wongsvp of worldwide operations santa clarahing chung wongsvp of worldwide operations santa clarahing chung wongsvp of worldwide operations san jose     hing chung wong profiles  facebook facebookemail or phonepasswordforgot accountenglish usespañolfrançais franceالعربيةportuguês brasilitaliano한국어deutschहिन्दीmessengerfacebook litepeopleplacesgameslocationscelebritiesmarketplacegroupsrecipesmomentsinstagramaboutcreate adcreate pagedeveloperscareersprivacycookiesad choicestermssettingsactivity log facebook   hing chung wong  daly city ca  intelius sign in we found hing chung wong in daly city ca hing chung wong intelius found that hing chung wong is a male between  and  years old from daly city ca we have connected them to  addresses  phones and  relatives or associates get report now age hing chung wong is in his s hing has lived in daly city ca san francisco ca buena park ca hings relatives lee ng darius wong livia wong victor vuong hing chung wong zodiac signvirgo gendermale professional status vice president at synaptics incorporated get report now want to know more about hing get a comprehensive background report find full phone numbers and other contact information when available all from billions of available public records continue below for more details about hing or use our people search engine to find others get background check on hing chung wong get a criminal check on hing chung wong get a public record report on hing chung wong get a people search report on hing chung wong hing chung wongs contact information known cities lived in find out where hing chung wong has lived as well as hing chung wongs phone numbers and email addresses hing chung wong has lived in  states california address for hing chung wong  s a daly city ca has lived in daly city ca san francisco ca get full address report phone numbers associated with hing chung wong      santa clara ca    santa ana ca get full phone report email addresses associated with hing chung wong hgcom get email report hing chung wongs professional information information regarding hing chung wongs professional history find out previous places hing chung wong has worked as well as dates employed the following data is not guaranteed for accuracy and should not be used for employment insurance credit eligibility or for any other purpose covered under the fair credit reporting act hing chung wong has worked at  places company synaptics incorporated title vice president company synaptics incorporated title vice president of operations hing chung wongs experience title vice president company synaptics incorporated job details synaptics is the pioneer and leader of the human interface revolution bringing innovative and intuitive user experiences to intelligent devices synapticsï¿½ broad portfolio of touch display and biometrics products is built on the companyï¿½s rich rd extensive ip and dependable supply chain capabilities with solutions designed for mobile pc and automotive industries synaptics combines ease of use functionality and aesthetics to enable products that help make our digital lives more productive secure and enjoyable nasdaq syna wwwsynapticscom title vice president of operations company synaptics incorporated job details company size  bil and above  employee range  to less than  additional professional information on hing chung wong see hing chung wongs linkedin profile hing chung wongs social network and potential email matches find out potential social network profiles and potential email usernamed for hing chung wong hing chung wongs known social networks and potential email matches find all of hing chung wongs social network profiles get full report search social networks including facebook linkedin myspace google twitter yahoo jigsaw zoominfo and more potential email matches hing wong username matches hingwong wonghing hingwong wonghing hingwong wonghing hingwong wonghing hwong popular email services gmailcom aolcom yahoocom comcastnet hotmailcom msncom rocketmailcom attnet sbcglobalnet ymailcom facebookcom mailcom bellsouthnet livecom earthlinknet coxnet prodigynet mecom peoplepccom junocom rediffmailcom mindspringcom comcastcom charternet outlookcom all trademarks product names company names or logos on this page are the property of their respective owners related people searches h wong intelius is a leading provider of public data about people and their connections to others intelius does not provide consumer reports and is not a consumer reporting agency as defined by the fair credit reporting act fcra this site should not be used to determine an individual’s eligibility for credit insurance employment housing or any other purpose covered by the fcra for employment or tenant screening services please visit our partner talentwise about us site map about our reports blog help contact us   –  peopleconnect inc dba intelius all rights reserved privacy policy  updated terms of service  updated what is the fcra the fair credit reporting act fcra is a federal law that promotes the accuracy fairness and privacy of information in the files of consumer reporting agencies intelius does not provide consumer reports and is not a consumer reporting agency as defined by the fcra intelius reports cannot be used for background checks related to consumer credit insurance employment housing or any other purpose prohibited under the fcra you may not use any information obtained from intelius for any purpose covered by the fcra find out more about the fcra here hing chung wong synaptics inc profile  biography  bloomberg feedback hing chung alex wong senior vpworldwide operations synaptics inc career history senior vpworldwide operations synaptics inc present vpworldwide operations synaptics inc  mng dirhong kongdirops synaptics inc  various positions natl semiconductor corp former show more website wwwsynapticscom corporate information address  mckay drive san jose ca  united states phone  fax  web url wwwsynapticscom from the web personal information education california state university bachelors degree computer science university of east asia mba sponsored financial commentaries more from the web home news top headlines most popular exclusive law entrepreneurs leaders economy environment science sports markets magazine pursuits magazine bloomberg visual data bloomberg best and worst for comments or complaints about news coverage click here regions us china europe asia uk  ireland australia  new zealand canada india  pakistan japan africa eastern europe latin america middle east markets commodities currencies bonds stocks energy markets municipal bonds emerging markets funds islamic finance industries energy technology real estate finance health care transportation insurance retail media manufacturing quick market data stocks stock futures world indexes americas europe middle east  africa asiapacific gainers  losers earnings calendar industry leaders currencies americas europe middle east  africa asiapacific foreign exchange cross rates fx fixings currency converter forex trading videos commodities energy prices metals prices agricultural prices rates  bonds us treasuries uk gilts germany bunds japan bonds australia bonds bloomberg bond indexes corporate bonds consumer rates economic calendar watchlist european debt crisis symbol search the market now personal finance top headlines saving  investing real estate retirement planning financial advisers taxes blog ventured  gained real cost of money gallery calculators watchlist portfolio tracker tech top headlines social media mobile  wireless web enterprise tech tv games  movies apple tech deals global tech slideshows videos us politics sustainability top headlines energy corporate sustainability policy natural resources health  population slideshows videos blog the grid luxury top headlines autos billionaires living property travel well spent loot blog pursuits magazine videos tv live tv channel finder personalities apple tv ipad app schedule us asia europe shows surveillance market makers lunch money street smart bloomberg west game changers video must see latest live tv shows playlist radio live radio shows schedule personalities podcasts bloomberg brief featured podcasts and new shows bloomberg view masters in business first word surveillance bloomberg advantage in the loop bloomberg law taking stock bloomberg best more podcasts blogs global tech the grid loot the market now political capital tech deals ventured and gained opinion my saved registration sign in bloombergcom businessweekcom company about blog careers diversity  inclusion news mission philanthropy  engagement press room procurement sustainability products financial products bloomberg professional service bloomberg anywhere bloomberg tradebook bloomberg briefs bloomberg indexes bloomberg sef service center customer support enterprise products enterprise solutions trading solutions industry products bloomberg bna bloomberg government bloomberg law bloomberg link bloomberg new energy finance bloomberg sports content licensing bloomberg anywhere mobile apps bloomberg visual data doctors in los angeles ca  doctorcom asvbuctzfbedewfztfwuyebcxysebtsuu marketing automation for healthcare login to doctorcom email password dont have an account sign up now forgot your password reset it here request a free demo please enter a first name please enter a last name please enter a valid email address please enter a valid phone number submitting or call now   thank you were currently processing your request and well be in touch soon for a faster response please call us directly at  doctorcom profilepoints™ profilepoints™ measure the overall completeness of a providers profile including items like having a photo a biography insurance payment options etc a full breakdown of points can be seen by providers with doctorcom accounts when editing their profile on doctorcom by showing providers with higher profilepoints™ first we make it easier for you to quickly identify the most informative profiles on doctorcom find los angeles ca doctors go to provider search use the links below to start your search ﻿los angeles is located in one of the most diverse and populous regions in the world – and one of the most healthconscious too the city has embarked on an ambitious plan for a healthy los angeles a new wellness element in the general plan designed to elevate health as a priority in the city’s future as the city focuses on nutrition environment and other communityhealth issues there are thousands of health care professionals available to assist angelenos with their individual and family medical needs more than  providers in the los angeles area are listed here including specialists and mental health care professionals the ucla medical center and cedarssinai medical center are worldclass medical facilities and listed among more than  different hospitals in the los angeles area insurance providers include blue cross blue shield cigna and aetna as well as the recently expanded medical program for certain california residents providers in los angeles ca on doctorcom top  provider specialties in los angeles ca counselor  providerssocial worker  providersinternist  providersmarriage  family therapist  providersdentist  providerspsychologist  providerspediatrician kids  children specialist  providersnurse practitioner np  providersother healthcare professional  providerspsychiatrist  providers top  most popular insurances for los angeles ca doctors bluecross blueshieldcignaaetnaunited health carebmc healthnet planmultiplan phcscoventryhumana healthhealth netmedicare ﻿﻿aggregate statistics total number of los angeles ca doctors and other providers on doctorcommost popular medical specialty of providers in los angeles cacounselorlos angeles ca doctors have been practicing for an average of yearsaverage profilepoints™ score for providers in los angeles caaverage overall user rating for providers in los angeles ca out of  los angeles ca doctors by zip code  ﻿﻿ dr hing chung wong md evzerfacdcbtutfqrtyvwqtr marketing automation for healthcare login to doctorcom email password dont have an account sign up now forgot your password reset it here request a free demo please enter a first name please enter a last name please enter a valid email address please enter a valid phone number submitting or call now   thank you were currently processing your request and well be in touch soon for a faster response please call us directly at  doctorcom profilepoints™ profilepoints™ measure the overall completeness of a providers profile including items like having a photo a biography insurance payment options etc a full breakdown of points can be seen by providers with doctorcom accounts when editing their profile on doctorcom by showing providers with higher profilepoints™ first we make it easier for you to quickly identify the most informative profiles on doctorcom home ca los angeles dr hing chung wong md about profilepoints™  patient reviews rate provider view phone call now fax   dr hing chung wong md family doctor  general highlights accepts insurance plans biography dr hing chung wong md is a family doctor  general practicing in los angeles cahe has not yet shared a personalized biography with doctorcom are you dr hing chung wong md claim your  free profile to respond to patient reviews customize your profile improve your visibility to our millions of monthly users claim your profile main location  n hill st suite los angeles ca  summary locations accepted insurance services  fees reviews summary locations accepted insurance services  fees reviews provider training universitydegreefocusgraduatednatl taiwan university college of medicine taipei taiwan  prior other degreecollege of medicine  national taiwan universityother degreeinstitutionfocusyearresidency  va long beach hlthcare sys physical medicine and rehabilitation yonkers gen hospital flexible or transitional yearnot specified experience  accolades dr hing chung wong md has not yet specified details about his experience and accolades practice  hospital affiliations practice at  w las tunas dr    san gabriel california   specialties languages spokenenglishmedical specialtiesfamily doctoryears in practice  started in accepts new patients yes accepted insurance full insurance list payment options payment details affiliated practices dr hing wong md  n hill st suite  los angeles ca  accepted insurance aetna see accepted plans aetna advantage dentalaetna affordable health choices limited benefits insurance planaetna choice posaetna choice pos aetna healthfundaetna choice pos iiaetna choice pos ii aetna healthfundaetna dental ppopdnaetna golden choice plan ppoaetna golden medicare plan hmoaetna health network onlyaetna health network optionaetna healthfund aetna choice posaetna healthfund aetna health network onlyaetna healthfund aetna health network optionaetna healthfund hmoaetna healthfund open access aetna selectaetna healthfund open access elect choice epoaetna healthfund open access managed choice posaetna healthfund open access pos iiaetna healthfund open choice ppoaetna medicare open private feeforserviceaetna medicare plan hmoopen access hmoaetna medicare plan ppoaetna medicare select hmoaetna medicare special needsaetna open access elect choice epoaetna open access hmoaetna open access managed choice posaetna selectaetna value network hmoaetna visionaetna whole health  banner health oamcaetna whole health  mw comm health solutionsaetna whole health banner health network hmoaetna workers comp accessaexcelaexcel aetna selectaexcel aetna select open accessaexcel choice pos iiaexcel choice pos ii aetna healthfundaexcel elect choice epoaexcel elect choice epo open accessaexcel managed choice posaexcel managed choice pos open accessaexcel open access aetna select aetna healthfundaexcel open access elect choice aetna healthfundaexcel open access managed choice pos healthfundaexcel plusaexcel plus aetna selectaexcel plus aetna select open accessaexcel plus choice pos iiaexcel plus choice pos ii aetna healthfundaexcel plus elect choice epoaexcel plus elect choice epo open accessaexcel plus managed choice posaexcel plus managed choice pos open accessaexcel plus open access aetna select aetna healthfundaexcel plus open access elect choice aetna healthfundaexcel plus open access managed choice pos healthfundaexcel plus ppoaexcel plus ppo aetna healthfundaexcel ppoaexcel ppo aetna healthfundaffordable health choicesbehavioral healthcare programbetter healthbetter health kids pennsylvaniaelect choice epoemployee assistance programhca smart care base ppohca smart care plus ppohca smart care selecthca smart care value ppohca well care level hca well care levels   healthy new york hmohmohmo open accesshmo deductible planhmo deductible plan ca members onlyillinois community networkillinois managed choice networklm healthworksmanaged choice posmanaged choice open accessmanaged choice open access hdhpmanaged choice open access value managed choice open access value mcoa medicare plan hmo  open access hmomedicare plan ppomedicare rx premier pdpnational advantage programnew york certified ppo workers compnew york recommendation of care ppo workers compnorth shore lij employee health plan ciipanyc community planopen access aetna selectopen choice ppopcp referral plan tx onlypreventative and hospital care quality pointofservice qpossavings plus of arizonasavings plus of chicago ilsavings plus of florida brevard and tampasavings plus of lake county ohsavings plus of oklahomasavings plus of texassignature administratorsstudent health planstexas chiptexas star medicaidtexas voluntaryinformal workers comptraditional choice indemnityusaccessvitalidad mexico con aetnavitalidad plus california con aetnavolunteer plancigna see accepted plans achieve medicare advantage hmo snpachieve plus medicare advantage hmopos snpbehavioral healthchoice fund open access pluschoice fund open access plus with carelinkchoice fund ppocigna dental ppoclassic plus medicare advantage hmoepofl health savingsfl open accessfl open access valuefreedom medicare advantage ppohealth savingshmohmo  northern californiahmo  northern california open accesshmo  southern californiahmo  southern california open accesshmo open accessindemnityliberty iliberty ii rxliberty silverlocalplusmedicare accessmedicare select hmonetworknetwork  northern californianetwork  northern california open accessnetwork  southern californianetwork  southern california open accessnetwork open accessnetwork posopen access planopen access plus onlyopen access pluscarelinkpospos  northern californiapos  northern california open accesspos  southern californiapos  southern california open accesspos open accesspreferred provider organization pposelect medicare advantage hmo snptraditions medicare advantage hmo snpvision ppoworkers compensationhumana health see accepted plans autograph share  plus rxautograph total hsaautograph total plus rxhsachoice poscondell custom ppocontact behavioral healthcopay copay cot national pos  open accesscoveragefirstdaimlerchrysler networkdell national epoenhanced pdpenhanced copayenhanced hsaepo ppo open accessexam plus vcpeyemed advantageeyemed focuseyemed optimumflexible spending account fsage health care preferredgroup medicare hmogroup medicare ppohealth maintenance organization hmohealth savings account hsahealthcare partnershigh deductible health planhmo ipahmo premierhmo selecthospira premier hmo illinoishsahumana behavioral healthhumana careshumana classichumana enhanced pdphumana family florida medicaidhumana gold choice pffshumana gold plus hmo medicarehumana medicare supplement high deductible plan fhumana medicare supplement plan ahumana medicare supplement plan bhumana medicare supplement plan chumana medicare supplement plan fhumana medicare supplement plan khumana medicare supplement plan lhumana medicare supplement plan nhumana preferred kroger louhumana preferred ppohumana readers digest healthy living medicare advantage planhumana readers digest healthy living medicare supplement ahumana readers digest healthy living medicare supplement high deductible fhumana readers digest healthy living medicare supplement plan fhumana readers digest healthy living medicare supplement plan khumana readers digest healthy living medicare supplement plan nhumana walmartpreferred rx plan pdphumanachoicecare network ppohumanachoicecare network ppohumanaaccesshumanachoice ppohumanachoiceppo medicare ppohumanaonce hsahumanaonehumanaone copayhumanaone enhancedhumanaone enhanced copayhumanaone enhanced hsahumanaone valuehumanappohumanapreferred posopenaccessillinoisplatinumhmoipalifesynchmedicaremedicare supplement high deductible plan fmedicare supplement plan bmedicare supplement plan cmental health mhnetmonogrammonogram total plus rxnational eponational hmonational pos  open accessnational pos  open access plusnational pos  openaccessnational pos  openaccess pluspg national pospersonal care account pcapersonal care account ppopoint of serviceportrait share  plus rx unlimitedpreferred provider organization ppopsychcarerhs provider networksaint joseph hospital npossmartsuitest vincents health systemus bankut hmovalue vision care plan vcpwalmartpreferred rx plan pdpmedicaid see accepted plans medicaidmultiplan phcs see accepted plans arizona medical network amnhealtheos ppohealtheos select ppomultiplan ppophcs healthy directions extended ppophcs network ppovaluepoint procedures  treatments offereddr hing chung wong md has not yet provided information about the medical procedures and treatments offered by his practicecommonly prescribed medicationscolcrys clotrimazole and betamethasone dipropionateclonidine hydrochloridedemeclocycline hydrochloridedemeclocycline hydrochloridedexilant diovan hctdiovandiovandiovan hctdiovandigoxdiclofenac sodiumcreon crestorcrestordiltiazem hydrochloridediltiazem hydrochloridebonivachlorhexidine gluconatecelebrexcelebrexcarvedilolcarvedilolcarvedilolcaptoprilcaptoprilbystoliccarisoprodolcarbidopa and levodopaciprodexglipizide gabapentingabapentingabapentinfurosemidefurosemidefurosemideglipizideglyburideglyburideglyburideglyburide and metformin hydrochloridehydrochlorothiazidehydrocodone bitartrate and acetaminophenhydroxyzine hydrochloridehydroxyzine hydrochloridehydrocortisoneibuprofenimipramine hydrochlorideimipramine hydrochlorideimipramine hydrochloridedonepezil hydrochloridefluticasone propionate fluocinonideexforgeexelonfamotidinefluocinolone acetonidefluocinonideflectorelestat doxycycline hyclate estradiol  norethindrone acetateexelonenalapril maleateevistaepinastine hcl divalproex sodiumdipyridamolediphenoxylate hydrochloride and atropine sulfateazithromycinazorazorazorbenazepril hydrochloridebenicar hctbenicar hctbenicarbenicaratenololatenololatenololatenololatenololaveloxatenololavodartariceptariceptampicillinampicillinamoxicillinamoxicillinamlodipine besylatealphagan pactosadvairactosactos acetaminophen and codeine phosphateactonel actonelactonelactonelactoplus met actoplus metacetaminophen and codeineaciphexallopurinolallopurinolamlodipine besylateamlodipine besylateamitriptyline hydrochlorideamitriptyline hydrochlorideaggrenoxadvair hfalantus latanoprostlevaquinlevaquinlactuloselevothyroxine sodiumlevothyroxine sodiumlevothyroxine sodiumlevemirisosorbide dinitrateisosorbide dinitrateisosorbide mononitrateisosorbide mononitratejanuviaklorcontriamcinolone acetonidetriamcinolone acetonidevesicarevesicare voltarenvireadtriamterene and hydrochlorothiazidetriamterene and hydrochlorothiazidetriamterene and hydrochlorothiazidetricortriamterene and hydrochlorothiazidewarfarin sodiumwarfarin sodiumwarfarin sodiumtramadol hydrochloridexalatanzolpidem tartratezostavaxzoviraxtrilipixuloriculoric zenpepzenpepzolpidem tartratezetiaplavixprochlorperazineproairpramipexole dihydrochloridepradaxapantoprazole sodiumpremarinprednisonepatanolphenytoin sodiumpatadaysimvastatinsingulairsimvastatinskelaxinspirivaspironolactonesotalol hydrochloridesimvastatinsimvastatinsimvastatinsulfamethoxazole and trimethoprimsymbicortterazosin hydrochlorideterazosin hydrochloridetamsulosin hydrochlorideterazosinterazosintamsulosin hydrochloride tamsulosin hydrochloridelevothyroxine sodiumlisinoprillisinoprillipitorlipitorlidodermlexaprolunestalyricalyricalyricamegestrol acetatemegestrol acetatemeclizine hydrochloridemeclizine hydrochloridelovazalosartan potassiumlosartan potassiumlosartan potassiumlosartan potassium and hydrochlorothiazidelosartan potassium and hydrochlorothiazidelosartan potassium and hydrochlorothiazidelosartan potassium and hydrochlorothiazidemetformin hydrochloridemetformin hydrochloridemeloxicammeloxicam metaproterenol sulfatemetaproterenol sulfatemetformin hydrochloridemetformin hydrochloriderestasisropinirole hydrochloriderapaflo propranolol hydrochloridepropranolol hydrochloridepropranolol hydrochloridepromethazine vc promethazine hydrochlorideproctozoneranexaseroquelseroquelsertraline hydrochloridemometasone furoatemetoprolol succinatemetoclopramide metoprolol succinatenasonex naphazolinenamendanaproxennaproxenneomycin and polymyxin b sulfates and hydrocortisonexiumomeprazolenystatin and triamcinolone acetonidenifedipinenifedipinenifedipinenifedipinenifedipinenitrofurantoin monohydratemacrocrystalsnitrostatsee all prescribed medicationsbilling policies  payment optionsdr hing chung wong md has not yet added any information about his practices billing policies and payment options average rating write a review office  staff evaluation not rated ease of getting an appointment not rated courtesy of practice staff not rated office appearance  atmosphere not rated handling of billing matters not rated average wait time not rated doctors in california  doctorcom evzerfacdcbtutfqrtyvwqtr marketing automation for healthcare login to doctorcom email password dont have an account sign up now forgot your password reset it here request a free demo please enter a first name please enter a last name please enter a valid email address please enter a valid phone number submitting or call now   thank you were currently processing your request and well be in touch soon for a faster response please call us directly at  doctorcom profilepoints™ profilepoints™ measure the overall completeness of a providers profile including items like having a photo a biography insurance payment options etc a full breakdown of points can be seen by providers with doctorcom accounts when editing their profile on doctorcom by showing providers with higher profilepoints™ first we make it easier for you to quickly identify the most informative profiles on doctorcom find california doctors go to provider search use the links below to start your search doctorcom can help you find a doctor in california who is well matched to your needs and preferences we have detailed profile and thousands of user ratings and reviews for more than  million health care providers in the united states providers in california on doctorcom top  provider specialties in california counselor  providersdentist  providersmarriage  family therapist  providerssocial worker  providersinternist  providerspsychologist  providersfamily doctor  providerspharmacist  providersnurse practitioner np  providersphysical therapist pt  providers top  most popular insurances for california doctors bluecross blueshieldcignaaetnaunited health carehumana healthbmc healthnet planmultiplan phcscoventryhealth netmedicaid ﻿﻿aggregate statistics total number of california doctors and other providers on doctorcommost popular medical specialty of providers in californiacounselorcalifornia doctors have been practicing for an average of yearsaverage profilepoints™ score for providers in californiaaverage overall user rating for providers in california out of  california doctors by city acampo caacton caadelanto caadin caagoura hills caaguanga caahwahnee caalameda caalamo caalbany caalbion caalderpoint caalhambra caaliso viejo caalleghany caalpaugh caalpine caalta caaltadena caaltaville caalturas caalviso caamador city caamboy caamerican canyon caanaheim caanderson caangels camp caangelus oaks caangwin caannapolis caantelope caantioch caanza caapple valley caapplegate caaptos caarbuckle caarcadia caarcata caarmona caarnold caaromas caarroyo grande caartesia caartois caarvin caatascadero caatherton caatwater caatwood caauberry caauburn caavalon caavenal caavery caavila beach caazusa cabadger cabaker cabakersfield cabaldwin park caballico cabangor cabanning cabard cabarstow cabass lake cabayside cabeale afb cabeaumont cabeckwourth cabelden cabell cabell gardens cabella vista cabellflower cabelmont cabelvedere tiburon caben lomond cabenicia cabenton caberkeley caberry creek cabethel island cabeverly hills cabieber cabig bar cabig bear city cabig bear lake cabig bend cabig creek cabig oak flat cabig pine cabig sur cabiggs cabiola cabirds landing cabishop cablairsdengraeagle cablocksburg cabloomington cablue jay cablue lake cablythe cabodega cabodega bay cabodfish cabolinas cabonadelle ranchosmadera ranchos cabonita cabonsall caboonville caboron caborrego springs caboulder creek caboulevard caboyes hot springs cabradley cabrandeis cabranscomb cabrawley cabrea cabrentwood cabridgeport cabridgeville cabrisbane cabrookdale cabrooks cabrowns valley cabrownsville cabryn mawr cabuellton cabuena park caburbank caburlingame caburney caburnt ranch caburrel caburson cabutte city cabuttonwillow cabyron cacabazon cacalabasas cacalexico cacaliente cacalifornia city cacalifornia hot springs cacalimesa cacalipatria cacalistoga cacallahan cacalpella cacalpine cacamarillo cacambria cacameron park cacamino cacamp meeker cacamp nelson cacamp pendleton cacampbell cacampo cacampo seco cacamptonville cacanby cacanoga park cacantil cacantua creek cacanyon cacanyon country cacanyon dam cacanyon lake cacapay cacapistrano beach cacapitola cacardiff by the sea cacarlotta cacarlsbad cacarmel cacarmel by the sea cacarmel valley cacarmichael cacarnelian bay cacarpinteria cacarson cacaruthers cacasmalia cacaspar cacassel cacastaic cacastella cacastro valley cacastroville cacathedral city cacatheys valley cacayucos cacazadero cacedar glen cacedar ridge cacedarpines park cacedarville caceres cacerritos cachallenge cachatsworth cachester cachicago park cachico cachilcoot cachinese camp cachino cachino hills cachowchilla cachualar cachula vista cacima cacitrus heights cacity of industry caclaremont caclarksburg caclayton caclearlake caclearlake oaks caclearlake park caclements caclio caclipper mills cacloverdale caclovis cacoachella cacoalinga cacoarsegold cacobb cacoleville cacolfax cacoloma cacolton cacolumbia cacolusa cacomptche cacompton caconcord cacool cacopperopolis cacorcoran cacorning cacorona cacorona del mar cacoronado cacorte madera cacosta mesa cacotati cacottonwood cacoulterville cacourtland cacovelo cacovina cacoyote cacrescent city cacrescent mills cacressey cacrest park cacrestline cacreston cacrockett cacrows landing cacudahy caculver city cacupertino cacutler cacutten cacypress cadaggett cadaly city cadana point cadanville cadardanelle cadarwin cadavenport cadavis cadavis creek cadeath valley cadeer park cadel mar cadel rey cadelano cadelhi cadenair cadescanso cadesert center cadesert hot springs cadiablo cadiamond bar cadiamond springs cadillon beach cadinuba cadiscovery bay cadixon cadobbins cadodgertown cadorris cados palos cados rios cadouglas city cadouglas flat cadowney cadownieville cadoyle cadrytown caduarte cadublin caducor cadulzura caduncans mills cadunlap cadunnigan cadunsmuir cadurham cadutch flat caeagleville caearlimart caearp caeast irvine caecho lake caedison caedwards cael cajon cael centro cael cerrito cael dorado cael dorado hills cael granada cael monte cael nido cael portal cael segundo cael sobrante cael toro cael verano caeldridge caelk caelk creek caelk grove caelmira caelverta caemeryville caemigrant gap caempire caencinitas caencino caescalon caescondido caesparto caessex caetna caeureka caexeter cafair oaks cafairfax cafairfield cafall river mills cafallbrook cafarmersville cafarmington cafawnskin cafeather falls cafellows cafelton caferndale cafiddletown cafields landing cafillmore cafinley cafirebaugh cafish camp cafive points cafloriston caflournoy cafolsom cafontana cafoothill ranch caforbestown caforest falls caforest knolls caforest ranch caforesthill caforestville caforks of salmon cafort bidwell cafort bragg cafort dick cafort irwin cafort jones cafortuna cafountain valley cafowler cafrazier park cafreedom cafremont cafrench camp cafrench gulch cafresno cafriant cafullerton cafulton cagalt cagarberville cagarden grove cagarden valley cagardena cagasquet cagazelle cageorgetown cagerber cageyserville cagilroy caglen ellen caglencoe caglendale caglendora caglenhaven caglenn caglennville cagold run cagoleta cagonzales cagoodyears bar cagoshen cagranada hills cagrand terrace cagranite bay cagrass valley cagraton cagreen valley lake cagreenbrae cagreenfield cagreenview cagreenville cagreenwood cagrenada cagridley cagrimes cagrizzly flats cagroveland cagrover beach caguadalupe cagualala caguasti caguatay caguerneville caguinda cagustine cahacienda heights cahalf moon bay cahamilton city cahanford cahappy camp caharbor city caharmony cahat creek cahathaway pines cahawaiian gardens cahawthorne cahayfork cahayward cahealdsburg caheber cahelendale cahelm cahemet caherald cahercules caherlong cahermosa beach cahesperia cahickman cahidden valley lake cahighland cahilmar cahinkley cahollister cahollywood caholt caholtville caholy city cahomeland cahomewood cahoneydew cahood cahoopa cahopland cahornbrook cahornitos cahughson cahume cahuntington beach cahuntington park cahuron cahyampom cahydesville caidyllwild caigo caimperial caimperial beach caindependence caindian wells caindio cainglewood cainverness cainyokern caione cairvine caisleton caivanhoe cajackson cajacumba cajamestown cajamul cajanesville cajenner cajohannesburg cajolon cajoshua tree cajulian cajunction city cajune lake cakaweah cakeeler cakeene cakelseyville cakentfield cakenwood cakerman cakernville cakettleman city cakeyes caking city cakings beach cakings canyon national pk cakingsburg cakirkwood cakit carson caklamath caklamath river cakneeland caknights landing caknightsen cakorbel cakyburz cala canada flintridge cala crescenta cala grange cala habra cala honda cala jolla cala mesa cala mirada cala palma cala puente cala quinta cala verne caladera ranch calafayette calaguna calaguna beach calaguna hills calaguna niguel calaguna woods calagunitas calake arrowhead calake city calake elsinore calake forest calake hughes calake isabella calakehead calakeport calakeshore calakeside calakewood calamont calancaster calanders calarkspur calathrop calaton calawndale calaytonville cale grand calebec calee vining caleggett calemon cove calemon grove calemoore calewiston calikely calincoln calincoln acres calinden calindsay calitchfield calittle lake calittle river calittlerock calive oak calivermore calivingston callano calockeford calockwood calodi caloleta caloma linda caloma mar calomita calompoc calone pine calong barn calong beach calookout caloomis calos alamitos calos alamos calos altos calos angeles calos banos calos gatos calos molinos calos olivos calos osos calost hills calotus calower lake caloyalton calucerne calucerne valley caludlow calynwood calytle creek camacdoel camad river camadeline camadera camadison camagalia camalibu camammoth lakes camanchester camanhattan beach camanteca camanton camarch air reserve base camaricopa camarina camarina del rey camariposa camarkleeville camarshall camartell camartinez camarysville camather camaxwell camaywood camc farland camcarthur camcclellan camccloud camcfarland camckinleyville camckittrick cameadow valley cameadow vista camecca camendocino camendota camenifee camenlo park camentone camerced cameridian cami wuk village camiddletown camidpines camidway city camilford camill creek camill valley camillbrae camillville camilpitas camineral camira loma camiramonte camiranda camission hills camission viejo camoccasin camodesto camojave camokelumne hill camono hot springs camonrovia camontague camontara camontclair camonte rio camontebello camonterey camonterey park camontgomery creek camontrose camoorpark camoraga camoreno valley camorgan hill camorongo valley camorro bay camoss beach camoss landing camount aukum camount hamilton camount hermon camount laguna camount shasta camount wilson camountain center camountain pass camountain ranch camountain view camt baldy camurphys camurrieta camurrieta hot springs camyers flat canapa canational city canavarro caneedles canelson canevada city canew almaden canew cuyama canewark canewberry springs canewbury park canewcastle canewhall canewman canewport beach canewport coast canicasio canice canicolaus caniland canipomo canipton canorco canorden canorth fork canorth highlands canorth hills canorth hollywood canorth palm springs canorth san juan canorthridge canorwalk canovato canubieber canuevo cao neals caoak park caoak run caoak view caoakdale caoakhurst caoakland caoakley caoakville caobrien caoccidental caoceano caoceanside caocotillo caojai caolancha caold station caolema caolivehurst caolympic valley caontario caonyx caorange caorange cove caorangevale caorcutt caoregon house caorick caorinda caorland caorleans caoro grande caorosi caoroville caother caoxnard capacific grove capacific palisades capacifica capacoima capaicines capala capalermo capalm desert capalm springs capalmdale capalo alto capalo cedro capalo verde capalomar mountain capalos verdes peninsula capanorama city caparadise caparamount caparker dam caparkway caparlier capasadena capaskenta capaso robles capatterson capatton capauma valley capaynes creek capearblossom capebble beach capenn valley capenngrove capenryn caperris capescadero capetaluma capetrolia caphelan caphillipsville caphilo capico rivera capiedmont capiedra capiercy capilot hill capine grove capine mountain club capine valley capinecrest capinedale capinole capinon hills capioneer capioneertown capiru capismo beach capittsburg capixley caplacentia caplacerville caplanada caplatina caplaya del rey capleasant grove capleasant hill capleasanton caplymouth capoint arena capoint mugu nawc capoint reyes station capollock pines capomona capope valley caport costa caport hueneme caport hueneme cbc base caporter ranch caporterville caportola caportola valley caposey capotrero capotter valley capoway caprather caprinceton caproberta caquincy carackerby carail road flat caraisin city caramona caranchita carancho cordova carancho cucamonga carancho mirage carancho palos verdes carancho santa fe carancho santa margarita carandsburg caravendale caraymond cared bluff cared mountain caredcrest caredding caredlands caredondo beach caredway caredwood city caredwood estates caredwood valley careedley carepresa carescue careseda carialto carichgrove carichmond carichvale caridgecrest carimforest cario dell cario linda cario nido cario oso cario vista caripon cariver pines cariverbank cariverdale cariverside carobbins carocklin carodeo carohnert park carolling hills estates carosamond carosemead caroseville caross carough and ready caround mountain carowland heights carumsey carunning springs carutherford caryde casacramento casaint helena casalida casalinas casalton city casalyer casamoa casan andreas casan anselmo casan ardo casan bernardino casan bruno casan carlos casan clemente casan diego casan dimas casan fernando casan francisco casan gabriel casan geronimo casan gregorio casan jacinto casan joaquin casan jose casan juan bautista casan juan capistrano casan leandro casan lorenzo casan lucas casan luis obispo casan luis rey casan marcos casan marino casan martin casan mateo casan miguel casan pablo casan pedro casan quentin casan rafael casan ramon casan simeon casan ysidro casanger casanta ana casanta ana heights casanta barbara casanta clara casanta clarita casanta cruz casanta fe springs casanta margarita casanta maria casanta monica casanta paula casanta rita park casanta rosa casanta ynez casanta ysabel casantee casaratoga casausalito cascotia cascott bar cascotts valley caseal beach caseaside casebastopol caseeley caseiad valley caselma casequoia national park caseven trees cashafter cashandon cashasta cashasta lake cashaver lake casheep ranch casheridan casherman oaks cashingle springs cashingletown cashoshone casierra city casierra madre casierraville casignal hill casilverado casimi valley caskyforest casloughhouse casmartsville casmartville casmith river casnelling casoda springs casolana beach casoledad casolvang casomerset casomes bar casomis casonoma casonora casoquel casoulsbyville casouth dos palos casouth el monte casouth gate casouth lake tahoe casouth pasadena casouth san francisco caspreckels caspring valley caspringville casquaw valley castandard castandish castanford castanton castevenson ranch castevinson castewarts point castinson beach castirling city castockton castonyford castorrie castratford castrathmore castrawberry castrawberry valley castudio city casugarloaf casuisun city casultana casummerland casun city casun valley casunland casunnyvale casunol casunset beach casurfside casusanville casutter casutter creek casylmar cataft catahoe city catahoe vista catahoma catalmage catarzana cataylorsville catecate catecopa catehachapi catehama catemecula catemple city catempleton catermo caterra bella cathe sea ranch cathermal cathornton cathousand oaks cathousand palms cathree rivers catipton catollhouse catoluca lake catomales catopanga catopaz catorrance catrabuco canyon catracy catranquillity catraver catravis afb catres pinos catrinidad catrinity center catrona catruckee catujunga catulare catulelake catuolumne catupman caturlock catustin catwain catwain harte catwentynine palms catwin bridges catwin peaks caukiah caunion city cauniversal city caupland caupper lake cavacaville cavalencia cavallecito cavallejo cavalley center cavalley ford cavalley springs cavalley village cavalyermo cavan nuys cavenice caventura caverdugo city cavernalis cavictor cavictorville cavidal cavilla grande cavilla park cavina cavineburg cavinton cavisalia cavista cavolcano cawallace cawalnut cawalnut creek cawalnut grove cawarner springs cawasco cawashington cawaterford cawatsonville cawaukena caweaverville caweed caweimar caweldon cawendel caweott cawest covina cawest hills cawest hollywood cawest point cawest rancho dominguez cawest sacramento cawestlake village cawestley cawestminster cawestmorland cawestport cawestwood cawheatland cawhiskeytown cawhite water cawhitethorn cawhitewater cawhitmore cawhittier cawildomar cawilliams cawillits cawillow creek cawillowbrook cawillows cawilmington cawilseyville cawilton cawinchester cawindsor cawinnetka cawinterhaven cawinters cawinton cawishon cawitter springs cawofford heights cawoodacre cawoodbridge cawoodlake cawoodland cawoodland hills cawoodside cawoody cawrightwood cayermo cayettem cayolo cayorba linda cayorkville cayosemite national park cayountville cayreka cayuba city cayucaipa cayucca valley cazamora cazenia ca ﻿﻿ doctors in  miles of new york ny  doctorcom asvbuctzfbedewfztfwuyebcxysebtsuu marketing automation for healthcare login to doctorcom email password dont have an account sign up now forgot your password reset it here request a free demo please enter a first name please enter a last name please enter a valid email address please enter a valid phone number submitting or call now   thank you were currently processing your request and well be in touch soon for a faster response please call us directly at  doctorcom profilepoints™ profilepoints™ measure the overall completeness of a providers profile including items like having a photo a biography insurance payment options etc a full breakdown of points can be seen by providers with doctorcom accounts when editing their profile on doctorcom by showing providers with higher profilepoints™ first we make it easier for you to quickly identify the most informative profiles on doctorcom refine search specialty any specialty acupuncturist alternative medicineaddiction medicine specialistadolescent medicine specialistallergistimmunologistallergyclinical  laboratory immunologyanaplastologistanesthesiologistaddiction medicinecritical care medicinehospice  palliative medicinepain medicinepediatric anesthesiologistart therapistaudiologistassistive technology practitionerassistive technology supplierhearing aid fitterbariatrician weight loss specialistbariatric medicine bariatriciancardiologist heart specialistclinical cardiac electrophysiologycertified nurse midwifecertified respiratory therapist crtcritical careeducationalemergency caregeneral caregeriatric carehome healthneonatalpediatricspalliativehospicepatient transportpulmonary diagnosticspulmonary function technologypulmonary rehabilitationsnfsubacute carechiropractorindependent medical examinationinternistneurologynutritionoccupational medicineorthopedicpediatricradiologyrehabilitationsports medicinethermographyclinical  laboratory immunologistclinical neuropsychologistclinical nurse specialist cnsacute careadult healthchronic carecommunity healthpublic healthcritical care medicineemergencyethicsfamily healthgerontologyholistichome healthinformaticslongterm caremedicalsurgicalneonatalneuroscienceoccupational healthoncologyoncology pediatricspediatricsperinatalperioperativepsychmental healthpsychmental health adultpsychmental health child  adolescentpsychmental health child  familypsychmental health chronically illpsychmental health communitypsychmental health geropsychiatricrehabilitationschooltransplantationwomens healthclinical pharmacologistcolon  rectal surgeon proctologistconcierge medicinecounseloraddiction  substance use disordermental healthpastoralprofessionalschoolcritical care specialistdoctor of critical care medicinedance therapistdentistcosmetic dentistdental public healthendodontics endodontistfamily and cosmetic dentistoral  maxillofacial radiologyoral  maxillofacial surgeryoral and maxillofacial pathologyorthodontics  dentofacial orthopedics orthodontistpediatric dentistperiodontal and implant surgery specialistperiodontics periodontistprimary dental careprosthodontics prosthodontistdenturist dentures specialistdermatologist skin specialistclinical  laboratory dermatological immunologycosmetic dermatologydermatopathologyhair loss and hair restoration expertmohsmicrographic surgerypediatric dermatologyprocedural dermatologistdevelopmental therapistdietary managerdietitianmetabolic nutritionpediatric nutritionrenal nutritionemergency doctoremergency medical services emshospice  palliative medicinemedical toxicologypediatric emergency medicinesports medicineundersea  hyperbaric medicineendocrinologist diabetes  hormones specialistfamily doctoraddiction medicineadolescent medicineadult medicinebariatric medicinegeriatric medicinehospice  palliative medicinemedical aestheticssports medicinegastroenterologist stomach  bowel specialistgeneral practice doctor general practitioneraesthetic medicinehair loss and hair restoration expertintegrative medicinegeriatric medicine doctorhearing instrument specialisthematology  oncology specialisthematologist bloodoncologist cancerhepatologist liver gallbladder  pancreashomeopath alternative medicinehospice  palliative medicine specialisthospice  palliative surgeonhospitalistindependent medical examinerinfectious disease specialistinternistaesthetic medicineinterventional cardiologistkinesiotherapistlegal medicine specialistlicensed physchiatric technician lptlicensed practical nurse lpnlicensed skin care specialistlicensed vocational nurse lvnmagnetic resonance imaging mri specialistmarriage  family therapistmassage therapistlicensed massage therapistmechanotherapistmedical geneticistclinical geneticsgenetic counselor msmedical geneticsmedical genetics phd medical geneticsmolecular genetic pathologymedical geneticist genetic  hereditary disease specialist clinical biochemical geneticsclinical cytogeneticsclinical molecular geneticsmusic therapistnaprapath alternative medicinenaturopath alternative medicinenephrologist kidney specialistneurological surgeonneurologistdiagnostic neuroimagingneurodevelopmental disabilitiesneuromuscular medicinepain medicinespecial qualifications in child neurologyvascular neurologyneuromusculoskeletal medicine specialistosteopathic manual manipulationsports medicinenuclear medicine specialistin vivo  in vitro nuclear medicinenuclear cardiologynuclear imaging  therapynurse anesthetistnurse practitioner npacute careadult healthcommunity healthcritical care medicinedermatologyfamilygerontologyneonatalneonatal critical careobstetrics  gynecologyoccupational healthpediatricspediatrics critical careperinatalprimary carepsychmental healthschoolwomens healthnutrition counselingnutritionistobstetrician  gynecologist obgynbariatric medicinecritical care medicinegynecologic oncologygynecologyhospice  palliative medicineinfertility and cosmetic surgerymaternal  fetal medicineobstetricsreproductive endocrinologyoccupational therapist otdriving and community mobilityenvironmental modificationergonomicsfeeding eating  swallowinggerontologyhand specialisthuman factorslow visionmental healthneurorehabilitationpediatricsphysical rehabilitationophthalmologist eye doctoroptometrist eye  vision specialistcorneal and contact managementlow vision rehabilitationoccupational visionpediatricssports visionvision therapyorthopedic surgeonadult reconstructive orthopaedic surgeryfoot  ankle surgeryhand surgeryorthopaedic traumapediatric orthopaedic surgerysports medicinesurgery of the spineorthoticsprosthetics fitterorthotistother doctorsspecialistother healthcare professionalaestheticiandental hygienistotolaryngologist ear nose  throat  entfacial plastic  reconstructive surgeryfacial plastic surgeryhead  neck oncology surgerymicrovascular reconstructionotolaryngic allergyotology  neurotologypediatric otolaryngologysinussinus  skull base surgerysinus surgeryskull base surgerysleep  snoringsleep medicinethyroidparathyroidpain medicine specialistpathologistanatomic pathologyanatomic pathology  clinical pathologyblood banking  transfusion medicinechemical pathologyclinical pathologyclinical pathologylaboratory medicinecytopathologydermatopathologyforensic pathologyhematologyimmunopathologymedical microbiologymolecular genetic pathologyneuropathologypediatric pathologypediatrician kids  children specialistadolescent medicineclinical  laboratory immunologydevelopmental  behavioral pediatricshospice  palliative medicinemedical toxicologyneonatalperinatal medicineneurodevelopmental disabilitiespediatric allergy  immunologypediatric cardiologypediatric critical care medicinepediatric emergency medicinepediatric endocrinologypediatric gastroenterologypediatric hematologyoncologypediatric infectious diseasespediatric nephrologypediatric pulmonologypediatric rheumatologypediatric transplant hepatologysleep medicinesports medicinepharmacistpharmacist clinician phc clinical pharmacistpharmacist clinician phc clinical pharmacy specialistpharmacotherapistpharmacotherapyphlebologist vein specialistphysiatrist physical medicine  rehabilitationhospice and palliative medicineneuromuscular medicinepain medicinepediatric rehabilitation medicinespinal cord injury medicinesports medicinephysical therapist ptcardiopulmonaryclinical electrophysiologyergonomicsgeriatricshandhuman factorsneurologyorthopedicpediatricspelvic paindysfunctionsportsphysician assistant padermatologymedicalsurgicalplastic reconstructive and cosmetic surgeonhand surgery specialisthead and neck surgery specialistpodiatrist foot specialistfoot  ankle surgeryfoot surgerygeneral practicepodiatristprimary podiatric medicinepublic medicineradiologysports medicinepoetry therapistpreventive medicine specialistaerospace medicinemedical toxicologyoccupational medicinepreventive medicineoccupational environmental medicinepublic health  general preventive medicinesports medicineundersea and hyperbaric medicineprosthetistpsychiatristaddiction psychiatrychild  adolescent psychiatryforensic psychiatrygeriatric psychiatrypsychosomatic medicinepsychiatrist  neurologistaddiction medicinebariatric medicineclinical neurophysiologyhospice  palliative medicinesleep medicinesports medicinepsychoanalystpsychologistaddiction  substance use disordersadult development  agingclinicalclinical child  adolescentcognitive  behavioralcounselingeducationalexercise  sportsfamilyforensicgroup psychotherapyhealthhealth servicemedical prescribingmen  masculinitymental retardation  developmental disabilitiespsychoanalysispsychotherapyrehabilitationschoolwomenpulmonologist lung specialistradiologistbody imagingdiagnostic neuroimagingdiagnostic radiologydiagnostic ultrasoundhospice  palliative medicineneuroradiologynuclear radiologypediatric radiologyradiation oncologyradiological physicstherapeutic radiologyvascular  interventional radiologyrecreation therapistreflexologistregistered nurse rnaddiction  substance use disorderadministratorambulatory carecardiac rehabilitationcase managementcollege healthcommunity healthcontinence carecontinuing educationstaff developmentcritical care medicinediabetes educationemergencyenterostomal therapyflightgastroenterologygeneral practicegerontologyhemodialysishome healthhospiceinfection controlinfusion therapylactation consultantmaternal newbornmedicalsurgicalneonatal intensive careneonatal lowrisknephrologyneurosciencenmtnutrition supportobstetric highriskobstetric inpatientoccupational healthoncologyophthalmicorthopedicostomy careotorhinolaryngology  headneckpain managementpediatric oncologypediatricsperinatalperitoneal dialysisplastic surgerypsychmental healthpsychmental health adultpsychmental health child  adolescentregistered nurse first assistantrehabilitationreproductive endocrinologyinfertilityschoolurologywomens health care ambulatorywound carerehabilitation counselorassistive technology practitionerassistive technology supplierorientation and mobility training providerrespiratory therapistcritical careeducationalemergency caregeneral caregeriatric carehome healthneonatalpediatricspalliative  hospicepatient transportpulmonary diagnosticspulmonary function technologypulmonary rehabilitationsnfsubacute carerheumatologist joints  arthritis specialistskilled nursing facility caresleep medicine specialistsocial workerclinicalschoolspeechlanguage pathologistsports medicine specialistantiaging and regenerative medicinestudentstudentsurgeoncosmetic surgeonoral  maxillofacial surgerypediatric surgerysurgery of the handsurgical critical caresurgical oncologytrauma surgeryvascular surgerythoracic surgeon cardiothoracic vascular surgeontransplant hepatologisttransplant surgeonurologistpediatric urology any specialty acupuncturist alternative medicineaddiction medicine specialistadolescent medicine specialistallergistimmunologistanaplastologistanesthesiologistart therapistaudiologistbariatrician weight loss specialistcardiologist heart specialistcertified nurse midwifecertified respiratory therapist crtchiropractorclinical  laboratory immunologistclinical neuropsychologistclinical nurse specialist cnsclinical pharmacologistcolon  rectal surgeon proctologistconcierge medicinecounselorcritical care specialistdance therapistdentistdenturist dentures specialistdermatologist skin specialistdevelopmental therapistdietary managerdietitianemergency doctorendocrinologist diabetes  hormones specialistfamily doctorgastroenterologist stomach  bowel specialistgeneral practice doctor general practitionergeriatric medicine doctorhearing instrument specialisthematology  oncology specialisthepatologist liver gallbladder  pancreashomeopath alternative medicinehospice  palliative medicine specialisthospice  palliative surgeonhospitalistindependent medical examinerinfectious disease specialistinternistinterventional cardiologistkinesiotherapistlegal medicine specialistlicensed physchiatric technician lptlicensed practical nurse lpnlicensed skin care specialistlicensed vocational nurse lvnmagnetic resonance imaging mri specialistmarriage  family therapistmassage therapistmechanotherapistmedical geneticistmedical geneticist genetic  hereditary disease specialist music therapistnaprapath alternative medicinenaturopath alternative medicinenephrologist kidney specialistneurological surgeonneurologistneuromusculoskeletal medicine specialistnuclear medicine specialistnurse anesthetistnurse practitioner npnutrition counselingnutritionistobstetrician  gynecologist obgynoccupational therapist otophthalmologist eye doctoroptometrist eye  vision specialistorthopedic surgeonorthoticsprosthetics fitterorthotistother doctorsother healthcare professionalotolaryngologist ear nose  throat  entpain medicine specialistpathologistpediatrician kids  children specialistpharmacistpharmacist clinician phc clinical pharmacistpharmacotherapistphlebologist vein specialistphysiatrist physical medicine  rehabilitationphysical therapist ptphysician assistant paplastic reconstructive and cosmetic surgeonpodiatrist foot specialistpoetry therapistpreventive medicine specialistprosthetistpsychiatristpsychiatrist  neurologistpsychoanalystpsychologistpulmonologist lung specialistradiologistrecreation therapistreflexologistregistered nurse rnrehabilitation counselorrespiratory therapistrheumatologist joints  arthritis specialistskilled nursing facility caresleep medicine specialistsocial workerspeechlanguage pathologistsports medicine specialiststudentsurgeonthoracic surgeon cardiothoracic vascular surgeontransplant hepatologisttransplant surgeonurologist location insurance carrier any carrier loading insurance plan any plan loading search by name › new search provider practice optional location search by specialty › new search filter search radius  miles provider gender any gender only men only women languages spoken any language afrikaans albanian american sign language asl arabic armenian assyrian bosnian bulgarian burmese caldean cantonese chinese creole czech dutch english farsi filipino french fujianese german greek gujurati hebrew himachali hindi hindi urdu hmong hungarian indian indonesian italian japanese kannada konkani korean lingala lithuanian macedonian malay malayalam mandarin marathi norwegian pashto pashtu persian persian  farsi polish portuguese punjabi romanian russian shanghainese slovak spanish swahili swedish tagalog taiwanese tamil thai thai laotian toishanese tshiluba turkish turkishazeri ukrainian ukranian urdu vietnamese welsh yiddish profilepoints   min rating board certified online scheduling verified  of  matching providers in  miles of new york ny  robert m sorin dmd dentist sponsored avg rating  main location  madison avenue suite new york new york  highlights has online scheduling summary dr robert m sorin is a comprehensive aesthetic and restorative dentist serving the new york area for more than  years  read more  daniel drapacz dpm podiatrist foot specialist sponsored avg rating  main location  broadway suite new york new york  highlights has online scheduling summary dr daniel drapacz is a podiatrist serving the new york area for more than  years read more  arthur w perry md facs surgeon sponsored avg rating  main location  rte franklin park new jersey  highlights board certifiedhas online scheduling summary dr arthur w perry is a cosmetic surgeon serving the franklin park and manhattan areas for more than  years read more  lois a jackson dds dentist sponsored avg rating  main location  laguardia place lnew york new york  highlights has online scheduling summary dr lois a jackson is a pediatric dentist serving the new york and brooklyn areas for more than  years  read more  dr eric linden dmd msd dentist sponsored avg rating  main location  west end ave lnew york new york  summary dr eric linden is a periodontist serving the new york area for more than  years read more  dr jose loor dpm facfaom podiatrist foot specialist sponsored avg rating  main location  bay pkwybrooklyn new york  highlights board certifiedaccepts insurance planshas online scheduling summary dr jose loor the owner and founder of de loor medical is one of new york city’s leading podiatrists read more  dr jonathan r roy dpm ms podiatrist foot specialist sponsored asvbuctzfbedewfztfwuyebcxysebtsuu avg rating  main location  east nd streetnew york new york  highlights accepts insurance planshas online scheduling summary dr jonathan roy is a native new yorker and a podiatrist serving the greater new york area he is specialized in reconstructive foot and ankle surge read more  aleksander s iofin dmd dentist sponsored avg rating  main location  rockefeller plaza suite new york new york  highlights has online scheduling summary dr aleksander s iofin is an endodontist serving the new york area for more than  years read more  mark sharobeem dpm podiatrist foot specialist sponsored avg rating  main location  e nd stnew york new york  highlights accepts insurance planshas online scheduling summary dr mark sharobeem is a podiatrist serving the new york area for more than  years read more  gregg greenblatt dpm podiatrist foot specialist sponsored avg rating  main location  seventh ave ste new york new york  highlights board certifiedhas online scheduling summary dr gregg greenblatt is a podiatrist serving the new york area for more than  years  read more  first  previous           next  last  chung hing company  hong kong wholesaler  hktdc   admin page  about hktdc  media room  register now  wish list   my hktdc  login logout select your language google realtime translation cancel this service is provided by google inc if any part of the translated version is unclear reference should be made to the english version all  productsservices  company name  research  events  news  multimedia all categories auto parts  accessories baby products book  printed item building materials  hardware computer  peripherals electronics  electrical appliances environmental protection equipment  product eyewear  accessories food  beverage footwear furniture  furnishing garment textile  clothing accessories gift  premiums handbag  travel goods health  beauty household products jewellery lighting product medical supply and medicine packaging product  material pet  pet supply photographic  optical equipment raw material  chemical service specialised product sports goods stationery  office equipment telecom products toy  game watch  clock top search      quality suppliers by industry product suppliers auto parts  accessories book  printed item computer  peripherals environmental protection equipment food  beverage furniture  furnishing gift  premiums health  beauty jewellery medical supply  medicine pet  pet supply raw material  chemical specialised product stationery  office equipment toy  game smallorder zone   baby product building material hardware  machinery electronics  electrical appliances eyewear  accessories footwear garment textile  clothing accessories handbag  travel goods household product lighting product packaging product  material photographic  optical equipment sports goods telecommunication watch  clock more service suppliers accounting service advertising marketing  public relations service business management  consultancy service design services  brand strategy education  training entertainment environmental protection solution  service event organisation finance service franchising  licensing information technology infrastructure  real estate legal service logistics  transport   medical  healthcare packaging printing publishing quality inspection  testing storage service technology telecommunication tourism more hktdc events asian financial forum book fair business of ip asia forum diamond gem  pearl show education  careers expo electronics fair autumn edition entrepreneur day fashion week fallwinter film  tv market filmart gifts  premium fair home textiles  furnishings fair ict expo jewellery show lighting fair autumn edition medical devices  supplies fair printing  packaging fair smartbiz expo tea fair watch  clock fair baby products fair building and decoration materials  hardware fair chinese medicine  health products exhibition eco expo asia electronicasia electronics fair spring edition fashion week springsummer food expo franchising show home delights expo houseware fair inno design tech expo licensing show lighting fair spring edition optical fair stationery fair toys  games fair world boutique wine  spirits fair hktdc research service highlight about hktdc product magazines sme startup program buyer meetings customized business matching mobile applications design gallery supplier services buyer services sme centre  company home  company profile  products  services · all  company information office address f  cheung sha wan road sham shui po kl hk   contact person mr chik pan wong   contact supplier chung hing company office address f  cheung sha wan road sham shui po kl hk contact person mr chik pan wong chung hing company  hong kong we offer highquality products competitive prices and prompt delivery your satisfaction is always our first concern contact us now we offer highquality products competitive prices and prompt delivery your satisfaction is always our first concern contact us nowless productservice highlights   ball dress contact supplier ball dress contact supplier chinese cheongsam contact supplier   all productsservices company profile nature of business wholesaler industry garments textiles  accessories productservice range dress and ball dress company location contact information company chung hing company contact person mr chik pan wong office address f  cheung sha wan road sham shui po kl hk countryregion hong kong website wwwhktdccomemchunghingco       more contact supplier contact this supplier contact this supplier email your message please enter your message contact this supplier email your message add more details i would like to know more about your company and your products i would like to know more about your company and your products submit   font print this page email this page ﻿ newsletter ﻿ rss feeds mobile device ﻿ manage your hktdc esubscription ﻿ suppliers regional websites   hktdccom home  about hktdc  contact hktdc  advertise with hktdc  terms of use  privacy statement  hyperlink policy  site map  icp browse by   china suppliers  hong kong suppliers  asian suppliers  products   copyright     hong kong trade development council all rights reserved     wwwhktdccom copyright    hong kong trade development council all rights reserved reproduction in whole or in part without hktdcs permission is prohibited